사고번호,사고일시,요일,시군구,사고내용,사망자수,중상자수,경상자수,부상신고자수,사고유형,법규위반,노면상태,기상상태,도로형태,가해운전자 차종,가해운전자 성별,가해운전자 연령,가해운전자 상해정도,피해운전자 차종,피해운전자 성별,피해운전자 연령,피해운전자 상해정도
2014011300100414,2014년 1월 13일 20시,월요일,경상남도 창원시 마산회원구 합성동,경상사고,0,0,1,0,차량단독 - 기타,기타,건조,맑음,단일로 - 기타,승합,남,51세,상해없음,,,,
2014011300100429,2014년 1월 13일 21시,월요일,경상남도 창원시 진해구 이동,중상사고,0,1,0,0,차대사람 - 기타,보행자보호의무위반,건조,맑음,교차로 - 교차로안,승용,남,18세,상해없음,보행자,여,16세,중상
2014011300100475,2014년 1월 13일 23시,월요일,경상남도 창원시 마산합포구 남성동,중상사고,0,1,2,0,차대차 - 정면충돌,중앙선침범,건조,맑음,단일로 - 기타,승용,남,30세,상해없음,승용,남,51세,중상
2014011300100476,2014년 1월 13일 23시,월요일,경상남도 창원시 진해구 석동,중상사고,0,1,0,0,차대사람 - 횡단중,안전운전불이행,건조,맑음,교차로 - 교차로안,승용,남,52세,상해없음,보행자,남,21세,중상
2014011400100031,2014년 1월 14일 03시,화요일,경상남도 창원시 진해구 용원동,경상사고,0,0,1,0,차대차 - 추돌 - 주정차중,안전운전불이행,건조,맑음,단일로 - 기타,승용,남,27세,상해없음,승용,남,28세,경상
2014011400100059,2014년 1월 14일 06시,화요일,경상남도 거제시 옥포동,중상사고,0,2,0,0,차대차 - 측면직각충돌,안전운전불이행,건조,맑음,교차로 - 교차로안,기타불명,기타불명,기타불명,기타불명,승용,남,29세,중상
2014011400100075,2014년 1월 14일 07시,화요일,경상남도 김해시 삼계동,중상사고,0,1,0,0,차대차 - 측면직각충돌,교차로운행방법위반,건조,맑음,교차로 - 교차로안,승용,남,43세,기타불명,승용,남,71세,중상
2014011400100076,2014년 1월 14일 07시,화요일,경상남도 하동군 진교면,경상사고,0,0,1,0,차대차 - 측면직각충돌,직진우회전진행방해,건조,맑음,교차로 - 교차로안,승용,남,53세,상해없음,승용,여,38세,경상
2014011400100101,2014년 1월 14일 08시,화요일,경상남도 함양군 서상면,중상사고,0,1,0,0,차대차 - 측면직각충돌,안전운전불이행,건조,맑음,교차로 - 교차로안,승용,여,43세,상해없음,이륜,남,82세,중상
2014011400100126,2014년 1월 14일 09시,화요일,경상남도 진주시 망경동,경상사고,0,0,1,0,차대차 - 측면직각충돌,직진우회전진행방해,건조,맑음,교차로 - 교차로안,승용,남,51세,상해없음,승용,남,58세,상해없음
2014011400100127,2014년 1월 14일 09시,화요일,경상남도 김해시 내동,중상사고,0,1,0,0,차대차 - 측면직각충돌,신호위반,건조,맑음,교차로 - 교차로안,승용,남,25세,상해없음,승용,여,48세,중상
2014011400100144,2014년 1월 14일 10시,화요일,경상남도 진주시 봉래동,중상사고,0,1,0,0,차대차 - 측면직각충돌,신호위반,건조,맑음,교차로 - 교차로안,승용,남,57세,상해없음,승용,남,39세,중상
2014011400100145,2014년 1월 14일 10시,화요일,경상남도 사천시 곤양면,경상사고,0,0,1,0,차대차 - 기타,중앙선침범,건조,맑음,단일로 - 기타,승용,여,51세,상해없음,승용,남,57세,경상
2014011400100172,2014년 1월 14일 11시,화요일,경상남도 창원시 진해구 용원동,중상사고,0,1,0,0,차대차 - 추돌 - 진행중,안전운전불이행,건조,맑음,단일로 - 기타,승용,남,28세,상해없음,승용,남,52세,중상
2014011400100194,2014년 1월 14일 12시,화요일,경상남도 김해시 한림면,경상사고,0,0,2,0,차대차 - 측면직각충돌,중앙선침범,건조,맑음,교차로 - 교차로부근,승용,남,45세,상해없음,승용,남,43세,경상
2014011400100215,2014년 1월 14일 13시,화요일,경상남도 통영시 태평동,중상사고,0,1,0,0,차대사람 - 횡단중,안전운전불이행,건조,맑음,단일로 - 기타,승용,여,25세,상해없음,보행자,남,8세,중상
2014011400100216,2014년 1월 14일 13시,화요일,경상남도 합천군 합천읍,경상사고,0,0,1,0,차대차 - 측면직각충돌,교차로운행방법위반,건조,맑음,교차로 - 교차로안,승용,여,25세,상해없음,승용,여,48세,상해없음
2014011400100239,2014년 1월 14일 14시,화요일,경상남도 거제시 장승포동,경상사고,0,0,1,0,차대차 - 추돌 - 진행중,안전운전불이행,건조,맑음,교차로 - 교차로부근,승용,여,48세,상해없음,이륜,남,38세,경상
2014011400100265,2014년 1월 14일 15시,화요일,경상남도 진주시 가좌동,경상사고,0,0,1,0,차대차 - 기타,기타,건조,맑음,단일로 - 기타,승합,남,59세,상해없음,이륜,남,20세,상해없음
2014011400100266,2014년 1월 14일 15시,화요일,경상남도 진주시 평거동,경상사고,0,0,1,0,차대차 - 측면직각충돌,중앙선침범,건조,맑음,교차로 - 교차로부근,승용,남,42세,상해없음,승용,여,63세,경상
2014011400100291,2014년 1월 14일 16시,화요일,경상남도 창원시 진해구 충무동,경상사고,0,0,1,0,차대차 - 측면직각충돌,교차로운행방법위반,건조,맑음,교차로 - 교차로안,승합,남,61세,상해없음,화물,남,38세,상해없음
2014011400100292,2014년 1월 14일 16시,화요일,경상남도 거제시 장평동,부상신고사고,0,0,0,1,차대차 - 추돌 - 주정차중,안전운전불이행,건조,맑음,단일로 - 기타,화물,남,28세,기타불명,승용,여,33세,상해없음
2014011400100293,2014년 1월 14일 16시,화요일,경상남도 거제시 연초면,중상사고,0,1,0,0,차대차 - 측면직각충돌,교차로운행방법위반,건조,맑음,교차로 - 교차로안,화물,남,53세,상해없음,승용,남,64세,중상
2014011400100294,2014년 1월 14일 16시,화요일,경상남도 진주시 문산읍,중상사고,0,3,0,0,차대차 - 기타,안전운전불이행,건조,맑음,단일로 - 기타,화물,남,36세,상해없음,화물,남,59세,중상
2014011400100295,2014년 1월 14일 16시,화요일,경상남도 함안군 칠원면,중상사고,0,1,1,0,차대차 - 기타,안전운전불이행,건조,맑음,단일로 - 기타,승용,여,48세,상해없음,승용,남,32세,경상
2014011400100358,2014년 1월 14일 18시,화요일,경상남도 거제시 아주동,경상사고,0,0,1,0,차대사람 - 기타,교차로운행방법위반,건조,맑음,교차로 - 교차로안,승용,여,52세,상해없음,보행자,남,29세,경상
2014011400100359,2014년 1월 14일 18시,화요일,경상남도 거제시 아주동,중상사고,0,1,0,0,차대차 - 추돌 - 진행중,신호위반,건조,맑음,교차로 - 교차로안,승용,남,63세,상해없음,승합,남,65세,중상
2014011400100386,2014년 1월 14일 19시,화요일,경상남도 통영시 무전동,경상사고,0,0,1,0,차대차 - 측면직각충돌,교차로운행방법위반,건조,맑음,교차로 - 교차로안,승합,남,40세,상해없음,원동기,남,37세,경상
2014011400100411,2014년 1월 14일 20시,화요일,경상남도 진주시 남성동,경상사고,0,0,1,0,차대차 - 측면직각충돌,직진우회전진행방해,건조,맑음,교차로 - 교차로안,승용,남,60세,상해없음,승용,남,52세,상해없음
2014011400100438,2014년 1월 14일 21시,화요일,경상남도 창원시 진해구 태평동,경상사고,0,0,5,0,차대차 - 기타,직진우회전진행방해,건조,맑음,교차로 - 교차로안,승용,남,33세,상해없음,승용,남,52세,경상
2014011400100439,2014년 1월 14일 21시,화요일,경상남도 사천시 사천읍,부상신고사고,0,0,0,1,차대차 - 기타,안전운전불이행,건조,맑음,단일로 - 기타,승용,남,52세,상해없음,승용,남,54세,상해없음
2014011400100440,2014년 1월 14일 21시,화요일,경상남도 창원시 마산회원구 양덕동,경상사고,0,0,1,0,차대사람 - 기타,안전운전불이행,건조,맑음,단일로 - 기타,승합,남,50세,상해없음,보행자,여,18세,경상
2014011400100457,2014년 1월 14일 22시,화요일,경상남도 창원시 마산회원구 양덕동,중상사고,0,1,1,0,차대차 - 측면직각충돌,신호위반,건조,맑음,교차로 - 교차로안,승합,남,34세,상해없음,승용,남,43세,상해없음
2014011400100458,2014년 1월 14일 22시,화요일,경상남도 창원시 의창구 팔용동,경상사고,0,0,1,0,차대차 - 측면직각충돌,안전운전불이행,건조,맑음,단일로 - 기타,화물,남,46세,기타불명,승합,남,49세,경상
2014011400100488,2014년 1월 14일 23시,화요일,경상남도 창원시 진해구 석동,경상사고,0,0,1,0,차대사람 - 기타,안전운전불이행,건조,맑음,단일로 - 기타,승용,남,27세,상해없음,보행자,남,31세,경상
2014011500100012,2014년 1월 15일 00시,수요일,경상남도 창원시 진해구 충무동,경상사고,0,0,3,0,차대차 - 기타,안전운전불이행,건조,맑음,단일로 - 기타,승용,남,44세,상해없음,승용,남,50세,경상
2014011500100013,2014년 1월 15일 00시,수요일,경상남도 사천시 용현면,중상사고,0,1,2,0,차대차 - 추돌 - 주정차중,안전운전불이행,건조,맑음,단일로 - 기타,승용,남,60세,상해없음,승용,여,26세,중상
2014011500100035,2014년 1월 15일 02시,수요일,경상남도 창원시 마산회원구 합성동,경상사고,0,0,1,0,차대차 - 측면직각충돌,중앙선침범,건조,맑음,단일로 - 기타,승용,남,37세,상해없음,이륜,남,22세,경상
2014011500100053,2014년 1월 15일 05시,수요일,경상남도 남해군 창선면,사망사고,1,0,0,0,차대사람 - 횡단중,과속,건조,맑음,단일로 - 횡단보도상,화물,남,66세,상해없음,보행자,여,74세,사망
2014011500100065,2014년 1월 15일 06시,수요일,경상남도 김해시 한림면,사망사고,1,0,0,0,차량단독 - 전도전복,안전운전불이행,건조,맑음,단일로 - 기타,승용,남,66세,사망,,,,
2014011500100090,2014년 1월 15일 07시,수요일,경상남도 창원시 마산합포구 해운동,경상사고,0,0,1,0,차대사람 - 보도통행중,기타,건조,맑음,단일로 - 기타,승용,남,47세,상해없음,보행자,남,33세,경상
2014011500100091,2014년 1월 15일 07시,수요일,경상남도 고성군 고성읍,중상사고,0,1,0,0,차대사람 - 횡단중,안전운전불이행,건조,맑음,단일로 - 기타,승용,남,62세,상해없음,보행자,여,72세,중상
2014011500100122,2014년 1월 15일 08시,수요일,경상남도 진주시 사봉면,경상사고,0,0,1,0,차대차 - 측면직각충돌,신호위반,건조,맑음,교차로 - 교차로안,건설기계,남,45세,상해없음,화물,남,50세,상해없음
2014011500100123,2014년 1월 15일 08시,수요일,경상남도 의령군 의령읍,중상사고,0,1,2,0,차대차 - 측면직각충돌,교차로운행방법위반,건조,맑음,교차로 - 교차로안,승용,여,46세,중상,승용,여,45세,경상
2014011500100146,2014년 1월 15일 09시,수요일,경상남도 양산시 동면,경상사고,0,0,1,0,차대차 - 측면직각충돌,안전운전불이행,건조,맑음,기타 - 기타,원동기,남,72세,기타불명,승용,남,35세,경상
2014011500100147,2014년 1월 15일 09시,수요일,경상남도 함안군 가야읍,경상사고,0,0,1,0,차대사람 - 횡단중,안전운전불이행,건조,맑음,단일로 - 기타,승용,여,40세,상해없음,보행자,여,45세,경상
2014011500100148,2014년 1월 15일 09시,수요일,경상남도 창원시 성산구 사파동,경상사고,0,0,1,0,차대차 - 측면직각충돌,신호위반,건조,맑음,교차로 - 교차로안,승용,남,56세,상해없음,승합,여,46세,상해없음
2014011500100169,2014년 1월 15일 10시,수요일,경상남도 진주시 가좌동,중상사고,0,1,0,0,차대차 - 기타,안전운전불이행,건조,맑음,교차로 - 교차로안,승용,남,70세,상해없음,자전거,여,55세,중상
2014011500100170,2014년 1월 15일 10시,수요일,경상남도 통영시 무전동,중상사고,0,1,0,0,차대사람 - 횡단중,안전운전불이행,건조,맑음,단일로 - 기타,승용,남,42세,상해없음,보행자,여,66세,중상
2014011500100171,2014년 1월 15일 10시,수요일,경상남도 양산시 물금읍,중상사고,0,1,0,0,차대사람 - 기타,안전운전불이행,건조,맑음,기타 - 기타,승합,남,43세,상해없음,보행자,여,77세,중상
2014011500100172,2014년 1월 15일 10시,수요일,경상남도 거제시 거제면,중상사고,0,1,0,0,차대사람 - 기타,안전운전불이행,건조,맑음,교차로 - 교차로안,화물,남,57세,상해없음,보행자,여,51세,중상
2014011500100193,2014년 1월 15일 11시,수요일,경상남도 밀양시 상남면,경상사고,0,0,2,0,차대차 - 추돌 - 진행중,안전운전불이행,건조,맑음,단일로 - 기타,화물,남,64세,경상,승용,남,53세,상해없음
2014011500100216,2014년 1월 15일 12시,수요일,경상남도 진주시 상봉동,경상사고,0,0,1,0,차대사람 - 기타,안전운전불이행,건조,맑음,단일로 - 기타,승용,남,48세,상해없음,보행자,남,35세,경상
2014011500100217,2014년 1월 15일 12시,수요일,경상남도 창원시 마산회원구 회원동,중상사고,0,1,0,0,차량단독 - 기타,안전운전불이행,건조,맑음,단일로 - 기타,화물,남,45세,중상,,,,
2014011500100234,2014년 1월 15일 13시,수요일,경상남도 창원시 진해구 여좌동,경상사고,0,0,1,0,차대사람 - 기타,안전운전불이행,건조,맑음,교차로 - 교차로부근,승용,여,59세,상해없음,보행자,남,57세,경상
2014011500100235,2014년 1월 15일 13시,수요일,경상남도 거창군 거창읍,중상사고,0,1,0,0,차대차 - 측면직각충돌,안전운전불이행,건조,맑음,단일로 - 기타,승합,남,42세,상해없음,자전거,남,84세,중상
2014011500100236,2014년 1월 15일 13시,수요일,경상남도 거제시 아주동,중상사고,0,1,1,0,차대차 - 정면충돌,안전운전불이행,건조,맑음,교차로 - 교차로부근,승용,여,47세,상해없음,승용,여,31세,중상
2014011500100257,2014년 1월 15일 14시,수요일,경상남도 창원시 마산합포구 진전면,경상사고,0,0,1,0,차대차 - 기타,안전운전불이행,건조,맑음,단일로 - 기타,승합,여,43세,상해없음,건설기계,남,43세,경상
2014011500100258,2014년 1월 15일 14시,수요일,경상남도 김해시 장유면,중상사고,0,1,0,0,차대차 - 기타,교차로운행방법위반,건조,맑음,교차로 - 교차로안,승용,남,50세,상해없음,승용,남,18세,중상
2014011500100283,2014년 1월 15일 15시,수요일,경상남도 하동군 진교면,경상사고,0,0,1,0,차대차 - 추돌 - 주정차중,안전거리미확보,건조,맑음,단일로 - 기타,승합,남,48세,상해없음,승용,남,35세,경상
2014011500100338,2014년 1월 15일 17시,수요일,경상남도 창원시 진해구 경화동,경상사고,0,0,1,0,차대차 - 기타,안전운전불이행,기타,맑음,기타 - 기타,승용,여,64세,경상,승용,남,52세,기타불명
2014011500100339,2014년 1월 15일 17시,수요일,경상남도 양산시 덕계동,경상사고,0,0,1,0,차대차 - 측면직각충돌,안전거리미확보,건조,맑음,단일로 - 기타,승용,여,50세,상해없음,건설기계,남,56세,경상
2014011500100340,2014년 1월 15일 17시,수요일,경상남도 창원시 의창구 신월동,중상사고,0,1,0,0,차대사람 - 기타,신호위반,건조,맑음,교차로 - 교차로안,화물,남,41세,상해없음,보행자,남,19세,중상
2014011500100382,2014년 1월 15일 18시,수요일,경상남도 김해시 삼정동,경상사고,0,0,1,0,차대차 - 측면직각충돌,안전거리미확보,건조,맑음,단일로 - 기타,승용,남,51세,상해없음,승용,남,54세,경상
2014011500100383,2014년 1월 15일 18시,수요일,경상남도 거제시 고현동,중상사고,0,1,0,0,차대사람 - 차도통행중,안전운전불이행,건조,맑음,단일로 - 기타,승용,여,34세,상해없음,보행자,남,72세,중상
2014011500100384,2014년 1월 15일 18시,수요일,경상남도 함안군 대산면,부상신고사고,0,0,0,1,차대사람 - 기타,안전운전불이행,건조,맑음,단일로 - 기타,승합,남,59세,상해없음,보행자,남,53세,부상신고
2014011500100415,2014년 1월 15일 19시,수요일,경상남도 창원시 마산합포구 유록동,경상사고,0,0,1,1,차대차 - 기타,신호위반,건조,맑음,교차로 - 교차로안,승용,남,54세,상해없음,승용,남,51세,경상
2014011500100483,2014년 1월 15일 21시,수요일,경상남도 창원시 진해구 석동,경상사고,0,0,3,0,차대차 - 추돌 - 주정차중,안전운전불이행,건조,맑음,단일로 - 기타,승용,남,40세,상해없음,승용,남,51세,상해없음
2014011500100484,2014년 1월 15일 21시,수요일,경상남도 거제시 상동동,부상신고사고,0,0,0,1,차대차 - 기타,안전운전불이행,건조,맑음,교차로 - 교차로부근,승용,기타불명,기타불명,기타불명,이륜,남,62세,부상신고
2014011500100485,2014년 1월 15일 21시,수요일,경상남도 창원시 성산구 상남동,경상사고,0,0,1,0,차대사람 - 보도통행중,보행자보호의무위반,건조,기타,단일로 - 횡단보도상,승용,남,36세,기타불명,보행자,남,43세,경상
2014011500100534,2014년 1월 15일 23시,수요일,경상남도 김해시 내동,중상사고,0,1,0,0,차대사람 - 횡단중,안전운전불이행,건조,맑음,단일로 - 횡단보도상,승용,남,59세,상해없음,보행자,남,28세,중상
2014011500100535,2014년 1월 15일 23시,수요일,경상남도 창녕군 창녕읍,중상사고,0,1,0,0,차대차 - 측면직각충돌,안전운전불이행,건조,맑음,단일로 - 기타,승용,남,33세,상해없음,승용,남,40세,중상
2014011500100536,2014년 1월 15일 23시,수요일,경상남도 거제시 고현동,중상사고,0,1,0,0,차대사람 - 기타,안전운전불이행,건조,맑음,단일로 - 기타,이륜,남,17세,상해없음,보행자,남,45세,중상
2014011600100044,2014년 1월 16일 03시,목요일,경상남도 창원시 마산합포구 교방동,경상사고,0,0,2,0,차대차 - 기타,안전운전불이행,건조,맑음,단일로 - 기타,승용,남,26세,상해없음,승용,남,40세,경상
2014011600100074,2014년 1월 16일 06시,목요일,경상남도 통영시 광도면,중상사고,0,1,0,0,차대사람 - 횡단중,보행자보호의무위반,건조,맑음,단일로 - 횡단보도상,승용,남,40세,상해없음,보행자,남,39세,중상
2014011600100075,2014년 1월 16일 06시,목요일,경상남도 사천시 서포면,중상사고,0,1,0,0,차량단독 - 공작물충돌,안전운전불이행,건조,맑음,교차로 - 교차로부근,화물,남,76세,상해없음,,,,
2014011600100094,2014년 1월 16일 07시,목요일,경상남도 창원시 의창구 팔용동,경상사고,0,0,1,0,차대차 - 기타,안전운전불이행,건조,맑음,교차로 - 교차로안,특수,남,57세,기타불명,승용,남,25세,경상
2014011600100117,2014년 1월 16일 08시,목요일,경상남도 함양군 함양읍,경상사고,0,0,1,0,차대차 - 추돌 - 주정차중,안전운전불이행,건조,맑음,단일로 - 기타,화물,남,33세,상해없음,화물,남,71세,상해없음
2014011600100143,2014년 1월 16일 09시,목요일,경상남도 진주시 상대동,중상사고,0,1,0,0,차대차 - 측면직각충돌,직진우회전진행방해,건조,맑음,교차로 - 교차로안,승용,남,72세,상해없음,승용,남,54세,중상
2014011600100144,2014년 1월 16일 09시,목요일,경상남도 창원시 의창구 대산면,중상사고,0,1,0,0,차대차 - 측면직각충돌,교차로운행방법위반,건조,맑음,교차로 - 교차로안,승용,남,52세,상해없음,승용,여,66세,상해없음
2014011600100161,2014년 1월 16일 10시,목요일,경상남도 김해시 내동,경상사고,0,0,1,0,차대차 - 정면충돌,중앙선침범,건조,맑음,교차로 - 교차로부근,승용,남,19세,상해없음,승용,여,48세,경상
2014011600100162,2014년 1월 16일 10시,목요일,경상남도 고성군 마암면,경상사고,0,0,1,0,차대차 - 추돌 - 진행중,안전운전불이행,건조,맑음,단일로 - 기타,특수,남,45세,상해없음,화물,남,47세,경상
2014011600100163,2014년 1월 16일 10시,목요일,경상남도 거제시 고현동,경상사고,0,0,3,0,차대차 - 추돌 - 진행중,교차로운행방법위반,건조,맑음,교차로 - 교차로안,승용,여,51세,경상,승용,여,41세,경상
2014011600100177,2014년 1월 16일 11시,목요일,경상남도 사천시 벌리동,중상사고,0,1,0,0,차대차 - 기타,교차로운행방법위반,건조,맑음,교차로 - 교차로안,승용,여,40세,상해없음,원동기,남,61세,중상
2014011600100178,2014년 1월 16일 11시,목요일,경상남도 양산시 동면,사망사고,1,0,0,0,차대차 - 측면직각충돌,과속,건조,맑음,단일로 - 기타,화물,남,43세,상해없음,자전거,여,61세,사망
2014011600100179,2014년 1월 16일 11시,목요일,경상남도 거제시 상동동,중상사고,0,1,0,0,차대차 - 추돌 - 진행중,안전운전불이행,건조,맑음,단일로 - 기타,승용,남,52세,상해없음,이륜,남,52세,중상
2014011600100180,2014년 1월 16일 11시,목요일,경상남도 거제시 아주동,경상사고,0,0,1,0,차대차 - 기타,안전운전불이행,건조,맑음,단일로 - 기타,화물,남,50세,상해없음,승용,여,44세,경상
2014011600100181,2014년 1월 16일 11시,목요일,경상남도 김해시 장유면,중상사고,0,3,0,0,차대차 - 측면직각충돌,직진우회전진행방해,건조,맑음,교차로 - 교차로안,승용,남,54세,상해없음,승용,남,49세,중상
2014011600100204,2014년 1월 16일 12시,목요일,경상남도 창원시 마산합포구 서성동,경상사고,0,0,1,0,차대차 - 추돌 - 주정차중,안전운전불이행,건조,맑음,교차로 - 교차로부근,승용,남,59세,상해없음,승용,남,34세,경상
2014011600100205,2014년 1월 16일 12시,목요일,경상남도 김해시 명법동,경상사고,0,0,2,0,차대차 - 정면충돌,직진우회전진행방해,건조,맑음,교차로 - 교차로안,화물,남,41세,상해없음,승용,여,35세,경상
2014011600100223,2014년 1월 16일 13시,목요일,경상남도 창원시 진해구 충무동,경상사고,0,0,2,0,차대차 - 측면직각충돌,안전운전불이행,건조,맑음,단일로 - 기타,승용,여,55세,경상,화물,여,62세,경상
2014011600100224,2014년 1월 16일 13시,목요일,경상남도 김해시 부원동,경상사고,0,0,2,0,차대차 - 측면직각충돌,직진우회전진행방해,건조,맑음,단일로 - 기타,승용,여,30세,경상,승합,남,63세,경상
2014011600100256,2014년 1월 16일 14시,목요일,경상남도 양산시 중부동,부상신고사고,0,0,0,1,차대사람 - 기타,안전운전불이행,건조,맑음,기타 - 기타,승용,여,59세,상해없음,보행자,남,10세,부상신고
2014011600100257,2014년 1월 16일 14시,목요일,경상남도 하동군 하동읍,경상사고,0,0,1,0,차대차 - 측면직각충돌,안전운전불이행,건조,맑음,교차로 - 교차로안,승용,남,58세,상해없음,원동기,남,27세,경상
2014011600100282,2014년 1월 16일 15시,목요일,경상남도 김해시 불암동,중상사고,0,2,0,0,차대차 - 추돌 - 진행중,안전거리미확보,건조,맑음,교차로 - 교차로부근,화물,남,49세,상해없음,승용,여,45세,중상
2014011600100287,2014년 1월 16일 16시,목요일,경상남도 김해시 진례면,중상사고,0,2,0,0,차대차 - 측면직각충돌,안전운전불이행,건조,맑음,단일로 - 기타,화물,남,35세,상해없음,승용,여,46세,중상
2014011600100322,2014년 1월 16일 17시,목요일,경상남도 창원시 마산합포구 진북면,중상사고,0,1,0,0,차량단독 - 기타,안전운전불이행,건조,맑음,교차로 - 교차로부근,원동기,남,46세,중상,,,,
2014011600100323,2014년 1월 16일 17시,목요일,경상남도 김해시 지내동,중상사고,0,1,0,0,차대차 - 측면직각충돌,신호위반,건조,맑음,교차로 - 교차로안,화물,남,65세,상해없음,화물,남,64세,중상
2014011600100324,2014년 1월 16일 17시,목요일,경상남도 창원시 의창구 명서동,경상사고,0,0,2,0,차대차 - 측면직각충돌,신호위반,건조,맑음,교차로 - 교차로안,승용,남,57세,상해없음,원동기,남,64세,경상
2014011600100363,2014년 1월 16일 18시,목요일,경상남도 사천시 대방동,경상사고,0,0,1,0,차량단독 - 공작물충돌,안전운전불이행,건조,맑음,교차로 - 교차로안,승용,여,55세,경상,,,,
2014011600100364,2014년 1월 16일 18시,목요일,경상남도 밀양시 내이동,경상사고,0,0,1,0,차대사람 - 횡단중,보행자보호의무위반,건조,맑음,단일로 - 횡단보도상,이륜,남,64세,상해없음,보행자,여,54세,경상
2014011600100430,2014년 1월 16일 20시,목요일,경상남도 창원시 의창구 대산면,경상사고,0,0,2,0,차대차 - 추돌 - 주정차중,안전운전불이행,건조,맑음,교차로 - 교차로부근,화물,남,65세,상해없음,화물,남,40세,경상
2014011600100456,2014년 1월 16일 21시,목요일,경상남도 김해시 내동,중상사고,0,1,0,0,차대차 - 기타,안전운전불이행,건조,맑음,단일로 - 횡단보도상,자전거,여,44세,중상,화물,남,48세,상해없음
2014011600100457,2014년 1월 16일 21시,목요일,경상남도 창원시 마산회원구 내서읍,경상사고,0,0,1,0,차대차 - 측면직각충돌,안전운전불이행,건조,맑음,단일로 - 기타,승용,남,54세,경상,승용,남,45세,상해없음
2014011600100458,2014년 1월 16일 21시,목요일,경상남도 김해시 장유면,중상사고,0,2,2,0,차대차 - 추돌 - 진행중,안전운전불이행,건조,맑음,단일로 - 기타,승용,남,38세,상해없음,승용,남,44세,중상
2014011600100487,2014년 1월 16일 22시,목요일,경상남도 창원시 진해구 석동,경상사고,0,0,1,0,차대차 - 측면직각충돌,안전운전불이행,건조,맑음,단일로 - 기타,원동기,남,18세,경상,승용,남,38세,상해없음
2014011600100488,2014년 1월 16일 22시,목요일,경상남도 의령군 의령읍,경상사고,0,0,1,0,차대차 - 측면직각충돌,교차로운행방법위반,건조,맑음,교차로 - 교차로안,승용,남,39세,상해없음,승용,여,48세,경상
2014011600100489,2014년 1월 16일 22시,목요일,경상남도 진주시 정촌면,중상사고,0,1,1,0,차대차 - 기타,안전운전불이행,건조,맑음,단일로 - 기타,화물,여,54세,상해없음,승용,남,36세,중상
2014011600100507,2014년 1월 16일 23시,목요일,경상남도 양산시 물금읍,중상사고,0,1,0,0,차대사람 - 횡단중,보행자보호의무위반,건조,맑음,교차로 - 교차로안,화물,남,47세,상해없음,보행자,여,19세,중상
2014011700100037,2014년 1월 17일 01시,금요일,경상남도 창원시 마산합포구 오동동,경상사고,0,0,3,1,차대차 - 측면직각충돌,중앙선침범,건조,맑음,단일로 - 기타,승용,여,57세,부상신고,승용,남,53세,경상
2014011700100038,2014년 1월 17일 01시,금요일,경상남도 창원시 마산회원구 내서읍,경상사고,0,0,1,0,차대사람 - 차도통행중,안전운전불이행,건조,맑음,단일로 - 기타,승용,남,27세,상해없음,보행자,남,24세,경상
2014011700100082,2014년 1월 17일 06시,금요일,경상남도 김해시 삼방동,경상사고,0,0,1,0,차량단독 - 공작물충돌,안전운전불이행,결빙,맑음,단일로 - 기타,화물,남,49세,경상,,,,
2014011700100083,2014년 1월 17일 06시,금요일,경상남도 창원시 성산구 웅남동,중상사고,0,1,0,0,차대차 - 추돌 - 주정차중,안전운전불이행,건조,맑음,단일로 - 횡단보도부근,승합,남,60세,상해없음,승용,남,50세,중상
2014011700100097,2014년 1월 17일 07시,금요일,경상남도 거창군 거창읍,중상사고,0,1,0,0,차대차 - 추돌 - 진행중,안전운전불이행,건조,맑음,단일로 - 기타,승용,남,45세,상해없음,자전거,남,73세,중상
2014011700100098,2014년 1월 17일 07시,금요일,경상남도 거제시 하청면,사망사고,1,0,0,0,차대사람 - 횡단중,보행자보호의무위반,건조,맑음,교차로 - 교차로안,승용,여,52세,상해없음,보행자,여,61세,사망
2014011700100174,2014년 1월 17일 10시,금요일,경상남도 통영시 도남동,중상사고,0,1,0,0,차대차 - 측면직각충돌,안전거리미확보,건조,맑음,단일로 - 기타,승용,남,51세,상해없음,이륜,남,55세,중상
2014011700100193,2014년 1월 17일 11시,금요일,경상남도 창원시 진해구 석동,중상사고,0,1,1,0,차대차 - 측면직각충돌,교차로운행방법위반,건조,맑음,교차로 - 교차로안,승용,남,35세,상해없음,승용,남,28세,중상
2014011700100194,2014년 1월 17일 11시,금요일,경상남도 통영시 용남면,경상사고,0,0,1,0,차대차 - 추돌 - 진행중,안전거리미확보,건조,맑음,단일로 - 기타,승용,여,24세,상해없음,화물,남,47세,경상
2014011700100195,2014년 1월 17일 11시,금요일,경상남도 밀양시 청도면,경상사고,0,0,1,0,차대차 - 추돌 - 진행중,안전운전불이행,건조,맑음,단일로 - 기타,승용,남,64세,상해없음,자전거,남,19세,경상
2014011700100196,2014년 1월 17일 11시,금요일,경상남도 창녕군 창녕읍,중상사고,0,2,0,0,차대차 - 기타,교차로운행방법위반,건조,맑음,교차로 - 교차로부근,승용,남,51세,상해없음,승용,남,75세,중상