사고번호,사고일시,요일,시군구,사고내용,사망자수,중상자수,경상자수,부상신고자수,사고유형,법규위반,노면상태,기상상태,도로형태,가해운전자 차종,가해운전자 성별,가해운전자 연령,가해운전자 상해정도,피해운전자 차종,피해운전자 성별,피해운전자 연령,피해운전자 상해정도
2014011700100197,2014년 1월 17일 11시,금요일,경상남도 창녕군 대합면,중상사고,0,1,0,0,차대차 - 기타,안전운전불이행,건조,맑음,교차로 - 교차로부근,이륜,여,66세,중상,화물,남,37세,상해없음
2014011700100261,2014년 1월 17일 14시,금요일,경상남도 거제시 아주동,중상사고,0,1,0,0,차대사람 - 기타,안전운전불이행,건조,맑음,단일로 - 횡단보도상,승합,남,64세,상해없음,보행자,남,31세,중상
2014011700100262,2014년 1월 17일 14시,금요일,경상남도 거제시 연초면,부상신고사고,0,0,0,1,차대차 - 추돌 - 진행중,신호위반,건조,맑음,교차로 - 교차로안,승합,남,33세,상해없음,승합,남,44세,상해없음
2014011700100314,2014년 1월 17일 16시,금요일,경상남도 김해시 내동,경상사고,0,0,1,0,차대차 - 기타,안전거리미확보,건조,맑음,단일로 - 기타,승용,남,60세,상해없음,원동기,남,43세,경상
2014011700100315,2014년 1월 17일 16시,금요일,경상남도 고성군 동해면,경상사고,0,0,1,0,차대차 - 측면직각충돌,안전운전불이행,건조,맑음,단일로 - 기타,승용,남,57세,상해없음,승합,남,49세,상해없음
2014011700100316,2014년 1월 17일 16시,금요일,경상남도 창원시 마산회원구 봉암동,중상사고,0,1,0,0,차대차 - 기타,신호위반,건조,맑음,교차로 - 교차로안,승용,남,62세,상해없음,승용,남,42세,중상
2014011700100342,2014년 1월 17일 17시,금요일,경상남도 김해시 구산동,중상사고,0,1,0,0,차대사람 - 길가장자리구역통행중,안전운전불이행,건조,맑음,기타 - 기타,자전거,남,11세,상해없음,보행자,여,80세,중상
2014011700100343,2014년 1월 17일 17시,금요일,경상남도 김해시 삼방동,중상사고,0,1,0,0,차대사람 - 횡단중,안전운전불이행,건조,맑음,단일로 - 기타,승용,남,77세,상해없음,보행자,남,10세,중상
2014011700100344,2014년 1월 17일 17시,금요일,경상남도 양산시 명곡동,경상사고,0,0,1,0,차대차 - 기타,안전운전불이행,건조,맑음,단일로 - 기타,승용,남,59세,상해없음,승용,여,40세,경상
2014011700100345,2014년 1월 17일 17시,금요일,경상남도 창원시 의창구 서상동,경상사고,0,0,1,0,차대사람 - 기타,안전운전불이행,건조,맑음,단일로 - 기타,승용,여,51세,상해없음,보행자,여,63세,경상
2014011700100390,2014년 1월 17일 18시,금요일,경상남도 거제시 수월동,경상사고,0,0,1,0,차대차 - 정면충돌,안전운전불이행,건조,맑음,교차로 - 교차로안,승용,여,44세,상해없음,원동기,남,35세,경상
2014011700100424,2014년 1월 17일 19시,금요일,경상남도 창원시 진해구 경화동,경상사고,0,0,1,0,차대차 - 기타,안전운전불이행,건조,맑음,교차로 - 교차로안,승용,여,67세,상해없음,승용,남,40세,경상
2014011700100425,2014년 1월 17일 19시,금요일,경상남도 합천군 합천읍,사망사고,1,1,0,0,차대차 - 측면직각충돌,중앙선침범,건조,기타,단일로 - 기타,승용,여,63세,사망,화물,남,57세,중상
2014011700100426,2014년 1월 17일 19시,금요일,경상남도 창원시 성산구 남산동,중상사고,0,1,0,0,차대차 - 측면직각충돌,교차로운행방법위반,건조,맑음,교차로 - 교차로부근,승용,여,35세,상해없음,원동기,남,36세,중상
2014011700100499,2014년 1월 17일 21시,금요일,경상남도 김해시 삼정동,경상사고,0,0,1,0,차대차 - 정면충돌,안전운전불이행,건조,맑음,단일로 - 기타,승용,남,54세,상해없음,이륜,남,36세,경상
2014011700100532,2014년 1월 17일 22시,금요일,경상남도 진주시 신안동,중상사고,0,1,0,0,차대차 - 측면직각충돌,중앙선침범,건조,맑음,단일로 - 기타,승용,남,35세,상해없음,이륜,여,20세,중상
2014011700100533,2014년 1월 17일 22시,금요일,경상남도 창원시 마산회원구 내서읍,중상사고,0,1,0,0,차대차 - 기타,신호위반,건조,맑음,교차로 - 교차로안,승용,남,30세,상해없음,원동기,남,46세,중상
2014011700100564,2014년 1월 17일 23시,금요일,경상남도 창원시 마산합포구 오동동,경상사고,0,0,1,0,차대차 - 추돌 - 진행중,안전운전불이행,건조,맑음,단일로 - 기타,승용,남,38세,상해없음,승용,남,30세,경상
2014011700100565,2014년 1월 17일 23시,금요일,경상남도 밀양시 내이동,사망사고,1,0,0,0,차대사람 - 횡단중,안전운전불이행,건조,맑음,단일로 - 기타,승용,남,23세,상해없음,보행자,남,42세,사망
2014011700100566,2014년 1월 17일 23시,금요일,경상남도 함안군 칠원면,중상사고,0,1,1,0,차대차 - 측면직각충돌,안전거리미확보,건조,맑음,교차로 - 교차로부근,승용,남,38세,상해없음,화물,남,28세,경상
2014011800100032,2014년 1월 18일 00시,토요일,경상남도 창원시 마산회원구 내서읍,경상사고,0,0,1,0,차대차 - 측면직각충돌,신호위반,건조,맑음,교차로 - 교차로안,승용,남,29세,상해없음,승용,남,56세,경상
2014011800100050,2014년 1월 18일 01시,토요일,경상남도 창원시 성산구 내동,중상사고,0,1,0,0,차대차 - 측면직각충돌,신호위반,건조,맑음,교차로 - 교차로안,화물,기타불명,기타불명,기타불명,승용,남,59세,중상
2014011800100051,2014년 1월 18일 01시,토요일,경상남도 창원시 의창구 소계동,경상사고,0,0,1,0,차대차 - 정면충돌,중앙선침범,건조,맑음,단일로 - 기타,승용,남,63세,상해없음,승용,남,35세,경상
2014011800100071,2014년 1월 18일 02시,토요일,경상남도 하동군 진교면,사망사고,1,1,0,0,차대차 - 기타,안전운전불이행,건조,맑음,단일로 - 기타,승용,남,24세,사망,승용,남,35세,상해없음
2014011800100082,2014년 1월 18일 03시,토요일,경상남도 진주시 평거동,경상사고,0,0,1,0,차대사람 - 차도통행중,안전운전불이행,건조,맑음,단일로 - 기타,승용,남,52세,상해없음,보행자,남,33세,경상
2014011800100104,2014년 1월 18일 06시,토요일,경상남도 김해시 삼계동,중상사고,0,1,0,0,차대차 - 측면직각충돌,중앙선침범,건조,맑음,교차로 - 교차로안,승용,남,30세,상해없음,승용,여,29세,중상
2014011800100115,2014년 1월 18일 07시,토요일,경상남도 함양군 함양읍,중상사고,0,1,0,0,차대차 - 측면직각충돌,신호위반,건조,맑음,교차로 - 교차로안,승용,남,64세,상해없음,승합,남,56세,상해없음
2014011800100135,2014년 1월 18일 08시,토요일,경상남도 창원시 마산합포구 신월동,중상사고,0,1,0,0,차량단독 - 기타,안전운전불이행,건조,맑음,단일로 - 기타,승합,남,52세,상해없음,,,,
2014011800100178,2014년 1월 18일 10시,토요일,경상남도 창원시 의창구 중동,경상사고,0,0,3,0,차대차 - 측면직각충돌,안전운전불이행,건조,맑음,교차로 - 교차로부근,승용,남,46세,상해없음,승용,남,27세,경상
2014011800100200,2014년 1월 18일 11시,토요일,경상남도 진주시 인사동,중상사고,0,1,1,0,차대차 - 기타,안전운전불이행,건조,맑음,단일로 - 기타,승용,여,40세,상해없음,승용,남,41세,중상
2014011800100201,2014년 1월 18일 11시,토요일,경상남도 의령군 정곡면,중상사고,0,1,1,0,차대차 - 추돌 - 주정차중,안전운전불이행,건조,맑음,단일로 - 기타,승용,남,61세,경상,화물,남,62세,상해없음
2014011800100231,2014년 1월 18일 12시,토요일,경상남도 양산시 하북면,경상사고,0,0,2,0,차대차 - 기타,안전운전불이행,건조,맑음,교차로 - 교차로부근,화물,남,42세,상해없음,승용,남,41세,경상
2014011800100257,2014년 1월 18일 13시,토요일,경상남도 창원시 성산구 대방동,중상사고,0,1,0,0,차대차 - 기타,안전운전불이행,건조,맑음,단일로 - 기타,승용,여,52세,상해없음,이륜,남,70세,중상
2014011800100277,2014년 1월 18일 14시,토요일,경상남도 김해시 삼계동,중상사고,0,1,0,0,차대차 - 추돌 - 진행중,안전거리미확보,건조,맑음,단일로 - 기타,승용,여,50세,상해없음,이륜,남,18세,중상
2014011800100278,2014년 1월 18일 14시,토요일,경상남도 창녕군 영산면,중상사고,0,1,0,0,차대사람 - 기타,안전운전불이행,건조,맑음,단일로 - 기타,승용,남,64세,상해없음,보행자,여,82세,중상
2014011800100279,2014년 1월 18일 14시,토요일,경상남도 함안군 칠서면,경상사고,0,0,1,0,차대차 - 기타,안전운전불이행,건조,맑음,교차로 - 교차로안,기타불명,기타불명,기타불명,기타불명,기타불명,기타불명,기타불명,기타불명
2014011800100300,2014년 1월 18일 15시,토요일,경상남도 창원시 성산구 상남동,경상사고,0,0,3,0,차대차 - 추돌 - 주정차중,안전운전불이행,건조,맑음,단일로 - 기타,승용,남,58세,상해없음,승용,남,32세,경상
2014011800100324,2014년 1월 18일 16시,토요일,경상남도 진주시 대안동,중상사고,0,1,0,0,차대사람 - 차도통행중,안전운전불이행,건조,맑음,단일로 - 기타,승용,여,48세,상해없음,보행자,남,17세,중상
2014011800100325,2014년 1월 18일 16시,토요일,경상남도 창녕군 창녕읍,중상사고,0,1,0,0,차대사람 - 기타,안전운전불이행,건조,맑음,단일로 - 기타,승용,남,35세,상해없음,보행자,여,58세,중상
2014011800100326,2014년 1월 18일 16시,토요일,경상남도 거제시 하청면,중상사고,0,1,0,0,차대사람 - 기타,기타,건조,맑음,기타 - 기타,화물,남,39세,상해없음,보행자,여,62세,중상
2014011800100327,2014년 1월 18일 16시,토요일,경상남도 김해시 장유면,경상사고,0,0,1,0,차대차 - 측면직각충돌,안전운전불이행,건조,맑음,단일로 - 기타,승용,남,35세,경상,승용,남,48세,상해없음
2014011800100352,2014년 1월 18일 17시,토요일,경상남도 진주시 내동면,중상사고,0,1,0,0,차대차 - 측면직각충돌,신호위반,건조,맑음,교차로 - 교차로안,승용,여,41세,상해없음,승용,여,49세,중상
2014011800100353,2014년 1월 18일 17시,토요일,경상남도 창원시 진해구 석동,중상사고,0,1,1,0,차대차 - 추돌 - 주정차중,안전거리미확보,건조,맑음,단일로 - 터널,승용,남,51세,상해없음,승용,여,41세,중상
2014011800100354,2014년 1월 18일 17시,토요일,경상남도 밀양시 삼문동,경상사고,0,0,1,0,차대차 - 측면직각충돌,교차로운행방법위반,건조,맑음,교차로 - 교차로안,승용,남,50세,상해없음,화물,남,31세,경상
2014011800100355,2014년 1월 18일 17시,토요일,경상남도 양산시 물금읍,중상사고,0,1,0,0,차대차 - 측면직각충돌,신호위반,건조,맑음,교차로 - 교차로안,이륜,남,36세,중상,승용,남,44세,상해없음
2014011800100393,2014년 1월 18일 18시,토요일,경상남도 사천시 용강동,중상사고,0,1,0,0,차대사람 - 횡단중,안전운전불이행,건조,맑음,단일로 - 횡단보도상,승용,남,64세,상해없음,보행자,여,67세,중상
2014011800100421,2014년 1월 18일 19시,토요일,경상남도 진주시 평안동,경상사고,0,0,1,0,차대사람 - 차도통행중,안전운전불이행,건조,맑음,단일로 - 기타,승용,남,48세,상해없음,보행자,남,76세,경상
2014011800100444,2014년 1월 18일 20시,토요일,경상남도 김해시 지내동,중상사고,0,1,1,0,차대차 - 추돌 - 주정차중,안전운전불이행,건조,맑음,단일로 - 기타,승용,남,42세,상해없음,화물,남,39세,경상
2014011800100465,2014년 1월 18일 21시,토요일,경상남도 창원시 마산합포구 해운동,경상사고,0,0,1,0,차대차 - 기타,안전운전불이행,건조,맑음,교차로 - 교차로부근,승합,남,51세,상해없음,이륜,남,24세,경상
2014011800100485,2014년 1월 18일 22시,토요일,경상남도 양산시 평산동,경상사고,0,0,1,0,차대차 - 기타,중앙선침범,건조,맑음,단일로 - 기타,승용,남,55세,상해없음,원동기,남,19세,경상
2014011900100018,2014년 1월 19일 00시,일요일,경상남도 통영시 도천동,경상사고,0,0,1,0,차대차 - 추돌 - 진행중,안전거리미확보,건조,맑음,단일로 - 기타,승용,남,28세,상해없음,승용,남,70세,경상
2014011900100019,2014년 1월 19일 00시,일요일,경상남도 창원시 의창구 팔용동,경상사고,0,0,2,0,차대차 - 정면충돌,중앙선침범,건조,맑음,교차로 - 교차로부근,승용,남,43세,상해없음,승용,여,30세,경상
2014011900100052,2014년 1월 19일 02시,일요일,경상남도 창원시 의창구 팔용동,중상사고,0,1,0,0,차대차 - 추돌 - 주정차중,안전운전불이행,건조,맑음,교차로 - 교차로부근,승용,남,24세,상해없음,승용,남,42세,중상
2014011900100075,2014년 1월 19일 04시,일요일,경상남도 창원시 마산합포구 월영동,경상사고,0,0,1,0,차대차 - 추돌 - 주정차중,안전운전불이행,건조,맑음,단일로 - 기타,승용,여,23세,경상,승용,남,53세,기타불명
2014011900100087,2014년 1월 19일 06시,일요일,경상남도 거제시 장목면,중상사고,0,1,0,1,차대차 - 추돌 - 진행중,안전운전불이행,건조,맑음,기타 - 기타,승용,남,58세,상해없음,승용,여,50세,상해없음
2014011900100102,2014년 1월 19일 07시,일요일,경상남도 진주시 일반성면,중상사고,0,1,0,0,차대사람 - 횡단중,안전운전불이행,건조,맑음,교차로 - 교차로부근,승용,남,44세,상해없음,보행자,여,80세,중상
2014011900100114,2014년 1월 19일 08시,일요일,경상남도 함안군 가야읍,중상사고,0,1,0,0,차대차 - 추돌 - 진행중,안전운전불이행,건조,맑음,단일로 - 기타,승용,남,46세,상해없음,승합,남,48세,상해없음
2014011900100131,2014년 1월 19일 09시,일요일,경상남도 함안군 대산면,경상사고,0,0,1,0,차대차 - 측면직각충돌,중앙선침범,건조,맑음,단일로 - 기타,승용,남,30세,상해없음,화물,남,47세,경상
2014011900100158,2014년 1월 19일 10시,일요일,경상남도 양산시 하북면,중상사고,0,1,0,0,차대차 - 기타,교차로운행방법위반,건조,맑음,교차로 - 교차로안,승용,여,57세,기타불명,승용,여,57세,중상
2014011900100159,2014년 1월 19일 10시,일요일,경상남도 창원시 마산회원구 회성동,중상사고,0,1,0,0,차대차 - 추돌 - 진행중,안전운전불이행,건조,맑음,단일로 - 기타,승용,남,56세,상해없음,승용,여,43세,중상
2014011900100160,2014년 1월 19일 10시,일요일,경상남도 김해시 장유면,중상사고,0,1,3,0,차대차 - 기타,안전운전불이행,건조,맑음,단일로 - 기타,승합,남,48세,상해없음,승용,남,67세,경상
2014011900100175,2014년 1월 19일 11시,일요일,경상남도 창원시 마산합포구 중성동,중상사고,0,1,0,0,차대사람 - 기타,보행자보호의무위반,건조,맑음,교차로 - 교차로안,승용,남,28세,상해없음,보행자,여,61세,중상
2014011900100176,2014년 1월 19일 11시,일요일,경상남도 밀양시 삼문동,중상사고,0,1,0,0,차대차 - 측면직각충돌,신호위반,건조,맑음,교차로 - 교차로부근,승용,남,67세,상해없음,이륜,남,42세,중상
2014011900100197,2014년 1월 19일 12시,일요일,경상남도 함양군 함양읍,중상사고,0,1,0,0,차대차 - 측면직각충돌,교차로운행방법위반,건조,맑음,교차로 - 교차로안,원동기,남,73세,중상,승용,남,61세,상해없음
2014011900100198,2014년 1월 19일 12시,일요일,경상남도 양산시 상북면,경상사고,0,0,1,0,차대차 - 기타,교차로운행방법위반,건조,맑음,교차로 - 교차로안,승용,여,66세,상해없음,승용,여,24세,경상
2014011900100221,2014년 1월 19일 13시,일요일,경상남도 통영시 무전동,경상사고,0,0,2,0,차대차 - 측면직각충돌,안전운전불이행,건조,맑음,교차로 - 교차로부근,승용,남,70세,상해없음,승용,여,40세,경상
2014011900100242,2014년 1월 19일 14시,일요일,경상남도 산청군 신안면,부상신고사고,0,0,0,1,차대차 - 추돌 - 진행중,안전운전불이행,건조,맑음,교차로 - 교차로안,화물,남,57세,상해없음,승용,여,58세,부상신고
2014011900100243,2014년 1월 19일 14시,일요일,경상남도 창원시 의창구 명서동,중상사고,0,1,4,0,차대차 - 추돌 - 주정차중,안전운전불이행,건조,맑음,교차로 - 교차로부근,승용,남,38세,상해없음,승용,남,39세,경상
2014011900100263,2014년 1월 19일 15시,일요일,경상남도 함양군 마천면,중상사고,0,3,2,0,차대차 - 정면충돌,중앙선침범,결빙,맑음,단일로 - 기타,승용,남,52세,경상,승용,남,19세,경상
2014011900100286,2014년 1월 19일 16시,일요일,경상남도 창원시 진해구 안골동,경상사고,0,0,1,0,차대사람 - 기타,보행자보호의무위반,건조,맑음,교차로 - 교차로부근,기타불명,기타불명,기타불명,기타불명,보행자,여,32세,경상
2014011900100287,2014년 1월 19일 16시,일요일,경상남도 창원시 마산회원구 석전동,경상사고,0,0,3,0,차대차 - 추돌 - 주정차중,안전운전불이행,건조,맑음,교차로 - 교차로부근,승용,남,61세,상해없음,승용,남,27세,경상
2014011900100288,2014년 1월 19일 16시,일요일,경상남도 김해시 장유면,중상사고,0,1,1,0,차대차 - 측면직각충돌,신호위반,건조,맑음,교차로 - 교차로안,승용,여,50세,상해없음,승용,남,59세,경상
2014011900100305,2014년 1월 19일 17시,일요일,경상남도 창원시 진해구 여좌동,경상사고,0,0,1,0,차대차 - 측면직각충돌,안전거리미확보,건조,맑음,단일로 - 기타,승용,남,36세,상해없음,승용,남,42세,경상
2014011900100306,2014년 1월 19일 17시,일요일,경상남도 사천시 동림동,경상사고,0,0,1,0,차대차 - 측면직각충돌,신호위반,건조,맑음,교차로 - 교차로안,원동기,남,53세,경상,승용,여,51세,상해없음
2014011900100307,2014년 1월 19일 17시,일요일,경상남도 합천군 야로면,중상사고,0,1,0,0,차대차 - 기타,안전운전불이행,건조,맑음,단일로 - 기타,이륜,남,61세,중상,승용,여,42세,상해없음
2014011900100308,2014년 1월 19일 17시,일요일,경상남도 남해군 창선면,중상사고,0,1,2,0,차대차 - 기타,중앙선침범,건조,맑음,기타 - 기타,승용,여,63세,경상,승용,남,56세,상해없음
2014011900100309,2014년 1월 19일 17시,일요일,경상남도 김해시 진영읍,경상사고,0,0,1,0,차대차 - 측면직각충돌,안전운전불이행,건조,맑음,단일로 - 기타,승용,남,40세,상해없음,이륜,남,20세,경상
2014011900100336,2014년 1월 19일 18시,일요일,경상남도 창원시 진해구 충무동,경상사고,0,0,4,0,차대차 - 측면직각충돌,안전운전불이행,건조,맑음,교차로 - 교차로부근,승합,남,58세,상해없음,자전거,남,14세,경상
2014011900100337,2014년 1월 19일 18시,일요일,경상남도 양산시 상북면,경상사고,0,0,2,0,차대차 - 측면직각충돌,교차로운행방법위반,건조,맑음,교차로 - 교차로안,승용,남,51세,상해없음,승용,남,59세,경상
2014011900100338,2014년 1월 19일 18시,일요일,경상남도 창원시 성산구 남양동,중상사고,0,1,0,0,차대사람 - 기타,안전운전불이행,건조,맑음,단일로 - 기타,승용,남,25세,상해없음,보행자,여,64세,중상
2014011900100365,2014년 1월 19일 19시,일요일,경상남도 양산시 산막동,중상사고,0,1,0,0,차대차 - 측면직각충돌,중앙선침범,건조,맑음,교차로 - 교차로부근,화물,남,35세,상해없음,원동기,남,36세,중상
2014011900100366,2014년 1월 19일 19시,일요일,경상남도 창원시 마산회원구 내서읍,경상사고,0,0,2,0,차대차 - 측면직각충돌,안전운전불이행,건조,맑음,교차로 - 교차로부근,승용,남,37세,경상,승합,남,44세,경상
2014011900100442,2014년 1월 19일 23시,일요일,경상남도 진주시 신안동,중상사고,0,1,2,0,차대차 - 측면직각충돌,신호위반,건조,맑음,교차로 - 교차로안,승용,여,44세,상해없음,승용,여,45세,경상
2014011900100443,2014년 1월 19일 23시,일요일,경상남도 창원시 마산회원구 내서읍,경상사고,0,0,1,0,차대차 - 추돌 - 진행중,안전운전불이행,건조,맑음,교차로 - 교차로부근,화물,남,47세,상해없음,승용,남,52세,경상
2014012000100028,2014년 1월 20일 02시,월요일,경상남도 창원시 마산회원구 합성동,경상사고,0,0,1,0,차대차 - 측면직각충돌,안전운전불이행,건조,맑음,단일로 - 기타,승용,남,34세,상해없음,승용,남,44세,경상
2014012000100064,2014년 1월 20일 05시,월요일,경상남도 진주시 가좌동,중상사고,0,2,0,0,차대차 - 측면직각충돌,직진우회전진행방해,건조,맑음,교차로 - 교차로안,승용,여,29세,상해없음,승용,남,42세,중상
2014012000100079,2014년 1월 20일 06시,월요일,경상남도 거제시 고현동,중상사고,0,1,0,0,차대사람 - 기타,안전운전불이행,건조,맑음,교차로 - 교차로안,화물,남,57세,상해없음,보행자,남,78세,중상
2014012000100105,2014년 1월 20일 07시,월요일,경상남도 창원시 마산합포구 진전면,중상사고,0,4,0,0,차대차 - 추돌 - 주정차중,안전운전불이행,결빙,흐림,단일로 - 기타,승용,남,54세,상해없음,화물,남,64세,중상
2014012000100106,2014년 1월 20일 07시,월요일,경상남도 창원시 마산합포구 진전면,중상사고,0,1,0,0,차대사람 - 기타,안전운전불이행,결빙,비,단일로 - 기타,승용,남,28세,상해없음,보행자,남,51세,중상
2014012000100107,2014년 1월 20일 07시,월요일,경상남도 창원시 마산합포구 진전면,중상사고,0,1,0,0,차대차 - 측면직각충돌,직진우회전진행방해,건조,맑음,교차로 - 교차로안,승용,여,31세,상해없음,화물,남,58세,중상
2014012000100108,2014년 1월 20일 07시,월요일,경상남도 사천시 사천읍,경상사고,0,0,1,0,차대차 - 측면직각충돌,안전운전불이행,습기,흐림,교차로 - 교차로안,승용,여,40세,기타불명,승용,남,65세,경상
2014012000100109,2014년 1월 20일 07시,월요일,경상남도 함양군 서하면,중상사고,0,2,1,0,차대차 - 기타,안전운전불이행,결빙,눈,단일로 - 기타,화물,남,66세,상해없음,승용,남,40세,상해없음
2014012000100110,2014년 1월 20일 07시,월요일,경상남도 김해시 진례면,경상사고,0,0,2,0,차대차 - 정면충돌,중앙선침범,습기,비,단일로 - 기타,승용,남,28세,상해없음,화물,남,56세,경상
2014012000100111,2014년 1월 20일 07시,월요일,경상남도 진주시 판문동,중상사고,0,1,1,0,차대차 - 추돌 - 주정차중,안전운전불이행,결빙,흐림,단일로 - 기타,승용,남,48세,중상,승용,남,43세,상해없음
2014012000100129,2014년 1월 20일 08시,월요일,경상남도 양산시 산막동,경상사고,0,0,2,0,차대차 - 추돌 - 진행중,안전운전불이행,건조,맑음,단일로 - 기타,화물,남,62세,상해없음,승용,남,60세,경상
2014012000100158,2014년 1월 20일 08시,월요일,경상남도 창원시 마산합포구 진전면,중상사고,0,1,1,2,차대차 - 추돌 - 주정차중,안전운전불이행,결빙,비,단일로 - 기타,승용,남,46세,상해없음,승용,남,23세,부상신고
2014012000100159,2014년 1월 20일 08시,월요일,경상남도 창원시 마산합포구 구산면,경상사고,0,0,1,1,차량단독 - 기타,안전운전불이행,결빙,흐림,단일로 - 기타,화물,남,54세,부상신고,,,,
2014012000100160,2014년 1월 20일 08시,월요일,경상남도 진주시 남성동,경상사고,0,0,1,0,차대차 - 추돌 - 주정차중,안전운전불이행,결빙,비,단일로 - 기타,승용,여,51세,상해없음,승용,남,62세,상해없음
2014012000100161,2014년 1월 20일 08시,월요일,경상남도 양산시 북정동,경상사고,0,0,1,0,차대차 - 측면직각충돌,중앙선침범,결빙,흐림,단일로 - 기타,화물,남,30세,상해없음,화물,남,62세,경상
2014012000100162,2014년 1월 20일 08시,월요일,경상남도 하동군 진교면,사망사고,1,0,0,0,차대차 - 기타,안전운전불이행,결빙,비,단일로 - 기타,승용,남,32세,사망,승용,남,59세,상해없음
2014012000100163,2014년 1월 20일 08시,월요일,경상남도 하동군 화개면,중상사고,0,1,0,0,차대차 - 기타,중앙선침범,결빙,비,단일로 - 기타,화물,남,53세,상해없음,승용,남,32세,중상
2014012000100164,2014년 1월 20일 08시,월요일,경상남도 창원시 의창구 북면,중상사고,0,3,8,0,차대차 - 기타,중앙선침범,결빙,눈,단일로 - 기타,승합,남,51세,상해없음,화물,남,30세,경상
2014012000100165,2014년 1월 20일 08시,월요일,경상남도 김해시 장유면,중상사고,0,1,0,0,차대차 - 추돌 - 주정차중,안전운전불이행,결빙,맑음,단일로 - 기타,화물,남,40세,상해없음,승용,남,39세,중상
2014012000100166,2014년 1월 20일 08시,월요일,경상남도 합천군 가야면,중상사고,0,2,0,0,차대차 - 정면충돌,중앙선침범,습기,눈,단일로 - 기타,승용,남,49세,중상,화물,남,56세,중상
2014012000100197,2014년 1월 20일 09시,월요일,경상남도 사천시 서포면,경상사고,0,0,3,0,차량단독 - 도로외이탈 - 기타,안전운전불이행,결빙,흐림,단일로 - 기타,승합,남,56세,상해없음,,,,
2014012000100198,2014년 1월 20일 09시,월요일,경상남도 함양군 휴천면,경상사고,0,0,1,0,차대차 - 정면충돌,안전운전불이행,적설,눈,단일로 - 기타,화물,남,73세,상해없음,승용,여,45세,경상
2014012000100199,2014년 1월 20일 09시,월요일,경상남도 창원시 의창구 동읍,경상사고,0,0,1,0,차대차 - 기타,안전운전불이행,결빙,눈,단일로 - 기타,승용,여,38세,상해없음,승용,남,70세,경상
2014012000100239,2014년 1월 20일 10시,월요일,경상남도 통영시 항남동,사망사고,1,0,0,0,차대사람 - 길가장자리구역통행중,안전운전불이행,건조,맑음,단일로 - 기타,승용,남,43세,상해없음,보행자,남,63세,사망
2014012000100240,2014년 1월 20일 10시,월요일,경상남도 합천군 율곡면,중상사고,0,1,1,0,차대차 - 기타,안전운전불이행,결빙,눈,단일로 - 기타,승용,남,64세,중상,승용,남,45세,경상
2014012000100241,2014년 1월 20일 10시,월요일,경상남도 양산시 동면,중상사고,0,1,1,0,차대차 - 측면직각충돌,신호위반,건조,맑음,교차로 - 교차로안,승용,남,73세,상해없음,승용,여,35세,중상
2014012000100242,2014년 1월 20일 10시,월요일,경상남도 양산시 북정동,부상신고사고,0,0,0,1,차대차 - 측면직각충돌,직진우회전진행방해,건조,맑음,교차로 - 교차로안,화물,남,43세,상해없음,화물,남,37세,부상신고
2014012000100273,2014년 1월 20일 11시,월요일,경상남도 창원시 마산합포구 남성동,중상사고,0,1,0,0,차대사람 - 횡단중,안전운전불이행,건조,맑음,교차로 - 교차로안,승용,여,55세,상해없음,보행자,여,69세,중상
2014012000100274,2014년 1월 20일 11시,월요일,경상남도 거제시 고현동,경상사고,0,0,2,0,차대차 - 추돌 - 진행중,중앙선침범,건조,맑음,단일로 - 기타,승용,남,30세,상해없음,승합,남,60세,경상
2014012000100275,2014년 1월 20일 11시,월요일,경상남도 거제시 문동동,중상사고,0,1,3,0,차대차 - 추돌 - 진행중,중앙선침범,건조,맑음,단일로 - 기타,승용,여,57세,상해없음,승용,여,54세,경상
2014012000100276,2014년 1월 20일 11시,월요일,경상남도 의령군 의령읍,부상신고사고,0,0,0,1,차대차 - 측면직각충돌,안전운전불이행,건조,맑음,단일로 - 기타,승용,남,77세,상해없음,자전거,남,80세,부상신고
2014012000100305,2014년 1월 20일 12시,월요일,경상남도 진주시 옥봉동,중상사고,0,1,0,0,차대사람 - 횡단중,안전운전불이행,건조,맑음,교차로 - 교차로안,화물,남,66세,상해없음,보행자,남,62세,중상
2014012000100306,2014년 1월 20일 12시,월요일,경상남도 김해시 부원동,중상사고,0,1,0,0,차대차 - 측면직각충돌,교차로운행방법위반,건조,맑음,교차로 - 교차로안,자전거,남,64세,중상,승용,여,57세,상해없음
2014012000100307,2014년 1월 20일 12시,월요일,경상남도 남해군 삼동면,경상사고,0,0,1,0,차대차 - 기타,안전운전불이행,건조,맑음,단일로 - 기타,농기계,남,72세,경상,승용,여,36세,상해없음
2014012000100370,2014년 1월 20일 14시,월요일,경상남도 사천시 벌리동,경상사고,0,0,1,0,차대사람 - 기타,안전운전불이행,건조,맑음,단일로 - 기타,승용,여,22세,기타불명,보행자,남,14세,경상
2014012000100371,2014년 1월 20일 14시,월요일,경상남도 김해시 진영읍,경상사고,0,0,6,0,차대차 - 측면직각충돌,안전운전불이행,건조,맑음,단일로 - 터널,승용,남,18세,경상,화물,남,37세,경상
2014012000100426,2014년 1월 20일 16시,월요일,경상남도 사천시 사천읍,경상사고,0,0,1,1,차대차 - 측면직각충돌,교차로운행방법위반,건조,맑음,교차로 - 교차로안,승용,여,38세,부상신고,승용,여,77세,경상