사고번호,사고일시,요일,시군구,사고내용,사망자수,중상자수,경상자수,부상신고자수,사고유형,법규위반,노면상태,기상상태,도로형태,가해운전자 차종,가해운전자 성별,가해운전자 연령,가해운전자 상해정도,피해운전자 차종,피해운전자 성별,피해운전자 연령,피해운전자 상해정도
2014012000100427,2014년 1월 20일 16시,월요일,경상남도 창녕군 남지읍,중상사고,0,1,0,0,차대차 - 기타,안전운전불이행,건조,맑음,교차로 - 교차로안,화물,남,52세,상해없음,승용,남,38세,중상
2014012000100428,2014년 1월 20일 16시,월요일,경상남도 창원시 의창구 봉곡동,경상사고,0,0,1,0,차대차 - 기타,신호위반,건조,맑음,교차로 - 교차로안,승용,여,33세,상해없음,승용,여,51세,경상
2014012000100429,2014년 1월 20일 16시,월요일,경상남도 창원시 의창구 동읍,중상사고,0,1,0,0,차대사람 - 기타,안전운전불이행,건조,맑음,단일로 - 기타,기타불명,기타불명,기타불명,기타불명,보행자,여,55세,중상
2014012000100456,2014년 1월 20일 17시,월요일,경상남도 진주시 미천면,사망사고,1,0,0,0,차대차 - 기타,안전운전불이행,건조,맑음,단일로 - 기타,승용,여,60세,상해없음,원동기,남,79세,사망
2014012000100457,2014년 1월 20일 17시,월요일,경상남도 거제시 연초면,중상사고,0,1,0,0,차대사람 - 기타,안전운전불이행,건조,맑음,교차로 - 교차로안,화물,남,36세,상해없음,보행자,남,57세,중상
2014012000100458,2014년 1월 20일 17시,월요일,경상남도 함안군 대산면,경상사고,0,0,1,0,차대차 - 측면직각충돌,신호위반,건조,맑음,교차로 - 교차로안,화물,남,18세,상해없음,화물,남,47세,경상
2014012000100503,2014년 1월 20일 18시,월요일,경상남도 사천시 용현면,경상사고,0,0,3,2,차대차 - 측면직각충돌,교차로운행방법위반,건조,맑음,교차로 - 교차로안,승용,여,26세,경상,승합,남,48세,상해없음
2014012000100504,2014년 1월 20일 18시,월요일,경상남도 김해시 외동,중상사고,0,1,0,0,차대사람 - 횡단중,안전운전불이행,건조,맑음,단일로 - 기타,승합,남,61세,상해없음,보행자,여,7세,중상
2014012000100505,2014년 1월 20일 18시,월요일,경상남도 창원시 성산구 반지동,중상사고,0,1,0,0,차대사람 - 횡단중,안전운전불이행,기타,맑음,교차로 - 교차로안,이륜,남,18세,상해없음,보행자,여,46세,중상
2014012000100506,2014년 1월 20일 18시,월요일,경상남도 창원시 의창구 팔용동,경상사고,0,0,1,0,차대차 - 기타,신호위반,건조,맑음,교차로 - 교차로안,승용,남,54세,상해없음,자전거,남,30세,경상
2014012000100550,2014년 1월 20일 19시,월요일,경상남도 창원시 진해구 서중동,경상사고,0,0,2,0,차대차 - 추돌 - 진행중,안전운전불이행,건조,기타,단일로 - 기타,승용,남,47세,상해없음,승용,남,33세,경상
2014012000100551,2014년 1월 20일 19시,월요일,경상남도 창원시 성산구 상남동,중상사고,0,1,0,0,차대차 - 기타,신호위반,기타,맑음,단일로 - 횡단보도상,승용,여,36세,상해없음,자전거,여,50세,중상
2014012000100588,2014년 1월 20일 20시,월요일,경상남도 고성군 고성읍,중상사고,0,1,0,0,차대차 - 측면직각충돌,교차로운행방법위반,건조,맑음,교차로 - 교차로안,승용,남,39세,상해없음,원동기,남,17세,중상
2014012000100626,2014년 1월 20일 21시,월요일,경상남도 양산시 북부동,경상사고,0,0,2,0,차대차 - 추돌 - 주정차중,안전운전불이행,건조,맑음,단일로 - 기타,승용,남,50세,상해없음,승용,남,30세,경상
2014012000100661,2014년 1월 20일 22시,월요일,경상남도 창원시 진해구 석동,중상사고,0,1,0,0,차대차 - 추돌 - 주정차중,안전운전불이행,건조,기타,교차로 - 교차로부근,화물,남,41세,상해없음,승용,남,24세,중상
2014012000100662,2014년 1월 20일 22시,월요일,경상남도 사천시 정동면,경상사고,0,0,2,0,차대차 - 기타,안전운전불이행,건조,맑음,단일로 - 교량,승용,남,45세,상해없음,승용,남,56세,경상
2014012000100663,2014년 1월 20일 22시,월요일,경상남도 사천시 사천읍,중상사고,0,1,1,0,차대차 - 측면직각충돌,신호위반,건조,맑음,교차로 - 교차로안,승용,남,27세,상해없음,승용,남,58세,경상
2014012100100008,2014년 1월 21일 00시,화요일,경상남도 김해시 장유면,중상사고,0,1,0,0,차대사람 - 차도통행중,불법유턴,건조,맑음,단일로 - 기타,화물,남,43세,상해없음,보행자,여,45세,중상
2014012100100038,2014년 1월 21일 03시,화요일,경상남도 진주시 상봉동,경상사고,0,0,1,0,차대차 - 추돌 - 주정차중,안전운전불이행,건조,맑음,단일로 - 기타,승용,여,45세,상해없음,승용,남,40세,경상
2014012100100039,2014년 1월 21일 03시,화요일,경상남도 김해시 대동면,중상사고,0,1,0,0,차량단독 - 공작물충돌,안전운전불이행,건조,맑음,단일로 - 기타,승용,남,37세,중상,,,,
2014012100100049,2014년 1월 21일 04시,화요일,경상남도 통영시 도천동,중상사고,0,1,0,0,차대사람 - 횡단중,안전운전불이행,건조,맑음,단일로 - 기타,승용,여,51세,상해없음,보행자,여,60세,중상
2014012100100058,2014년 1월 21일 05시,화요일,경상남도 창원시 마산합포구 신포동2가,경상사고,0,0,3,0,차대차 - 측면직각충돌,교차로운행방법위반,건조,흐림,교차로 - 교차로안,승용,여,47세,경상,승용,남,57세,경상
2014012100100084,2014년 1월 21일 07시,화요일,경상남도 고성군 동해면,경상사고,0,0,1,0,차대차 - 측면직각충돌,중앙선침범,건조,맑음,단일로 - 기타,승용,남,36세,상해없음,승용,남,45세,상해없음
2014012100100119,2014년 1월 21일 08시,화요일,경상남도 거제시 문동동,경상사고,0,0,1,0,차대차 - 추돌 - 진행중,중앙선침범,건조,맑음,단일로 - 기타,승용,남,47세,상해없음,승용,여,48세,경상
2014012100100157,2014년 1월 21일 09시,화요일,경상남도 양산시 남부동,중상사고,0,1,0,0,차대사람 - 기타,보행자보호의무위반,건조,맑음,단일로 - 기타,승합,여,49세,상해없음,보행자,남,10세,중상
2014012100100158,2014년 1월 21일 09시,화요일,경상남도 창원시 의창구 용호동,경상사고,0,0,1,0,차대차 - 측면직각충돌,안전거리미확보,건조,맑음,교차로 - 교차로안,화물,남,49세,상해없음,이륜,여,52세,경상
2014012100100190,2014년 1월 21일 10시,화요일,경상남도 양산시 명동,중상사고,0,1,0,0,차대차 - 기타,안전운전불이행,건조,맑음,단일로 - 기타,승용,여,46세,상해없음,자전거,남,63세,중상
2014012100100191,2014년 1월 21일 10시,화요일,경상남도 양산시 중부동,중상사고,0,2,0,0,차대사람 - 횡단중,안전운전불이행,건조,맑음,단일로 - 기타,승용,여,61세,상해없음,보행자,여,81세,중상
2014012100100192,2014년 1월 21일 10시,화요일,경상남도 양산시 삼호동,경상사고,0,0,3,0,차대차 - 기타,직진우회전진행방해,건조,맑음,교차로 - 교차로안,승용,남,23세,기타불명,승용,여,32세,경상
2014012100100228,2014년 1월 21일 12시,화요일,경상남도 밀양시 삼문동,중상사고,0,1,0,0,차대차 - 측면직각충돌,안전운전불이행,건조,맑음,교차로 - 교차로안,승용,여,46세,상해없음,자전거,여,55세,중상
2014012100100229,2014년 1월 21일 12시,화요일,경상남도 김해시 장유면,중상사고,0,1,0,0,차대차 - 기타,교차로운행방법위반,건조,맑음,교차로 - 교차로안,승용,남,53세,상해없음,승용,여,42세,중상
2014012100100277,2014년 1월 21일 14시,화요일,경상남도 창원시 의창구 북면,경상사고,0,0,2,0,차대차 - 측면직각충돌,안전운전불이행,건조,맑음,단일로 - 기타,화물,남,67세,상해없음,화물,남,50세,경상
2014012100100314,2014년 1월 21일 15시,화요일,경상남도 창원시 진해구 용원동,경상사고,0,0,1,0,차대사람 - 기타,보행자보호의무위반,건조,맑음,교차로 - 교차로안,승용,남,42세,상해없음,보행자,여,54세,경상
2014012100100315,2014년 1월 21일 15시,화요일,경상남도 밀양시 상남면,경상사고,0,0,1,0,차대차 - 측면직각충돌,중앙선침범,건조,맑음,단일로 - 기타,승용,남,53세,상해없음,승용,남,58세,경상
2014012100100316,2014년 1월 21일 15시,화요일,경상남도 창원시 마산회원구 봉암동,경상사고,0,0,2,0,차대차 - 추돌 - 주정차중,안전운전불이행,건조,맑음,단일로 - 기타,승용,남,54세,상해없음,승용,남,22세,경상
2014012100100338,2014년 1월 21일 16시,화요일,경상남도 하동군 하동읍,경상사고,0,0,1,0,차대차 - 기타,안전운전불이행,건조,맑음,단일로 - 기타,화물,남,53세,상해없음,승용,여,58세,경상
2014012100100359,2014년 1월 21일 17시,화요일,경상남도 사천시 사천읍,경상사고,0,0,1,0,차대차 - 측면직각충돌,직진우회전진행방해,건조,맑음,교차로 - 교차로안,화물,남,58세,상해없음,승용,남,50세,상해없음
2014012100100400,2014년 1월 21일 18시,화요일,경상남도 창원시 마산합포구 상남동,경상사고,0,0,1,0,차대사람 - 횡단중,안전운전불이행,건조,맑음,단일로 - 기타,승용,여,39세,상해없음,보행자,남,53세,경상
2014012100100401,2014년 1월 21일 18시,화요일,경상남도 진주시 장대동,경상사고,0,0,1,0,차대사람 - 횡단중,안전운전불이행,건조,맑음,교차로 - 교차로안,승용,남,34세,상해없음,보행자,남,74세,경상
2014012100100402,2014년 1월 21일 18시,화요일,경상남도 창원시 진해구 대흥동,경상사고,0,0,1,0,차대사람 - 기타,안전운전불이행,건조,맑음,단일로 - 기타,승용,남,24세,상해없음,보행자,남,59세,경상
2014012100100403,2014년 1월 21일 18시,화요일,경상남도 밀양시 상동면,경상사고,0,0,1,0,차대차 - 측면직각충돌,중앙선침범,건조,맑음,단일로 - 기타,화물,남,54세,상해없음,승용,여,32세,경상
2014012100100404,2014년 1월 21일 18시,화요일,경상남도 양산시 중부동,경상사고,0,0,1,0,차대차 - 측면직각충돌,안전거리미확보,건조,맑음,단일로 - 기타,승용,남,29세,상해없음,이륜,남,51세,경상
2014012100100405,2014년 1월 21일 18시,화요일,경상남도 하동군 진교면,경상사고,0,0,1,0,차대차 - 정면충돌,직진우회전진행방해,건조,맑음,교차로 - 교차로안,화물,남,54세,상해없음,승용,여,55세,경상
2014012100100406,2014년 1월 21일 18시,화요일,경상남도 창원시 성산구 반지동,중상사고,0,1,0,0,차대사람 - 횡단중,안전운전불이행,건조,맑음,단일로 - 기타,원동기,남,20세,상해없음,보행자,남,31세,중상
2014012100100407,2014년 1월 21일 18시,화요일,경상남도 창원시 의창구 명서동,부상신고사고,0,0,0,1,차대사람 - 기타,안전운전불이행,건조,맑음,단일로 - 기타,화물,남,38세,상해없음,보행자,여,56세,부상신고
2014012100100444,2014년 1월 21일 19시,화요일,경상남도 의령군 정곡면,경상사고,0,0,1,0,차량단독 - 기타,안전운전불이행,건조,흐림,단일로 - 기타,화물,남,58세,경상,,,,
2014012100100471,2014년 1월 21일 20시,화요일,경상남도 창원시 마산합포구 자산동,중상사고,0,1,0,0,차대차 - 기타,안전운전불이행,건조,맑음,교차로 - 교차로부근,승용,남,42세,상해없음,승용,남,53세,중상
2014012100100472,2014년 1월 21일 20시,화요일,경상남도 김해시 내동,중상사고,0,1,1,0,차대사람 - 횡단중,안전운전불이행,건조,맑음,교차로 - 교차로안,원동기,남,21세,경상,보행자,남,16세,중상
2014012100100501,2014년 1월 21일 21시,화요일,경상남도 함양군 함양읍,경상사고,0,0,2,0,차대차 - 정면충돌,중앙선침범,건조,맑음,교차로 - 교차로부근,승용,여,45세,상해없음,승용,남,57세,경상
2014012100100525,2014년 1월 21일 22시,화요일,경상남도 창원시 성산구 가음정동,경상사고,0,0,4,0,차대차 - 측면직각충돌,안전운전불이행,건조,맑음,단일로 - 기타,승용,여,41세,상해없음,승용,여,40세,경상
2014012100100526,2014년 1월 21일 22시,화요일,경상남도 창원시 성산구 중앙동,중상사고,0,1,1,0,차대차 - 추돌 - 진행중,안전운전불이행,건조,맑음,단일로 - 기타,승용,남,53세,상해없음,화물,남,59세,경상
2014012100100527,2014년 1월 21일 22시,화요일,경상남도 김해시 장유면,중상사고,0,1,0,0,차대차 - 측면직각충돌,안전운전불이행,건조,맑음,단일로 - 기타,승용,남,52세,상해없음,원동기,남,19세,중상
2014012200100016,2014년 1월 22일 00시,수요일,경상남도 창원시 성산구 중앙동,경상사고,0,0,1,0,차대차 - 정면충돌,안전운전불이행,건조,맑음,교차로 - 교차로안,승용,남,34세,상해없음,승용,남,34세,경상
2014012200100035,2014년 1월 22일 02시,수요일,경상남도 사천시 죽림동,경상사고,0,0,1,0,차대차 - 추돌 - 주정차중,안전운전불이행,건조,맑음,단일로 - 기타,승용,남,27세,경상,화물,남,48세,기타불명
2014012200100040,2014년 1월 22일 03시,수요일,경상남도 창원시 마산합포구 신포동1가,중상사고,0,1,0,0,차량단독 - 공작물충돌,안전운전불이행,건조,맑음,교차로 - 교차로안,승용,남,40세,중상,,,,
2014012200100061,2014년 1월 22일 06시,수요일,경상남도 사천시 축동면,경상사고,0,0,1,0,차대차 - 기타,안전운전불이행,건조,맑음,교차로 - 교차로부근,승용,남,17세,상해없음,이륜,남,25세,경상
2014012200100062,2014년 1월 22일 06시,수요일,경상남도 김해시 한림면,경상사고,0,0,1,0,차대차 - 추돌 - 주정차중,안전운전불이행,건조,맑음,교차로 - 교차로부근,승합,남,44세,상해없음,승용,남,44세,경상
2014012200100078,2014년 1월 22일 07시,수요일,경상남도 함안군 칠서면,중상사고,0,1,0,0,차대차 - 측면직각충돌,안전운전불이행,건조,맑음,교차로 - 교차로안,승용,남,38세,상해없음,화물,여,24세,중상
2014012200100079,2014년 1월 22일 07시,수요일,경상남도 창원시 의창구 소답동,경상사고,0,0,1,0,차대차 - 기타,안전운전불이행,건조,맑음,교차로 - 교차로안,승용,남,65세,상해없음,승용,남,44세,상해없음
2014012200100109,2014년 1월 22일 08시,수요일,경상남도 밀양시 무안면,중상사고,0,1,0,0,차대차 - 측면직각충돌,교차로운행방법위반,건조,맑음,교차로 - 교차로안,승합,남,53세,상해없음,이륜,남,74세,중상
2014012200100110,2014년 1월 22일 08시,수요일,경상남도 밀양시 삼문동,경상사고,0,0,2,0,차대차 - 측면직각충돌,안전운전불이행,건조,맑음,교차로 - 교차로안,승용,여,49세,상해없음,승용,남,30세,경상
2014012200100111,2014년 1월 22일 08시,수요일,경상남도 김해시 삼방동,중상사고,0,1,0,0,차대차 - 측면직각충돌,교차로운행방법위반,건조,맑음,교차로 - 교차로안,이륜,남,65세,중상,승용,남,59세,상해없음
2014012200100147,2014년 1월 22일 09시,수요일,경상남도 진주시 하대동,중상사고,0,1,0,0,차대차 - 측면직각충돌,안전운전불이행,건조,맑음,단일로 - 횡단보도상,승용,여,43세,상해없음,자전거,여,57세,중상
2014012200100148,2014년 1월 22일 09시,수요일,경상남도 합천군 합천읍,중상사고,0,1,0,0,차대차 - 측면직각충돌,신호위반,건조,맑음,교차로 - 교차로안,승용,여,56세,상해없음,승용,남,55세,중상
2014012200100149,2014년 1월 22일 09시,수요일,경상남도 남해군 서면,경상사고,0,0,1,0,차대차 - 기타,안전운전불이행,건조,맑음,기타 - 기타,화물,남,19세,상해없음,화물,남,69세,경상
2014012200100178,2014년 1월 22일 10시,수요일,경상남도 창원시 진해구 경화동,경상사고,0,0,1,0,차대차 - 추돌 - 진행중,안전운전불이행,건조,맑음,단일로 - 기타,승합,남,48세,상해없음,화물,남,69세,경상
2014012200100179,2014년 1월 22일 10시,수요일,경상남도 창원시 성산구 상남동,경상사고,0,0,1,0,차대사람 - 기타,기타,건조,맑음,단일로 - 기타,승합,남,47세,상해없음,보행자,여,68세,경상
2014012200100250,2014년 1월 22일 13시,수요일,경상남도 사천시 정동면,중상사고,0,1,0,0,차대차 - 측면직각충돌,신호위반,건조,맑음,교차로 - 교차로부근,건설기계,남,52세,상해없음,승용,남,23세,중상
2014012200100251,2014년 1월 22일 13시,수요일,경상남도 거제시 옥포동,중상사고,0,1,0,0,차대차 - 추돌 - 진행중,중앙선침범,건조,맑음,교차로 - 교차로안,승용,여,42세,상해없음,승용,남,34세,중상
2014012200100280,2014년 1월 22일 14시,수요일,경상남도 진주시 남성동,중상사고,0,1,0,0,차대차 - 기타,안전운전불이행,건조,맑음,단일로 - 기타,승용,남,42세,상해없음,자전거,남,80세,중상
2014012200100281,2014년 1월 22일 14시,수요일,경상남도 통영시 무전동,경상사고,0,0,1,0,차대차 - 측면직각충돌,기타,건조,맑음,단일로 - 기타,승용,남,44세,상해없음,원동기,남,21세,경상
2014012200100282,2014년 1월 22일 14시,수요일,경상남도 통영시 산양읍,경상사고,0,0,1,0,차대차 - 정면충돌,중앙선침범,건조,맑음,단일로 - 기타,화물,남,63세,상해없음,승용,남,48세,경상
2014012200100283,2014년 1월 22일 14시,수요일,경상남도 양산시 소주동,중상사고,0,1,0,0,차대차 - 기타,교차로운행방법위반,건조,맑음,교차로 - 교차로안,승용,남,69세,상해없음,자전거,남,11세,중상
2014012200100313,2014년 1월 22일 15시,수요일,경상남도 밀양시 내이동,중상사고,0,1,0,0,차대사람 - 횡단중,안전운전불이행,건조,맑음,단일로 - 기타,승용,여,50세,상해없음,보행자,여,54세,중상
2014012200100314,2014년 1월 22일 15시,수요일,경상남도 창원시 마산회원구 회성동,중상사고,0,1,0,0,차량단독 - 기타,안전운전불이행,건조,맑음,교차로 - 교차로부근,승합,남,45세,상해없음,,,,
2014012200100346,2014년 1월 22일 16시,수요일,경상남도 거창군 거창읍,중상사고,0,1,0,0,차대차 - 측면직각충돌,교차로운행방법위반,건조,맑음,교차로 - 교차로안,승합,남,29세,상해없음,자전거,여,57세,중상
2014012200100368,2014년 1월 22일 17시,수요일,경상남도 창원시 성산구 외동,중상사고,0,1,0,0,차대차 - 측면직각충돌,신호위반,건조,맑음,교차로 - 교차로안,승용,남,60세,상해없음,승용,남,62세,중상
2014012200100369,2014년 1월 22일 17시,수요일,경상남도 창원시 의창구 봉곡동,중상사고,0,1,0,0,차대차 - 추돌 - 주정차중,안전운전불이행,건조,맑음,단일로 - 기타,승용,여,54세,상해없음,승용,남,55세,상해없음
2014012200100408,2014년 1월 22일 18시,수요일,경상남도 밀양시 무안면,사망사고,1,0,2,0,차대차 - 정면충돌,중앙선침범,건조,맑음,단일로 - 기타,승용,남,49세,상해없음,승용,여,39세,경상
2014012200100409,2014년 1월 22일 18시,수요일,경상남도 김해시 내동,중상사고,0,1,0,0,차대사람 - 횡단중,안전운전불이행,건조,맑음,단일로 - 기타,승용,여,51세,상해없음,보행자,여,51세,중상
2014012200100410,2014년 1월 22일 18시,수요일,경상남도 양산시 삼호동,중상사고,0,1,0,0,차대차 - 측면직각충돌,안전운전불이행,건조,맑음,단일로 - 기타,승용,남,55세,상해없음,이륜,남,52세,중상
2014012200100411,2014년 1월 22일 18시,수요일,경상남도 거제시 아주동,경상사고,0,0,2,1,차대차 - 기타,안전운전불이행,건조,맑음,단일로 - 기타,승용,남,36세,상해없음,승용,여,32세,경상
2014012200100412,2014년 1월 22일 18시,수요일,경상남도 함안군 가야읍,부상신고사고,0,0,0,1,차대차 - 측면직각충돌,안전운전불이행,건조,맑음,단일로 - 기타,승합,남,58세,상해없음,원동기,여,38세,부상신고
2014012200100413,2014년 1월 22일 18시,수요일,경상남도 김해시 진영읍,사망사고,1,0,0,0,차대사람 - 횡단중,보행자보호의무위반,건조,맑음,단일로 - 횡단보도상,화물,남,34세,상해없음,보행자,남,77세,사망
2014012200100453,2014년 1월 22일 19시,수요일,경상남도 통영시 광도면,경상사고,0,0,1,0,차대차 - 측면직각충돌,신호위반,건조,맑음,교차로 - 교차로안,승용,남,35세,상해없음,원동기,남,32세,경상
2014012200100454,2014년 1월 22일 19시,수요일,경상남도 양산시 신기동,경상사고,0,0,1,0,차대차 - 기타,교차로운행방법위반,건조,맑음,교차로 - 교차로안,승용,여,58세,상해없음,승용,남,31세,경상
2014012200100486,2014년 1월 22일 20시,수요일,경상남도 함안군 가야읍,중상사고,0,1,1,0,차대차 - 측면직각충돌,안전운전불이행,건조,맑음,교차로 - 교차로안,승용,남,48세,상해없음,이륜,남,54세,경상
2014012200100514,2014년 1월 22일 21시,수요일,경상남도 김해시 구산동,중상사고,0,1,3,0,차대차 - 기타,신호위반,건조,맑음,교차로 - 교차로안,승합,남,45세,상해없음,승용,남,52세,중상
2014012200100515,2014년 1월 22일 21시,수요일,경상남도 함안군 칠원면,중상사고,0,1,2,0,차대차 - 측면직각충돌,안전운전불이행,건조,맑음,단일로 - 기타,승용,남,36세,상해없음,승합,남,26세,경상
2014012200100560,2014년 1월 22일 22시,수요일,경상남도 거제시 능포동,중상사고,0,2,0,0,차대차 - 기타,신호위반,건조,맑음,교차로 - 교차로안,승용,여,58세,상해없음,승용,남,26세,중상
2014012200100588,2014년 1월 22일 23시,수요일,경상남도 사천시 정동면,경상사고,0,0,3,0,차대차 - 기타,교차로운행방법위반,건조,맑음,교차로 - 교차로부근,승용,남,57세,상해없음,원동기,남,16세,경상
2014012300100015,2014년 1월 23일 00시,목요일,경상남도 진주시 진성면,중상사고,0,4,1,0,차대차 - 정면충돌,중앙선침범,건조,맑음,단일로 - 기타,승용,남,23세,경상,승용,남,50세,중상
2014012300100035,2014년 1월 23일 01시,목요일,경상남도 창원시 마산회원구 구암동,중상사고,0,2,0,0,차대차 - 추돌 - 진행중,안전운전불이행,건조,맑음,교차로 - 교차로부근,승용,남,29세,상해없음,승용,남,53세,중상
2014012300100036,2014년 1월 23일 01시,목요일,경상남도 창원시 마산회원구 내서읍,경상사고,0,0,1,0,차대차 - 측면직각충돌,안전운전불이행,건조,맑음,단일로 - 기타,승용,남,40세,상해없음,승용,남,53세,상해없음
2014012300100037,2014년 1월 23일 01시,목요일,경상남도 김해시 장유면,중상사고,0,1,0,0,차대차 - 정면충돌,중앙선침범,건조,맑음,단일로 - 기타,승용,남,50세,상해없음,승용,남,31세,중상
2014012300100091,2014년 1월 23일 06시,목요일,경상남도 통영시 용남면,경상사고,0,0,3,0,차대차 - 추돌 - 진행중,안전운전불이행,건조,맑음,단일로 - 기타,승용,남,30세,경상,승합,남,61세,상해없음
2014012300100115,2014년 1월 23일 07시,목요일,경상남도 창원시 의창구 동읍,중상사고,0,1,0,0,차대차 - 기타,안전운전불이행,건조,맑음,교차로 - 교차로부근,승용,남,57세,상해없음,자전거,남,69세,중상
2014012300100116,2014년 1월 23일 07시,목요일,경상남도 김해시 장유면,경상사고,0,0,2,0,차대차 - 추돌 - 진행중,안전운전불이행,건조,맑음,미분류 - 미분류,승용,남,48세,상해없음,승용,남,62세,경상
2014012300100180,2014년 1월 23일 09시,목요일,경상남도 진주시 상대동,중상사고,0,1,0,0,차대사람 - 횡단중,보행자보호의무위반,건조,맑음,교차로 - 교차로부근,승용,남,44세,상해없음,보행자,여,76세,중상
2014012300100181,2014년 1월 23일 09시,목요일,경상남도 창원시 진해구 안골동,중상사고,0,2,0,0,차대차 - 기타,중앙선침범,건조,맑음,단일로 - 기타,승용,남,25세,중상,승용,여,38세,중상
2014012300100182,2014년 1월 23일 09시,목요일,경상남도 통영시 광도면,경상사고,0,0,1,0,차대차 - 측면직각충돌,신호위반,건조,맑음,교차로 - 교차로안,화물,남,64세,상해없음,승용,여,33세,경상
2014012300100183,2014년 1월 23일 09시,목요일,경상남도 김해시 장유면,경상사고,0,0,2,0,차대차 - 기타,안전운전불이행,건조,맑음,교차로 - 교차로부근,화물,남,61세,상해없음,승용,남,54세,상해없음
2014012300100184,2014년 1월 23일 09시,목요일,경상남도 창원시 의창구 동읍,부상신고사고,0,0,0,1,차대차 - 기타,안전운전불이행,건조,맑음,단일로 - 기타,승합,남,34세,상해없음,특수,남,53세,부상신고
2014012300100208,2014년 1월 23일 10시,목요일,경상남도 통영시 당동,부상신고사고,0,0,0,1,차대차 - 측면직각충돌,안전거리미확보,건조,맑음,단일로 - 기타,이륜,남,77세,부상신고,승용,여,47세,상해없음
2014012300100233,2014년 1월 23일 11시,목요일,경상남도 김해시 서상동,중상사고,0,1,0,0,차대차 - 측면직각충돌,교차로운행방법위반,건조,맑음,교차로 - 교차로안,화물,남,32세,상해없음,승용,남,58세,중상
2014012300100234,2014년 1월 23일 11시,목요일,경상남도 김해시 내동,경상사고,0,0,1,0,차대차 - 기타,안전운전불이행,건조,맑음,단일로 - 기타,승용,남,52세,상해없음,승용,여,51세,경상
2014012300100235,2014년 1월 23일 11시,목요일,경상남도 창녕군 대지면,중상사고,0,1,0,0,차대사람 - 기타,안전운전불이행,건조,맑음,교차로 - 교차로안,승용,남,53세,상해없음,보행자,여,66세,중상
2014012300100236,2014년 1월 23일 11시,목요일,경상남도 창원시 의창구 팔용동,경상사고,0,0,1,0,차대차 - 추돌 - 주정차중,안전거리미확보,건조,맑음,교차로 - 교차로부근,화물,남,45세,상해없음,화물,남,25세,경상
2014012300100258,2014년 1월 23일 12시,목요일,경상남도 사천시 벌리동,경상사고,0,0,1,0,차대차 - 추돌 - 진행중,안전운전불이행,건조,맑음,단일로 - 기타,승용,남,51세,상해없음,이륜,남,68세,경상
2014012300100259,2014년 1월 23일 12시,목요일,경상남도 양산시 삼호동,중상사고,0,1,0,0,차대차 - 측면직각충돌,안전거리미확보,건조,맑음,단일로 - 기타,화물,남,51세,상해없음,화물,남,47세,중상
2014012300100342,2014년 1월 23일 15시,목요일,경상남도 남해군 이동면,중상사고,0,1,0,0,차량단독 - 공작물충돌,안전운전불이행,건조,맑음,단일로 - 기타,화물,남,58세,중상,,,,
2014012300100343,2014년 1월 23일 15시,목요일,경상남도 창원시 의창구 동정동,경상사고,0,0,2,0,차대차 - 추돌 - 주정차중,안전거리미확보,건조,맑음,교차로 - 교차로부근,승용,남,66세,상해없음,승용,남,37세,경상
2014012300100376,2014년 1월 23일 16시,목요일,경상남도 창원시 진해구 여좌동,경상사고,0,0,2,0,차대차 - 기타,안전운전불이행,건조,맑음,단일로 - 기타,승용,여,53세,상해없음,승용,남,59세,경상
2014012300100377,2014년 1월 23일 16시,목요일,경상남도 창원시 진해구 석동,경상사고,0,0,1,0,차대차 - 기타,안전운전불이행,건조,맑음,단일로 - 기타,승합,여,50세,상해없음,승용,여,57세,경상
2014012300100399,2014년 1월 23일 17시,목요일,경상남도 거제시 상동동,중상사고,0,1,0,0,차대차 - 기타,신호위반,건조,맑음,교차로 - 교차로안,이륜,남,52세,상해없음,자전거,남,65세,중상
2014012300100441,2014년 1월 23일 18시,목요일,경상남도 창원시 의창구 팔용동,중상사고,0,1,0,0,차대사람 - 횡단중,보행자보호의무위반,건조,맑음,교차로 - 교차로안,승용,남,29세,상해없음,보행자,남,11세,중상
2014012300100484,2014년 1월 23일 19시,목요일,경상남도 통영시 정량동,경상사고,0,0,1,0,차대사람 - 보도통행중,안전운전불이행,건조,맑음,교차로 - 교차로부근,승용,여,39세,상해없음,보행자,여,15세,경상
2014012300100485,2014년 1월 23일 19시,목요일,경상남도 창원시 마산회원구 두척동,중상사고,0,2,2,1,차대차 - 측면직각충돌,중앙선침범,건조,기타,단일로 - 기타,승용,남,59세,부상신고,승용,남,49세,경상
2014012300100515,2014년 1월 23일 20시,목요일,경상남도 김해시 진영읍,경상사고,0,0,1,0,차대차 - 정면충돌,안전운전불이행,건조,맑음,교차로 - 교차로안,승용,여,52세,상해없음,승용,여,52세,경상
2014012300100553,2014년 1월 23일 21시,목요일,경상남도 진주시 상대동,경상사고,0,0,1,0,차대사람 - 횡단중,신호위반,건조,맑음,교차로 - 교차로안,승용,남,44세,상해없음,보행자,남,30세,경상
2014012300100554,2014년 1월 23일 21시,목요일,경상남도 통영시 광도면,경상사고,0,0,1,0,차대차 - 측면직각충돌,신호위반,건조,맑음,교차로 - 교차로안,이륜,남,28세,경상,화물,남,64세,상해없음