사고번호,사고일시,요일,시군구,사고내용,사망자수,중상자수,경상자수,부상신고자수,사고유형,법규위반,노면상태,기상상태,도로형태,가해운전자 차종,가해운전자 성별,가해운전자 연령,가해운전자 상해정도,피해운전자 차종,피해운전자 성별,피해운전자 연령,피해운전자 상해정도
2014012300100590,2014년 1월 23일 22시,목요일,경상남도 창녕군 창녕읍,경상사고,0,0,1,0,차대차 - 측면직각충돌,안전운전불이행,건조,맑음,교차로 - 교차로안,승용,남,64세,경상,승용,남,45세,상해없음
2014012400100020,2014년 1월 24일 00시,금요일,경상남도 고성군 회화면,경상사고,0,0,1,0,차대차 - 측면직각충돌,안전운전불이행,건조,맑음,단일로 - 기타,승용,남,32세,상해없음,승용,여,44세,경상
2014012400100021,2014년 1월 24일 00시,금요일,경상남도 거제시 연초면,경상사고,0,0,2,0,차대차 - 추돌 - 주정차중,안전운전불이행,건조,맑음,교차로 - 교차로부근,승용,남,35세,상해없음,승용,남,49세,경상
2014012400100058,2014년 1월 24일 02시,금요일,경상남도 창원시 의창구 팔용동,경상사고,0,0,2,0,차대차 - 측면직각충돌,기타,건조,맑음,교차로 - 교차로안,승용,남,56세,상해없음,승용,남,49세,경상
2014012400100125,2014년 1월 24일 07시,금요일,경상남도 밀양시 삼랑진읍,중상사고,0,1,0,0,차대차 - 측면직각충돌,교차로운행방법위반,건조,맑음,교차로 - 교차로안,승용,여,44세,상해없음,화물,남,56세,중상
2014012400100152,2014년 1월 24일 08시,금요일,경상남도 진주시 상대동,중상사고,0,1,0,0,차대사람 - 횡단중,신호위반,건조,맑음,교차로 - 교차로안,화물,남,22세,상해없음,보행자,여,66세,중상
2014012400100180,2014년 1월 24일 09시,금요일,경상남도 밀양시 내이동,경상사고,0,0,1,0,차대차 - 기타,신호위반,건조,맑음,교차로 - 교차로안,승용,남,54세,상해없음,이륜,남,36세,경상
2014012400100181,2014년 1월 24일 09시,금요일,경상남도 김해시 삼방동,경상사고,0,0,1,0,차대차 - 추돌 - 주정차중,안전거리미확보,건조,맑음,단일로 - 기타,승용,남,47세,상해없음,승용,남,42세,경상
2014012400100211,2014년 1월 24일 10시,금요일,경상남도 창원시 진해구 경화동,경상사고,0,0,1,0,차대차 - 측면직각충돌,안전운전불이행,건조,맑음,단일로 - 기타,승용,남,43세,상해없음,화물,여,55세,경상
2014012400100232,2014년 1월 24일 11시,금요일,경상남도 사천시 사천읍,경상사고,0,0,3,0,차대차 - 측면직각충돌,교차로운행방법위반,건조,맑음,교차로 - 교차로안,승용,여,34세,상해없음,승용,여,52세,경상
2014012400100233,2014년 1월 24일 11시,금요일,경상남도 함양군 함양읍,중상사고,0,1,0,0,차대사람 - 횡단중,신호위반,건조,맑음,교차로 - 교차로안,원동기,남,71세,상해없음,보행자,여,67세,중상
2014012400100234,2014년 1월 24일 11시,금요일,경상남도 양산시 물금읍,중상사고,0,1,0,0,차대차 - 측면직각충돌,신호위반,건조,맑음,교차로 - 교차로안,화물,남,56세,상해없음,화물,남,31세,중상
2014012400100249,2014년 1월 24일 12시,금요일,경상남도 진주시 상대동,경상사고,0,0,1,0,차대차 - 측면직각충돌,교차로운행방법위반,건조,맑음,교차로 - 교차로안,원동기,남,35세,상해없음,자전거,남,63세,경상
2014012400100250,2014년 1월 24일 12시,금요일,경상남도 거제시 상동동,중상사고,0,3,0,0,차대차 - 추돌 - 진행중,교차로운행방법위반,건조,맑음,교차로 - 교차로안,승용,남,34세,상해없음,승용,남,35세,중상
2014012400100273,2014년 1월 24일 13시,금요일,경상남도 통영시 도천동,경상사고,0,0,1,0,차대차 - 측면직각충돌,안전운전불이행,건조,맑음,교차로 - 교차로안,승용,남,43세,상해없음,승용,남,63세,경상
2014012400100274,2014년 1월 24일 13시,금요일,경상남도 양산시 동면,경상사고,0,0,1,0,차대차 - 기타,안전운전불이행,건조,맑음,교차로 - 교차로안,자전거,남,67세,경상,승용,여,33세,상해없음
2014012400100296,2014년 1월 24일 14시,금요일,경상남도 창원시 의창구 팔용동,중상사고,0,1,0,0,차대사람 - 차도통행중,안전운전불이행,건조,맑음,교차로 - 교차로부근,화물,남,35세,상해없음,보행자,여,78세,중상
2014012400100323,2014년 1월 24일 15시,금요일,경상남도 창원시 진해구 경화동,경상사고,0,0,2,0,차대차 - 추돌 - 진행중,안전거리미확보,건조,맑음,단일로 - 기타,승용,남,45세,상해없음,승용,남,39세,경상
2014012400100324,2014년 1월 24일 15시,금요일,경상남도 통영시 광도면,경상사고,0,0,1,0,차대차 - 정면충돌,안전운전불이행,건조,맑음,교차로 - 교차로안,승용,여,45세,상해없음,승용,남,36세,경상
2014012400100325,2014년 1월 24일 15시,금요일,경상남도 사천시 벌리동,경상사고,0,0,1,0,차대사람 - 차도통행중,안전운전불이행,건조,맑음,단일로 - 기타,승용,여,35세,상해없음,보행자,남,28세,경상
2014012400100326,2014년 1월 24일 15시,금요일,경상남도 거창군 거창읍,경상사고,0,0,1,0,차대사람 - 길가장자리구역통행중,안전운전불이행,건조,맑음,단일로 - 기타,승용,남,71세,상해없음,보행자,남,14세,경상
2014012400100360,2014년 1월 24일 16시,금요일,경상남도 창원시 마산합포구 남성동,부상신고사고,0,0,0,1,차대차 - 측면직각충돌,신호위반,건조,맑음,교차로 - 교차로안,원동기,남,44세,부상신고,승용,남,45세,상해없음
2014012400100361,2014년 1월 24일 16시,금요일,경상남도 밀양시 내이동,중상사고,0,1,0,0,차대사람 - 횡단중,안전운전불이행,건조,맑음,단일로 - 횡단보도상,승용,여,50세,상해없음,보행자,여,86세,중상
2014012400100362,2014년 1월 24일 16시,금요일,경상남도 창원시 성산구 중앙동,중상사고,0,1,0,0,차대사람 - 기타,보행자보호의무위반,건조,맑음,교차로 - 교차로안,승용,남,48세,상해없음,보행자,여,36세,중상
2014012400100383,2014년 1월 24일 17시,금요일,경상남도 창원시 마산합포구 중성동,경상사고,0,0,1,0,차대사람 - 횡단중,보행자보호의무위반,건조,맑음,단일로 - 기타,승용,여,52세,상해없음,보행자,여,19세,경상
2014012400100432,2014년 1월 24일 18시,금요일,경상남도 창원시 마산합포구 자산동,경상사고,0,0,1,0,차대사람 - 길가장자리구역통행중,안전운전불이행,건조,맑음,단일로 - 기타,승용,여,31세,상해없음,보행자,남,22세,경상
2014012400100433,2014년 1월 24일 18시,금요일,경상남도 창원시 마산합포구 중앙동1가,부상신고사고,0,0,0,1,차대차 - 측면직각충돌,신호위반,건조,맑음,교차로 - 교차로안,원동기,남,20세,부상신고,승용,남,31세,상해없음
2014012400100434,2014년 1월 24일 18시,금요일,경상남도 진주시 장대동,경상사고,0,0,1,0,차대차 - 기타,안전운전불이행,건조,맑음,단일로 - 기타,화물,남,39세,상해없음,원동기,남,59세,경상
2014012400100435,2014년 1월 24일 18시,금요일,경상남도 김해시 안동,중상사고,0,2,1,0,차대차 - 추돌 - 주정차중,안전운전불이행,습기,비,교차로 - 교차로부근,승용,남,51세,상해없음,화물,남,55세,중상
2014012400100498,2014년 1월 24일 19시,금요일,경상남도 창원시 마산합포구 진동면,경상사고,0,0,3,0,차대차 - 추돌 - 진행중,안전운전불이행,건조,맑음,단일로 - 기타,승용,남,29세,상해없음,화물,남,30세,경상
2014012400100499,2014년 1월 24일 19시,금요일,경상남도 통영시 광도면,중상사고,0,2,1,0,차대차 - 추돌 - 진행중,안전운전불이행,건조,맑음,교차로 - 교차로안,승용,여,47세,상해없음,승합,남,54세,경상
2014012400100500,2014년 1월 24일 19시,금요일,경상남도 사천시 용강동,경상사고,0,0,1,0,차대차 - 기타,교차로운행방법위반,건조,맑음,교차로 - 교차로안,승용,남,31세,상해없음,이륜,여,46세,경상
2014012400100501,2014년 1월 24일 19시,금요일,경상남도 거제시 아양동,중상사고,0,1,3,0,차대차 - 기타,신호위반,건조,맑음,단일로 - 기타,화물,남,45세,상해없음,승용,남,49세,경상
2014012400100502,2014년 1월 24일 19시,금요일,경상남도 거제시 장평동,경상사고,0,0,1,0,차대사람 - 기타,안전운전불이행,건조,맑음,단일로 - 기타,승용,남,33세,상해없음,보행자,남,26세,경상
2014012400100542,2014년 1월 24일 20시,금요일,경상남도 통영시 무전동,중상사고,0,1,0,0,차대사람 - 횡단중,안전운전불이행,건조,맑음,교차로 - 교차로부근,화물,남,45세,상해없음,보행자,남,55세,중상
2014012400100586,2014년 1월 24일 21시,금요일,경상남도 김해시 구산동,경상사고,0,0,1,0,차대사람 - 기타,안전운전불이행,건조,맑음,단일로 - 기타,승용,기타불명,기타불명,기타불명,보행자,남,23세,경상
2014012400100625,2014년 1월 24일 22시,금요일,경상남도 김해시 봉황동,중상사고,0,1,0,0,차대사람 - 기타,안전운전불이행,건조,맑음,단일로 - 기타,승용,남,23세,상해없음,보행자,여,61세,중상
2014012400100626,2014년 1월 24일 22시,금요일,경상남도 거제시 아주동,중상사고,0,1,0,0,차대차 - 기타,신호위반,건조,맑음,단일로 - 횡단보도상,승용,남,46세,상해없음,자전거,남,33세,중상
2014012400100627,2014년 1월 24일 22시,금요일,경상남도 김해시 장유면,부상신고사고,0,0,0,1,차대차 - 측면직각충돌,안전운전불이행,건조,맑음,단일로 - 기타,이륜,남,18세,부상신고,승용,남,55세,상해없음
2014012400100670,2014년 1월 24일 23시,금요일,경상남도 진주시 하대동,중상사고,0,2,0,0,차대차 - 측면직각충돌,교차로운행방법위반,건조,맑음,교차로 - 교차로안,승용,남,37세,상해없음,승용,남,51세,중상
2014012500100023,2014년 1월 25일 00시,토요일,경상남도 거제시 고현동,경상사고,0,0,1,0,차대차 - 기타,중앙선침범,건조,맑음,단일로 - 기타,승용,남,40세,상해없음,이륜,남,18세,경상
2014012500100047,2014년 1월 25일 01시,토요일,경상남도 거제시 연초면,중상사고,0,1,0,0,차대차 - 기타,안전운전불이행,건조,맑음,단일로 - 기타,승용,남,43세,상해없음,승용,남,18세,중상
2014012500100048,2014년 1월 25일 01시,토요일,경상남도 창원시 성산구 상남동,중상사고,0,1,0,0,차대차 - 기타,기타,건조,맑음,교차로 - 교차로부근,승용,남,31세,상해없음,승용,남,18세,기타불명
2014012500100067,2014년 1월 25일 02시,토요일,경상남도 창원시 성산구 상남동,부상신고사고,0,0,0,1,차대차 - 기타,안전운전불이행,건조,맑음,교차로 - 교차로안,원동기,남,19세,상해없음,자전거,여,58세,부상신고
2014012500100087,2014년 1월 25일 03시,토요일,경상남도 양산시 명동,중상사고,0,2,0,0,차량단독 - 공작물충돌,안전운전불이행,건조,맑음,단일로 - 기타,승용,남,64세,상해없음,,,,
2014012500100088,2014년 1월 25일 03시,토요일,경상남도 거제시 상동동,경상사고,0,0,1,0,차대사람 - 기타,안전운전불이행,건조,맑음,단일로 - 기타,승용,남,25세,상해없음,보행자,여,20세,경상
2014012500100137,2014년 1월 25일 06시,토요일,경상남도 하동군 금성면,사망사고,1,0,0,0,차대사람 - 기타,안전운전불이행,건조,맑음,단일로 - 기타,승용,남,21세,상해없음,보행자,여,74세,사망
2014012500100156,2014년 1월 25일 07시,토요일,경상남도 밀양시 상동면,중상사고,0,1,0,0,차대사람 - 차도통행중,안전운전불이행,건조,맑음,교차로 - 교차로부근,화물,남,47세,상해없음,보행자,여,56세,중상
2014012500100157,2014년 1월 25일 07시,토요일,경상남도 창원시 성산구 성산동,중상사고,0,1,0,0,차대차 - 측면직각충돌,신호위반,건조,맑음,교차로 - 교차로안,승용,남,46세,기타불명,승용,남,36세,중상
2014012500100158,2014년 1월 25일 07시,토요일,경상남도 창원시 의창구 중동,부상신고사고,0,0,0,1,차대차 - 측면직각충돌,안전운전불이행,건조,맑음,교차로 - 교차로안,기타불명,기타불명,기타불명,기타불명,자전거,남,27세,부상신고
2014012500100185,2014년 1월 25일 08시,토요일,경상남도 김해시 삼정동,경상사고,0,0,1,0,차대차 - 측면직각충돌,교차로운행방법위반,건조,맑음,교차로 - 교차로안,승용,여,46세,상해없음,화물,남,40세,경상
2014012500100186,2014년 1월 25일 08시,토요일,경상남도 창원시 성산구 상남동,경상사고,0,0,2,0,차대차 - 추돌 - 주정차중,안전운전불이행,습기,비,교차로 - 교차로부근,승용,남,33세,상해없음,승용,남,53세,경상
2014012500100212,2014년 1월 25일 09시,토요일,경상남도 진주시 상봉동,경상사고,0,0,1,0,차대차 - 기타,신호위반,건조,맑음,교차로 - 교차로안,승용,남,65세,상해없음,화물,남,38세,경상
2014012500100250,2014년 1월 25일 11시,토요일,경상남도 창원시 성산구 남양동,중상사고,0,1,0,0,차대사람 - 기타,안전운전불이행,건조,맑음,단일로 - 기타,승용,여,48세,상해없음,보행자,여,76세,중상
2014012500100274,2014년 1월 25일 12시,토요일,경상남도 창원시 마산회원구 양덕동,경상사고,0,0,1,0,차대차 - 기타,안전운전불이행,습기,비,교차로 - 교차로부근,승합,남,56세,상해없음,승용,여,55세,경상
2014012500100360,2014년 1월 25일 15시,토요일,경상남도 양산시 신기동,중상사고,0,1,0,0,차대사람 - 기타,보행자보호의무위반,건조,맑음,단일로 - 기타,승합,남,57세,기타불명,보행자,여,57세,중상
2014012500100384,2014년 1월 25일 16시,토요일,경상남도 밀양시 부북면,경상사고,0,0,1,0,차대차 - 측면직각충돌,중앙선침범,건조,맑음,단일로 - 기타,화물,남,51세,상해없음,승용,남,62세,경상
2014012500100385,2014년 1월 25일 16시,토요일,경상남도 합천군 율곡면,중상사고,0,1,0,0,차량단독 - 공작물충돌,안전운전불이행,습기,흐림,단일로 - 기타,원동기,남,57세,중상,,,,
2014012500100386,2014년 1월 25일 16시,토요일,경상남도 양산시 물금읍,경상사고,0,0,1,0,차대차 - 기타,안전운전불이행,건조,맑음,단일로 - 기타,승용,남,22세,상해없음,자전거,남,17세,경상
2014012500100412,2014년 1월 25일 17시,토요일,경상남도 사천시 사남면,경상사고,0,0,1,0,차대차 - 기타,중앙선침범,건조,흐림,단일로 - 기타,원동기,남,68세,경상,승용,여,68세,상해없음
2014012500100447,2014년 1월 25일 18시,토요일,경상남도 창원시 진해구 용원동,중상사고,0,2,0,0,차대차 - 추돌 - 진행중,안전거리미확보,습기,흐림,교차로 - 교차로안,원동기,남,34세,중상,승용,남,50세,상해없음
2014012500100448,2014년 1월 25일 18시,토요일,경상남도 사천시 송포동,사망사고,1,0,0,0,차대차 - 기타,안전운전불이행,건조,맑음,단일로 - 기타,승용,남,70세,사망,승합,남,33세,상해없음
2014012500100449,2014년 1월 25일 18시,토요일,경상남도 의령군 의령읍,경상사고,0,0,1,0,차대차 - 측면직각충돌,교차로운행방법위반,건조,맑음,교차로 - 교차로안,승용,여,35세,상해없음,이륜,남,63세,경상
2014012500100486,2014년 1월 25일 19시,토요일,경상남도 밀양시 가곡동,중상사고,0,1,1,0,차대차 - 정면충돌,중앙선침범,건조,맑음,단일로 - 기타,승용,남,37세,상해없음,승용,여,34세,중상
2014012500100516,2014년 1월 25일 20시,토요일,경상남도 진주시 신안동,중상사고,0,1,0,0,차대사람 - 기타,안전운전불이행,건조,맑음,교차로 - 교차로부근,승용,남,27세,상해없음,보행자,여,39세,중상
2014012500100517,2014년 1월 25일 20시,토요일,경상남도 산청군 신안면,사망사고,1,0,0,0,차대사람 - 횡단중,안전운전불이행,건조,흐림,단일로 - 기타,화물,여,48세,상해없음,보행자,남,61세,사망
2014012500100518,2014년 1월 25일 20시,토요일,경상남도 김해시 주촌면,중상사고,0,1,0,0,차대차 - 측면직각충돌,신호위반,건조,맑음,교차로 - 교차로안,승용,남,40세,상해없음,승용,남,23세,중상
2014012500100581,2014년 1월 25일 22시,토요일,경상남도 거제시 상동동,경상사고,0,0,1,0,차대차 - 정면충돌,안전운전불이행,건조,맑음,단일로 - 기타,승용,여,48세,상해없음,이륜,남,17세,경상
2014012500100604,2014년 1월 25일 23시,토요일,경상남도 밀양시 삼문동,경상사고,0,0,1,0,차대차 - 추돌 - 주정차중,중앙선침범,건조,맑음,단일로 - 기타,승용,남,45세,상해없음,승용,여,51세,경상
2014012600100012,2014년 1월 26일 00시,일요일,경상남도 김해시 삼계동,경상사고,0,0,1,0,차대사람 - 기타,안전운전불이행,건조,맑음,단일로 - 기타,승용,남,54세,상해없음,보행자,남,31세,경상
2014012600100013,2014년 1월 26일 00시,일요일,경상남도 양산시 물금읍,중상사고,0,2,0,0,차대차 - 기타,안전운전불이행,건조,맑음,교차로 - 교차로안,승용,남,46세,상해없음,승용,남,23세,중상
2014012600100014,2014년 1월 26일 00시,일요일,경상남도 거제시 아주동,경상사고,0,0,1,0,차대차 - 기타,안전운전불이행,건조,맑음,교차로 - 교차로안,승용,남,33세,상해없음,승용,남,58세,경상
2014012600100053,2014년 1월 26일 04시,일요일,경상남도 통영시 용남면,중상사고,0,1,0,0,차대차 - 정면충돌,중앙선침범,건조,맑음,교차로 - 교차로부근,화물,남,53세,상해없음,승용,남,41세,중상
2014012600100066,2014년 1월 26일 05시,일요일,경상남도 양산시 평산동,중상사고,0,2,0,0,차대차 - 기타,직진우회전진행방해,건조,맑음,교차로 - 교차로안,원동기,남,19세,중상,승용,남,41세,중상
2014012600100082,2014년 1월 26일 06시,일요일,경상남도 사천시 정동면,사망사고,1,0,0,0,차대사람 - 횡단중,안전운전불이행,건조,맑음,교차로 - 교차로안,승용,남,34세,상해없음,보행자,여,77세,사망
2014012600100112,2014년 1월 26일 08시,일요일,경상남도 밀양시 하남읍,중상사고,0,1,0,1,차대차 - 측면직각충돌,교차로운행방법위반,건조,맑음,교차로 - 교차로안,화물,남,58세,상해없음,승용,남,51세,부상신고
2014012600100113,2014년 1월 26일 08시,일요일,경상남도 남해군 창선면,경상사고,0,0,2,0,차량단독 - 도로외이탈 - 추락,안전운전불이행,건조,맑음,기타 - 기타,화물,남,33세,경상,,,,
2014012600100154,2014년 1월 26일 10시,일요일,경상남도 밀양시 내이동,경상사고,0,0,1,0,차대사람 - 횡단중,신호위반,건조,맑음,단일로 - 횡단보도상,승용,여,59세,상해없음,보행자,남,86세,경상
2014012600100168,2014년 1월 26일 11시,일요일,경상남도 양산시 중부동,경상사고,0,0,1,0,차대차 - 기타,직진우회전진행방해,건조,맑음,교차로 - 교차로안,승용,남,49세,상해없음,승합,남,35세,상해없음
2014012600100185,2014년 1월 26일 12시,일요일,경상남도 창원시 진해구 경화동,중상사고,0,1,0,0,차대차 - 측면직각충돌,안전운전불이행,건조,맑음,교차로 - 교차로안,승용,여,32세,상해없음,원동기,남,47세,중상
2014012600100186,2014년 1월 26일 12시,일요일,경상남도 거제시 동부면,중상사고,0,1,1,1,차대차 - 기타,중앙선침범,건조,맑음,단일로 - 기타,화물,남,54세,상해없음,승용,남,21세,중상
2014012600100213,2014년 1월 26일 13시,일요일,경상남도 창원시 진해구 경화동,경상사고,0,0,2,0,차대차 - 측면직각충돌,기타,건조,맑음,교차로 - 교차로안,승용,여,42세,상해없음,승용,남,38세,경상
2014012600100214,2014년 1월 26일 13시,일요일,경상남도 하동군 하동읍,중상사고,0,1,0,0,차대차 - 기타,안전운전불이행,건조,맑음,단일로 - 횡단보도상,승용,여,25세,상해없음,자전거,여,64세,중상
2014012600100261,2014년 1월 26일 15시,일요일,경상남도 거제시 연초면,중상사고,0,1,1,0,차대차 - 기타,안전거리미확보,건조,맑음,기타 - 기타,승용,남,55세,상해없음,승용,남,30세,중상
2014012600100262,2014년 1월 26일 15시,일요일,경상남도 남해군 남해읍,중상사고,0,1,0,0,차대차 - 기타,중앙선침범,건조,맑음,단일로 - 기타,승용,남,58세,중상,화물,남,45세,상해없음
2014012600100290,2014년 1월 26일 16시,일요일,경상남도 김해시 장유면,경상사고,0,0,1,0,차대차 - 기타,차로위반,건조,맑음,교차로 - 교차로안,승용,여,37세,상해없음,승용,남,35세,상해없음
2014012600100310,2014년 1월 26일 17시,일요일,경상남도 밀양시 산내면,중상사고,0,1,0,0,차대차 - 측면직각충돌,교차로운행방법위반,건조,맑음,교차로 - 교차로안,승용,남,49세,상해없음,이륜,남,58세,중상
2014012600100335,2014년 1월 26일 18시,일요일,경상남도 통영시 산양읍,중상사고,0,1,0,0,차대차 - 측면직각충돌,중앙선침범,건조,맑음,단일로 - 기타,승용,남,48세,상해없음,승용,남,65세,중상
2014012600100336,2014년 1월 26일 18시,일요일,경상남도 밀양시 상남면,중상사고,0,1,0,0,차대차 - 추돌 - 진행중,안전운전불이행,건조,맑음,단일로 - 기타,화물,남,71세,상해없음,건설기계,남,43세,상해없음
2014012600100337,2014년 1월 26일 18시,일요일,경상남도 거제시 거제면,중상사고,0,1,0,0,차대차 - 기타,안전거리미확보,건조,맑음,기타 - 기타,화물,남,48세,상해없음,승용,여,31세,상해없음
2014012600100358,2014년 1월 26일 19시,일요일,경상남도 진주시 상대동,경상사고,0,0,1,0,차대차 - 측면직각충돌,안전거리미확보,건조,맑음,단일로 - 기타,승용,남,53세,상해없음,원동기,남,23세,경상
2014012600100359,2014년 1월 26일 19시,일요일,경상남도 양산시 용당동,중상사고,0,2,4,0,차대차 - 정면충돌,중앙선침범,건조,맑음,단일로 - 기타,승용,남,33세,상해없음,승용,여,44세,경상
2014012600100383,2014년 1월 26일 20시,일요일,경상남도 진주시 상대동,경상사고,0,0,1,0,차대차 - 추돌 - 진행중,안전운전불이행,건조,맑음,교차로 - 교차로안,원동기,남,17세,경상,승합,남,45세,상해없음
2014012600100430,2014년 1월 26일 23시,일요일,경상남도 김해시 외동,중상사고,0,1,0,0,차대차 - 정면충돌,중앙선침범,건조,맑음,단일로 - 기타,이륜,남,17세,상해없음,이륜,남,38세,중상
2014012600100431,2014년 1월 26일 23시,일요일,경상남도 합천군 대양면,중상사고,0,1,0,0,차량단독 - 전도전복,안전운전불이행,결빙,맑음,단일로 - 기타,화물,남,57세,중상,,,,
2014012600100432,2014년 1월 26일 23시,일요일,경상남도 창녕군 대지면,경상사고,0,0,1,0,차량단독 - 공작물충돌,안전운전불이행,건조,맑음,단일로 - 기타,승용,남,31세,경상,,,,
2014012700100011,2014년 1월 27일 00시,월요일,경상남도 김해시 진례면,중상사고,0,1,0,0,차대사람 - 횡단중,안전운전불이행,건조,맑음,단일로 - 기타,승용,남,52세,상해없음,보행자,남,31세,중상
2014012700100064,2014년 1월 27일 06시,월요일,경상남도 거제시 장승포동,경상사고,0,0,1,0,차대사람 - 기타,안전운전불이행,건조,맑음,단일로 - 기타,기타불명,기타불명,기타불명,기타불명,보행자,남,25세,경상
2014012700100087,2014년 1월 27일 07시,월요일,경상남도 양산시 북정동,경상사고,0,0,1,0,차대사람 - 기타,신호위반,건조,맑음,교차로 - 교차로부근,승용,여,50세,상해없음,보행자,남,18세,경상
2014012700100088,2014년 1월 27일 07시,월요일,경상남도 거제시 아주동,경상사고,0,0,1,0,차대사람 - 기타,안전운전불이행,건조,맑음,단일로 - 기타,승용,남,32세,기타불명,보행자,남,28세,경상
2014012700100112,2014년 1월 27일 08시,월요일,경상남도 진주시 내동면,경상사고,0,0,1,0,차대차 - 추돌 - 진행중,안전거리미확보,건조,맑음,교차로 - 교차로부근,승용,여,60세,상해없음,원동기,여,50세,경상
2014012700100113,2014년 1월 27일 08시,월요일,경상남도 거창군 거창읍,중상사고,0,1,0,0,차대사람 - 차도통행중,안전운전불이행,건조,맑음,단일로 - 기타,승용,남,66세,상해없음,보행자,여,24세,중상
2014012700100114,2014년 1월 27일 08시,월요일,경상남도 창원시 의창구 북면,경상사고,0,0,1,0,차대차 - 기타,교차로운행방법위반,건조,맑음,교차로 - 교차로안,승용,남,55세,상해없음,승용,여,54세,경상
2014012700100137,2014년 1월 27일 09시,월요일,경상남도 창원시 마산합포구 신포동2가,부상신고사고,0,0,0,1,차대차 - 측면직각충돌,안전운전불이행,건조,맑음,교차로 - 교차로안,원동기,여,63세,부상신고,승용,남,29세,상해없음
2014012700100224,2014년 1월 27일 12시,월요일,경상남도 진주시 미천면,중상사고,0,3,0,0,차대차 - 정면충돌,중앙선침범,건조,맑음,단일로 - 기타,승용,남,65세,중상,승용,남,60세,중상
2014012700100250,2014년 1월 27일 13시,월요일,경상남도 진주시 옥봉동,중상사고,0,1,0,0,차대차 - 측면직각충돌,안전거리미확보,건조,맑음,단일로 - 기타,화물,남,57세,상해없음,승용,여,60세,중상
2014012700100251,2014년 1월 27일 13시,월요일,경상남도 김해시 구산동,중상사고,0,1,0,0,차대사람 - 횡단중,안전운전불이행,건조,맑음,단일로 - 기타,승용,여,29세,상해없음,보행자,여,65세,중상
2014012700100252,2014년 1월 27일 13시,월요일,경상남도 거창군 거창읍,사망사고,1,0,0,0,차대차 - 기타,안전운전불이행,건조,맑음,단일로 - 기타,화물,남,55세,상해없음,승용,남,71세,사망
2014012700100253,2014년 1월 27일 13시,월요일,경상남도 함양군 함양읍,경상사고,0,0,1,0,차대차 - 기타,신호위반,건조,맑음,교차로 - 교차로안,승용,남,78세,상해없음,승합,남,58세,상해없음
2014012700100254,2014년 1월 27일 13시,월요일,경상남도 함안군 가야읍,경상사고,0,0,1,0,차대차 - 정면충돌,안전운전불이행,건조,맑음,단일로 - 기타,승용,여,45세,상해없음,화물,남,61세,경상
2014012700100287,2014년 1월 27일 14시,월요일,경상남도 진주시 칠암동,중상사고,0,1,0,0,차대차 - 측면직각충돌,안전거리미확보,건조,맑음,교차로 - 교차로부근,원동기,여,68세,중상,승용,남,62세,상해없음
2014012700100302,2014년 1월 27일 15시,월요일,경상남도 밀양시 산외면,경상사고,0,0,1,0,차대차 - 측면직각충돌,안전운전불이행,건조,맑음,단일로 - 기타,화물,남,39세,상해없음,승용,남,25세,경상
2014012700100320,2014년 1월 27일 15시,월요일,경상남도 창원시 진해구 속천동,경상사고,0,0,1,0,차대차 - 측면직각충돌,안전운전불이행,건조,맑음,교차로 - 교차로부근,자전거,남,61세,경상,화물,남,58세,상해없음
2014012700100321,2014년 1월 27일 15시,월요일,경상남도 거제시 거제면,중상사고,0,1,0,0,차대차 - 기타,기타,건조,맑음,교차로 - 교차로안,승용,남,60세,상해없음,승용,남,70세,상해없음
2014012700100322,2014년 1월 27일 15시,월요일,경상남도 창원시 의창구 대산면,경상사고,0,0,1,0,차대차 - 기타,교차로운행방법위반,건조,맑음,교차로 - 교차로안,화물,남,21세,경상,화물,남,46세,상해없음
2014012700100357,2014년 1월 27일 16시,월요일,경상남도 함양군 함양읍,중상사고,0,1,0,0,차대사람 - 보도통행중,안전운전불이행,건조,맑음,교차로 - 교차로안,승용,남,53세,상해없음,보행자,여,52세,중상
2014012700100358,2014년 1월 27일 16시,월요일,경상남도 거제시 상동동,경상사고,0,0,1,0,차대차 - 측면직각충돌,안전운전불이행,건조,맑음,교차로 - 교차로안,승용,남,48세,상해없음,승합,여,42세,경상
2014012700100359,2014년 1월 27일 16시,월요일,경상남도 거제시 고현동,경상사고,0,0,4,0,차대차 - 추돌 - 진행중,안전운전불이행,건조,맑음,단일로 - 기타,승용,남,40세,상해없음,승용,여,45세,경상
2014012700100360,2014년 1월 27일 16시,월요일,경상남도 함안군 칠원면,중상사고,0,1,0,0,차대사람 - 기타,안전운전불이행,건조,맑음,단일로 - 기타,화물,남,60세,상해없음,보행자,남,49세,중상
2014012700100379,2014년 1월 27일 17시,월요일,경상남도 진주시 금산면,중상사고,0,2,0,0,차대사람 - 횡단중,보행자보호의무위반,건조,맑음,단일로 - 기타,승용,여,66세,상해없음,보행자,여,5세,중상
2014012700100380,2014년 1월 27일 17시,월요일,경상남도 진주시 옥봉동,경상사고,0,0,1,0,차대차 - 측면직각충돌,안전거리미확보,건조,맑음,교차로 - 교차로부근,화물,남,61세,상해없음,승용,남,32세,경상