사고번호,사고일시,요일,시군구,사고내용,사망자수,중상자수,경상자수,부상신고자수,사고유형,법규위반,노면상태,기상상태,도로형태,가해운전자 차종,가해운전자 성별,가해운전자 연령,가해운전자 상해정도,피해운전자 차종,피해운전자 성별,피해운전자 연령,피해운전자 상해정도
2014013000100421,2014년 1월 30일 22시,목요일,경상남도 창원시 의창구 북동,경상사고,0,0,2,0,차대차 - 측면직각충돌,안전운전불이행,건조,맑음,교차로 - 교차로안,승용,남,46세,기타불명,승용,남,31세,경상
2014013100100026,2014년 1월 31일 01시,금요일,경상남도 거제시 고현동,중상사고,0,1,1,0,차대차 - 기타,안전운전불이행,건조,맑음,단일로 - 기타,승용,남,24세,상해없음,승용,남,44세,중상
2014013100100042,2014년 1월 31일 03시,금요일,경상남도 창원시 마산합포구 월남동2가,경상사고,0,0,2,0,차대차 - 측면직각충돌,신호위반,건조,맑음,교차로 - 교차로안,승용,남,33세,상해없음,승용,남,60세,경상
2014013100100066,2014년 1월 31일 07시,금요일,경상남도 진주시 문산읍,경상사고,0,0,1,0,차대차 - 기타,중앙선침범,건조,맑음,단일로 - 기타,이륜,남,20세,경상,승용,남,56세,상해없음
2014013100100067,2014년 1월 31일 07시,금요일,경상남도 거제시 일운면,중상사고,0,1,0,0,차대차 - 측면직각충돌,중앙선침범,건조,맑음,단일로 - 기타,승용,남,46세,상해없음,원동기,남,35세,중상
2014013100100068,2014년 1월 31일 07시,금요일,경상남도 창원시 성산구 가음정동,중상사고,0,1,0,0,차대차 - 측면직각충돌,안전운전불이행,건조,맑음,단일로 - 기타,승용,남,59세,상해없음,승용,남,49세,중상
2014013100100084,2014년 1월 31일 08시,금요일,경상남도 진주시 상평동,경상사고,0,0,1,0,차대차 - 기타,교차로운행방법위반,건조,맑음,교차로 - 교차로안,원동기,남,22세,경상,승용,남,56세,상해없음
2014013100100085,2014년 1월 31일 08시,금요일,경상남도 산청군 신안면,경상사고,0,0,1,0,차대차 - 추돌 - 진행중,안전운전불이행,건조,맑음,단일로 - 기타,화물,남,44세,상해없음,화물,남,60세,상해없음
2014013100100145,2014년 1월 31일 12시,금요일,경상남도 창원시 진해구 자은동,경상사고,0,0,1,0,차대차 - 기타,안전운전불이행,건조,맑음,단일로 - 횡단보도상,자전거,남,44세,경상,승용,남,29세,상해없음
2014013100100146,2014년 1월 31일 12시,금요일,경상남도 고성군 회화면,중상사고,0,2,3,0,차대차 - 추돌 - 주정차중,안전거리미확보,건조,맑음,단일로 - 기타,승용,남,48세,상해없음,승용,남,31세,상해없음
2014013100100147,2014년 1월 31일 12시,금요일,경상남도 하동군 화개면,중상사고,0,2,2,0,차대차 - 추돌 - 주정차중,안전운전불이행,건조,맑음,단일로 - 기타,승용,남,38세,상해없음,승용,여,39세,상해없음
2014013100100160,2014년 1월 31일 13시,금요일,경상남도 남해군 설천면,경상사고,0,0,2,0,차대차 - 기타,안전운전불이행,건조,맑음,기타 - 기타,승용,남,50세,상해없음,승용,남,26세,경상
2014013100100161,2014년 1월 31일 13시,금요일,경상남도 창원시 성산구 반지동,경상사고,0,0,1,0,차대사람 - 횡단중,안전운전불이행,건조,맑음,기타 - 기타,승용,기타불명,기타불명,기타불명,보행자,남,57세,경상
2014013100100162,2014년 1월 31일 13시,금요일,경상남도 창원시 마산회원구 봉암동,중상사고,0,1,0,0,차대차 - 추돌 - 주정차중,안전운전불이행,건조,기타,단일로 - 기타,승용,남,34세,상해없음,승용,남,33세,상해없음
2014013100100195,2014년 1월 31일 15시,금요일,경상남도 밀양시 내이동,경상사고,0,0,4,0,차대차 - 추돌 - 진행중,안전운전불이행,건조,맑음,단일로 - 기타,승용,남,60세,상해없음,승용,남,39세,경상
2014013100100196,2014년 1월 31일 15시,금요일,경상남도 김해시 대동면,경상사고,0,0,2,0,차대차 - 측면직각충돌,안전운전불이행,건조,맑음,교차로 - 교차로안,승용,남,60세,상해없음,승용,남,54세,경상
2014013100100197,2014년 1월 31일 15시,금요일,경상남도 창녕군 영산면,부상신고사고,0,0,0,3,차대차 - 기타,차로위반,건조,맑음,교차로 - 교차로부근,승용,여,52세,부상신고,특수,남,62세,상해없음
2014013100100198,2014년 1월 31일 15시,금요일,경상남도 고성군 회화면,경상사고,0,0,1,0,차대차 - 추돌 - 진행중,안전운전불이행,건조,맑음,단일로 - 기타,화물,남,50세,상해없음,승용,남,51세,상해없음
2014013100100199,2014년 1월 31일 15시,금요일,경상남도 창원시 마산회원구 회원동,중상사고,0,1,0,0,차대사람 - 기타,안전운전불이행,건조,맑음,단일로 - 기타,승용,여,35세,상해없음,보행자,여,9세,중상
2014013100100200,2014년 1월 31일 15시,금요일,경상남도 김해시 주촌면,부상신고사고,0,0,0,1,차대차 - 측면직각충돌,중앙선침범,건조,맑음,단일로 - 기타,이륜,남,74세,부상신고,승용,남,37세,상해없음
2014013100100222,2014년 1월 31일 16시,금요일,경상남도 거제시 연초면,경상사고,0,0,2,0,차대차 - 측면직각충돌,기타,건조,맑음,교차로 - 교차로안,승용,남,60세,상해없음,승합,남,48세,상해없음
2014013100100223,2014년 1월 31일 16시,금요일,경상남도 함안군 군북면,중상사고,0,4,1,0,차대차 - 정면충돌,중앙선침범,건조,맑음,단일로 - 기타,승용,여,21세,상해없음,승용,남,46세,중상
2014013100100245,2014년 1월 31일 17시,금요일,경상남도 창원시 마산합포구 구산면,중상사고,0,1,1,0,차대차 - 측면직각충돌,중앙선침범,건조,맑음,단일로 - 기타,화물,남,57세,상해없음,승용,여,58세,경상
2014013100100260,2014년 1월 31일 18시,금요일,경상남도 합천군 삼가면,중상사고,0,1,1,1,차대차 - 측면직각충돌,중앙선침범,건조,맑음,단일로 - 기타,승용,여,40세,부상신고,승용,남,54세,상해없음
2014013100100328,2014년 1월 31일 22시,금요일,경상남도 창원시 진해구 여좌동,중상사고,0,1,0,0,차대사람 - 기타,안전운전불이행,건조,맑음,교차로 - 교차로안,승용,남,46세,상해없음,보행자,여,76세,중상
2014020100100007,2014년 2월 1일 00시,토요일,경상남도 창원시 성산구 상남동,경상사고,0,0,1,0,차대차 - 기타,안전운전불이행,건조,맑음,교차로 - 교차로안,승용,남,22세,상해없음,승용,남,51세,상해없음
2014020100100052,2014년 2월 1일 06시,토요일,경상남도 진주시 동성동,중상사고,0,1,0,0,차대사람 - 횡단중,신호위반,건조,맑음,교차로 - 교차로안,승용,남,56세,상해없음,보행자,여,73세,중상
2014020100100053,2014년 2월 1일 06시,토요일,경상남도 하동군 화개면,중상사고,0,1,0,0,차대차 - 추돌 - 진행중,안전운전불이행,건조,맑음,단일로 - 기타,승용,남,30세,상해없음,자전거,남,74세,중상
2014020100100116,2014년 2월 1일 13시,토요일,경상남도 진주시 사봉면,중상사고,0,1,0,0,차대차 - 측면직각충돌,중앙선침범,건조,맑음,단일로 - 기타,자전거,남,8세,중상,승용,남,53세,상해없음
2014020100100117,2014년 2월 1일 13시,토요일,경상남도 창원시 마산회원구 합성동,경상사고,0,0,1,0,차대사람 - 기타,안전운전불이행,건조,맑음,단일로 - 기타,기타불명,기타불명,기타불명,기타불명,보행자,남,40세,경상
2014020100100137,2014년 2월 1일 14시,토요일,경상남도 김해시 내동,경상사고,0,0,1,0,차대차 - 측면직각충돌,불법유턴,건조,맑음,단일로 - 기타,승용,남,39세,상해없음,자전거,남,58세,경상
2014020100100155,2014년 2월 1일 15시,토요일,경상남도 창녕군 길곡면,중상사고,0,1,0,0,차대차 - 기타,안전운전불이행,건조,맑음,단일로 - 기타,승용,남,48세,상해없음,이륜,여,65세,중상
2014020100100174,2014년 2월 1일 16시,토요일,경상남도 진주시 동성동,경상사고,0,0,1,0,차대차 - 추돌 - 진행중,안전운전불이행,건조,맑음,교차로 - 교차로부근,승용,남,38세,상해없음,승용,남,32세,경상
2014020100100175,2014년 2월 1일 16시,토요일,경상남도 산청군 신안면,경상사고,0,0,2,0,차대차 - 기타,안전운전불이행,건조,맑음,교차로 - 교차로안,승용,남,52세,상해없음,승용,남,56세,경상
2014020100100176,2014년 2월 1일 16시,토요일,경상남도 김해시 장유면,중상사고,0,1,0,0,차대차 - 추돌 - 진행중,안전거리미확보,건조,맑음,교차로 - 교차로부근,승합,남,24세,상해없음,승용,여,46세,중상
2014020100100201,2014년 2월 1일 17시,토요일,경상남도 창녕군 창녕읍,경상사고,0,0,1,0,차대사람 - 횡단중,안전운전불이행,건조,맑음,단일로 - 횡단보도부근,승용,남,28세,상해없음,보행자,남,6세,경상
2014020100100202,2014년 2월 1일 17시,토요일,경상남도 거제시 고현동,중상사고,0,1,1,0,차대차 - 기타,교차로운행방법위반,건조,맑음,교차로 - 교차로안,승용,남,44세,상해없음,승용,남,23세,중상
2014020100100203,2014년 2월 1일 17시,토요일,경상남도 김해시 장유면,부상신고사고,0,0,0,1,차대차 - 측면직각충돌,안전운전불이행,습기,비,교차로 - 교차로안,자전거,남,41세,부상신고,승용,남,39세,상해없음
2014020100100235,2014년 2월 1일 18시,토요일,경상남도 창원시 마산합포구 가포동,경상사고,0,0,1,1,차량단독 - 전도전복,안전운전불이행,습기,비,교차로 - 교차로부근,승용,남,48세,상해없음,,,,
2014020100100236,2014년 2월 1일 18시,토요일,경상남도 김해시 삼방동,경상사고,0,0,1,0,차대차 - 측면직각충돌,교차로운행방법위반,습기,비,교차로 - 교차로안,이륜,남,74세,경상,승용,남,30세,상해없음
2014020100100237,2014년 2월 1일 18시,토요일,경상남도 김해시 삼계동,중상사고,0,1,1,0,차대사람 - 횡단중,신호위반,습기,비,단일로 - 기타,이륜,남,21세,상해없음,보행자,여,22세,경상
2014020100100312,2014년 2월 1일 20시,토요일,경상남도 진주시 가좌동,중상사고,0,2,0,0,차대사람 - 횡단중,보행자보호의무위반,건조,맑음,교차로 - 교차로안,승용,남,37세,상해없음,보행자,남,36세,중상
2014020100100313,2014년 2월 1일 20시,토요일,경상남도 창원시 진해구 석동,경상사고,0,0,1,0,차대차 - 기타,안전운전불이행,습기,비,단일로 - 기타,승용,여,36세,상해없음,원동기,남,33세,경상
2014020100100314,2014년 2월 1일 20시,토요일,경상남도 통영시 봉평동,중상사고,0,1,0,0,차대사람 - 횡단중,안전운전불이행,습기,비,단일로 - 횡단보도상,승용,남,51세,상해없음,보행자,남,62세,중상
2014020100100315,2014년 2월 1일 20시,토요일,경상남도 통영시 당동,경상사고,0,0,1,0,차대차 - 추돌 - 진행중,안전거리미확보,습기,비,단일로 - 기타,승용,남,54세,상해없음,승용,남,57세,상해없음
2014020100100340,2014년 2월 1일 21시,토요일,경상남도 밀양시 삼문동,경상사고,0,0,1,0,차대차 - 측면직각충돌,안전운전불이행,건조,맑음,교차로 - 교차로안,승용,남,38세,상해없음,승용,남,60세,경상
2014020100100341,2014년 2월 1일 21시,토요일,경상남도 김해시 삼계동,중상사고,0,1,1,0,차대차 - 측면직각충돌,교차로운행방법위반,습기,비,교차로 - 교차로안,승용,남,57세,상해없음,승용,여,34세,경상
2014020100100342,2014년 2월 1일 21시,토요일,경상남도 거제시 옥포동,중상사고,0,1,0,0,차대사람 - 기타,안전운전불이행,건조,맑음,단일로 - 기타,승용,남,20세,상해없음,보행자,남,51세,중상
2014020100100343,2014년 2월 1일 21시,토요일,경상남도 거제시 고현동,중상사고,0,1,0,0,차대사람 - 기타,보행자보호의무위반,습기,비,단일로 - 기타,승용,남,48세,상해없음,보행자,여,28세,중상
2014020100100376,2014년 2월 1일 22시,토요일,경상남도 통영시 무전동,중상사고,0,1,0,0,차대사람 - 횡단중,안전운전불이행,습기,비,단일로 - 기타,승용,남,38세,상해없음,보행자,남,41세,중상
2014020100100407,2014년 2월 1일 23시,토요일,경상남도 창원시 마산합포구 자산동,중상사고,0,2,0,0,차대차 - 추돌 - 주정차중,안전운전불이행,습기,비,교차로 - 교차로부근,승용,남,72세,상해없음,승용,여,44세,중상
2014020200100015,2014년 2월 2일 00시,일요일,경상남도 김해시 내동,경상사고,0,0,1,0,차대차 - 측면직각충돌,신호위반,건조,맑음,교차로 - 교차로안,승용,남,33세,상해없음,승용,여,40세,경상
2014020200100028,2014년 2월 2일 01시,일요일,경상남도 김해시 장유면,중상사고,0,1,0,0,차량단독 - 공작물충돌,안전운전불이행,습기,흐림,단일로 - 기타,승용,남,49세,중상,,,,
2014020200100041,2014년 2월 2일 02시,일요일,경상남도 김해시 부원동,경상사고,0,0,2,0,차대차 - 측면직각충돌,교차로운행방법위반,건조,맑음,교차로 - 교차로안,승용,남,43세,상해없음,승용,남,56세,경상
2014020200100056,2014년 2월 2일 03시,일요일,경상남도 창원시 성산구 상남동,경상사고,0,0,1,0,차대차 - 측면직각충돌,교차로운행방법위반,건조,맑음,교차로 - 교차로안,이륜,남,15세,상해없음,승용,남,39세,상해없음
2014020200100094,2014년 2월 2일 08시,일요일,경상남도 통영시 무전동,경상사고,0,0,1,0,차대차 - 측면직각충돌,직진우회전진행방해,건조,맑음,교차로 - 교차로안,승용,남,30세,상해없음,특수,남,28세,경상
2014020200100099,2014년 2월 2일 09시,일요일,경상남도 창원시 마산합포구 신포동1가,중상사고,0,2,0,0,차대차 - 추돌 - 주정차중,안전운전불이행,건조,맑음,교차로 - 교차로부근,승용,남,64세,상해없음,화물,남,65세,중상
2014020200100135,2014년 2월 2일 12시,일요일,경상남도 사천시 죽림동,경상사고,0,0,1,0,차대차 - 추돌 - 주정차중,안전운전불이행,건조,맑음,단일로 - 기타,승용,남,34세,상해없음,승용,여,59세,상해없음
2014020200100136,2014년 2월 2일 12시,일요일,경상남도 밀양시 내이동,중상사고,0,1,0,0,차대사람 - 횡단중,보행자보호의무위반,건조,맑음,교차로 - 교차로안,승용,남,59세,상해없음,보행자,여,36세,중상
2014020200100137,2014년 2월 2일 12시,일요일,경상남도 창원시 의창구 소계동,경상사고,0,0,1,0,차대차 - 기타,안전운전불이행,건조,맑음,단일로 - 기타,화물,남,57세,상해없음,승용,남,29세,경상
2014020200100138,2014년 2월 2일 12시,일요일,경상남도 김해시 장유면,경상사고,0,0,1,0,차대사람 - 기타,기타,건조,맑음,단일로 - 기타,승합,남,48세,상해없음,보행자,여,24세,경상
2014020200100158,2014년 2월 2일 13시,일요일,경상남도 양산시 교동,부상신고사고,0,0,0,1,차대차 - 기타,신호위반,건조,맑음,교차로 - 교차로안,승용,남,39세,상해없음,승용,남,36세,부상신고
2014020200100159,2014년 2월 2일 13시,일요일,경상남도 산청군 신등면,부상신고사고,0,0,0,1,차대차 - 추돌 - 진행중,안전운전불이행,건조,맑음,교차로 - 교차로안,화물,남,63세,상해없음,원동기,남,72세,부상신고
2014020200100198,2014년 2월 2일 15시,일요일,경상남도 사천시 실안동,경상사고,0,0,1,2,차대차 - 추돌 - 주정차중,안전운전불이행,건조,맑음,교차로 - 교차로부근,승용,남,26세,상해없음,승용,남,47세,부상신고
2014020200100236,2014년 2월 2일 17시,일요일,경상남도 창원시 마산합포구 해운동,부상신고사고,0,0,0,2,차대차 - 측면직각충돌,안전운전불이행,건조,맑음,단일로 - 횡단보도상,원동기,남,22세,부상신고,자전거,남,18세,부상신고
2014020200100237,2014년 2월 2일 17시,일요일,경상남도 양산시 신기동,부상신고사고,0,0,0,1,차대차 - 기타,안전운전불이행,건조,맑음,단일로 - 기타,원동기,남,29세,부상신고,승용,남,55세,상해없음
2014020200100272,2014년 2월 2일 18시,일요일,경상남도 창원시 마산회원구 양덕동,경상사고,0,0,1,0,차대사람 - 기타,안전운전불이행,건조,맑음,단일로 - 기타,승용,남,22세,상해없음,보행자,남,27세,경상
2014020200100303,2014년 2월 2일 20시,일요일,경상남도 김해시 부원동,중상사고,0,1,0,0,차대차 - 측면직각충돌,교차로운행방법위반,건조,맑음,교차로 - 교차로안,자전거,남,53세,중상,승용,남,47세,상해없음
2014020200100304,2014년 2월 2일 20시,일요일,경상남도 양산시 북정동,경상사고,0,0,3,0,차대차 - 기타,직진우회전진행방해,건조,맑음,교차로 - 교차로부근,승용,여,20세,상해없음,승용,남,32세,경상
2014020300100008,2014년 2월 3일 00시,월요일,경상남도 사천시 벌리동,경상사고,0,0,1,0,차대사람 - 횡단중,보행자보호의무위반,습기,안개,단일로 - 기타,승용,여,43세,상해없음,보행자,남,62세,경상
2014020300100015,2014년 2월 3일 01시,월요일,경상남도 창원시 성산구 웅남동,경상사고,0,0,1,0,차대차 - 측면직각충돌,신호위반,건조,맑음,교차로 - 교차로안,승용,남,60세,상해없음,승용,남,41세,경상
2014020300100021,2014년 2월 3일 02시,월요일,경상남도 창원시 마산합포구 월남동2가,사망사고,1,0,0,0,차대차 - 측면직각충돌,교차로운행방법위반,건조,맑음,교차로 - 교차로안,승용,남,33세,상해없음,이륜,남,37세,사망
2014020300100027,2014년 2월 3일 03시,월요일,경상남도 김해시 부원동,중상사고,0,1,0,0,차대차 - 측면직각충돌,신호위반,건조,맑음,교차로 - 교차로안,승용,남,24세,기타불명,승용,남,49세,중상
2014020300100032,2014년 2월 3일 04시,월요일,경상남도 통영시 태평동,중상사고,0,8,2,0,차대차 - 측면직각충돌,직진우회전진행방해,건조,맑음,교차로 - 교차로안,승용,남,37세,상해없음,승합,남,60세,경상
2014020300100067,2014년 2월 3일 07시,월요일,경상남도 양산시 평산동,경상사고,0,0,4,0,차대차 - 정면충돌,신호위반,건조,맑음,교차로 - 교차로안,승용,남,65세,상해없음,승용,남,51세,경상
2014020300100088,2014년 2월 3일 08시,월요일,경상남도 양산시 북부동,경상사고,0,0,1,0,차대차 - 기타,신호위반,건조,맑음,교차로 - 교차로안,승용,남,62세,상해없음,승용,남,43세,경상
2014020300100109,2014년 2월 3일 09시,월요일,경상남도 거제시 고현동,경상사고,0,0,1,0,차대차 - 기타,안전운전불이행,건조,맑음,기타 - 기타,승용,여,35세,상해없음,이륜,남,41세,경상
2014020300100125,2014년 2월 3일 10시,월요일,경상남도 밀양시 하남읍,경상사고,0,0,2,0,차대차 - 측면직각충돌,교차로운행방법위반,건조,맑음,교차로 - 교차로안,화물,남,68세,상해없음,승용,남,55세,경상
2014020300100126,2014년 2월 3일 10시,월요일,경상남도 함양군 병곡면,경상사고,0,0,1,0,차대차 - 추돌 - 진행중,안전운전불이행,건조,맑음,단일로 - 기타,승용,남,54세,상해없음,원동기,남,78세,경상
2014020300100127,2014년 2월 3일 10시,월요일,경상남도 창원시 성산구 상남동,경상사고,0,0,1,0,차대사람 - 기타,안전운전불이행,건조,맑음,단일로 - 기타,원동기,남,59세,상해없음,보행자,여,22세,경상
2014020300100141,2014년 2월 3일 11시,월요일,경상남도 남해군 남해읍,경상사고,0,0,2,0,차대차 - 추돌 - 진행중,안전거리미확보,건조,맑음,기타 - 기타,승용,남,52세,상해없음,승용,남,43세,경상
2014020300100142,2014년 2월 3일 11시,월요일,경상남도 산청군 금서면,경상사고,0,0,1,0,차대차 - 기타,안전운전불이행,건조,맑음,단일로 - 기타,승용,남,60세,상해없음,자전거,남,66세,경상
2014020300100170,2014년 2월 3일 12시,월요일,경상남도 거제시 고현동,경상사고,0,0,1,0,차대사람 - 횡단중,안전운전불이행,건조,맑음,단일로 - 기타,이륜,남,42세,상해없음,보행자,남,13세,경상
2014020300100215,2014년 2월 3일 14시,월요일,경상남도 진주시 강남동,경상사고,0,0,1,0,차대사람 - 횡단중,보행자보호의무위반,건조,맑음,단일로 - 횡단보도상,화물,남,40세,상해없음,보행자,남,83세,경상
2014020300100216,2014년 2월 3일 14시,월요일,경상남도 통영시 북신동,경상사고,0,0,1,0,차대사람 - 길가장자리구역통행중,안전운전불이행,건조,맑음,단일로 - 기타,승용,남,48세,상해없음,보행자,남,53세,경상
2014020300100244,2014년 2월 3일 15시,월요일,경상남도 통영시 명정동,경상사고,0,0,1,0,차대사람 - 길가장자리구역통행중,안전운전불이행,건조,맑음,단일로 - 기타,승용,남,28세,상해없음,보행자,남,73세,경상
2014020300100245,2014년 2월 3일 15시,월요일,경상남도 통영시 광도면,경상사고,0,0,1,0,차대차 - 측면직각충돌,안전운전불이행,건조,맑음,단일로 - 기타,승용,남,65세,상해없음,승용,여,52세,경상
2014020300100246,2014년 2월 3일 15시,월요일,경상남도 거제시 옥포동,경상사고,0,0,1,0,차대사람 - 기타,안전운전불이행,건조,맑음,단일로 - 횡단보도상,승용,여,29세,상해없음,보행자,남,53세,경상
2014020300100273,2014년 2월 3일 16시,월요일,경상남도 창원시 마산합포구 추산동,중상사고,0,1,0,0,차대사람 - 기타,안전운전불이행,건조,맑음,단일로 - 기타,승용,남,59세,상해없음,보행자,남,2세,중상
2014020300100274,2014년 2월 3일 16시,월요일,경상남도 통영시 도남동,중상사고,0,1,0,0,차대사람 - 기타,안전운전불이행,건조,맑음,단일로 - 기타,승용,여,42세,상해없음,보행자,여,49세,중상
2014020300100275,2014년 2월 3일 16시,월요일,경상남도 거창군 거창읍,중상사고,0,1,0,0,차대차 - 측면직각충돌,교차로운행방법위반,건조,맑음,교차로 - 교차로안,화물,남,22세,상해없음,승용,여,43세,중상
2014020300100332,2014년 2월 3일 18시,월요일,경상남도 양산시 명동,경상사고,0,0,1,0,차대사람 - 기타,안전운전불이행,건조,맑음,교차로 - 교차로부근,승용,여,55세,상해없음,보행자,남,5세,경상
2014020300100367,2014년 2월 3일 19시,월요일,경상남도 양산시 중부동,경상사고,0,0,1,0,차대차 - 기타,교차로운행방법위반,건조,맑음,교차로 - 교차로안,원동기,남,51세,기타불명,원동기,남,17세,경상
2014020300100395,2014년 2월 3일 20시,월요일,경상남도 김해시 외동,중상사고,0,1,0,0,차대사람 - 횡단중,안전운전불이행,건조,맑음,교차로 - 교차로안,승합,여,41세,상해없음,보행자,여,43세,중상
2014020300100396,2014년 2월 3일 20시,월요일,경상남도 창녕군 창녕읍,경상사고,0,0,2,0,차대차 - 기타,신호위반,건조,맑음,교차로 - 교차로안,승용,남,31세,상해없음,승용,남,43세,경상
2014020300100397,2014년 2월 3일 20시,월요일,경상남도 거제시 고현동,중상사고,0,1,0,0,차대사람 - 횡단중,안전운전불이행,건조,맑음,기타 - 기타,화물,남,42세,상해없음,보행자,여,55세,중상
2014020300100398,2014년 2월 3일 20시,월요일,경상남도 창원시 마산회원구 합성동,경상사고,0,0,1,0,차대차 - 측면직각충돌,안전운전불이행,건조,맑음,교차로 - 교차로안,승용,여,38세,상해없음,승용,남,40세,상해없음
2014020300100420,2014년 2월 3일 21시,월요일,경상남도 함양군 함양읍,경상사고,0,0,1,0,차대차 - 기타,안전운전불이행,건조,맑음,단일로 - 기타,승용,남,41세,상해없음,원동기,남,34세,경상
2014020300100421,2014년 2월 3일 21시,월요일,경상남도 창원시 의창구 도계동,중상사고,0,1,0,0,차대사람 - 기타,안전운전불이행,건조,맑음,교차로 - 교차로안,승용,남,56세,상해없음,보행자,남,39세,중상
2014020300100455,2014년 2월 3일 23시,월요일,경상남도 고성군 고성읍,사망사고,1,0,0,0,차대사람 - 횡단중,안전운전불이행,건조,맑음,단일로 - 기타,승용,남,50세,상해없음,보행자,남,42세,사망
2014020400100030,2014년 2월 4일 02시,화요일,경상남도 창원시 마산회원구 석전동,경상사고,0,0,3,0,차대차 - 추돌 - 진행중,과속,건조,맑음,단일로 - 기타,승용,남,50세,경상,승용,남,59세,상해없음
2014020400100051,2014년 2월 4일 05시,화요일,경상남도 김해시 구산동,중상사고,0,1,0,0,차대차 - 추돌 - 주정차중,안전운전불이행,건조,맑음,단일로 - 기타,승용,남,30세,중상,승합,남,47세,상해없음
2014020400100098,2014년 2월 4일 08시,화요일,경상남도 사천시 죽림동,경상사고,0,0,1,0,차대차 - 추돌 - 주정차중,안전운전불이행,건조,맑음,단일로 - 기타,승용,남,55세,상해없음,승용,남,61세,경상
2014020400100099,2014년 2월 4일 08시,화요일,경상남도 거창군 거창읍,중상사고,0,1,0,0,차대차 - 측면직각충돌,교차로운행방법위반,건조,맑음,교차로 - 교차로안,승합,여,39세,상해없음,화물,남,23세,중상
2014020400100100,2014년 2월 4일 08시,화요일,경상남도 거제시 사등면,경상사고,0,0,1,0,차대차 - 추돌 - 진행중,안전거리미확보,건조,맑음,기타 - 기타,승용,여,36세,상해없음,승용,여,52세,경상
2014020400100101,2014년 2월 4일 08시,화요일,경상남도 의령군 용덕면,중상사고,0,1,0,0,차대사람 - 길가장자리구역통행중,안전운전불이행,건조,맑음,단일로 - 기타,승용,여,54세,상해없음,보행자,여,57세,중상
2014020400100129,2014년 2월 4일 09시,화요일,경상남도 창원시 진해구 여좌동,경상사고,0,0,2,0,차대차 - 측면직각충돌,신호위반,건조,맑음,교차로 - 교차로안,승용,여,42세,상해없음,승합,여,38세,경상
2014020400100130,2014년 2월 4일 09시,화요일,경상남도 김해시 장유면,경상사고,0,0,1,0,차대차 - 기타,신호위반,건조,맑음,교차로 - 교차로안,승합,남,40세,상해없음,승용,남,52세,경상
2014020400100158,2014년 2월 4일 10시,화요일,경상남도 김해시 주촌면,경상사고,0,0,1,0,차대차 - 추돌 - 주정차중,안전운전불이행,건조,맑음,단일로 - 기타,화물,남,51세,상해없음,승용,여,57세,경상
2014020400100179,2014년 2월 4일 11시,화요일,경상남도 진주시 문산읍,중상사고,0,1,0,0,차대차 - 기타,안전운전불이행,건조,맑음,단일로 - 기타,승용,남,69세,상해없음,원동기,남,77세,상해없음
2014020400100180,2014년 2월 4일 11시,화요일,경상남도 진주시 상대동,중상사고,0,1,0,0,차대차 - 기타,안전운전불이행,건조,맑음,교차로 - 교차로안,승용,남,29세,상해없음,승합,남,52세,상해없음
2014020400100181,2014년 2월 4일 11시,화요일,경상남도 밀양시 부북면,중상사고,0,1,0,0,차대차 - 측면직각충돌,신호위반,건조,맑음,교차로 - 교차로안,화물,남,66세,상해없음,승용,남,46세,중상
2014020400100216,2014년 2월 4일 13시,화요일,경상남도 밀양시 내이동,중상사고,0,1,0,0,차대차 - 추돌 - 진행중,안전운전불이행,건조,맑음,교차로 - 교차로부근,승용,남,20세,상해없음,화물,남,50세,중상
2014020400100241,2014년 2월 4일 14시,화요일,경상남도 통영시 북신동,중상사고,0,1,0,0,차대차 - 정면충돌,중앙선침범,건조,맑음,교차로 - 교차로부근,승용,여,45세,상해없음,승용,여,44세,상해없음
2014020400100242,2014년 2월 4일 14시,화요일,경상남도 남해군 서면,중상사고,0,3,0,0,차량단독 - 공작물충돌,안전운전불이행,건조,맑음,단일로 - 기타,승용,남,61세,중상,,,,
2014020400100267,2014년 2월 4일 15시,화요일,경상남도 김해시 내동,중상사고,0,1,0,0,차대사람 - 횡단중,보행자보호의무위반,건조,맑음,교차로 - 교차로부근,승합,남,63세,상해없음,보행자,여,24세,중상
2014020400100268,2014년 2월 4일 15시,화요일,경상남도 함양군 수동면,중상사고,0,1,0,1,차대차 - 정면충돌,중앙선침범,건조,맑음,단일로 - 기타,화물,남,51세,부상신고,화물,남,42세,중상
2014020400100288,2014년 2월 4일 16시,화요일,경상남도 창원시 진해구 경화동,경상사고,0,0,1,0,차대차 - 측면직각충돌,안전거리미확보,건조,맑음,단일로 - 기타,특수,남,65세,상해없음,승용,여,60세,경상
2014020400100289,2014년 2월 4일 16시,화요일,경상남도 통영시 무전동,중상사고,0,1,0,0,차대사람 - 길가장자리구역통행중,안전운전불이행,건조,맑음,단일로 - 기타,승용,남,27세,상해없음,보행자,여,52세,중상
2014020400100290,2014년 2월 4일 16시,화요일,경상남도 김해시 삼정동,중상사고,0,4,1,0,차대차 - 측면직각충돌,직진우회전진행방해,건조,맑음,교차로 - 교차로안,승용,여,41세,중상,승용,여,61세,경상
2014020400100323,2014년 2월 4일 17시,화요일,경상남도 창원시 성산구 남양동,경상사고,0,0,1,0,차대차 - 추돌 - 주정차중,안전운전불이행,건조,맑음,단일로 - 횡단보도부근,승용,남,70세,상해없음,승합,남,53세,경상
2014020400100324,2014년 2월 4일 17시,화요일,경상남도 창원시 마산회원구 내서읍,경상사고,0,0,1,0,차대사람 - 기타,안전운전불이행,건조,맑음,단일로 - 기타,승용,남,59세,상해없음,보행자,남,7세,경상