사고번호,사고일시,요일,시군구,사고내용,사망자수,중상자수,경상자수,부상신고자수,사고유형,법규위반,노면상태,기상상태,도로형태,가해운전자 차종,가해운전자 성별,가해운전자 연령,가해운전자 상해정도,피해운전자 차종,피해운전자 성별,피해운전자 연령,피해운전자 상해정도
2014020400100325,2014년 2월 4일 17시,화요일,경상남도 김해시 장유면,중상사고,0,1,0,0,차대차 - 기타,안전운전불이행,건조,맑음,교차로 - 교차로안,승용,여,58세,상해없음,승용,여,50세,중상
2014020400100352,2014년 2월 4일 18시,화요일,경상남도 거제시 고현동,중상사고,0,2,0,0,차대차 - 측면직각충돌,교차로운행방법위반,건조,맑음,교차로 - 교차로안,승용,남,66세,상해없음,이륜,남,24세,중상
2014020400100379,2014년 2월 4일 19시,화요일,경상남도 함안군 대산면,경상사고,0,0,1,0,차대차 - 기타,안전운전불이행,건조,맑음,단일로 - 기타,승용,남,54세,상해없음,승용,남,37세,경상
2014020400100399,2014년 2월 4일 20시,화요일,경상남도 양산시 주남동,중상사고,0,1,0,0,차대차 - 측면직각충돌,안전운전불이행,건조,맑음,기타 - 기타,건설기계,남,45세,상해없음,원동기,남,45세,중상
2014020500100015,2014년 2월 5일 00시,수요일,경상남도 창원시 성산구 상남동,경상사고,0,0,1,0,차대차 - 측면직각충돌,안전운전불이행,건조,맑음,기타 - 기타,화물,남,56세,기타불명,승용,여,34세,경상
2014020500100016,2014년 2월 5일 00시,수요일,경상남도 김해시 장유면,중상사고,0,1,0,0,차대차 - 측면직각충돌,안전운전불이행,건조,맑음,교차로 - 교차로안,승합,남,43세,상해없음,승용,남,33세,중상
2014020500100049,2014년 2월 5일 04시,수요일,경상남도 김해시 장유면,중상사고,0,1,0,0,차대차 - 정면충돌,중앙선침범,건조,맑음,단일로 - 기타,승합,남,60세,상해없음,화물,남,53세,중상
2014020500100071,2014년 2월 5일 07시,수요일,경상남도 김해시 어방동,경상사고,0,0,1,0,차대차 - 측면직각충돌,직진우회전진행방해,건조,맑음,교차로 - 교차로안,승용,남,27세,경상,승용,남,47세,상해없음
2014020500100072,2014년 2월 5일 07시,수요일,경상남도 김해시 흥동,경상사고,0,0,1,0,차대차 - 기타,신호위반,건조,맑음,교차로 - 교차로안,화물,남,54세,상해없음,승용,여,33세,상해없음
2014020500100090,2014년 2월 5일 08시,수요일,경상남도 창원시 마산합포구 현동,경상사고,0,0,1,0,차대차 - 측면직각충돌,교차로운행방법위반,건조,맑음,교차로 - 교차로안,화물,남,30세,상해없음,승용,여,49세,경상
2014020500100091,2014년 2월 5일 08시,수요일,경상남도 밀양시 삼문동,중상사고,0,1,0,0,차대차 - 추돌 - 진행중,차로위반,건조,맑음,교차로 - 교차로부근,화물,남,65세,상해없음,승용,남,31세,중상
2014020500100092,2014년 2월 5일 08시,수요일,경상남도 양산시 삼호동,경상사고,0,0,1,0,차대차 - 측면직각충돌,직진우회전진행방해,건조,맑음,교차로 - 교차로안,화물,남,47세,상해없음,승용,여,40세,경상
2014020500100130,2014년 2월 5일 11시,수요일,경상남도 창원시 마산합포구 상남동,경상사고,0,0,1,0,차대차 - 추돌 - 주정차중,안전운전불이행,건조,맑음,단일로 - 기타,승용,남,58세,상해없음,승용,여,64세,경상
2014020500100131,2014년 2월 5일 11시,수요일,경상남도 사천시 사천읍,경상사고,0,0,1,0,차대차 - 측면직각충돌,교차로운행방법위반,건조,맑음,교차로 - 교차로안,승용,여,30세,상해없음,이륜,남,46세,경상
2014020500100132,2014년 2월 5일 11시,수요일,경상남도 거제시 고현동,중상사고,0,2,0,0,차대차 - 추돌 - 진행중,안전운전불이행,건조,맑음,교차로 - 교차로부근,승용,남,35세,상해없음,승용,여,28세,중상
2014020500100144,2014년 2월 5일 12시,수요일,경상남도 창원시 진해구 이동,경상사고,0,0,2,0,차대차 - 측면직각충돌,교차로운행방법위반,건조,맑음,교차로 - 교차로안,승용,남,51세,상해없음,승용,남,55세,경상
2014020500100145,2014년 2월 5일 12시,수요일,경상남도 창원시 성산구 중앙동,부상신고사고,0,0,0,1,차대차 - 기타,안전운전불이행,기타,맑음,단일로 - 횡단보도상,이륜,남,45세,상해없음,자전거,여,42세,부상신고
2014020500100171,2014년 2월 5일 13시,수요일,경상남도 창원시 진해구 자은동,중상사고,0,1,0,1,차대차 - 측면직각충돌,교차로운행방법위반,건조,맑음,교차로 - 교차로안,승용,여,50세,부상신고,승용,남,39세,중상
2014020500100191,2014년 2월 5일 14시,수요일,경상남도 거제시 장평동,중상사고,0,1,0,0,차대차 - 추돌 - 진행중,안전운전불이행,건조,맑음,교차로 - 교차로부근,승용,남,58세,상해없음,승용,남,32세,중상
2014020500100213,2014년 2월 5일 15시,수요일,경상남도 김해시 삼계동,경상사고,0,0,1,0,차대차 - 측면직각충돌,중앙선침범,건조,맑음,단일로 - 기타,승용,남,61세,상해없음,승용,남,67세,경상
2014020500100214,2014년 2월 5일 15시,수요일,경상남도 고성군 하이면,사망사고,1,0,0,0,차대사람 - 길가장자리구역통행중,안전운전불이행,건조,맑음,단일로 - 기타,화물,남,37세,상해없음,보행자,여,81세,사망
2014020500100215,2014년 2월 5일 15시,수요일,경상남도 거제시 장목면,중상사고,0,1,0,0,차대사람 - 기타,안전운전불이행,건조,맑음,단일로 - 기타,화물,남,56세,상해없음,보행자,여,79세,중상
2014020500100245,2014년 2월 5일 16시,수요일,경상남도 밀양시 상남면,중상사고,0,1,0,0,차대차 - 추돌 - 진행중,중앙선침범,건조,맑음,단일로 - 기타,화물,남,57세,상해없음,이륜,남,71세,중상
2014020500100246,2014년 2월 5일 16시,수요일,경상남도 의령군 궁류면,부상신고사고,0,0,0,1,차대차 - 측면직각충돌,안전운전불이행,건조,맑음,단일로 - 기타,이륜,남,71세,부상신고,화물,여,46세,상해없음
2014020500100247,2014년 2월 5일 16시,수요일,경상남도 창원시 성산구 사파동,중상사고,0,1,0,0,차대사람 - 횡단중,안전운전불이행,건조,맑음,교차로 - 교차로안,승용,여,32세,상해없음,보행자,남,7세,중상
2014020500100296,2014년 2월 5일 18시,수요일,경상남도 창원시 진해구 경화동,중상사고,0,1,0,0,차대차 - 추돌 - 주정차중,안전운전불이행,건조,맑음,교차로 - 교차로부근,원동기,남,54세,중상,승용,남,27세,상해없음
2014020500100297,2014년 2월 5일 18시,수요일,경상남도 김해시 한림면,경상사고,0,0,1,0,차대차 - 측면직각충돌,안전운전불이행,건조,맑음,교차로 - 교차로부근,화물,남,23세,상해없음,이륜,남,76세,경상
2014020500100363,2014년 2월 5일 21시,수요일,경상남도 창원시 진해구 마천동,경상사고,0,0,1,0,차대사람 - 기타,안전운전불이행,건조,기타,교차로 - 교차로부근,승용,여,45세,상해없음,보행자,남,13세,경상
2014020500100393,2014년 2월 5일 22시,수요일,경상남도 진주시 상대동,중상사고,0,1,0,0,차대차 - 추돌 - 진행중,안전거리미확보,건조,맑음,단일로 - 기타,승용,남,50세,상해없음,승용,남,41세,중상
2014020500100394,2014년 2월 5일 22시,수요일,경상남도 창원시 성산구 반림동,중상사고,0,1,0,0,차대차 - 기타,안전운전불이행,기타,맑음,교차로 - 교차로안,승용,남,59세,상해없음,자전거,여,28세,중상
2014020500100423,2014년 2월 5일 23시,수요일,경상남도 창원시 마산회원구 양덕동,경상사고,0,0,1,0,차대차 - 정면충돌,중앙선침범,건조,맑음,단일로 - 기타,승용,여,30세,상해없음,승용,남,23세,경상
2014020600100069,2014년 2월 6일 06시,목요일,경상남도 양산시 북부동,중상사고,0,1,0,1,차대차 - 기타,직진우회전진행방해,건조,맑음,교차로 - 교차로안,승용,남,25세,상해없음,승용,남,52세,중상
2014020600100091,2014년 2월 6일 07시,목요일,경상남도 창원시 성산구 내동,경상사고,0,0,1,0,차대차 - 추돌 - 진행중,안전운전불이행,기타,맑음,교차로 - 교차로안,승용,남,53세,상해없음,승용,남,51세,경상
2014020600100117,2014년 2월 6일 08시,목요일,경상남도 김해시 삼방동,경상사고,0,0,4,0,차대차 - 추돌 - 주정차중,안전운전불이행,건조,맑음,단일로 - 기타,승용,남,27세,기타불명,화물,남,32세,경상
2014020600100142,2014년 2월 6일 09시,목요일,경상남도 창원시 진해구 충무동,경상사고,0,0,1,0,차대사람 - 기타,안전운전불이행,건조,맑음,단일로 - 기타,승용,여,45세,상해없음,보행자,여,61세,경상
2014020600100162,2014년 2월 6일 10시,목요일,경상남도 진주시 인사동,중상사고,0,1,0,0,차량단독 - 기타,안전운전불이행,건조,맑음,단일로 - 기타,승합,남,55세,상해없음,,,,
2014020600100180,2014년 2월 6일 11시,목요일,경상남도 창원시 진해구 여좌동,경상사고,0,0,1,0,차대사람 - 기타,안전운전불이행,건조,맑음,교차로 - 교차로안,승합,남,46세,상해없음,보행자,여,60세,경상
2014020600100199,2014년 2월 6일 12시,목요일,경상남도 사천시 사천읍,경상사고,0,0,5,0,차대차 - 측면직각충돌,교차로운행방법위반,건조,맑음,교차로 - 교차로부근,승용,남,67세,경상,승용,여,43세,경상
2014020600100200,2014년 2월 6일 12시,목요일,경상남도 김해시 삼정동,경상사고,0,0,2,0,차대차 - 측면직각충돌,교차로운행방법위반,건조,맑음,교차로 - 교차로안,승용,여,47세,상해없음,승용,남,26세,경상
2014020600100220,2014년 2월 6일 13시,목요일,경상남도 창원시 마산합포구 장군동3가,경상사고,0,0,1,0,차대차 - 기타,안전운전불이행,건조,맑음,단일로 - 기타,화물,남,47세,상해없음,이륜,남,38세,경상
2014020600100221,2014년 2월 6일 13시,목요일,경상남도 통영시 사량면,중상사고,0,1,0,0,차대사람 - 차도통행중,안전운전불이행,건조,맑음,단일로 - 기타,화물,남,45세,상해없음,보행자,여,78세,중상
2014020600100222,2014년 2월 6일 13시,목요일,경상남도 함안군 군북면,중상사고,0,1,0,0,차대차 - 측면직각충돌,안전운전불이행,건조,맑음,단일로 - 기타,화물,남,30세,상해없음,이륜,여,72세,중상
2014020600100246,2014년 2월 6일 14시,목요일,경상남도 창원시 마산합포구 월남동4가,경상사고,0,0,1,0,차대차 - 기타,안전운전불이행,건조,맑음,단일로 - 기타,이륜,남,51세,상해없음,승용,남,71세,경상
2014020600100247,2014년 2월 6일 14시,목요일,경상남도 창원시 진해구 석동,경상사고,0,0,1,0,차대차 - 측면직각충돌,안전거리미확보,건조,맑음,단일로 - 기타,특수,남,52세,상해없음,승용,남,52세,경상
2014020600100248,2014년 2월 6일 14시,목요일,경상남도 창원시 마산회원구 회성동,중상사고,0,1,0,0,차대차 - 추돌 - 주정차중,안전운전불이행,건조,맑음,단일로 - 기타,화물,남,47세,상해없음,승용,남,52세,중상
2014020600100291,2014년 2월 6일 16시,목요일,경상남도 거창군 가조면,중상사고,0,1,0,0,차대차 - 측면직각충돌,안전운전불이행,건조,맑음,교차로 - 교차로안,화물,남,57세,상해없음,원동기,남,85세,중상
2014020600100309,2014년 2월 6일 17시,목요일,경상남도 창원시 진해구 덕산동,경상사고,0,0,1,0,차대사람 - 횡단중,안전운전불이행,건조,맑음,교차로 - 교차로안,승용,여,34세,상해없음,보행자,남,60세,경상
2014020600100310,2014년 2월 6일 17시,목요일,경상남도 밀양시 내일동,경상사고,0,0,1,0,차대사람 - 길가장자리구역통행중,안전운전불이행,건조,맑음,단일로 - 기타,승용,여,52세,상해없음,보행자,여,23세,경상
2014020600100340,2014년 2월 6일 18시,목요일,경상남도 창원시 진해구 송학동,경상사고,0,0,1,0,차대사람 - 기타,안전운전불이행,건조,맑음,기타 - 기타,승용,여,20세,상해없음,보행자,남,1세,경상
2014020600100341,2014년 2월 6일 18시,목요일,경상남도 창원시 성산구 중앙동,경상사고,0,0,1,0,차대차 - 측면직각충돌,신호위반,건조,맑음,교차로 - 교차로안,승용,남,27세,상해없음,승용,남,74세,경상
2014020600100369,2014년 2월 6일 19시,목요일,경상남도 창원시 마산합포구 진전면,중상사고,0,1,0,0,차대차 - 기타,안전운전불이행,건조,맑음,단일로 - 기타,화물,남,52세,상해없음,화물,남,51세,중상
2014020600100370,2014년 2월 6일 19시,목요일,경상남도 김해시 장유면,경상사고,0,0,1,0,차대사람 - 횡단중,신호위반,건조,맑음,단일로 - 기타,이륜,남,17세,상해없음,보행자,남,13세,경상
2014020600100414,2014년 2월 6일 21시,목요일,경상남도 거제시 수월동,중상사고,0,1,0,0,차대사람 - 횡단중,안전운전불이행,건조,맑음,교차로 - 교차로안,승용,남,25세,상해없음,보행자,남,26세,중상
2014020600100428,2014년 2월 6일 22시,목요일,경상남도 양산시 남부동,경상사고,0,0,1,1,차대차 - 측면직각충돌,중앙선침범,건조,맑음,단일로 - 기타,승용,남,48세,상해없음,승용,여,48세,경상
2014020600100454,2014년 2월 6일 23시,목요일,경상남도 창원시 마산합포구 상남동,중상사고,0,1,0,0,차대사람 - 기타,신호위반,건조,맑음,교차로 - 교차로안,승용,남,60세,상해없음,보행자,여,41세,중상
2014020700100027,2014년 2월 7일 01시,금요일,경상남도 창녕군 창녕읍,중상사고,0,1,1,0,차대차 - 추돌 - 진행중,안전운전불이행,건조,맑음,단일로 - 기타,승용,남,45세,경상,화물,남,49세,중상
2014020700100081,2014년 2월 7일 07시,금요일,경상남도 창원시 마산합포구 완월동,중상사고,0,1,0,0,차대차 - 기타,신호위반,건조,맑음,교차로 - 교차로안,승용,여,43세,상해없음,승용,남,55세,중상
2014020700100082,2014년 2월 7일 07시,금요일,경상남도 김해시 부원동,중상사고,0,1,0,0,차대차 - 측면직각충돌,신호위반,건조,맑음,교차로 - 교차로안,건설기계,남,54세,상해없음,승용,남,52세,중상
2014020700100129,2014년 2월 7일 09시,금요일,경상남도 창원시 진해구 이동,중상사고,0,1,0,0,차대차 - 기타,안전거리미확보,건조,맑음,교차로 - 교차로부근,승합,여,44세,상해없음,승합,남,51세,상해없음
2014020700100130,2014년 2월 7일 09시,금요일,경상남도 창원시 의창구 동읍,경상사고,0,0,1,0,차대차 - 추돌 - 진행중,안전거리미확보,건조,흐림,미분류 - 미분류,화물,남,49세,상해없음,승용,여,51세,경상
2014020700100161,2014년 2월 7일 11시,금요일,경상남도 사천시 벌리동,경상사고,0,0,1,0,차대차 - 측면직각충돌,교차로운행방법위반,건조,맑음,교차로 - 교차로안,원동기,남,42세,경상,화물,남,59세,상해없음
2014020700100162,2014년 2월 7일 11시,금요일,경상남도 사천시 송포동,경상사고,0,0,2,0,차대차 - 기타,교차로운행방법위반,건조,맑음,교차로 - 교차로안,승용,남,68세,경상,승용,남,47세,경상
2014020700100163,2014년 2월 7일 11시,금요일,경상남도 김해시 어방동,중상사고,0,1,0,0,차대사람 - 기타,안전운전불이행,습기,흐림,교차로 - 교차로부근,화물,여,35세,상해없음,보행자,남,72세,중상
2014020700100164,2014년 2월 7일 11시,금요일,경상남도 창원시 마산회원구 합성동,중상사고,0,1,0,0,차대차 - 측면직각충돌,중앙선침범,건조,맑음,교차로 - 교차로안,승용,여,51세,상해없음,이륜,남,75세,중상
2014020700100189,2014년 2월 7일 12시,금요일,경상남도 창원시 마산합포구 상남동,중상사고,0,1,0,0,차대사람 - 기타,보행자보호의무위반,습기,흐림,교차로 - 교차로부근,승용,여,34세,상해없음,보행자,남,65세,중상
2014020700100206,2014년 2월 7일 13시,금요일,경상남도 진주시 문산읍,경상사고,0,0,1,0,차대사람 - 차도통행중,안전운전불이행,건조,맑음,단일로 - 기타,화물,남,78세,상해없음,보행자,남,7세,경상
2014020700100207,2014년 2월 7일 13시,금요일,경상남도 사천시 곤양면,중상사고,0,1,0,0,차대사람 - 기타,안전운전불이행,건조,맑음,기타 - 기타,화물,남,43세,상해없음,보행자,남,36세,중상
2014020700100231,2014년 2월 7일 14시,금요일,경상남도 진주시 평거동,경상사고,0,0,1,0,차대차 - 측면직각충돌,직진우회전진행방해,건조,맑음,단일로 - 기타,승용,여,43세,상해없음,이륜,남,41세,경상
2014020700100232,2014년 2월 7일 14시,금요일,경상남도 거제시 거제면,중상사고,0,2,0,0,차대차 - 기타,중앙선침범,습기,비,단일로 - 기타,승용,남,52세,상해없음,화물,남,56세,상해없음
2014020700100265,2014년 2월 7일 15시,금요일,경상남도 창원시 마산합포구 현동,경상사고,0,0,1,1,차량단독 - 공작물충돌,안전운전불이행,습기,비,단일로 - 기타,승용,남,17세,부상신고,,,,
2014020700100266,2014년 2월 7일 15시,금요일,경상남도 창녕군 도천면,중상사고,0,1,0,0,차대차 - 기타,교차로운행방법위반,건조,맑음,교차로 - 교차로안,승용,남,61세,상해없음,승용,여,54세,중상
2014020700100267,2014년 2월 7일 15시,금요일,경상남도 창원시 마산회원구 회원동,부상신고사고,0,0,0,1,차대차 - 기타,안전운전불이행,건조,맑음,교차로 - 교차로안,이륜,남,75세,부상신고,승용,남,62세,상해없음
2014020700100283,2014년 2월 7일 16시,금요일,경상남도 김해시 한림면,경상사고,0,0,1,0,차대차 - 측면직각충돌,신호위반,건조,맑음,교차로 - 교차로안,화물,남,65세,상해없음,화물,남,30세,경상
2014020700100298,2014년 2월 7일 17시,금요일,경상남도 진주시 정촌면,중상사고,0,1,1,0,차대차 - 추돌 - 진행중,안전운전불이행,습기,비,단일로 - 기타,승용,남,58세,상해없음,승용,여,40세,중상
2014020700100299,2014년 2월 7일 17시,금요일,경상남도 창원시 마산회원구 합성동,중상사고,0,1,2,0,차대차 - 추돌 - 진행중,안전운전불이행,건조,맑음,단일로 - 기타,승합,남,48세,상해없음,승용,여,48세,경상
2014020700100300,2014년 2월 7일 17시,금요일,경상남도 창원시 의창구 도계동,경상사고,0,0,1,0,차대차 - 측면직각충돌,직진우회전진행방해,습기,비,교차로 - 교차로안,승용,여,46세,상해없음,승용,남,50세,경상
2014020700100334,2014년 2월 7일 18시,금요일,경상남도 양산시 물금읍,부상신고사고,0,0,0,2,차대차 - 측면직각충돌,신호위반,습기,비,교차로 - 교차로안,승용,여,40세,상해없음,승합,남,53세,상해없음
2014020700100335,2014년 2월 7일 18시,금요일,경상남도 양산시 명동,중상사고,0,1,0,0,차대사람 - 횡단중,안전운전불이행,습기,비,단일로 - 횡단보도부근,승용,여,40세,상해없음,보행자,남,57세,중상
2014020700100336,2014년 2월 7일 18시,금요일,경상남도 거제시 상동동,경상사고,0,0,1,0,차대차 - 기타,교차로운행방법위반,건조,맑음,교차로 - 교차로부근,승용,남,59세,상해없음,원동기,남,31세,경상
2014020700100337,2014년 2월 7일 18시,금요일,경상남도 거제시 고현동,경상사고,0,0,1,0,차대사람 - 기타,안전운전불이행,건조,맑음,단일로 - 기타,승용,여,57세,상해없음,보행자,남,10세,경상
2014020700100338,2014년 2월 7일 18시,금요일,경상남도 창원시 성산구 중앙동,경상사고,0,0,3,0,차대차 - 측면직각충돌,안전운전불이행,기타,맑음,교차로 - 교차로안,승용,남,69세,상해없음,승용,남,24세,경상
2014020700100339,2014년 2월 7일 18시,금요일,경상남도 김해시 진영읍,경상사고,0,0,1,0,차대차 - 측면직각충돌,중앙선침범,습기,비,단일로 - 기타,화물,남,51세,상해없음,승용,남,36세,경상
2014020700100340,2014년 2월 7일 18시,금요일,경상남도 김해시 진영읍,경상사고,0,0,1,0,차대차 - 추돌 - 주정차중,안전운전불이행,건조,맑음,기타 - 기타,승용,여,24세,상해없음,승용,여,58세,경상
2014020700100387,2014년 2월 7일 19시,금요일,경상남도 진주시 신안동,사망사고,1,0,0,0,차대차 - 측면직각충돌,신호위반,습기,비,교차로 - 교차로안,이륜,남,19세,사망,승용,여,30세,상해없음
2014020700100388,2014년 2월 7일 19시,금요일,경상남도 진주시 하대동,경상사고,0,0,1,0,차대사람 - 횡단중,보행자보호의무위반,습기,비,교차로 - 교차로안,이륜,남,19세,상해없음,보행자,여,43세,경상
2014020700100389,2014년 2월 7일 19시,금요일,경상남도 창원시 진해구 석동,경상사고,0,0,1,0,차대사람 - 기타,안전운전불이행,습기,비,교차로 - 교차로부근,승용,여,45세,기타불명,보행자,남,51세,경상
2014020700100390,2014년 2월 7일 19시,금요일,경상남도 양산시 명동,중상사고,0,1,0,0,차대차 - 측면직각충돌,중앙선침범,건조,맑음,단일로 - 기타,승용,남,34세,상해없음,원동기,남,18세,중상
2014020700100391,2014년 2월 7일 19시,금요일,경상남도 김해시 진영읍,중상사고,0,1,0,0,차대사람 - 기타,신호위반,건조,맑음,교차로 - 교차로부근,승용,여,55세,상해없음,보행자,남,43세,중상
2014020700100392,2014년 2월 7일 19시,금요일,경상남도 함안군 가야읍,중상사고,0,1,0,0,차대차 - 기타,안전운전불이행,습기,비,단일로 - 기타,기타불명,기타불명,기타불명,기타불명,승용,남,55세,중상
2014020700100414,2014년 2월 7일 20시,금요일,경상남도 김해시 대동면,경상사고,0,0,1,0,차대차 - 추돌 - 진행중,안전거리미확보,습기,비,단일로 - 기타,화물,남,48세,경상,화물,남,60세,상해없음
2014020700100424,2014년 2월 7일 20시,금요일,경상남도 김해시 외동,중상사고,0,1,0,0,차대사람 - 기타,안전운전불이행,습기,비,교차로 - 교차로부근,승합,남,34세,상해없음,보행자,남,55세,중상
2014020700100425,2014년 2월 7일 20시,금요일,경상남도 창원시 의창구 동읍,경상사고,0,0,1,0,차대차 - 추돌 - 주정차중,안전거리미확보,습기,비,교차로 - 교차로안,승용,남,52세,상해없음,승용,여,32세,경상
2014020700100440,2014년 2월 7일 21시,금요일,경상남도 김해시 진례면,중상사고,0,1,1,0,차대차 - 측면직각충돌,안전운전불이행,습기,비,단일로 - 기타,승용,남,49세,상해없음,승용,남,40세,중상
2014020700100461,2014년 2월 7일 21시,금요일,경상남도 진주시 평거동,중상사고,0,1,0,0,차대차 - 측면직각충돌,신호위반,습기,비,교차로 - 교차로안,승용,남,32세,상해없음,승용,여,49세,중상
2014020700100462,2014년 2월 7일 21시,금요일,경상남도 통영시 광도면,중상사고,0,2,0,0,차대차 - 추돌 - 진행중,안전거리미확보,습기,비,교차로 - 교차로부근,승합,남,28세,상해없음,승용,여,53세,중상
2014020700100463,2014년 2월 7일 21시,금요일,경상남도 밀양시 삼문동,경상사고,0,0,2,0,차대차 - 추돌 - 주정차중,교차로운행방법위반,건조,맑음,교차로 - 교차로안,승용,남,52세,상해없음,승용,남,55세,상해없음
2014020700100464,2014년 2월 7일 21시,금요일,경상남도 창원시 성산구 남산동,중상사고,0,1,1,0,차대차 - 측면직각충돌,안전운전불이행,습기,비,기타 - 기타,화물,남,65세,상해없음,승용,남,40세,경상
2014020700100494,2014년 2월 7일 22시,금요일,경상남도 밀양시 내이동,중상사고,0,1,0,0,차대사람 - 횡단중,안전운전불이행,습기,비,단일로 - 기타,이륜,남,46세,상해없음,보행자,여,66세,중상
2014020700100495,2014년 2월 7일 22시,금요일,경상남도 김해시 삼정동,경상사고,0,0,1,0,차량단독 - 기타,안전운전불이행,건조,맑음,단일로 - 기타,승용,남,48세,상해없음,,,,
2014020700100496,2014년 2월 7일 22시,금요일,경상남도 거제시 아주동,중상사고,0,2,2,0,차대차 - 기타,안전운전불이행,습기,비,교차로 - 교차로부근,승용,남,41세,상해없음,승용,여,27세,중상
2014020700100529,2014년 2월 7일 23시,금요일,경상남도 김해시 삼방동,경상사고,0,0,1,0,차대차 - 측면직각충돌,신호위반,습기,비,교차로 - 교차로안,승용,남,53세,상해없음,원동기,남,22세,경상
2014020800100017,2014년 2월 8일 00시,토요일,경상남도 양산시 평산동,경상사고,0,0,1,0,차대차 - 측면직각충돌,교차로운행방법위반,건조,맑음,교차로 - 교차로안,승용,남,42세,상해없음,승용,남,28세,경상
2014020800100018,2014년 2월 8일 00시,토요일,경상남도 창원시 의창구 용호동,부상신고사고,0,0,0,1,차대차 - 추돌 - 주정차중,안전운전불이행,건조,맑음,교차로 - 교차로부근,승용,남,44세,상해없음,승용,남,28세,부상신고
2014020800100019,2014년 2월 8일 00시,토요일,경상남도 창원시 의창구 봉곡동,경상사고,0,0,3,0,차대차 - 추돌 - 진행중,안전운전불이행,건조,맑음,단일로 - 기타,승용,남,42세,상해없음,승용,남,47세,경상
2014020800100050,2014년 2월 8일 01시,토요일,경상남도 창원시 마산합포구 신포동2가,경상사고,0,0,4,0,차대차 - 추돌 - 주정차중,안전운전불이행,건조,맑음,단일로 - 기타,승용,여,42세,상해없음,승용,남,56세,상해없음
2014020800100051,2014년 2월 8일 01시,토요일,경상남도 김해시 부원동,경상사고,0,0,2,0,차대차 - 추돌 - 주정차중,안전운전불이행,습기,비,교차로 - 교차로부근,승용,남,51세,상해없음,승용,여,44세,경상
2014020800100064,2014년 2월 8일 02시,토요일,경상남도 창원시 진해구 경화동,경상사고,0,0,1,0,차대차 - 측면직각충돌,교차로운행방법위반,습기,비,교차로 - 교차로안,승용,여,47세,상해없음,승용,남,48세,상해없음
2014020800100081,2014년 2월 8일 03시,토요일,경상남도 창원시 의창구 동읍,경상사고,0,0,2,0,차대차 - 기타,기타,습기,비,교차로 - 교차로안,승용,남,23세,상해없음,승용,남,60세,경상
2014020800100089,2014년 2월 8일 04시,토요일,경상남도 양산시 물금읍,경상사고,0,0,1,0,차량단독 - 공작물충돌,안전운전불이행,습기,비,교차로 - 교차로부근,승용,여,31세,경상,,,,
2014020800100123,2014년 2월 8일 07시,토요일,경상남도 창원시 성산구 대방동,중상사고,0,1,0,0,차대사람 - 횡단중,안전운전불이행,습기,맑음,교차로 - 교차로부근,승합,남,66세,상해없음,보행자,여,61세,중상
2014020800100141,2014년 2월 8일 08시,토요일,경상남도 통영시 북신동,중상사고,0,3,1,0,차대차 - 정면충돌,신호위반,건조,맑음,교차로 - 교차로안,승용,여,39세,상해없음,화물,남,44세,경상
2014020800100226,2014년 2월 8일 12시,토요일,경상남도 사천시 선구동,경상사고,0,0,2,0,차대차 - 추돌 - 진행중,안전운전불이행,건조,흐림,교차로 - 교차로안,승용,남,69세,상해없음,승용,여,51세,경상
2014020800100227,2014년 2월 8일 12시,토요일,경상남도 밀양시 상동면,중상사고,0,2,4,0,차대차 - 측면직각충돌,교차로운행방법위반,건조,맑음,교차로 - 교차로안,승용,남,33세,상해없음,화물,남,65세,중상
2014020800100273,2014년 2월 8일 14시,토요일,경상남도 거창군 거창읍,중상사고,0,1,0,0,차대차 - 기타,교차로운행방법위반,건조,맑음,교차로 - 교차로안,승용,남,53세,상해없음,이륜,여,38세,중상
2014020800100274,2014년 2월 8일 14시,토요일,경상남도 거제시 연초면,중상사고,0,1,1,0,차대차 - 기타,안전거리미확보,건조,맑음,교차로 - 교차로부근,승용,남,56세,상해없음,승용,남,30세,경상
2014020800100300,2014년 2월 8일 15시,토요일,경상남도 진주시 상대동,경상사고,0,0,1,0,차대사람 - 길가장자리구역통행중,안전운전불이행,건조,맑음,단일로 - 기타,승용,여,33세,상해없음,보행자,여,48세,경상
2014020800100359,2014년 2월 8일 17시,토요일,경상남도 창원시 마산회원구 내서읍,중상사고,0,1,0,0,차대차 - 측면직각충돌,신호위반,건조,기타,교차로 - 교차로안,화물,남,35세,상해없음,승용,여,56세,중상
2014020800100397,2014년 2월 8일 18시,토요일,경상남도 사천시 사천읍,부상신고사고,0,0,0,1,차대차 - 측면직각충돌,교차로운행방법위반,건조,맑음,교차로 - 교차로안,승용,남,30세,상해없음,이륜,여,55세,부상신고
2014020800100398,2014년 2월 8일 18시,토요일,경상남도 사천시 사천읍,중상사고,0,1,0,0,차대차 - 추돌 - 주정차중,안전운전불이행,습기,흐림,단일로 - 기타,승용,여,49세,상해없음,승용,남,57세,중상
2014020800100469,2014년 2월 8일 20시,토요일,경상남도 창원시 진해구 남문동,부상신고사고,0,0,0,1,차대차 - 기타,안전운전불이행,건조,맑음,교차로 - 교차로부근,승용,여,37세,부상신고,승용,여,49세,상해없음
2014020800100470,2014년 2월 8일 20시,토요일,경상남도 사천시 사남면,중상사고,0,1,0,0,차량단독 - 공작물충돌,안전운전불이행,건조,맑음,단일로 - 기타,이륜,남,28세,중상,,,,