사고번호,사고일시,요일,시군구,사고내용,사망자수,중상자수,경상자수,부상신고자수,사고유형,법규위반,노면상태,기상상태,도로형태,가해운전자 차종,가해운전자 성별,가해운전자 연령,가해운전자 상해정도,피해운전자 차종,피해운전자 성별,피해운전자 연령,피해운전자 상해정도
2014021200100556,2014년 2월 12일 23시,수요일,경상남도 창녕군 창녕읍,경상사고,0,0,2,0,차대차 - 정면충돌,중앙선침범,건조,맑음,단일로 - 기타,승용,남,31세,상해없음,승용,남,28세,경상
2014021200100557,2014년 2월 12일 23시,수요일,경상남도 양산시 북부동,중상사고,0,1,0,0,차대차 - 측면직각충돌,교차로운행방법위반,건조,맑음,교차로 - 교차로안,승용,남,45세,상해없음,화물,남,26세,중상
2014021200100558,2014년 2월 12일 23시,수요일,경상남도 거제시 상동동,중상사고,0,1,0,0,차대사람 - 횡단중,보행자보호의무위반,건조,맑음,단일로 - 횡단보도상,이륜,남,36세,상해없음,보행자,남,37세,중상
2014021300100016,2014년 2월 13일 00시,목요일,경상남도 진주시 인사동,경상사고,0,0,1,0,차대차 - 기타,신호위반,건조,맑음,교차로 - 교차로안,승용,남,24세,상해없음,승용,남,48세,상해없음
2014021300100017,2014년 2월 13일 00시,목요일,경상남도 창원시 마산회원구 석전동,중상사고,0,1,0,0,차대사람 - 횡단중,안전운전불이행,건조,맑음,교차로 - 교차로부근,승용,남,47세,상해없음,보행자,남,32세,중상
2014021300100028,2014년 2월 13일 01시,목요일,경상남도 김해시 삼계동,중상사고,0,1,0,0,차대사람 - 횡단중,안전운전불이행,습기,비,단일로 - 기타,승용,남,23세,상해없음,보행자,남,34세,중상
2014021300100029,2014년 2월 13일 01시,목요일,경상남도 거제시 아주동,경상사고,0,0,1,0,차량단독 - 전도전복,안전운전불이행,건조,맑음,단일로 - 터널,화물,여,32세,상해없음,,,,
2014021300100074,2014년 2월 13일 06시,목요일,경상남도 창원시 성산구 불모산동,사망사고,1,0,1,0,차대차 - 추돌 - 진행중,안전운전불이행,건조,맑음,단일로 - 기타,화물,남,64세,사망,화물,남,69세,경상
2014021300100075,2014년 2월 13일 06시,목요일,경상남도 창원시 성산구 불모산동,중상사고,0,2,1,0,차대차 - 추돌 - 진행중,안전운전불이행,건조,맑음,단일로 - 기타,승용,남,53세,상해없음,승용,남,44세,중상
2014021300100096,2014년 2월 13일 07시,목요일,경상남도 창원시 마산합포구 교방동,중상사고,0,1,1,0,차대차 - 추돌 - 주정차중,안전운전불이행,건조,맑음,단일로 - 기타,화물,남,64세,상해없음,화물,남,60세,경상
2014021300100097,2014년 2월 13일 07시,목요일,경상남도 진주시 칠암동,중상사고,0,1,0,0,차대사람 - 횡단중,안전운전불이행,건조,맑음,단일로 - 횡단보도부근,화물,남,47세,상해없음,보행자,여,58세,중상
2014021300100098,2014년 2월 13일 07시,목요일,경상남도 진주시 평거동,중상사고,0,1,0,0,차대차 - 측면직각충돌,신호위반,건조,맑음,교차로 - 교차로안,승용,남,52세,상해없음,승용,여,25세,중상
2014021300100136,2014년 2월 13일 08시,목요일,경상남도 진주시 금산면,중상사고,0,1,0,0,차대사람 - 횡단중,안전운전불이행,건조,맑음,단일로 - 기타,승용,여,31세,상해없음,보행자,여,8세,중상
2014021300100137,2014년 2월 13일 08시,목요일,경상남도 창원시 성산구 신촌동,중상사고,0,1,0,0,차대차 - 기타,안전운전불이행,기타,맑음,단일로 - 기타,승용,여,57세,상해없음,이륜,남,77세,중상
2014021300100174,2014년 2월 13일 09시,목요일,경상남도 의령군 의령읍,중상사고,0,1,0,0,차대사람 - 기타,안전운전불이행,건조,맑음,단일로 - 기타,특수,남,59세,상해없음,보행자,여,51세,중상
2014021300100199,2014년 2월 13일 10시,목요일,경상남도 양산시 삼호동,경상사고,0,0,1,0,차대사람 - 횡단중,보행자보호의무위반,건조,맑음,단일로 - 횡단보도상,승용,여,35세,상해없음,보행자,여,19세,경상
2014021300100200,2014년 2월 13일 10시,목요일,경상남도 함안군 칠북면,경상사고,0,0,1,0,차대차 - 측면직각충돌,안전운전불이행,건조,맑음,단일로 - 기타,이륜,남,71세,경상,승용,여,22세,상해없음
2014021300100214,2014년 2월 13일 11시,목요일,경상남도 창원시 진해구 자은동,경상사고,0,0,1,0,차대차 - 측면직각충돌,안전운전불이행,건조,맑음,교차로 - 교차로부근,승용,여,43세,상해없음,자전거,남,74세,경상
2014021300100215,2014년 2월 13일 11시,목요일,경상남도 거제시 사등면,경상사고,0,0,1,0,차대차 - 기타,안전운전불이행,건조,맑음,단일로 - 기타,승용,남,65세,상해없음,승용,여,44세,경상
2014021300100229,2014년 2월 13일 12시,목요일,경상남도 창원시 마산합포구 신월동,중상사고,0,1,0,0,차대사람 - 차도통행중,안전운전불이행,건조,맑음,단일로 - 기타,승용,남,61세,상해없음,보행자,남,16세,중상
2014021300100230,2014년 2월 13일 12시,목요일,경상남도 양산시 물금읍,경상사고,0,0,1,0,차대차 - 측면직각충돌,직진우회전진행방해,건조,맑음,교차로 - 교차로안,화물,남,32세,상해없음,승용,여,30세,경상
2014021300100249,2014년 2월 13일 13시,목요일,경상남도 합천군 삼가면,중상사고,0,1,1,0,차대차 - 측면직각충돌,신호위반,건조,맑음,교차로 - 교차로안,승용,여,47세,경상,화물,남,61세,상해없음
2014021300100250,2014년 2월 13일 13시,목요일,경상남도 창원시 마산회원구 양덕동,중상사고,0,3,2,0,차대차 - 측면직각충돌,안전운전불이행,건조,맑음,단일로 - 기타,승용,남,65세,상해없음,승합,남,52세,상해없음
2014021300100279,2014년 2월 13일 14시,목요일,경상남도 김해시 어방동,중상사고,0,1,0,0,차대차 - 측면직각충돌,안전거리미확보,건조,맑음,단일로 - 기타,화물,남,50세,상해없음,승용,여,41세,중상
2014021300100280,2014년 2월 13일 14시,목요일,경상남도 김해시 장유면,중상사고,0,1,0,0,차대차 - 추돌 - 진행중,안전운전불이행,건조,흐림,단일로 - 기타,화물,남,53세,상해없음,승합,여,48세,중상
2014021300100308,2014년 2월 13일 15시,목요일,경상남도 통영시 정량동,경상사고,0,0,1,0,차대차 - 기타,안전거리미확보,건조,맑음,단일로 - 기타,승용,남,66세,상해없음,승용,남,62세,상해없음
2014021300100309,2014년 2월 13일 15시,목요일,경상남도 통영시 중앙동,경상사고,0,0,1,0,차대사람 - 횡단중,안전운전불이행,건조,맑음,단일로 - 횡단보도상,승용,남,43세,상해없음,보행자,여,46세,경상
2014021300100330,2014년 2월 13일 16시,목요일,경상남도 거창군 거창읍,부상신고사고,0,0,0,1,차대차 - 측면직각충돌,교차로운행방법위반,건조,맑음,교차로 - 교차로안,원동기,여,68세,부상신고,화물,여,43세,상해없음
2014021300100331,2014년 2월 13일 16시,목요일,경상남도 양산시 명동,경상사고,0,0,1,0,차대차 - 측면직각충돌,교차로운행방법위반,습기,비,교차로 - 교차로안,승용,남,57세,상해없음,승용,여,44세,경상
2014021300100428,2014년 2월 13일 19시,목요일,경상남도 창원시 진해구 죽곡동,중상사고,0,1,0,0,차대차 - 측면직각충돌,안전운전불이행,건조,기타,단일로 - 기타,승용,남,52세,상해없음,승용,남,42세,중상
2014021300100429,2014년 2월 13일 19시,목요일,경상남도 창원시 의창구 동읍,중상사고,0,1,0,0,차대사람 - 기타,안전운전불이행,건조,흐림,단일로 - 기타,승용,남,42세,상해없음,보행자,남,73세,중상
2014021300100430,2014년 2월 13일 19시,목요일,경상남도 김해시 장유면,경상사고,0,0,1,0,차대차 - 추돌 - 주정차중,안전운전불이행,건조,맑음,단일로 - 기타,승용,남,35세,경상,화물,남,43세,상해없음
2014021300100455,2014년 2월 13일 20시,목요일,경상남도 김해시 상동면,경상사고,0,0,1,0,차대차 - 측면직각충돌,중앙선침범,건조,맑음,단일로 - 기타,화물,남,31세,상해없음,승용,여,53세,경상
2014021300100456,2014년 2월 13일 20시,목요일,경상남도 함안군 칠원면,경상사고,0,0,1,0,차대사람 - 기타,안전운전불이행,건조,맑음,교차로 - 교차로부근,기타불명,기타불명,기타불명,기타불명,보행자,여,16세,경상
2014021300100494,2014년 2월 13일 21시,목요일,경상남도 거제시 장평동,경상사고,0,0,1,0,차대차 - 기타,안전운전불이행,건조,맑음,단일로 - 기타,승용,남,32세,상해없음,이륜,남,17세,경상
2014021300100495,2014년 2월 13일 21시,목요일,경상남도 거제시 고현동,중상사고,0,1,2,0,차대차 - 기타,안전운전불이행,건조,맑음,단일로 - 기타,이륜,남,28세,상해없음,승용,남,60세,경상
2014021300100524,2014년 2월 13일 22시,목요일,경상남도 거제시 연초면,중상사고,0,1,0,0,차대차 - 기타,안전운전불이행,건조,맑음,단일로 - 기타,승용,남,57세,상해없음,승용,여,53세,중상
2014021300100525,2014년 2월 13일 22시,목요일,경상남도 창원시 마산회원구 내서읍,중상사고,0,2,0,0,차대차 - 추돌 - 주정차중,안전운전불이행,건조,맑음,단일로 - 기타,승용,남,52세,상해없음,승용,남,49세,중상
2014021300100550,2014년 2월 13일 23시,목요일,경상남도 진주시 초전동,중상사고,0,2,1,0,차대차 - 측면직각충돌,신호위반,건조,맑음,교차로 - 교차로안,승용,남,28세,경상,화물,남,45세,중상
2014021300100551,2014년 2월 13일 23시,목요일,경상남도 창원시 진해구 석동,경상사고,0,0,1,0,차대차 - 측면직각충돌,교차로운행방법위반,건조,기타,교차로 - 교차로안,승용,남,47세,상해없음,승용,남,39세,경상
2014021300100552,2014년 2월 13일 23시,목요일,경상남도 통영시 태평동,경상사고,0,0,1,0,차대사람 - 기타,안전운전불이행,건조,맑음,단일로 - 기타,기타불명,기타불명,기타불명,기타불명,보행자,남,37세,경상
2014021400100056,2014년 2월 14일 03시,금요일,경상남도 창원시 마산합포구 월남동5가,경상사고,0,0,1,0,차대차 - 측면직각충돌,안전운전불이행,건조,맑음,단일로 - 기타,승용,남,46세,상해없음,승용,남,51세,경상
2014021400100069,2014년 2월 14일 05시,금요일,경상남도 밀양시 상남면,경상사고,0,0,1,0,차대차 - 추돌 - 진행중,안전운전불이행,건조,맑음,단일로 - 기타,화물,남,24세,상해없음,화물,남,52세,경상
2014021400100070,2014년 2월 14일 05시,금요일,경상남도 거제시 능포동,중상사고,0,1,0,0,차대사람 - 기타,안전운전불이행,건조,맑음,단일로 - 횡단보도부근,승합,남,40세,상해없음,보행자,남,45세,중상
2014021400100071,2014년 2월 14일 05시,금요일,경상남도 거제시 장평동,중상사고,0,1,0,0,차대차 - 기타,안전운전불이행,건조,맑음,단일로 - 기타,승합,남,49세,상해없음,자전거,남,53세,중상
2014021400100087,2014년 2월 14일 06시,금요일,경상남도 사천시 노룡동,경상사고,0,0,1,2,차대차 - 추돌 - 주정차중,안전운전불이행,건조,맑음,단일로 - 기타,승용,남,35세,경상,승용,남,62세,부상신고
2014021400100104,2014년 2월 14일 07시,금요일,경상남도 통영시 미수동,중상사고,0,1,0,0,차대차 - 측면직각충돌,중앙선침범,건조,맑음,교차로 - 교차로안,승용,여,49세,상해없음,원동기,남,23세,중상
2014021400100147,2014년 2월 14일 09시,금요일,경상남도 사천시 벌리동,경상사고,0,0,1,0,차대차 - 측면직각충돌,직진우회전진행방해,건조,맑음,교차로 - 교차로안,승용,여,42세,상해없음,승용,남,52세,경상
2014021400100170,2014년 2월 14일 10시,금요일,경상남도 김해시 삼계동,경상사고,0,0,1,0,차대차 - 기타,안전운전불이행,건조,맑음,단일로 - 기타,승용,남,32세,상해없음,승용,여,49세,경상
2014021400100196,2014년 2월 14일 11시,금요일,경상남도 합천군 합천읍,부상신고사고,0,0,0,1,차대차 - 측면직각충돌,안전운전불이행,건조,맑음,단일로 - 기타,원동기,여,64세,부상신고,승용,남,68세,상해없음
2014021400100216,2014년 2월 14일 12시,금요일,경상남도 거제시 장평동,중상사고,0,1,0,0,차대차 - 추돌 - 진행중,신호위반,건조,흐림,교차로 - 교차로부근,건설기계,남,33세,상해없음,화물,남,39세,중상
2014021400100242,2014년 2월 14일 13시,금요일,경상남도 김해시 부원동,중상사고,0,1,0,0,차대차 - 기타,직진우회전진행방해,건조,맑음,단일로 - 기타,화물,남,25세,상해없음,승합,남,45세,상해없음
2014021400100243,2014년 2월 14일 13시,금요일,경상남도 함양군 함양읍,경상사고,0,0,3,0,차대차 - 기타,기타,건조,맑음,교차로 - 교차로안,승용,남,60세,상해없음,승용,여,44세,경상
2014021400100244,2014년 2월 14일 13시,금요일,경상남도 양산시 동면,중상사고,0,1,2,0,차대차 - 추돌 - 진행중,안전운전불이행,건조,맑음,단일로 - 기타,화물,남,48세,상해없음,화물,남,57세,경상
2014021400100272,2014년 2월 14일 14시,금요일,경상남도 진주시 중안동,중상사고,0,1,0,0,차대사람 - 기타,기타,건조,맑음,단일로 - 기타,승합,기타불명,기타불명,기타불명,보행자,남,71세,중상
2014021400100273,2014년 2월 14일 14시,금요일,경상남도 밀양시 단장면,사망사고,1,0,0,0,차량단독 - 전도전복,안전운전불이행,건조,흐림,단일로 - 기타,승용,남,61세,사망,,,,
2014021400100297,2014년 2월 14일 15시,금요일,경상남도 합천군 가야면,경상사고,0,0,1,0,차대차 - 측면직각충돌,교차로운행방법위반,건조,맑음,교차로 - 교차로안,이륜,여,48세,경상,승용,여,50세,상해없음
2014021400100348,2014년 2월 14일 17시,금요일,경상남도 창원시 마산회원구 양덕동,경상사고,0,0,1,0,차대사람 - 차도통행중,안전운전불이행,건조,맑음,단일로 - 기타,승합,남,63세,상해없음,보행자,여,82세,경상
2014021400100386,2014년 2월 14일 18시,금요일,경상남도 창원시 진해구 풍호동,경상사고,0,0,1,0,차대차 - 측면직각충돌,안전운전불이행,건조,맑음,교차로 - 교차로안,원동기,남,32세,경상,승용,남,47세,상해없음
2014021400100387,2014년 2월 14일 18시,금요일,경상남도 창녕군 도천면,사망사고,1,0,0,0,차대사람 - 횡단중,안전운전불이행,건조,맑음,교차로 - 교차로부근,화물,남,29세,상해없음,보행자,남,72세,사망
2014021400100388,2014년 2월 14일 18시,금요일,경상남도 양산시 북부동,경상사고,0,0,1,0,차대차 - 추돌 - 주정차중,안전운전불이행,건조,맑음,단일로 - 기타,승용,남,53세,상해없음,승용,남,46세,경상
2014021400100389,2014년 2월 14일 18시,금요일,경상남도 창원시 성산구 성주동,경상사고,0,0,1,0,차대사람 - 기타,신호위반,기타,맑음,단일로 - 횡단보도상,승용,남,59세,상해없음,보행자,남,36세,경상
2014021400100390,2014년 2월 14일 18시,금요일,경상남도 창원시 의창구 대원동,경상사고,0,0,2,0,차대차 - 기타,안전거리미확보,건조,맑음,단일로 - 기타,승용,남,55세,상해없음,승용,여,26세,상해없음
2014021400100441,2014년 2월 14일 19시,금요일,경상남도 진주시 문산읍,중상사고,0,2,0,0,차대차 - 기타,신호위반,건조,맑음,교차로 - 교차로안,승용,남,32세,기타불명,승용,남,26세,중상
2014021400100442,2014년 2월 14일 19시,금요일,경상남도 함안군 산인면,경상사고,0,0,1,0,차대차 - 추돌 - 주정차중,안전거리미확보,건조,맑음,단일로 - 기타,승용,여,64세,상해없음,이륜,남,20세,경상
2014021400100501,2014년 2월 14일 21시,금요일,경상남도 의령군 의령읍,중상사고,0,1,0,0,차대차 - 추돌 - 진행중,직진우회전진행방해,건조,흐림,교차로 - 교차로안,이륜,남,50세,중상,승용,남,31세,상해없음
2014021400100534,2014년 2월 14일 22시,금요일,경상남도 진주시 상평동,중상사고,0,1,1,1,차대차 - 기타,신호위반,건조,맑음,교차로 - 교차로안,승용,남,58세,부상신고,승용,여,43세,경상
2014021400100535,2014년 2월 14일 22시,금요일,경상남도 창녕군 창녕읍,경상사고,0,0,1,0,차대사람 - 기타,안전운전불이행,건조,흐림,단일로 - 기타,승용,남,28세,상해없음,보행자,남,56세,경상
2014021400100536,2014년 2월 14일 22시,금요일,경상남도 거제시 고현동,경상사고,0,0,1,0,차대차 - 기타,기타,건조,맑음,교차로 - 교차로부근,승용,남,24세,상해없음,자전거,남,18세,경상
2014021400100537,2014년 2월 14일 22시,금요일,경상남도 김해시 장유면,경상사고,0,0,2,0,차대차 - 추돌 - 주정차중,안전운전불이행,건조,맑음,교차로 - 교차로부근,승용,남,40세,상해없음,승용,여,35세,경상
2014021400100576,2014년 2월 14일 23시,금요일,경상남도 양산시 북부동,경상사고,0,0,1,1,차대차 - 추돌 - 주정차중,안전운전불이행,건조,맑음,교차로 - 교차로부근,화물,남,54세,부상신고,승용,남,54세,경상
2014021500100019,2014년 2월 15일 00시,토요일,경상남도 거제시 고현동,경상사고,0,0,1,0,차대차 - 기타,직진우회전진행방해,건조,맑음,교차로 - 교차로부근,승용,여,37세,상해없음,승용,여,41세,경상
2014021500100020,2014년 2월 15일 00시,토요일,경상남도 창원시 의창구 명서동,경상사고,0,0,1,0,차대차 - 기타,신호위반,건조,흐림,단일로 - 횡단보도상,승용,남,72세,상해없음,자전거,남,19세,경상
2014021500100021,2014년 2월 15일 00시,토요일,경상남도 창원시 의창구 소계동,경상사고,0,0,1,0,차대차 - 기타,중앙선침범,건조,맑음,교차로 - 교차로부근,화물,남,55세,상해없음,승용,남,57세,경상
2014021500100046,2014년 2월 15일 01시,토요일,경상남도 산청군 신안면,중상사고,0,1,0,0,차량단독 - 공작물충돌,안전운전불이행,건조,맑음,단일로 - 기타,승용,여,42세,중상,,,,
2014021500100081,2014년 2월 15일 03시,토요일,경상남도 거제시 옥포동,경상사고,0,0,1,0,차대차 - 기타,직진우회전진행방해,건조,맑음,교차로 - 교차로안,승용,남,33세,상해없음,원동기,남,63세,경상
2014021500100108,2014년 2월 15일 05시,토요일,경상남도 창원시 의창구 사림동,경상사고,0,0,1,0,차대차 - 측면직각충돌,안전운전불이행,기타,맑음,단일로 - 기타,승용,남,56세,상해없음,자전거,남,63세,경상
2014021500100124,2014년 2월 15일 06시,토요일,경상남도 진주시 주약동,중상사고,0,1,0,1,차대차 - 추돌 - 주정차중,안전운전불이행,건조,맑음,단일로 - 기타,승합,남,31세,부상신고,승용,남,48세,중상
2014021500100125,2014년 2월 15일 06시,토요일,경상남도 김해시 장유면,중상사고,0,1,0,0,차대사람 - 기타,안전운전불이행,건조,맑음,단일로 - 기타,승용,남,24세,상해없음,보행자,여,61세,중상
2014021500100142,2014년 2월 15일 07시,토요일,경상남도 진주시 초전동,경상사고,0,0,1,0,차대사람 - 횡단중,신호위반,건조,맑음,단일로 - 횡단보도상,승용,남,56세,상해없음,보행자,남,57세,경상
2014021500100143,2014년 2월 15일 07시,토요일,경상남도 창원시 마산회원구 양덕동,경상사고,0,0,1,0,차대차 - 정면충돌,중앙선침범,건조,맑음,단일로 - 기타,원동기,남,34세,상해없음,자전거,남,24세,경상
2014021500100165,2014년 2월 15일 08시,토요일,경상남도 김해시 지내동,중상사고,0,1,0,2,차대차 - 측면직각충돌,직진우회전진행방해,건조,맑음,교차로 - 교차로안,화물,남,52세,상해없음,승용,여,57세,중상
2014021500100166,2014년 2월 15일 08시,토요일,경상남도 김해시 장유면,경상사고,0,0,1,0,차대차 - 측면직각충돌,차로위반,건조,맑음,교차로 - 교차로부근,건설기계,남,49세,상해없음,승용,남,41세,경상
2014021500100167,2014년 2월 15일 08시,토요일,경상남도 창녕군 창녕읍,경상사고,0,0,1,0,차대차 - 추돌 - 진행중,안전운전불이행,건조,맑음,단일로 - 기타,승용,남,42세,상해없음,승합,남,53세,경상
2014021500100195,2014년 2월 15일 09시,토요일,경상남도 창녕군 부곡면,중상사고,0,2,1,0,차대차 - 기타,안전거리미확보,건조,맑음,교차로 - 교차로부근,승용,남,45세,상해없음,승합,남,43세,경상
2014021500100231,2014년 2월 15일 11시,토요일,경상남도 사천시 선구동,경상사고,0,0,1,0,차대사람 - 횡단중,보행자보호의무위반,건조,맑음,단일로 - 횡단보도상,승용,여,50세,상해없음,보행자,여,43세,경상
2014021500100232,2014년 2월 15일 11시,토요일,경상남도 김해시 장유면,중상사고,0,1,0,0,차대사람 - 보도통행중,안전운전불이행,건조,맑음,단일로 - 기타,자전거,여,67세,상해없음,보행자,여,76세,중상
2014021500100264,2014년 2월 15일 12시,토요일,경상남도 통영시 욕지면,중상사고,0,1,0,0,차대사람 - 차도통행중,중앙선침범,건조,맑음,단일로 - 기타,승용,남,33세,상해없음,보행자,남,73세,중상
2014021500100296,2014년 2월 15일 13시,토요일,경상남도 거제시 남부면,중상사고,0,1,0,0,차대사람 - 기타,안전운전불이행,건조,맑음,단일로 - 기타,화물,남,42세,상해없음,보행자,남,8세,중상
2014021500100297,2014년 2월 15일 13시,토요일,경상남도 거제시 장평동,중상사고,0,1,0,0,차대사람 - 기타,신호위반,건조,맑음,교차로 - 교차로안,승용,여,56세,상해없음,보행자,여,8세,중상
2014021500100298,2014년 2월 15일 13시,토요일,경상남도 산청군 산청읍,부상신고사고,0,0,0,1,차대차 - 추돌 - 주정차중,안전운전불이행,건조,맑음,단일로 - 기타,승용,여,55세,상해없음,화물,남,45세,부상신고
2014021500100323,2014년 2월 15일 14시,토요일,경상남도 통영시 도천동,중상사고,0,2,0,0,차대차 - 측면직각충돌,신호위반,건조,맑음,교차로 - 교차로안,승용,남,26세,상해없음,승용,남,74세,중상
2014021500100324,2014년 2월 15일 14시,토요일,경상남도 통영시 광도면,중상사고,0,1,1,0,차대차 - 정면충돌,중앙선침범,건조,맑음,단일로 - 기타,승용,남,32세,상해없음,원동기,남,16세,중상
2014021500100344,2014년 2월 15일 15시,토요일,경상남도 통영시 봉평동,부상신고사고,0,0,0,3,차대차 - 추돌 - 주정차중,안전운전불이행,건조,맑음,단일로 - 기타,승용,여,18세,상해없음,승용,남,34세,상해없음
2014021500100384,2014년 2월 15일 16시,토요일,경상남도 창원시 진해구 마천동,경상사고,0,0,1,0,차대차 - 측면직각충돌,직진우회전진행방해,건조,맑음,교차로 - 교차로안,승용,남,33세,상해없음,원동기,여,37세,경상
2014021500100385,2014년 2월 15일 16시,토요일,경상남도 함양군 함양읍,경상사고,0,0,2,0,차대차 - 정면충돌,안전운전불이행,건조,맑음,단일로 - 기타,원동기,남,16세,경상,화물,남,44세,상해없음
2014021500100386,2014년 2월 15일 16시,토요일,경상남도 창원시 마산회원구 회원동,중상사고,0,1,0,0,차대사람 - 횡단중,보행자보호의무위반,건조,맑음,단일로 - 횡단보도상,이륜,남,62세,상해없음,보행자,남,77세,중상
2014021500100451,2014년 2월 15일 18시,토요일,경상남도 창원시 진해구 풍호동,중상사고,0,1,2,0,차대차 - 측면직각충돌,교차로운행방법위반,건조,맑음,교차로 - 교차로안,승용,남,33세,경상,이륜,남,38세,경상
2014021500100484,2014년 2월 15일 19시,토요일,경상남도 양산시 동면,부상신고사고,0,0,0,3,차대차 - 측면직각충돌,안전거리미확보,건조,맑음,단일로 - 기타,승용,남,36세,상해없음,승용,여,52세,부상신고
2014021500100517,2014년 2월 15일 20시,토요일,경상남도 통영시 미수동,경상사고,0,0,1,0,차대사람 - 횡단중,보행자보호의무위반,건조,맑음,단일로 - 횡단보도상,원동기,기타불명,기타불명,기타불명,보행자,여,55세,경상
2014021500100518,2014년 2월 15일 20시,토요일,경상남도 거제시 고현동,경상사고,0,0,1,0,차대차 - 기타,안전운전불이행,건조,맑음,교차로 - 교차로부근,승용,남,45세,상해없음,승용,여,34세,경상
2014021500100519,2014년 2월 15일 20시,토요일,경상남도 거제시 능포동,경상사고,0,0,1,0,차대차 - 추돌 - 진행중,안전운전불이행,건조,맑음,단일로 - 기타,화물,남,59세,상해없음,승용,여,28세,경상
2014021500100520,2014년 2월 15일 20시,토요일,경상남도 의령군 의령읍,경상사고,0,0,1,0,차대차 - 측면직각충돌,안전운전불이행,건조,맑음,단일로 - 기타,승용,남,49세,상해없음,승용,남,29세,경상
2014021500100555,2014년 2월 15일 21시,토요일,경상남도 통영시 도천동,경상사고,0,0,1,0,차대차 - 측면직각충돌,안전거리미확보,건조,맑음,단일로 - 기타,승용,남,28세,상해없음,이륜,남,16세,경상
2014021500100580,2014년 2월 15일 22시,토요일,경상남도 창원시 마산합포구 두월동2가,중상사고,0,1,1,0,차량단독 - 기타,안전운전불이행,건조,맑음,단일로 - 기타,승용,남,52세,상해없음,,,,
2014021500100600,2014년 2월 15일 23시,토요일,경상남도 창원시 마산합포구 중앙동1가,중상사고,0,1,0,0,차대차 - 기타,안전운전불이행,건조,맑음,교차로 - 교차로안,화물,남,59세,상해없음,자전거,남,51세,중상
2014021600100043,2014년 2월 16일 01시,일요일,경상남도 김해시 장유면,중상사고,0,1,0,0,차량단독 - 공작물충돌,안전운전불이행,건조,맑음,단일로 - 기타,승용,남,37세,상해없음,,,,
2014021600100068,2014년 2월 16일 02시,일요일,경상남도 양산시 남부동,부상신고사고,0,0,0,1,차대사람 - 기타,안전운전불이행,건조,맑음,단일로 - 기타,승용,남,57세,상해없음,보행자,여,22세,부상신고
2014021600100069,2014년 2월 16일 02시,일요일,경상남도 창원시 마산회원구 양덕동,사망사고,1,0,0,0,차대사람 - 기타,안전운전불이행,건조,맑음,단일로 - 기타,승용,남,63세,상해없음,보행자,여,53세,사망
2014021600100099,2014년 2월 16일 04시,일요일,경상남도 김해시 동상동,중상사고,0,1,1,0,차대차 - 추돌 - 진행중,신호위반,건조,맑음,교차로 - 교차로안,승용,남,54세,상해없음,승용,남,30세,경상
2014021600100100,2014년 2월 16일 04시,일요일,경상남도 창원시 의창구 봉곡동,중상사고,0,2,1,0,차대차 - 정면충돌,중앙선침범,건조,맑음,단일로 - 기타,승용,남,28세,상해없음,승용,남,59세,중상
2014021600100121,2014년 2월 16일 06시,일요일,경상남도 진주시 명석면,사망사고,1,2,0,0,차대차 - 정면충돌,중앙선침범,건조,맑음,단일로 - 기타,승용,남,44세,사망,승용,남,54세,중상
2014021600100122,2014년 2월 16일 06시,일요일,경상남도 창원시 의창구 봉곡동,중상사고,0,1,0,0,차대사람 - 기타,안전운전불이행,건조,맑음,단일로 - 기타,화물,남,46세,상해없음,보행자,남,51세,중상
2014021600100160,2014년 2월 16일 09시,일요일,경상남도 창원시 마산회원구 구암동,중상사고,0,2,1,0,차대차 - 측면직각충돌,안전운전불이행,건조,맑음,단일로 - 기타,승용,남,26세,중상,승용,여,51세,경상
2014021600100194,2014년 2월 16일 11시,일요일,경상남도 양산시 하북면,부상신고사고,0,0,0,2,차대차 - 기타,안전운전불이행,건조,맑음,단일로 - 기타,기타불명,기타불명,기타불명,기타불명,승용,여,41세,부상신고
2014021600100195,2014년 2월 16일 11시,일요일,경상남도 창원시 마산회원구 두척동,중상사고,0,2,0,0,차대차 - 측면직각충돌,안전운전불이행,건조,맑음,단일로 - 기타,승용,여,39세,상해없음,승용,남,31세,중상
2014021600100252,2014년 2월 16일 14시,일요일,경상남도 창원시 성산구 양곡동,중상사고,0,1,4,0,차대차 - 추돌 - 주정차중,안전운전불이행,건조,맑음,단일로 - 기타,승용,남,62세,경상,승용,남,48세,경상
2014021600100264,2014년 2월 16일 15시,일요일,경상남도 거제시 고현동,중상사고,0,1,0,0,차대차 - 측면직각충돌,안전운전불이행,건조,맑음,교차로 - 교차로안,승용,여,50세,상해없음,승용,남,48세,상해없음
2014021600100311,2014년 2월 16일 17시,일요일,경상남도 진주시 인사동,경상사고,0,0,1,0,차대차 - 측면직각충돌,안전운전불이행,건조,맑음,교차로 - 교차로안,화물,남,49세,상해없음,승합,남,29세,상해없음
2014021600100312,2014년 2월 16일 17시,일요일,경상남도 김해시 삼정동,경상사고,0,0,1,0,차대차 - 기타,교차로운행방법위반,건조,맑음,교차로 - 교차로안,승합,남,49세,상해없음,자전거,남,10세,경상
2014021600100342,2014년 2월 16일 18시,일요일,경상남도 진주시 하대동,중상사고,0,2,0,0,차대사람 - 횡단중,보행자보호의무위반,건조,맑음,교차로 - 교차로부근,승용,여,44세,상해없음,보행자,남,51세,중상