사고번호,사고일시,요일,시군구,사고내용,사망자수,중상자수,경상자수,부상신고자수,사고유형,법규위반,노면상태,기상상태,도로형태,가해운전자 차종,가해운전자 성별,가해운전자 연령,가해운전자 상해정도,피해운전자 차종,피해운전자 성별,피해운전자 연령,피해운전자 상해정도
2014022000100227,2014년 2월 20일 12시,목요일,경상남도 거제시 연초면,중상사고,0,1,0,0,차대차 - 정면충돌,중앙선침범,건조,맑음,단일로 - 기타,승용,남,56세,상해없음,승용,여,54세,중상
2014022000100276,2014년 2월 20일 14시,목요일,경상남도 양산시 중부동,경상사고,0,0,1,0,차대차 - 측면직각충돌,신호위반,건조,맑음,교차로 - 교차로안,원동기,남,17세,상해없음,원동기,여,54세,경상
2014022000100314,2014년 2월 20일 15시,목요일,경상남도 통영시 정량동,경상사고,0,0,1,0,차대사람 - 보도통행중,보행자보호의무위반,건조,맑음,교차로 - 교차로안,승용,여,52세,상해없음,보행자,여,74세,경상
2014022000100330,2014년 2월 20일 16시,목요일,경상남도 함양군 서상면,중상사고,0,2,0,0,차대차 - 추돌 - 진행중,안전거리미확보,건조,맑음,단일로 - 기타,화물,남,60세,상해없음,화물,남,67세,상해없음
2014022000100364,2014년 2월 20일 17시,목요일,경상남도 사천시 서동,부상신고사고,0,0,0,1,차대차 - 측면직각충돌,직진우회전진행방해,건조,맑음,교차로 - 교차로안,승용,남,63세,상해없음,승용,남,33세,상해없음
2014022000100365,2014년 2월 20일 17시,목요일,경상남도 창원시 성산구 중앙동,중상사고,0,1,0,0,차대차 - 측면직각충돌,안전거리미확보,건조,맑음,단일로 - 횡단보도부근,승용,남,43세,상해없음,이륜,남,24세,중상
2014022000100398,2014년 2월 20일 18시,목요일,경상남도 양산시 용당동,경상사고,0,0,2,0,차대차 - 추돌 - 주정차중,안전거리미확보,건조,맑음,기타 - 기타,승용,남,46세,상해없음,화물,남,59세,경상
2014022000100420,2014년 2월 20일 19시,목요일,경상남도 사천시 용현면,중상사고,0,1,0,0,차대사람 - 차도통행중,중앙선침범,건조,맑음,단일로 - 기타,승용,남,35세,상해없음,보행자,여,54세,중상
2014022000100439,2014년 2월 20일 20시,목요일,경상남도 사천시 사남면,중상사고,0,1,0,0,차대차 - 기타,안전운전불이행,건조,맑음,단일로 - 기타,승용,남,35세,상해없음,이륜,남,49세,중상
2014022000100461,2014년 2월 20일 21시,목요일,경상남도 진주시 호탄동,중상사고,0,1,0,0,차대사람 - 횡단중,안전운전불이행,건조,맑음,단일로 - 기타,승용,남,49세,상해없음,보행자,남,52세,중상
2014022000100462,2014년 2월 20일 21시,목요일,경상남도 양산시 북부동,경상사고,0,0,1,0,차대차 - 추돌 - 진행중,안전운전불이행,건조,맑음,단일로 - 교량,승용,남,50세,상해없음,승용,여,56세,경상
2014022000100513,2014년 2월 20일 23시,목요일,경상남도 창원시 진해구 덕산동,경상사고,0,0,1,0,차대차 - 측면직각충돌,교차로운행방법위반,건조,기타,교차로 - 교차로안,승용,남,31세,상해없음,승용,남,52세,경상
2014022100100034,2014년 2월 21일 03시,금요일,경상남도 김해시 부원동,중상사고,0,1,0,0,차대사람 - 차도통행중,안전운전불이행,건조,맑음,단일로 - 기타,승용,남,27세,상해없음,보행자,남,64세,중상
2014022100100081,2014년 2월 21일 07시,금요일,경상남도 김해시 진영읍,중상사고,0,1,0,0,차대사람 - 기타,안전운전불이행,건조,맑음,기타 - 기타,승용,여,23세,상해없음,보행자,여,64세,중상
2014022100100107,2014년 2월 21일 08시,금요일,경상남도 사천시 곤양면,경상사고,0,0,1,0,차대차 - 측면직각충돌,직진우회전진행방해,건조,맑음,교차로 - 교차로안,승용,여,30세,경상,승합,남,40세,상해없음
2014022100100127,2014년 2월 21일 09시,금요일,경상남도 창원시 마산합포구 자산동,중상사고,0,1,0,0,차대사람 - 횡단중,보행자보호의무위반,건조,맑음,단일로 - 횡단보도상,화물,남,55세,기타불명,보행자,남,32세,중상
2014022100100128,2014년 2월 21일 09시,금요일,경상남도 통영시 무전동,경상사고,0,0,1,0,차량단독 - 기타,안전거리미확보,건조,맑음,단일로 - 기타,승합,남,47세,상해없음,,,,
2014022100100155,2014년 2월 21일 10시,금요일,경상남도 진주시 남성동,중상사고,0,1,2,0,차대차 - 추돌 - 주정차중,안전거리미확보,건조,맑음,단일로 - 기타,승용,여,49세,상해없음,승용,여,42세,중상
2014022100100203,2014년 2월 21일 12시,금요일,경상남도 김해시 삼계동,경상사고,0,0,1,0,차대차 - 측면직각충돌,차로위반,건조,맑음,단일로 - 기타,승용,남,62세,상해없음,원동기,남,27세,경상
2014022100100221,2014년 2월 21일 13시,금요일,경상남도 진주시 주약동,경상사고,0,0,2,0,차대차 - 측면직각충돌,안전거리미확보,건조,맑음,교차로 - 교차로부근,승용,남,69세,상해없음,승용,여,24세,경상
2014022100100222,2014년 2월 21일 13시,금요일,경상남도 창녕군 창녕읍,중상사고,0,1,0,0,차대차 - 정면충돌,안전운전불이행,건조,맑음,교차로 - 교차로부근,승용,여,29세,상해없음,화물,여,41세,중상
2014022100100242,2014년 2월 21일 14시,금요일,경상남도 남해군 이동면,중상사고,0,2,0,0,차대차 - 추돌 - 진행중,안전운전불이행,건조,맑음,기타 - 기타,화물,남,74세,상해없음,화물,남,59세,중상
2014022100100243,2014년 2월 21일 14시,금요일,경상남도 진주시 문산읍,중상사고,0,1,0,0,차대차 - 추돌 - 주정차중,안전운전불이행,건조,맑음,단일로 - 터널,화물,남,39세,중상,특수,남,48세,상해없음
2014022100100269,2014년 2월 21일 15시,금요일,경상남도 통영시 북신동,경상사고,0,0,1,0,차대차 - 측면직각충돌,안전운전불이행,건조,맑음,교차로 - 교차로안,승용,여,24세,상해없음,승용,남,61세,경상
2014022100100270,2014년 2월 21일 15시,금요일,경상남도 통영시 북신동,경상사고,0,0,1,0,차대차 - 기타,안전운전불이행,건조,맑음,단일로 - 기타,승용,여,24세,상해없음,승용,남,27세,경상
2014022100100271,2014년 2월 21일 15시,금요일,경상남도 통영시 광도면,경상사고,0,0,1,0,차대사람 - 기타,안전운전불이행,건조,맑음,기타 - 기타,승용,남,57세,기타불명,보행자,남,29세,경상
2014022100100272,2014년 2월 21일 15시,금요일,경상남도 양산시 중부동,중상사고,0,1,0,0,차대차 - 측면직각충돌,신호위반,건조,맑음,교차로 - 교차로안,승용,여,35세,상해없음,승용,여,32세,중상
2014022100100273,2014년 2월 21일 15시,금요일,경상남도 창원시 마산회원구 양덕동,경상사고,0,0,1,0,차대차 - 측면직각충돌,안전운전불이행,건조,맑음,교차로 - 교차로안,승용,남,60세,상해없음,자전거,남,69세,경상
2014022100100302,2014년 2월 21일 16시,금요일,경상남도 통영시 도천동,중상사고,0,1,0,0,차대차 - 기타,안전운전불이행,건조,맑음,단일로 - 기타,승용,남,59세,상해없음,자전거,남,82세,중상
2014022100100303,2014년 2월 21일 16시,금요일,경상남도 창녕군 이방면,중상사고,0,5,0,1,차대차 - 정면충돌,중앙선침범,건조,맑음,단일로 - 기타,승합,남,48세,부상신고,승합,남,51세,중상
2014022100100367,2014년 2월 21일 18시,금요일,경상남도 김해시 주촌면,경상사고,0,0,1,0,차대차 - 측면직각충돌,교차로운행방법위반,건조,맑음,교차로 - 교차로안,승용,남,44세,상해없음,승용,남,49세,경상
2014022100100410,2014년 2월 21일 19시,금요일,경상남도 창원시 진해구 용원동,중상사고,0,1,1,0,차대차 - 측면직각충돌,교차로운행방법위반,건조,맑음,교차로 - 교차로안,승용,남,43세,상해없음,승합,남,32세,중상
2014022100100411,2014년 2월 21일 19시,금요일,경상남도 사천시 동금동,경상사고,0,0,2,0,차대차 - 측면직각충돌,안전운전불이행,건조,맑음,단일로 - 기타,승용,남,38세,상해없음,승용,여,52세,경상
2014022100100412,2014년 2월 21일 19시,금요일,경상남도 양산시 동면,경상사고,0,0,1,0,차대차 - 측면직각충돌,안전운전불이행,건조,맑음,단일로 - 기타,기타불명,기타불명,기타불명,기타불명,승용,남,37세,경상
2014022100100413,2014년 2월 21일 19시,금요일,경상남도 김해시 장유면,경상사고,0,0,1,0,차대차 - 측면직각충돌,직진우회전진행방해,건조,맑음,교차로 - 교차로안,승용,여,42세,상해없음,승용,남,36세,경상
2014022100100448,2014년 2월 21일 20시,금요일,경상남도 통영시 정량동,경상사고,0,0,3,0,차대차 - 측면직각충돌,직진우회전진행방해,건조,맑음,교차로 - 교차로안,승용,남,54세,상해없음,승용,남,56세,상해없음
2014022100100449,2014년 2월 21일 20시,금요일,경상남도 밀양시 내이동,경상사고,0,0,2,0,차대차 - 측면직각충돌,중앙선침범,건조,맑음,단일로 - 기타,승용,남,37세,상해없음,승용,남,28세,경상
2014022100100450,2014년 2월 21일 20시,금요일,경상남도 거제시 고현동,중상사고,0,1,0,0,차대차 - 기타,안전운전불이행,건조,맑음,교차로 - 교차로안,승용,남,34세,상해없음,이륜,남,18세,중상
2014022100100473,2014년 2월 21일 21시,금요일,경상남도 양산시 신기동,중상사고,0,1,0,0,차대차 - 측면직각충돌,안전운전불이행,건조,맑음,교차로 - 교차로안,승용,남,70세,상해없음,자전거,남,64세,중상
2014022100100474,2014년 2월 21일 21시,금요일,경상남도 고성군 고성읍,중상사고,0,1,0,0,차대차 - 측면직각충돌,안전운전불이행,건조,맑음,단일로 - 기타,승용,남,43세,상해없음,원동기,남,17세,중상
2014022100100475,2014년 2월 21일 21시,금요일,경상남도 거제시 사등면,중상사고,0,1,0,0,차대사람 - 기타,안전운전불이행,건조,맑음,단일로 - 기타,승용,남,34세,상해없음,보행자,남,40세,중상
2014022100100504,2014년 2월 21일 22시,금요일,경상남도 거제시 장평동,경상사고,0,0,1,0,차대사람 - 기타,기타,건조,맑음,단일로 - 기타,승용,남,47세,상해없음,보행자,남,47세,경상
2014022100100505,2014년 2월 21일 22시,금요일,경상남도 창원시 의창구 용호동,중상사고,0,1,1,0,차대차 - 추돌 - 진행중,안전운전불이행,건조,맑음,단일로 - 기타,승용,남,34세,상해없음,승용,여,29세,중상
2014022100100535,2014년 2월 21일 23시,금요일,경상남도 통영시 무전동,중상사고,0,2,0,0,차대사람 - 횡단중,보행자보호의무위반,건조,맑음,단일로 - 횡단보도상,승합,남,35세,상해없음,보행자,남,42세,중상
2014022100100536,2014년 2월 21일 23시,금요일,경상남도 양산시 삼호동,중상사고,0,1,0,0,차대차 - 측면직각충돌,교차로운행방법위반,건조,맑음,교차로 - 교차로안,승용,남,54세,상해없음,승용,여,42세,중상
2014022200100046,2014년 2월 22일 01시,토요일,경상남도 창원시 마산회원구 합성동,경상사고,0,0,1,0,차대사람 - 길가장자리구역통행중,안전운전불이행,건조,맑음,교차로 - 교차로부근,승용,남,23세,상해없음,보행자,여,51세,경상
2014022200100047,2014년 2월 22일 01시,토요일,경상남도 통영시 용남면,부상신고사고,0,0,0,1,차량단독 - 기타,안전운전불이행,건조,맑음,단일로 - 기타,승용,남,27세,부상신고,,,,
2014022200100070,2014년 2월 22일 03시,토요일,경상남도 김해시 부원동,중상사고,0,1,1,0,차대차 - 측면직각충돌,안전운전불이행,건조,맑음,단일로 - 기타,승합,여,41세,중상,승용,남,27세,경상
2014022200100071,2014년 2월 22일 03시,토요일,경상남도 창원시 의창구 팔용동,중상사고,0,2,0,0,차량단독 - 공작물충돌,안전운전불이행,건조,맑음,단일로 - 기타,승용,남,19세,상해없음,,,,
2014022200100091,2014년 2월 22일 05시,토요일,경상남도 김해시 구산동,중상사고,0,2,0,0,차량단독 - 공작물충돌,안전운전불이행,건조,맑음,교차로 - 교차로안,승용,남,26세,중상,,,,
2014022200100092,2014년 2월 22일 05시,토요일,경상남도 김해시 삼정동,경상사고,0,0,2,1,차대차 - 추돌 - 진행중,안전운전불이행,건조,맑음,단일로 - 기타,승용,남,44세,부상신고,승용,남,52세,경상
2014022200100093,2014년 2월 22일 05시,토요일,경상남도 창원시 성산구 상남동,경상사고,0,0,1,0,차대사람 - 기타,안전운전불이행,건조,맑음,단일로 - 기타,승용,남,39세,상해없음,보행자,남,32세,경상
2014022200100111,2014년 2월 22일 06시,토요일,경상남도 사천시 용현면,중상사고,0,1,6,0,차대차 - 추돌 - 주정차중,안전운전불이행,건조,맑음,교차로 - 교차로부근,승합,남,73세,경상,승용,남,49세,중상
2014022200100133,2014년 2월 22일 07시,토요일,경상남도 양산시 주진동,부상신고사고,0,0,0,1,차대차 - 측면직각충돌,신호위반,건조,맑음,교차로 - 교차로안,승용,남,32세,상해없음,승용,남,40세,부상신고
2014022200100204,2014년 2월 22일 11시,토요일,경상남도 창원시 마산회원구 합성동,경상사고,0,0,1,0,차대사람 - 길가장자리구역통행중,안전운전불이행,건조,맑음,단일로 - 기타,승용,남,47세,상해없음,보행자,남,27세,경상
2014022200100226,2014년 2월 22일 12시,토요일,경상남도 창원시 의창구 서상동,중상사고,0,1,0,0,차대사람 - 길가장자리구역통행중,안전운전불이행,건조,맑음,교차로 - 교차로안,승합,남,42세,상해없음,보행자,남,78세,중상
2014022200100251,2014년 2월 22일 13시,토요일,경상남도 거제시 고현동,중상사고,0,1,0,0,차대차 - 기타,안전거리미확보,건조,맑음,교차로 - 교차로부근,승용,남,61세,상해없음,원동기,남,58세,중상
2014022200100306,2014년 2월 22일 15시,토요일,경상남도 통영시 무전동,경상사고,0,0,1,0,차대사람 - 기타,안전운전불이행,건조,맑음,교차로 - 교차로부근,승용,여,49세,상해없음,보행자,남,53세,경상
2014022200100350,2014년 2월 22일 17시,토요일,경상남도 김해시 내동,경상사고,0,0,1,0,차대차 - 정면충돌,중앙선침범,건조,맑음,단일로 - 기타,자전거,남,60세,경상,승용,여,36세,상해없음
2014022200100351,2014년 2월 22일 17시,토요일,경상남도 양산시 평산동,중상사고,0,1,0,0,차대차 - 측면직각충돌,안전운전불이행,습기,비,교차로 - 교차로안,승용,남,42세,상해없음,이륜,남,19세,중상
2014022200100352,2014년 2월 22일 17시,토요일,경상남도 양산시 원동면,중상사고,0,1,0,0,차대차 - 측면직각충돌,중앙선침범,건조,맑음,단일로 - 기타,화물,남,58세,상해없음,승용,남,64세,상해없음
2014022200100353,2014년 2월 22일 17시,토요일,경상남도 창원시 성산구 웅남동,중상사고,0,1,0,0,차대차 - 기타,신호위반,건조,맑음,교차로 - 교차로안,화물,남,27세,상해없음,승용,남,55세,중상
2014022200100381,2014년 2월 22일 18시,토요일,경상남도 사천시 동동,경상사고,0,0,1,0,차대차 - 측면직각충돌,안전운전불이행,건조,맑음,단일로 - 기타,화물,남,45세,상해없음,승용,남,22세,경상
2014022200100382,2014년 2월 22일 18시,토요일,경상남도 거제시 동부면,경상사고,0,0,4,0,차대차 - 측면직각충돌,중앙선침범,건조,맑음,단일로 - 기타,승용,남,63세,상해없음,승용,남,40세,경상
2014022200100383,2014년 2월 22일 18시,토요일,경상남도 창원시 성산구 중앙동,경상사고,0,0,1,0,차대차 - 기타,교차로운행방법위반,건조,맑음,교차로 - 교차로안,승용,여,34세,상해없음,이륜,남,28세,경상
2014022200100416,2014년 2월 22일 19시,토요일,경상남도 창원시 마산회원구 내서읍,중상사고,0,1,0,0,차대사람 - 횡단중,안전운전불이행,건조,맑음,단일로 - 기타,화물,남,52세,상해없음,보행자,남,15세,중상
2014022200100446,2014년 2월 22일 20시,토요일,경상남도 창원시 의창구 팔용동,경상사고,0,0,1,0,차대사람 - 횡단중,안전운전불이행,건조,맑음,교차로 - 교차로안,승용,남,49세,상해없음,보행자,남,33세,경상
2014022200100475,2014년 2월 22일 21시,토요일,경상남도 창원시 진해구 경화동,경상사고,0,0,3,0,차대차 - 측면직각충돌,직진우회전진행방해,건조,맑음,교차로 - 교차로안,승용,남,48세,상해없음,승용,남,39세,경상
2014022200100476,2014년 2월 22일 21시,토요일,경상남도 거창군 거창읍,경상사고,0,0,1,0,차대차 - 측면직각충돌,교차로운행방법위반,건조,맑음,교차로 - 교차로안,화물,남,74세,상해없음,승용,남,67세,경상
2014022200100477,2014년 2월 22일 21시,토요일,경상남도 창원시 마산회원구 석전동,경상사고,0,0,4,0,차대차 - 기타,안전운전불이행,건조,맑음,단일로 - 기타,승용,남,61세,상해없음,승용,남,36세,경상
2014022200100504,2014년 2월 22일 22시,토요일,경상남도 진주시 강남동,경상사고,0,0,1,0,차대사람 - 기타,안전운전불이행,건조,맑음,단일로 - 기타,승합,남,62세,상해없음,보행자,여,54세,경상
2014022200100505,2014년 2월 22일 22시,토요일,경상남도 거제시 고현동,경상사고,0,0,1,0,차대차 - 측면직각충돌,안전운전불이행,건조,맑음,교차로 - 교차로안,승용,남,38세,상해없음,승용,남,49세,경상
2014022200100537,2014년 2월 22일 23시,토요일,경상남도 김해시 구산동,중상사고,0,1,2,0,차대차 - 추돌 - 진행중,안전운전불이행,건조,맑음,단일로 - 기타,승용,남,32세,상해없음,승용,남,47세,중상
2014022300100012,2014년 2월 23일 00시,일요일,경상남도 진주시 가좌동,중상사고,0,3,2,0,차대차 - 측면직각충돌,신호위반,건조,맑음,교차로 - 교차로안,승용,남,49세,상해없음,승용,남,22세,중상
2014022300100013,2014년 2월 23일 00시,일요일,경상남도 밀양시 내일동,경상사고,0,0,1,0,차대차 - 추돌 - 주정차중,안전운전불이행,건조,맑음,교차로 - 교차로부근,승용,남,34세,상해없음,승용,남,51세,경상
2014022300100047,2014년 2월 23일 02시,일요일,경상남도 거창군 거창읍,중상사고,0,1,0,0,차대차 - 기타,안전운전불이행,건조,맑음,단일로 - 기타,승용,남,44세,상해없음,승합,남,32세,상해없음
2014022300100048,2014년 2월 23일 02시,일요일,경상남도 양산시 중부동,경상사고,0,0,2,0,차대사람 - 기타,안전운전불이행,건조,맑음,단일로 - 기타,승용,남,48세,기타불명,보행자,남,55세,경상
2014022300100059,2014년 2월 23일 03시,일요일,경상남도 창원시 진해구 용원동,중상사고,0,1,1,0,차대차 - 측면직각충돌,신호위반,건조,맑음,교차로 - 교차로안,승용,남,54세,상해없음,승용,남,47세,중상
2014022300100060,2014년 2월 23일 03시,일요일,경상남도 창원시 마산회원구 합성동,중상사고,0,1,1,0,차대차 - 측면직각충돌,중앙선침범,건조,맑음,단일로 - 기타,승용,남,73세,상해없음,원동기,여,24세,중상
2014022300100082,2014년 2월 23일 05시,일요일,경상남도 창원시 마산합포구 월남동2가,경상사고,0,0,2,0,차대차 - 추돌 - 진행중,안전운전불이행,건조,맑음,단일로 - 기타,승용,남,53세,상해없음,화물,남,21세,경상
2014022300100083,2014년 2월 23일 05시,일요일,경상남도 사천시 사남면,부상신고사고,0,0,0,1,차량단독 - 공작물충돌,안전운전불이행,건조,맑음,교차로 - 교차로부근,승용,남,30세,부상신고,,,,
2014022300100084,2014년 2월 23일 05시,일요일,경상남도 김해시 내동,중상사고,0,3,0,0,차대차 - 측면직각충돌,신호위반,건조,맑음,교차로 - 교차로안,승용,남,57세,상해없음,승용,남,24세,중상
2014022300100085,2014년 2월 23일 05시,일요일,경상남도 창녕군 창녕읍,사망사고,1,0,0,0,차량단독 - 공작물충돌,안전운전불이행,건조,맑음,단일로 - 기타,이륜,남,17세,사망,,,,
2014022300100134,2014년 2월 23일 10시,일요일,경상남도 창원시 진해구 석동,경상사고,0,0,3,0,차대차 - 추돌 - 주정차중,안전운전불이행,건조,맑음,교차로 - 교차로부근,승용,남,30세,상해없음,승용,남,33세,경상
2014022300100151,2014년 2월 23일 11시,일요일,경상남도 통영시 무전동,중상사고,0,1,0,0,차대사람 - 차도통행중,안전운전불이행,건조,맑음,단일로 - 기타,승용,남,31세,상해없음,보행자,여,89세,중상
2014022300100152,2014년 2월 23일 11시,일요일,경상남도 사천시 축동면,경상사고,0,0,1,0,차대차 - 추돌 - 주정차중,안전운전불이행,건조,맑음,기타 - 기타,화물,남,54세,상해없음,승용,여,55세,경상
2014022300100153,2014년 2월 23일 11시,일요일,경상남도 밀양시 삼문동,경상사고,0,0,1,0,차대차 - 추돌 - 진행중,안전운전불이행,건조,맑음,단일로 - 기타,승용,남,68세,상해없음,승용,남,66세,상해없음
2014022300100154,2014년 2월 23일 11시,일요일,경상남도 거제시 일운면,중상사고,0,1,0,0,차대사람 - 기타,안전운전불이행,건조,맑음,교차로 - 교차로부근,승용,남,53세,상해없음,보행자,여,7세,중상
2014022300100169,2014년 2월 23일 12시,일요일,경상남도 밀양시 청도면,중상사고,0,1,0,0,차대차 - 정면충돌,중앙선침범,건조,맑음,단일로 - 기타,승용,남,79세,상해없음,이륜,남,25세,중상
2014022300100189,2014년 2월 23일 13시,일요일,경상남도 창원시 의창구 도계동,경상사고,0,0,2,0,차대차 - 추돌 - 주정차중,안전거리미확보,건조,맑음,교차로 - 교차로부근,승합,남,50세,상해없음,승용,여,29세,경상
2014022300100244,2014년 2월 23일 16시,일요일,경상남도 김해시 진영읍,경상사고,0,0,1,0,차대차 - 정면충돌,중앙선침범,건조,맑음,교차로 - 교차로부근,승용,남,43세,상해없음,승용,남,28세,경상
2014022300100286,2014년 2월 23일 18시,일요일,경상남도 진주시 금산면,경상사고,0,0,2,0,차대차 - 추돌 - 주정차중,안전운전불이행,건조,맑음,단일로 - 기타,승용,남,53세,상해없음,승용,남,42세,경상
2014022300100287,2014년 2월 23일 18시,일요일,경상남도 통영시 미수동,경상사고,0,0,1,0,차대차 - 추돌 - 진행중,안전운전불이행,건조,맑음,단일로 - 기타,화물,남,60세,상해없음,승용,남,53세,상해없음
2014022300100288,2014년 2월 23일 18시,일요일,경상남도 사천시 정동면,경상사고,0,0,6,0,차대차 - 추돌 - 진행중,안전운전불이행,건조,맑음,단일로 - 기타,승용,남,46세,경상,승용,여,46세,경상
2014022300100313,2014년 2월 23일 19시,일요일,경상남도 창원시 의창구 명서동,중상사고,0,1,0,0,차대차 - 측면직각충돌,신호위반,건조,맑음,교차로 - 교차로안,이륜,기타불명,기타불명,기타불명,화물,남,57세,상해없음
2014022300100332,2014년 2월 23일 20시,일요일,경상남도 창녕군 유어면,경상사고,0,0,4,0,차대차 - 추돌 - 진행중,중앙선침범,건조,맑음,단일로 - 기타,화물,남,47세,상해없음,승용,남,52세,경상
2014022300100333,2014년 2월 23일 20시,일요일,경상남도 양산시 중부동,경상사고,0,0,1,0,차대사람 - 기타,안전운전불이행,건조,맑음,교차로 - 교차로부근,승용,남,27세,상해없음,보행자,남,23세,경상
2014022300100354,2014년 2월 23일 21시,일요일,경상남도 통영시 무전동,중상사고,0,1,0,0,차대사람 - 차도통행중,안전운전불이행,건조,맑음,단일로 - 기타,승용,남,45세,상해없음,보행자,남,6세,중상
2014022300100383,2014년 2월 23일 22시,일요일,경상남도 창원시 진해구 용원동,경상사고,0,0,3,0,차대차 - 정면충돌,교차로운행방법위반,건조,맑음,교차로 - 교차로안,화물,여,53세,경상,승용,남,27세,경상
2014022300100395,2014년 2월 23일 23시,일요일,경상남도 김해시 장유면,사망사고,2,0,0,0,차대차 - 추돌 - 진행중,안전운전불이행,건조,맑음,단일로 - 기타,화물,남,59세,기타불명,화물,남,35세,사망
2014022400100010,2014년 2월 24일 00시,월요일,경상남도 창원시 마산합포구 신포동1가,경상사고,0,0,1,0,차대차 - 측면직각충돌,교차로운행방법위반,건조,흐림,교차로 - 교차로부근,승용,남,27세,상해없음,특수,남,31세,경상
2014022400100011,2014년 2월 24일 00시,월요일,경상남도 창원시 마산회원구 합성동,경상사고,0,0,3,0,차대차 - 추돌 - 진행중,안전운전불이행,건조,맑음,교차로 - 교차로부근,승용,남,47세,경상,승용,남,67세,경상
2014022400100067,2014년 2월 24일 06시,월요일,경상남도 거제시 상동동,경상사고,0,0,1,0,차대차 - 측면직각충돌,신호위반,건조,맑음,교차로 - 교차로안,승용,남,48세,상해없음,자전거,남,46세,경상
2014022400100089,2014년 2월 24일 07시,월요일,경상남도 창원시 마산합포구 진동면,경상사고,0,0,1,0,차대차 - 정면충돌,교차로운행방법위반,건조,맑음,교차로 - 교차로안,승용,남,24세,상해없음,승용,남,37세,경상
2014022400100090,2014년 2월 24일 07시,월요일,경상남도 김해시 동상동,중상사고,0,1,0,0,차대사람 - 횡단중,안전운전불이행,건조,맑음,단일로 - 기타,승용,남,28세,상해없음,보행자,여,65세,중상
2014022400100115,2014년 2월 24일 08시,월요일,경상남도 양산시 물금읍,중상사고,0,1,0,0,차대차 - 측면직각충돌,교차로운행방법위반,건조,맑음,교차로 - 교차로안,승용,남,47세,상해없음,승용,남,37세,중상
2014022400100116,2014년 2월 24일 08시,월요일,경상남도 창원시 의창구 봉곡동,중상사고,0,1,0,0,차대사람 - 횡단중,안전운전불이행,건조,맑음,단일로 - 기타,승합,남,53세,상해없음,보행자,여,23세,중상
2014022400100117,2014년 2월 24일 08시,월요일,경상남도 창원시 의창구 동읍,경상사고,0,0,1,0,차대차 - 측면직각충돌,안전운전불이행,건조,맑음,교차로 - 교차로안,승용,남,49세,상해없음,승용,남,51세,경상
2014022400100140,2014년 2월 24일 09시,월요일,경상남도 통영시 도산면,중상사고,0,1,0,0,차대차 - 측면직각충돌,안전운전불이행,건조,맑음,교차로 - 교차로안,승용,남,70세,상해없음,승용,남,60세,중상
2014022400100141,2014년 2월 24일 09시,월요일,경상남도 창원시 의창구 팔용동,중상사고,0,1,0,0,차대차 - 추돌 - 주정차중,안전운전불이행,기타,맑음,미분류 - 미분류,승용,남,57세,상해없음,화물,남,28세,상해없음
2014022400100160,2014년 2월 24일 10시,월요일,경상남도 창원시 의창구 도계동,중상사고,0,1,0,0,차대사람 - 횡단중,안전운전불이행,건조,맑음,교차로 - 교차로안,승용,남,49세,상해없음,보행자,여,53세,중상
2014022400100181,2014년 2월 24일 11시,월요일,경상남도 김해시 어방동,중상사고,0,1,2,0,차대차 - 측면직각충돌,신호위반,건조,맑음,교차로 - 교차로안,승용,남,75세,상해없음,승용,남,47세,경상
2014022400100182,2014년 2월 24일 11시,월요일,경상남도 양산시 남부동,중상사고,0,1,0,0,차대차 - 측면직각충돌,안전거리미확보,건조,맑음,기타 - 기타,승용,여,40세,상해없음,원동기,남,65세,중상
2014022400100210,2014년 2월 24일 12시,월요일,경상남도 통영시 서호동,경상사고,0,0,1,0,차대사람 - 기타,안전운전불이행,습기,맑음,단일로 - 기타,이륜,남,70세,상해없음,보행자,여,50세,경상
2014022400100211,2014년 2월 24일 12시,월요일,경상남도 밀양시 삼문동,경상사고,0,0,1,0,차대차 - 추돌 - 진행중,안전운전불이행,건조,맑음,단일로 - 기타,승용,남,40세,상해없음,승용,남,48세,경상
2014022400100212,2014년 2월 24일 12시,월요일,경상남도 하동군 북천면,경상사고,0,0,1,0,차대차 - 측면직각충돌,안전운전불이행,건조,맑음,단일로 - 기타,승용,남,70세,상해없음,농기계,남,79세,경상
2014022400100213,2014년 2월 24일 12시,월요일,경상남도 창원시 성산구 사파동,경상사고,0,0,1,0,차대사람 - 기타,교차로운행방법위반,건조,맑음,교차로 - 교차로부근,승용,남,71세,상해없음,보행자,남,1세,경상
2014022400100214,2014년 2월 24일 12시,월요일,경상남도 김해시 장유면,중상사고,0,1,0,0,차대사람 - 횡단중,안전운전불이행,건조,맑음,단일로 - 기타,승용,남,47세,상해없음,보행자,남,8세,중상
2014022400100238,2014년 2월 24일 13시,월요일,경상남도 김해시 서상동,중상사고,0,1,0,0,차대사람 - 횡단중,보행자보호의무위반,건조,맑음,교차로 - 교차로안,승용,여,49세,상해없음,보행자,여,77세,중상
2014022400100264,2014년 2월 24일 14시,월요일,경상남도 창원시 진해구 용원동,경상사고,0,0,1,0,차대사람 - 횡단중,신호위반,건조,맑음,단일로 - 횡단보도상,승용,남,42세,상해없음,보행자,남,7세,경상
2014022400100271,2014년 2월 24일 15시,월요일,경상남도 양산시 물금읍,중상사고,0,1,2,0,차대차 - 기타,안전운전불이행,건조,맑음,단일로 - 기타,화물,남,50세,상해없음,화물,남,36세,경상