사고번호,사고일시,요일,시군구,사고내용,사망자수,중상자수,경상자수,부상신고자수,사고유형,법규위반,노면상태,기상상태,도로형태,가해운전자 차종,가해운전자 성별,가해운전자 연령,가해운전자 상해정도,피해운전자 차종,피해운전자 성별,피해운전자 연령,피해운전자 상해정도
2014022400100283,2014년 2월 24일 15시,월요일,경상남도 함양군 유림면,중상사고,0,1,0,0,차대사람 - 횡단중,안전운전불이행,건조,맑음,단일로 - 기타,승용,여,64세,상해없음,보행자,여,75세,중상
2014022400100306,2014년 2월 24일 16시,월요일,경상남도 사천시 동림동,중상사고,0,4,8,0,차대차 - 측면직각충돌,안전거리미확보,건조,맑음,단일로 - 기타,승합,남,42세,상해없음,화물,남,18세,경상
2014022400100307,2014년 2월 24일 16시,월요일,경상남도 사천시 사천읍,경상사고,0,0,1,0,차대사람 - 기타,안전운전불이행,건조,맑음,단일로 - 기타,기타불명,기타불명,기타불명,기타불명,보행자,여,47세,경상
2014022400100308,2014년 2월 24일 16시,월요일,경상남도 창원시 마산회원구 회성동,경상사고,0,0,2,0,차대차 - 추돌 - 주정차중,안전운전불이행,건조,맑음,단일로 - 기타,승용,남,55세,상해없음,승용,남,57세,경상
2014022400100337,2014년 2월 24일 17시,월요일,경상남도 거제시 연초면,중상사고,0,1,0,0,차대차 - 추돌 - 진행중,안전운전불이행,건조,맑음,단일로 - 기타,이륜,남,70세,상해없음,승용,남,47세,중상
2014022400100371,2014년 2월 24일 18시,월요일,경상남도 창원시 마산합포구 월영동,경상사고,0,0,1,0,차대차 - 측면직각충돌,교차로운행방법위반,건조,맑음,교차로 - 교차로안,승용,남,60세,상해없음,승용,남,70세,경상
2014022400100372,2014년 2월 24일 18시,월요일,경상남도 진주시 하대동,중상사고,0,1,0,0,차대차 - 기타,안전운전불이행,건조,맑음,교차로 - 교차로안,승용,남,21세,상해없음,원동기,남,18세,중상
2014022400100373,2014년 2월 24일 18시,월요일,경상남도 통영시 광도면,경상사고,0,0,1,0,차대차 - 측면직각충돌,신호위반,건조,맑음,교차로 - 교차로안,이륜,남,76세,경상,승용,남,39세,상해없음
2014022400100374,2014년 2월 24일 18시,월요일,경상남도 김해시 어방동,경상사고,0,0,2,0,차대차 - 추돌 - 주정차중,안전거리미확보,건조,맑음,단일로 - 기타,승용,남,24세,경상,승용,남,51세,상해없음
2014022400100411,2014년 2월 24일 19시,월요일,경상남도 진주시 신안동,경상사고,0,0,1,0,차대차 - 기타,안전운전불이행,건조,맑음,교차로 - 교차로안,자전거,남,68세,경상,승합,남,39세,상해없음
2014022400100412,2014년 2월 24일 19시,월요일,경상남도 거제시 고현동,중상사고,0,1,0,0,차대사람 - 횡단중,안전운전불이행,건조,맑음,교차로 - 교차로부근,이륜,남,38세,상해없음,보행자,여,49세,중상
2014022400100413,2014년 2월 24일 19시,월요일,경상남도 남해군 남해읍,경상사고,0,0,1,0,차대차 - 측면직각충돌,안전운전불이행,건조,맑음,교차로 - 교차로안,이륜,남,73세,상해없음,승용,남,48세,상해없음
2014022400100438,2014년 2월 24일 20시,월요일,경상남도 고성군 고성읍,경상사고,0,0,1,0,차대차 - 추돌 - 진행중,안전운전불이행,건조,맑음,단일로 - 기타,화물,남,62세,상해없음,자전거,남,69세,경상
2014022400100439,2014년 2월 24일 20시,월요일,경상남도 남해군 이동면,중상사고,0,1,1,0,차대차 - 기타,안전운전불이행,건조,맑음,단일로 - 기타,승용,남,28세,상해없음,승용,남,60세,중상
2014022400100465,2014년 2월 24일 21시,월요일,경상남도 김해시 외동,중상사고,0,1,1,0,차대차 - 기타,차로위반,건조,맑음,단일로 - 기타,승용,여,51세,상해없음,승합,남,56세,상해없음
2014022400100489,2014년 2월 24일 22시,월요일,경상남도 창원시 의창구 봉곡동,경상사고,0,0,1,0,차대차 - 측면직각충돌,안전운전불이행,건조,맑음,교차로 - 교차로안,승용,여,50세,상해없음,화물,기타불명,기타불명,기타불명
2014022400100490,2014년 2월 24일 22시,월요일,경상남도 창원시 의창구 팔용동,경상사고,0,0,1,0,차대차 - 추돌 - 진행중,안전운전불이행,건조,맑음,단일로 - 기타,승용,남,32세,상해없음,승용,여,28세,경상
2014022400100491,2014년 2월 24일 22시,월요일,경상남도 김해시 장유면,중상사고,0,2,1,0,차대차 - 추돌 - 주정차중,안전운전불이행,건조,흐림,교차로 - 교차로부근,승용,남,39세,상해없음,승용,여,34세,상해없음
2014022500100009,2014년 2월 25일 00시,화요일,경상남도 밀양시 내이동,중상사고,0,2,1,2,차대차 - 추돌 - 주정차중,안전운전불이행,건조,맑음,교차로 - 교차로부근,승용,남,32세,상해없음,승용,남,64세,중상
2014022500100010,2014년 2월 25일 00시,화요일,경상남도 김해시 내동,중상사고,0,2,0,0,차대차 - 추돌 - 주정차중,안전거리미확보,건조,맑음,교차로 - 교차로부근,승용,남,33세,상해없음,승용,남,46세,중상
2014022500100011,2014년 2월 25일 00시,화요일,경상남도 김해시 지내동,사망사고,1,1,0,0,차대사람 - 기타,보행자보호의무위반,건조,맑음,교차로 - 교차로안,승용,남,42세,상해없음,보행자,남,27세,사망
2014022500100012,2014년 2월 25일 00시,화요일,경상남도 김해시 풍유동,경상사고,0,0,1,0,차대차 - 추돌 - 진행중,안전운전불이행,건조,맑음,교차로 - 교차로부근,화물,남,39세,상해없음,승용,여,24세,경상
2014022500100027,2014년 2월 25일 01시,화요일,경상남도 양산시 중부동,중상사고,0,1,1,0,차대차 - 측면직각충돌,안전거리미확보,건조,맑음,기타 - 기타,승용,남,29세,상해없음,승용,남,46세,상해없음
2014022500100084,2014년 2월 25일 07시,화요일,경상남도 김해시 구산동,경상사고,0,0,1,0,차대차 - 측면직각충돌,안전운전불이행,건조,맑음,교차로 - 교차로안,원동기,남,61세,경상,화물,남,28세,상해없음
2014022500100085,2014년 2월 25일 07시,화요일,경상남도 김해시 장유면,경상사고,0,0,1,0,차대차 - 기타,중앙선침범,건조,맑음,교차로 - 교차로부근,화물,남,58세,상해없음,승용,남,65세,경상
2014022500100137,2014년 2월 25일 09시,화요일,경상남도 밀양시 초동면,중상사고,0,1,0,0,차대차 - 측면직각충돌,안전운전불이행,건조,맑음,교차로 - 교차로부근,승합,여,56세,상해없음,이륜,남,79세,중상
2014022500100138,2014년 2월 25일 09시,화요일,경상남도 양산시 어곡동,중상사고,0,1,0,0,차대사람 - 기타,안전운전불이행,건조,맑음,기타 - 기타,건설기계,남,52세,기타불명,보행자,남,49세,중상
2014022500100161,2014년 2월 25일 10시,화요일,경상남도 사천시 벌리동,중상사고,0,1,0,0,차대사람 - 횡단중,안전운전불이행,건조,맑음,교차로 - 교차로안,화물,남,65세,상해없음,보행자,남,60세,중상
2014022500100180,2014년 2월 25일 11시,화요일,경상남도 사천시 사천읍,경상사고,0,0,1,0,차대사람 - 기타,안전운전불이행,건조,맑음,교차로 - 교차로안,화물,남,40세,상해없음,보행자,여,26세,경상
2014022500100181,2014년 2월 25일 11시,화요일,경상남도 창녕군 창녕읍,중상사고,0,1,0,0,차대차 - 측면직각충돌,직진우회전진행방해,건조,맑음,교차로 - 교차로안,승용,남,61세,상해없음,승용,남,27세,중상
2014022500100198,2014년 2월 25일 12시,화요일,경상남도 사천시 동금동,중상사고,0,1,0,0,차대차 - 기타,안전운전불이행,건조,맑음,단일로 - 기타,승용,여,59세,상해없음,이륜,남,58세,상해없음
2014022500100274,2014년 2월 25일 15시,화요일,경상남도 거제시 연초면,중상사고,0,1,0,0,차대차 - 추돌 - 진행중,안전운전불이행,건조,맑음,단일로 - 기타,승용,남,24세,상해없음,승용,여,48세,중상
2014022500100298,2014년 2월 25일 16시,화요일,경상남도 통영시 도산면,중상사고,0,2,2,0,차량단독 - 공작물충돌,안전운전불이행,건조,맑음,미분류 - 미분류,승용,여,56세,중상,,,,
2014022500100317,2014년 2월 25일 17시,화요일,경상남도 거제시 장평동,부상신고사고,0,0,0,1,차대차 - 측면직각충돌,안전운전불이행,건조,맑음,단일로 - 기타,화물,남,41세,상해없음,승용,남,38세,부상신고
2014022500100337,2014년 2월 25일 18시,화요일,경상남도 김해시 생림면,중상사고,0,1,0,0,차대차 - 추돌 - 진행중,중앙선침범,건조,맑음,단일로 - 기타,승용,여,40세,상해없음,원동기,남,42세,중상
2014022500100338,2014년 2월 25일 18시,화요일,경상남도 산청군 생초면,중상사고,0,1,0,0,차대차 - 측면직각충돌,교차로운행방법위반,건조,맑음,교차로 - 교차로안,화물,남,73세,상해없음,원동기,남,63세,중상
2014022500100370,2014년 2월 25일 19시,화요일,경상남도 창원시 마산합포구 중성동,중상사고,0,1,0,0,차대차 - 측면직각충돌,신호위반,건조,맑음,교차로 - 교차로안,승용,남,31세,상해없음,원동기,남,33세,중상
2014022500100371,2014년 2월 25일 19시,화요일,경상남도 창원시 진해구 석동,중상사고,0,1,0,0,차대사람 - 횡단중,안전운전불이행,건조,맑음,교차로 - 교차로안,승용,남,40세,상해없음,보행자,여,17세,중상
2014022500100372,2014년 2월 25일 19시,화요일,경상남도 사천시 사천읍,중상사고,0,1,0,4,차대차 - 추돌 - 진행중,안전거리미확보,건조,맑음,단일로 - 기타,건설기계,남,56세,상해없음,승용,여,41세,중상
2014022500100373,2014년 2월 25일 19시,화요일,경상남도 창원시 의창구 봉곡동,경상사고,0,0,2,0,차대사람 - 기타,안전운전불이행,건조,맑음,교차로 - 교차로안,승용,여,34세,상해없음,보행자,남,60세,경상
2014022500100395,2014년 2월 25일 20시,화요일,경상남도 고성군 동해면,사망사고,1,0,0,0,차대차 - 정면충돌,중앙선침범,건조,맑음,단일로 - 기타,승용,남,50세,상해없음,승용,남,38세,사망
2014022500100434,2014년 2월 25일 21시,화요일,경상남도 진주시 상대동,경상사고,0,0,1,0,차대차 - 측면직각충돌,직진우회전진행방해,건조,맑음,교차로 - 교차로안,승용,여,36세,상해없음,원동기,남,19세,경상
2014022500100489,2014년 2월 25일 23시,화요일,경상남도 창원시 진해구 자은동,경상사고,0,0,1,0,차대차 - 측면직각충돌,신호위반,건조,맑음,교차로 - 교차로안,화물,남,60세,상해없음,승용,여,44세,경상
2014022500100490,2014년 2월 25일 23시,화요일,경상남도 창원시 성산구 반림동,중상사고,0,1,0,0,차대차 - 기타,안전운전불이행,건조,맑음,기타 - 기타,승용,남,29세,상해없음,자전거,남,56세,중상
2014022600100014,2014년 2월 26일 00시,수요일,경상남도 김해시 어방동,경상사고,0,0,1,0,차대사람 - 횡단중,안전운전불이행,건조,맑음,단일로 - 기타,승용,남,55세,상해없음,보행자,남,18세,경상
2014022600100015,2014년 2월 26일 00시,수요일,경상남도 창녕군 계성면,중상사고,0,1,0,0,차량단독 - 도로외이탈 - 기타,안전운전불이행,건조,맑음,단일로 - 기타,화물,남,50세,중상,,,,
2014022600100016,2014년 2월 26일 00시,수요일,경상남도 창원시 성산구 반림동,경상사고,0,0,1,0,차대사람 - 기타,안전운전불이행,건조,맑음,기타 - 기타,승용,남,57세,상해없음,보행자,남,54세,경상
2014022600100032,2014년 2월 26일 01시,수요일,경상남도 진주시 호탄동,중상사고,0,1,0,0,차대사람 - 보도통행중,안전운전불이행,건조,맑음,단일로 - 기타,기타불명,기타불명,기타불명,기타불명,보행자,남,31세,중상
2014022600100055,2014년 2월 26일 03시,수요일,경상남도 함안군 함안면,중상사고,0,1,1,0,차대차 - 측면직각충돌,신호위반,건조,맑음,교차로 - 교차로안,승용,남,61세,상해없음,승용,남,39세,경상
2014022600100084,2014년 2월 26일 06시,수요일,경상남도 통영시 서호동,중상사고,0,1,0,0,차대사람 - 횡단중,안전운전불이행,건조,맑음,교차로 - 교차로안,화물,여,51세,상해없음,보행자,남,36세,중상
2014022600100085,2014년 2월 26일 06시,수요일,경상남도 창원시 성산구 가음정동,중상사고,0,1,2,0,차대차 - 기타,안전운전불이행,건조,맑음,단일로 - 기타,승용,남,60세,상해없음,이륜,남,15세,경상
2014022600100105,2014년 2월 26일 07시,수요일,경상남도 거제시 수월동,중상사고,0,2,0,0,차대차 - 기타,신호위반,건조,맑음,교차로 - 교차로안,승용,여,41세,상해없음,이륜,남,31세,중상
2014022600100106,2014년 2월 26일 07시,수요일,경상남도 거제시 아양동,중상사고,0,1,0,0,차대사람 - 기타,안전운전불이행,건조,맑음,단일로 - 기타,화물,남,37세,상해없음,보행자,여,47세,중상
2014022600100107,2014년 2월 26일 07시,수요일,경상남도 창원시 성산구 중앙동,중상사고,0,1,0,0,차대차 - 측면직각충돌,안전운전불이행,건조,맑음,단일로 - 횡단보도부근,승용,남,32세,상해없음,승용,남,62세,중상
2014022600100131,2014년 2월 26일 08시,수요일,경상남도 창원시 진해구 장천동,경상사고,0,0,1,0,차대차 - 측면직각충돌,안전운전불이행,건조,맑음,단일로 - 기타,승용,여,43세,경상,특수,남,53세,상해없음
2014022600100132,2014년 2월 26일 08시,수요일,경상남도 창녕군 대지면,중상사고,0,2,0,0,차대차 - 측면직각충돌,신호위반,건조,맑음,교차로 - 교차로안,승용,여,62세,중상,승용,여,40세,중상
2014022600100133,2014년 2월 26일 08시,수요일,경상남도 창녕군 창녕읍,중상사고,0,1,1,0,차대차 - 측면직각충돌,신호위반,건조,흐림,교차로 - 교차로안,승용,남,33세,경상,승용,여,50세,중상
2014022600100151,2014년 2월 26일 09시,수요일,경상남도 사천시 향촌동,부상신고사고,0,0,0,1,차대차 - 정면충돌,중앙선침범,습기,비,단일로 - 기타,화물,남,49세,상해없음,화물,남,47세,부상신고
2014022600100152,2014년 2월 26일 09시,수요일,경상남도 사천시 향촌동,중상사고,0,1,0,0,차량단독 - 공작물충돌,안전운전불이행,습기,비,교차로 - 교차로부근,이륜,남,50세,중상,,,,
2014022600100176,2014년 2월 26일 10시,수요일,경상남도 창원시 마산합포구 해운동,경상사고,0,0,1,0,차대차 - 측면직각충돌,안전운전불이행,건조,맑음,교차로 - 교차로안,승용,남,59세,상해없음,승용,여,49세,경상
2014022600100177,2014년 2월 26일 10시,수요일,경상남도 거창군 가북면,부상신고사고,0,0,0,1,차대차 - 측면직각충돌,교차로운행방법위반,건조,맑음,교차로 - 교차로안,이륜,여,58세,부상신고,승용,남,46세,상해없음
2014022600100178,2014년 2월 26일 10시,수요일,경상남도 창원시 의창구 봉곡동,중상사고,0,1,0,0,차대사람 - 횡단중,신호위반,건조,맑음,교차로 - 교차로부근,승용,여,51세,상해없음,보행자,여,57세,중상
2014022600100206,2014년 2월 26일 11시,수요일,경상남도 김해시 장유면,중상사고,0,1,1,0,차대차 - 측면직각충돌,중앙선침범,습기,흐림,단일로 - 기타,승용,여,56세,상해없음,승용,여,37세,중상
2014022600100228,2014년 2월 26일 12시,수요일,경상남도 창원시 마산회원구 내서읍,경상사고,0,0,1,0,차대차 - 기타,신호위반,습기,비,교차로 - 교차로안,승용,남,68세,상해없음,승용,여,36세,경상
2014022600100262,2014년 2월 26일 13시,수요일,경상남도 밀양시 가곡동,경상사고,0,0,2,0,차대차 - 측면직각충돌,안전운전불이행,습기,비,단일로 - 기타,승용,남,55세,상해없음,승합,남,56세,경상
2014022600100263,2014년 2월 26일 13시,수요일,경상남도 창원시 의창구 팔용동,중상사고,0,1,0,0,차대차 - 기타,신호위반,습기,비,교차로 - 교차로부근,화물,남,47세,상해없음,자전거,남,77세,중상
2014022600100285,2014년 2월 26일 14시,수요일,경상남도 김해시 동상동,경상사고,0,0,1,0,차대차 - 추돌 - 주정차중,안전운전불이행,습기,비,단일로 - 기타,승용,남,44세,상해없음,승용,남,49세,경상
2014022600100286,2014년 2월 26일 14시,수요일,경상남도 김해시 장유면,경상사고,0,0,1,0,차대차 - 측면직각충돌,직진우회전진행방해,습기,비,교차로 - 교차로안,승합,남,70세,상해없음,이륜,남,46세,경상
2014022600100310,2014년 2월 26일 15시,수요일,경상남도 창원시 진해구 이동,중상사고,0,1,0,0,차대사람 - 차도통행중,안전운전불이행,습기,비,단일로 - 기타,승용,남,70세,상해없음,보행자,여,68세,중상
2014022600100311,2014년 2월 26일 15시,수요일,경상남도 밀양시 상남면,경상사고,0,0,2,0,차대차 - 추돌 - 진행중,안전운전불이행,습기,비,단일로 - 기타,승용,남,59세,경상,승용,여,41세,상해없음
2014022600100312,2014년 2월 26일 15시,수요일,경상남도 김해시 구산동,경상사고,0,0,1,0,차대사람 - 기타,안전운전불이행,습기,비,기타 - 기타,화물,남,55세,상해없음,보행자,여,19세,경상
2014022600100337,2014년 2월 26일 16시,수요일,경상남도 창원시 마산회원구 내서읍,중상사고,0,1,0,0,차대사람 - 횡단중,안전운전불이행,습기,비,단일로 - 기타,승합,남,62세,상해없음,보행자,여,20세,중상
2014022600100358,2014년 2월 26일 17시,수요일,경상남도 하동군 하동읍,경상사고,0,0,5,0,차대차 - 측면직각충돌,안전운전불이행,습기,비,교차로 - 교차로안,화물,남,55세,상해없음,화물,남,47세,경상
2014022600100393,2014년 2월 26일 18시,수요일,경상남도 진주시 문산읍,경상사고,0,0,1,0,차대사람 - 차도통행중,안전운전불이행,습기,비,단일로 - 기타,승용,여,27세,상해없음,보행자,남,77세,경상
2014022600100394,2014년 2월 26일 18시,수요일,경상남도 진주시 초전동,경상사고,0,0,1,0,차대차 - 추돌 - 주정차중,안전운전불이행,습기,비,교차로 - 교차로부근,승용,남,59세,상해없음,승용,남,42세,경상
2014022600100395,2014년 2월 26일 18시,수요일,경상남도 김해시 어방동,중상사고,0,1,0,0,차대차 - 측면직각충돌,신호위반,습기,비,교차로 - 교차로안,승용,여,36세,상해없음,원동기,남,33세,중상
2014022600100396,2014년 2월 26일 18시,수요일,경상남도 양산시 명동,경상사고,0,0,2,0,차대차 - 추돌 - 주정차중,안전운전불이행,습기,비,단일로 - 기타,승용,남,57세,상해없음,승용,남,65세,상해없음
2014022600100397,2014년 2월 26일 18시,수요일,경상남도 고성군 거류면,중상사고,0,1,0,0,차대차 - 정면충돌,중앙선침범,습기,비,단일로 - 기타,승용,남,39세,상해없음,이륜,남,30세,중상
2014022600100398,2014년 2월 26일 18시,수요일,경상남도 고성군 고성읍,경상사고,0,0,1,0,차대차 - 측면직각충돌,교차로운행방법위반,습기,비,교차로 - 교차로안,승용,여,45세,상해없음,승용,남,31세,경상
2014022600100399,2014년 2월 26일 18시,수요일,경상남도 남해군 남해읍,경상사고,0,0,4,0,차대차 - 기타,안전운전불이행,습기,비,기타 - 기타,화물,남,54세,상해없음,승용,여,52세,경상
2014022600100400,2014년 2월 26일 18시,수요일,경상남도 창원시 의창구 용호동,중상사고,0,1,0,0,차대사람 - 횡단중,보행자보호의무위반,건조,맑음,단일로 - 기타,승용,남,43세,상해없음,보행자,여,20세,중상
2014022600100446,2014년 2월 26일 19시,수요일,경상남도 창원시 진해구 대죽동,경상사고,0,0,2,0,차량단독 - 전도전복,안전운전불이행,건조,맑음,교차로 - 교차로부근,승용,남,57세,상해없음,,,,
2014022600100447,2014년 2월 26일 19시,수요일,경상남도 통영시 광도면,경상사고,0,0,1,0,차대차 - 측면직각충돌,중앙선침범,건조,맑음,단일로 - 기타,승용,남,32세,상해없음,승용,여,48세,경상
2014022600100448,2014년 2월 26일 19시,수요일,경상남도 양산시 남부동,중상사고,0,1,0,0,차대사람 - 기타,불법유턴,습기,비,교차로 - 교차로안,승용,남,54세,상해없음,보행자,남,70세,중상
2014022600100477,2014년 2월 26일 20시,수요일,경상남도 창원시 진해구 용원동,경상사고,0,0,1,0,차대차 - 추돌 - 주정차중,안전운전불이행,습기,비,교차로 - 교차로부근,승용,남,48세,상해없음,승용,남,37세,경상
2014022600100478,2014년 2월 26일 20시,수요일,경상남도 창원시 진해구 용원동,경상사고,0,0,1,0,차대차 - 측면직각충돌,직진우회전진행방해,습기,비,교차로 - 교차로안,승용,남,33세,상해없음,승용,여,52세,경상
2014022600100509,2014년 2월 26일 21시,수요일,경상남도 진주시 신안동,경상사고,0,0,2,0,차대사람 - 기타,보행자보호의무위반,습기,흐림,교차로 - 교차로안,승용,남,45세,상해없음,보행자,여,34세,경상
2014022600100510,2014년 2월 26일 21시,수요일,경상남도 사천시 죽림동,경상사고,0,0,2,0,차대차 - 추돌 - 주정차중,교차로운행방법위반,건조,맑음,교차로 - 교차로부근,승용,남,63세,상해없음,승용,여,25세,경상
2014022600100511,2014년 2월 26일 21시,수요일,경상남도 김해시 내동,중상사고,0,1,0,0,차대사람 - 횡단중,보행자보호의무위반,습기,비,단일로 - 횡단보도상,화물,남,43세,상해없음,보행자,여,46세,중상
2014022600100512,2014년 2월 26일 21시,수요일,경상남도 양산시 물금읍,중상사고,0,1,0,0,차대차 - 기타,신호위반,습기,비,교차로 - 교차로안,승용,남,29세,상해없음,원동기,남,25세,중상
2014022600100513,2014년 2월 26일 21시,수요일,경상남도 창원시 의창구 도계동,경상사고,0,0,1,0,차대사람 - 기타,중앙선침범,습기,비,단일로 - 기타,승용,남,23세,상해없음,보행자,여,54세,경상
2014022600100551,2014년 2월 26일 22시,수요일,경상남도 거제시 연초면,경상사고,0,0,1,0,차량단독 - 기타,안전운전불이행,건조,맑음,단일로 - 기타,승용,여,34세,기타불명,,,,
2014022600100578,2014년 2월 26일 23시,수요일,경상남도 창원시 마산합포구 월영동,경상사고,0,0,1,0,차대사람 - 기타,신호위반,습기,비,단일로 - 횡단보도상,승용,남,26세,상해없음,보행자,여,23세,경상
2014022600100579,2014년 2월 26일 23시,수요일,경상남도 양산시 삼호동,중상사고,0,1,0,0,차대사람 - 횡단중,안전운전불이행,건조,맑음,단일로 - 기타,승용,여,43세,상해없음,보행자,남,49세,중상
2014022700100015,2014년 2월 27일 00시,목요일,경상남도 창원시 마산합포구 월영동,부상신고사고,0,0,0,1,차대사람 - 기타,안전운전불이행,건조,맑음,교차로 - 교차로부근,승용,남,29세,상해없음,보행자,여,38세,부상신고
2014022700100016,2014년 2월 27일 00시,목요일,경상남도 밀양시 단장면,사망사고,1,0,1,0,차대사람 - 횡단중,안전운전불이행,습기,흐림,단일로 - 기타,승용,남,22세,상해없음,보행자,남,17세,사망
2014022700100017,2014년 2월 27일 00시,목요일,경상남도 양산시 물금읍,경상사고,0,0,1,0,차량단독 - 기타,안전운전불이행,습기,비,단일로 - 기타,화물,남,37세,경상,,,,
2014022700100037,2014년 2월 27일 01시,목요일,경상남도 창원시 마산합포구 오동동,중상사고,0,1,0,0,차대사람 - 횡단중,보행자보호의무위반,건조,흐림,단일로 - 횡단보도상,승용,남,24세,상해없음,보행자,남,70세,중상
2014022700100038,2014년 2월 27일 01시,목요일,경상남도 창원시 마산회원구 양덕동,경상사고,0,0,2,0,차대차 - 기타,안전운전불이행,건조,맑음,교차로 - 교차로부근,승용,남,54세,상해없음,승용,남,62세,경상
2014022700100057,2014년 2월 27일 02시,목요일,경상남도 김해시 삼방동,중상사고,0,1,0,0,차대차 - 측면직각충돌,신호위반,건조,맑음,교차로 - 교차로안,승용,남,19세,상해없음,승용,여,52세,중상
2014022700100079,2014년 2월 27일 05시,목요일,경상남도 사천시 서금동,부상신고사고,0,0,0,1,차대사람 - 횡단중,안전운전불이행,습기,맑음,교차로 - 교차로부근,승용,남,22세,상해없음,보행자,남,45세,부상신고
2014022700100092,2014년 2월 27일 06시,목요일,경상남도 창원시 진해구 태백동,경상사고,0,0,5,0,차대차 - 추돌 - 진행중,안전거리미확보,건조,맑음,단일로 - 터널,승용,남,35세,상해없음,승용,남,33세,경상
2014022700100110,2014년 2월 27일 07시,목요일,경상남도 사천시 사남면,경상사고,0,0,1,0,차대차 - 기타,안전운전불이행,건조,맑음,교차로 - 교차로안,승용,남,27세,경상,승용,남,31세,상해없음
2014022700100139,2014년 2월 27일 08시,목요일,경상남도 창원시 진해구 이동,중상사고,0,1,0,0,차대사람 - 차도통행중,안전운전불이행,건조,맑음,교차로 - 교차로부근,화물,남,67세,상해없음,보행자,여,73세,중상
2014022700100140,2014년 2월 27일 08시,목요일,경상남도 김해시 부원동,사망사고,1,1,2,0,차대차 - 측면직각충돌,교차로운행방법위반,건조,맑음,교차로 - 교차로안,이륜,남,66세,사망,승용,남,33세,중상
2014022700100164,2014년 2월 27일 09시,목요일,경상남도 통영시 태평동,중상사고,0,1,0,0,차대사람 - 횡단중,보행자보호의무위반,건조,맑음,교차로 - 교차로안,화물,남,34세,상해없음,보행자,여,74세,중상
2014022700100165,2014년 2월 27일 09시,목요일,경상남도 통영시 무전동,경상사고,0,0,1,0,차대차 - 측면직각충돌,교차로운행방법위반,건조,맑음,교차로 - 교차로안,승용,남,28세,상해없음,승용,남,24세,경상
2014022700100166,2014년 2월 27일 09시,목요일,경상남도 거제시 하청면,중상사고,0,1,0,0,차대사람 - 기타,안전운전불이행,건조,맑음,기타 - 기타,승용,여,61세,상해없음,보행자,여,6세,중상
2014022700100184,2014년 2월 27일 10시,목요일,경상남도 합천군 삼가면,중상사고,0,1,0,0,차대사람 - 기타,안전운전불이행,건조,맑음,기타 - 기타,화물,남,64세,상해없음,보행자,여,65세,중상
2014022700100208,2014년 2월 27일 11시,목요일,경상남도 창원시 진해구 석동,경상사고,0,0,1,0,차대차 - 기타,안전운전불이행,건조,맑음,단일로 - 기타,화물,남,57세,기타불명,승용,여,34세,경상
2014022700100222,2014년 2월 27일 12시,목요일,경상남도 진주시 신안동,중상사고,0,1,0,0,차대사람 - 기타,안전운전불이행,건조,맑음,단일로 - 기타,승용,남,52세,상해없음,보행자,여,4세,중상
2014022700100223,2014년 2월 27일 12시,목요일,경상남도 양산시 주남동,경상사고,0,0,3,0,차대차 - 기타,안전운전불이행,건조,맑음,교차로 - 교차로부근,승용,남,46세,상해없음,승용,남,23세,경상
2014022700100224,2014년 2월 27일 12시,목요일,경상남도 창원시 마산회원구 회원동,중상사고,0,1,0,0,차대사람 - 횡단중,안전운전불이행,건조,맑음,단일로 - 기타,승용,여,24세,상해없음,보행자,남,3세,중상
2014022700100250,2014년 2월 27일 13시,목요일,경상남도 통영시 도산면,부상신고사고,0,0,0,1,차량단독 - 전도전복,안전운전불이행,건조,맑음,단일로 - 기타,건설기계,남,59세,부상신고,,,,
2014022700100251,2014년 2월 27일 13시,목요일,경상남도 김해시 한림면,중상사고,0,1,1,0,차대차 - 정면충돌,중앙선침범,건조,맑음,단일로 - 기타,승용,남,44세,상해없음,승용,남,77세,경상
2014022700100273,2014년 2월 27일 14시,목요일,경상남도 창원시 진해구 자은동,사망사고,1,0,0,0,차량단독 - 전도전복,안전운전불이행,건조,맑음,단일로 - 기타,원동기,남,62세,사망,,,,
2014022700100274,2014년 2월 27일 14시,목요일,경상남도 창원시 진해구 죽곡동,중상사고,0,2,0,0,차량단독 - 전도전복,안전운전불이행,건조,맑음,단일로 - 기타,원동기,남,36세,중상,,,,
2014022700100275,2014년 2월 27일 14시,목요일,경상남도 사천시 벌리동,경상사고,0,0,1,0,차대차 - 측면직각충돌,직진우회전진행방해,건조,맑음,교차로 - 교차로안,승용,남,52세,상해없음,승용,여,45세,경상
2014022700100276,2014년 2월 27일 14시,목요일,경상남도 거제시 연초면,부상신고사고,0,0,0,1,차대사람 - 횡단중,보행자보호의무위반,건조,맑음,단일로 - 횡단보도상,이륜,남,66세,상해없음,보행자,여,18세,부상신고
2014022700100331,2014년 2월 27일 16시,목요일,경상남도 김해시 대동면,경상사고,0,0,1,0,차대사람 - 횡단중,안전운전불이행,건조,맑음,단일로 - 기타,화물,남,26세,상해없음,보행자,여,14세,경상
2014022700100332,2014년 2월 27일 16시,목요일,경상남도 거제시 고현동,경상사고,0,0,1,0,차대차 - 기타,중앙선침범,건조,맑음,기타 - 기타,화물,남,71세,상해없음,이륜,남,40세,경상