사고번호,사고일시,요일,시군구,사고내용,사망자수,중상자수,경상자수,부상신고자수,사고유형,법규위반,노면상태,기상상태,도로형태,가해운전자 차종,가해운전자 성별,가해운전자 연령,가해운전자 상해정도,피해운전자 차종,피해운전자 성별,피해운전자 연령,피해운전자 상해정도
2014022700100352,2014년 2월 27일 17시,목요일,경상남도 창원시 진해구 이동,중상사고,0,1,0,0,차대차 - 측면직각충돌,교차로운행방법위반,건조,맑음,교차로 - 교차로안,승용,남,47세,상해없음,이륜,남,16세,중상
2014022700100353,2014년 2월 27일 17시,목요일,경상남도 김해시 어방동,중상사고,0,2,0,0,차대차 - 기타,안전운전불이행,건조,맑음,단일로 - 기타,화물,남,61세,상해없음,기타불명,여,52세,중상
2014022700100386,2014년 2월 27일 18시,목요일,경상남도 진주시 칠암동,중상사고,0,1,0,0,차대차 - 측면직각충돌,신호위반,건조,맑음,교차로 - 교차로안,승용,남,64세,상해없음,이륜,남,23세,중상
2014022700100387,2014년 2월 27일 18시,목요일,경상남도 창원시 마산회원구 내서읍,중상사고,0,1,0,0,차대사람 - 보도통행중,신호위반,건조,맑음,교차로 - 교차로부근,이륜,남,16세,상해없음,보행자,여,63세,중상
2014022700100423,2014년 2월 27일 19시,목요일,경상남도 진주시 금곡면,중상사고,0,1,0,0,차대사람 - 기타,보행자보호의무위반,건조,맑음,단일로 - 기타,승용,남,64세,상해없음,보행자,남,13세,중상
2014022700100424,2014년 2월 27일 19시,목요일,경상남도 김해시 안동,중상사고,0,1,0,0,차대차 - 추돌 - 주정차중,안전운전불이행,건조,맑음,단일로 - 기타,승용,여,57세,상해없음,화물,남,30세,중상
2014022700100425,2014년 2월 27일 19시,목요일,경상남도 거제시 고현동,중상사고,0,1,0,0,차대차 - 기타,안전운전불이행,건조,맑음,단일로 - 기타,승용,여,43세,상해없음,승용,여,39세,중상
2014022700100426,2014년 2월 27일 19시,목요일,경상남도 창원시 의창구 대산면,중상사고,0,1,0,0,차대차 - 측면직각충돌,안전운전불이행,건조,맑음,단일로 - 기타,승용,여,45세,상해없음,원동기,여,45세,중상
2014022700100464,2014년 2월 27일 20시,목요일,경상남도 밀양시 삼랑진읍,중상사고,0,1,0,0,차대사람 - 길가장자리구역통행중,안전운전불이행,건조,맑음,단일로 - 기타,화물,남,62세,상해없음,보행자,여,57세,중상
2014022700100465,2014년 2월 27일 20시,목요일,경상남도 창원시 의창구 팔용동,경상사고,0,0,2,0,차대차 - 추돌 - 진행중,안전거리미확보,건조,맑음,단일로 - 기타,화물,남,59세,상해없음,승용,남,62세,상해없음
2014022700100494,2014년 2월 27일 21시,목요일,경상남도 김해시 삼계동,중상사고,0,1,0,0,차량단독 - 기타,안전운전불이행,건조,맑음,단일로 - 기타,이륜,남,51세,중상,,,,
2014022700100495,2014년 2월 27일 21시,목요일,경상남도 창녕군 대합면,중상사고,0,1,0,0,차량단독 - 공작물충돌,안전운전불이행,건조,맑음,단일로 - 기타,화물,남,65세,중상,,,,
2014022700100521,2014년 2월 27일 22시,목요일,경상남도 거제시 아주동,중상사고,0,2,0,0,차대차 - 추돌 - 진행중,중앙선침범,건조,맑음,기타 - 기타,승용,남,31세,상해없음,승용,여,43세,중상
2014022700100522,2014년 2월 27일 22시,목요일,경상남도 창원시 마산회원구 내서읍,중상사고,0,1,0,0,차대사람 - 횡단중,안전운전불이행,건조,맑음,교차로 - 교차로부근,승용,남,42세,상해없음,보행자,남,18세,중상
2014022700100523,2014년 2월 27일 22시,목요일,경상남도 창원시 마산회원구 구암동,경상사고,0,0,2,0,차대차 - 추돌 - 진행중,안전운전불이행,건조,맑음,교차로 - 교차로안,승용,남,48세,상해없음,승용,여,41세,경상
2014022700100524,2014년 2월 27일 22시,목요일,경상남도 창원시 의창구 명서동,경상사고,0,0,3,0,차대차 - 추돌 - 진행중,안전운전불이행,건조,맑음,단일로 - 기타,승용,남,52세,상해없음,승용,남,53세,경상
2014022700100525,2014년 2월 27일 22시,목요일,경상남도 창원시 의창구 팔용동,중상사고,0,1,0,0,차대차 - 추돌 - 주정차중,안전운전불이행,건조,맑음,단일로 - 기타,승용,남,40세,상해없음,승용,남,45세,중상
2014022700100549,2014년 2월 27일 23시,목요일,경상남도 창원시 의창구 팔용동,경상사고,0,0,1,0,차대사람 - 횡단중,안전운전불이행,건조,맑음,교차로 - 교차로안,승용,남,52세,상해없음,보행자,남,19세,경상
2014022800100019,2014년 2월 28일 01시,금요일,경상남도 김해시 장유면,중상사고,0,3,3,0,차대차 - 기타,안전운전불이행,건조,맑음,단일로 - 기타,승용,남,24세,상해없음,승용,남,38세,상해없음
2014022800100025,2014년 2월 28일 01시,금요일,경상남도 거제시 상동동,중상사고,0,1,0,0,차대사람 - 기타,안전운전불이행,건조,맑음,교차로 - 교차로부근,승용,여,36세,상해없음,보행자,여,50세,중상
2014022800100036,2014년 2월 28일 02시,금요일,경상남도 창원시 성산구 상남동,경상사고,0,0,1,0,차대사람 - 차도통행중,안전운전불이행,건조,맑음,교차로 - 교차로안,승합,남,24세,상해없음,보행자,여,49세,경상
2014022800100068,2014년 2월 28일 06시,금요일,경상남도 거제시 아주동,경상사고,0,0,1,0,차대차 - 추돌 - 진행중,교차로운행방법위반,건조,맑음,교차로 - 교차로안,화물,남,54세,상해없음,자전거,남,43세,경상
2014022800100082,2014년 2월 28일 07시,금요일,경상남도 창원시 의창구 대원동,중상사고,0,1,0,0,차대사람 - 기타,안전운전불이행,기타,맑음,단일로 - 기타,이륜,남,23세,상해없음,보행자,여,43세,중상
2014022800100102,2014년 2월 28일 08시,금요일,경상남도 거제시 사등면,경상사고,0,0,1,0,차대차 - 추돌 - 진행중,차로위반,건조,맑음,기타 - 기타,승합,남,53세,상해없음,승용,남,31세,경상
2014022800100128,2014년 2월 28일 09시,금요일,경상남도 창원시 마산합포구 구산면,중상사고,0,1,0,0,차대차 - 기타,안전운전불이행,기타,맑음,단일로 - 기타,원동기,남,78세,중상,기타불명,남,41세,상해없음
2014022800100129,2014년 2월 28일 09시,금요일,경상남도 양산시 북부동,부상신고사고,0,0,0,1,차대차 - 기타,교차로운행방법위반,건조,맑음,교차로 - 교차로안,자전거,남,57세,부상신고,승용,여,50세,상해없음
2014022800100149,2014년 2월 28일 10시,금요일,경상남도 양산시 물금읍,경상사고,0,0,1,0,차대차 - 기타,안전운전불이행,건조,맑음,교차로 - 교차로안,승합,남,38세,상해없음,승용,남,63세,상해없음
2014022800100150,2014년 2월 28일 10시,금요일,경상남도 창원시 의창구 팔용동,중상사고,0,1,0,0,차대차 - 측면직각충돌,안전운전불이행,건조,맑음,단일로 - 기타,승용,남,23세,상해없음,원동기,남,39세,중상
2014022800100171,2014년 2월 28일 11시,금요일,경상남도 창원시 마산회원구 합성동,경상사고,0,0,1,0,차대차 - 기타,안전운전불이행,건조,맑음,단일로 - 기타,승합,남,44세,상해없음,승용,남,54세,경상
2014022800100191,2014년 2월 28일 12시,금요일,경상남도 합천군 대병면,경상사고,0,0,1,0,차량단독 - 기타,안전운전불이행,건조,맑음,단일로 - 기타,승합,남,44세,상해없음,,,,
2014022800100215,2014년 2월 28일 13시,금요일,경상남도 창원시 진해구 석동,중상사고,0,1,0,0,차대사람 - 횡단중,신호위반,건조,맑음,단일로 - 횡단보도상,승합,남,57세,상해없음,보행자,여,19세,중상
2014022800100216,2014년 2월 28일 13시,금요일,경상남도 김해시 대동면,중상사고,0,1,0,0,차량단독 - 공작물충돌,안전운전불이행,건조,맑음,단일로 - 기타,승용,남,66세,상해없음,,,,
2014022800100217,2014년 2월 28일 13시,금요일,경상남도 하동군 금남면,경상사고,0,0,1,0,차대차 - 정면충돌,안전운전불이행,건조,맑음,단일로 - 기타,화물,남,52세,상해없음,화물,남,55세,경상
2014022800100244,2014년 2월 28일 14시,금요일,경상남도 사천시 동금동,중상사고,0,1,0,0,차대사람 - 횡단중,보행자보호의무위반,건조,맑음,단일로 - 기타,승용,남,54세,상해없음,보행자,여,65세,중상
2014022800100245,2014년 2월 28일 14시,금요일,경상남도 양산시 중부동,경상사고,0,0,2,0,차대차 - 추돌 - 진행중,안전운전불이행,건조,맑음,교차로 - 교차로안,화물,남,58세,상해없음,승용,남,51세,경상
2014022800100283,2014년 2월 28일 15시,금요일,경상남도 진주시 상평동,중상사고,0,1,0,0,차대사람 - 기타,안전운전불이행,습기,흐림,단일로 - 기타,승용,남,53세,상해없음,보행자,남,64세,중상
2014022800100284,2014년 2월 28일 15시,금요일,경상남도 함안군 가야읍,중상사고,0,1,0,0,차대차 - 측면직각충돌,안전운전불이행,건조,맑음,단일로 - 기타,화물,남,46세,상해없음,자전거,남,76세,중상
2014022800100359,2014년 2월 28일 17시,금요일,경상남도 창원시 마산합포구 상남동,중상사고,0,1,0,0,차대차 - 측면직각충돌,안전거리미확보,건조,맑음,교차로 - 교차로안,승용,여,39세,상해없음,이륜,남,63세,중상
2014022800100360,2014년 2월 28일 17시,금요일,경상남도 통영시 중앙동,경상사고,0,0,1,0,차대사람 - 기타,안전운전불이행,건조,흐림,단일로 - 기타,승용,남,55세,상해없음,보행자,여,48세,경상
2014022800100361,2014년 2월 28일 17시,금요일,경상남도 고성군 동해면,중상사고,0,4,0,0,차대차 - 정면충돌,중앙선침범,건조,맑음,단일로 - 기타,승용,남,51세,상해없음,승용,남,40세,중상
2014022800100362,2014년 2월 28일 17시,금요일,경상남도 함안군 칠서면,중상사고,0,1,0,0,차대차 - 측면직각충돌,안전운전불이행,건조,맑음,단일로 - 기타,승용,남,35세,중상,화물,남,60세,상해없음
2014022800100391,2014년 2월 28일 18시,금요일,경상남도 거제시 장평동,중상사고,0,1,0,0,차대차 - 측면직각충돌,안전운전불이행,건조,맑음,교차로 - 교차로안,승용,여,38세,상해없음,이륜,남,38세,중상
2014022800100440,2014년 2월 28일 19시,금요일,경상남도 통영시 용남면,중상사고,0,1,0,0,차대차 - 추돌 - 주정차중,안전운전불이행,습기,맑음,교차로 - 교차로부근,승용,여,41세,상해없음,화물,남,49세,중상
2014022800100441,2014년 2월 28일 19시,금요일,경상남도 김해시 외동,중상사고,0,1,0,0,차대차 - 기타,직진우회전진행방해,습기,비,교차로 - 교차로안,승용,남,47세,상해없음,자전거,여,47세,중상
2014022800100442,2014년 2월 28일 19시,금요일,경상남도 양산시 북부동,경상사고,0,0,1,0,차대차 - 측면직각충돌,안전운전불이행,건조,맑음,단일로 - 기타,승용,남,31세,상해없음,원동기,남,20세,경상
2014022800100443,2014년 2월 28일 19시,금요일,경상남도 하동군 화개면,경상사고,0,0,1,0,차대사람 - 길가장자리구역통행중,안전운전불이행,건조,맑음,단일로 - 기타,승용,남,63세,상해없음,보행자,남,29세,경상
2014022800100444,2014년 2월 28일 19시,금요일,경상남도 거제시 장평동,중상사고,0,1,0,0,차대차 - 기타,불법유턴,건조,맑음,교차로 - 교차로부근,자전거,남,35세,상해없음,이륜,남,37세,중상
2014022800100445,2014년 2월 28일 19시,금요일,경상남도 김해시 장유면,중상사고,0,1,0,0,차대사람 - 기타,안전운전불이행,건조,맑음,단일로 - 기타,승합,남,22세,상해없음,보행자,여,44세,중상
2014022800100480,2014년 2월 28일 20시,금요일,경상남도 거제시 연초면,중상사고,0,1,1,0,차대차 - 정면충돌,중앙선침범,습기,맑음,단일로 - 기타,승용,남,33세,상해없음,승용,여,50세,경상
2014022800100513,2014년 2월 28일 21시,금요일,경상남도 창원시 마산합포구 월영동,경상사고,0,0,2,0,차대차 - 측면직각충돌,안전운전불이행,건조,맑음,단일로 - 기타,화물,남,28세,상해없음,승용,남,26세,경상
2014022800100514,2014년 2월 28일 21시,금요일,경상남도 양산시 물금읍,중상사고,0,2,0,0,차대차 - 측면직각충돌,교차로운행방법위반,건조,맑음,교차로 - 교차로부근,승용,남,53세,상해없음,승용,여,32세,중상
2014022800100554,2014년 2월 28일 22시,금요일,경상남도 창원시 마산합포구 중앙동3가,경상사고,0,0,1,0,차대차 - 정면충돌,안전운전불이행,건조,맑음,교차로 - 교차로부근,승용,남,26세,상해없음,승용,남,56세,경상
2014022800100555,2014년 2월 28일 22시,금요일,경상남도 사천시 사천읍,경상사고,0,0,1,0,차대차 - 기타,중앙선침범,건조,맑음,단일로 - 기타,승용,남,27세,상해없음,화물,남,45세,경상
2014022800100556,2014년 2월 28일 22시,금요일,경상남도 산청군 산청읍,경상사고,0,0,1,1,차대차 - 추돌 - 주정차중,안전운전불이행,건조,맑음,단일로 - 기타,승용,여,46세,상해없음,승용,남,53세,기타불명
2014022800100575,2014년 2월 28일 23시,금요일,경상남도 양산시 동면,경상사고,0,0,2,0,차대차 - 추돌 - 주정차중,안전운전불이행,습기,비,단일로 - 기타,승용,남,32세,상해없음,승용,남,36세,경상
2014022800100588,2014년 2월 28일 23시,금요일,경상남도 창원시 진해구 자은동,중상사고,0,1,1,0,차대차 - 측면직각충돌,신호위반,건조,기타,교차로 - 교차로안,승용,남,22세,상해없음,승용,여,25세,중상
2014022800100589,2014년 2월 28일 23시,금요일,경상남도 통영시 광도면,경상사고,0,0,1,0,차대사람 - 보도통행중,보행자보호의무위반,건조,흐림,교차로 - 교차로안,화물,남,46세,상해없음,보행자,남,39세,경상
2014022800100590,2014년 2월 28일 23시,금요일,경상남도 창원시 성산구 중앙동,경상사고,0,0,1,0,차대차 - 기타,안전운전불이행,건조,맑음,기타 - 기타,승용,남,47세,상해없음,승용,여,36세,경상
2014030100100012,2014년 3월 1일 00시,토요일,경상남도 김해시 부원동,경상사고,0,0,1,0,차대차 - 측면직각충돌,안전운전불이행,건조,맑음,단일로 - 기타,승용,남,27세,상해없음,승용,여,25세,상해없음
2014030100100031,2014년 3월 1일 00시,토요일,경상남도 고성군 고성읍,중상사고,0,2,0,0,차대차 - 측면직각충돌,중앙선침범,건조,맑음,단일로 - 기타,승용,남,56세,상해없음,이륜,남,17세,중상
2014030100100032,2014년 3월 1일 00시,토요일,경상남도 하동군 진교면,경상사고,0,0,1,0,차대차 - 기타,안전운전불이행,건조,맑음,단일로 - 기타,승용,남,39세,상해없음,화물,남,44세,경상
2014030100100058,2014년 3월 1일 01시,토요일,경상남도 통영시 광도면,사망사고,1,0,0,0,차대사람 - 횡단중,안전운전불이행,습기,흐림,교차로 - 교차로안,승용,남,47세,상해없음,보행자,남,50세,사망
2014030100100086,2014년 3월 1일 02시,토요일,경상남도 김해시 외동,경상사고,0,0,1,0,차대차 - 추돌 - 진행중,안전운전불이행,건조,맑음,교차로 - 교차로안,화물,남,57세,상해없음,승용,남,55세,경상
2014030100100087,2014년 3월 1일 02시,토요일,경상남도 김해시 진영읍,경상사고,0,0,1,0,차대차 - 기타,안전운전불이행,건조,맑음,단일로 - 기타,화물,남,31세,상해없음,화물,남,42세,경상
2014030100100088,2014년 3월 1일 02시,토요일,경상남도 함안군 가야읍,경상사고,0,0,1,0,차대차 - 기타,안전운전불이행,건조,맑음,단일로 - 기타,승용,남,30세,상해없음,승용,남,37세,경상
2014030100100162,2014년 3월 1일 07시,토요일,경상남도 창원시 진해구 용원동,경상사고,0,0,1,0,차대차 - 정면충돌,중앙선침범,건조,맑음,단일로 - 기타,승용,남,40세,상해없음,원동기,여,33세,경상
2014030100100176,2014년 3월 1일 08시,토요일,경상남도 김해시 부원동,경상사고,0,0,1,0,차대차 - 추돌 - 주정차중,안전거리미확보,건조,맑음,단일로 - 기타,승용,남,27세,상해없음,승용,여,36세,경상
2014030100100191,2014년 3월 1일 09시,토요일,경상남도 창원시 의창구 동읍,경상사고,0,0,1,0,차대차 - 정면충돌,안전운전불이행,습기,비,교차로 - 교차로안,승용,남,55세,경상,승용,남,57세,상해없음
2014030100100212,2014년 3월 1일 10시,토요일,경상남도 사천시 정동면,경상사고,0,0,2,0,차대차 - 추돌 - 주정차중,안전운전불이행,건조,맑음,단일로 - 기타,승용,남,36세,상해없음,승용,남,37세,경상
2014030100100231,2014년 3월 1일 11시,토요일,경상남도 양산시 신기동,중상사고,0,2,0,0,차대차 - 측면직각충돌,안전운전불이행,습기,비,단일로 - 기타,승용,남,50세,상해없음,승용,여,44세,중상
2014030100100232,2014년 3월 1일 11시,토요일,경상남도 거제시 둔덕면,중상사고,0,2,1,0,차대차 - 기타,안전운전불이행,습기,비,교차로 - 교차로안,승용,여,50세,상해없음,승용,여,38세,중상
2014030100100233,2014년 3월 1일 11시,토요일,경상남도 거제시 고현동,경상사고,0,0,2,0,차대차 - 기타,안전운전불이행,건조,맑음,교차로 - 교차로부근,승용,여,44세,상해없음,승용,남,23세,경상
2014030100100256,2014년 3월 1일 12시,토요일,경상남도 통영시 무전동,경상사고,0,0,4,0,차대차 - 추돌 - 주정차중,안전운전불이행,건조,맑음,교차로 - 교차로부근,승용,남,57세,상해없음,승용,남,57세,경상
2014030100100257,2014년 3월 1일 12시,토요일,경상남도 창원시 의창구 북면,중상사고,0,1,0,0,차대차 - 기타,교차로운행방법위반,습기,비,교차로 - 교차로안,승용,남,42세,상해없음,이륜,남,23세,중상
2014030100100258,2014년 3월 1일 12시,토요일,경상남도 김해시 진영읍,중상사고,0,1,0,0,차대사람 - 보도통행중,안전운전불이행,습기,비,단일로 - 기타,승용,남,35세,상해없음,보행자,남,64세,중상
2014030100100270,2014년 3월 1일 13시,토요일,경상남도 밀양시 상남면,경상사고,0,0,1,2,차대차 - 측면직각충돌,차로위반,습기,흐림,단일로 - 기타,특수,남,40세,상해없음,승용,남,31세,경상
2014030100100286,2014년 3월 1일 13시,토요일,경상남도 창원시 진해구 남문동,중상사고,0,2,0,0,차량단독 - 기타,안전운전불이행,습기,비,단일로 - 교량,승합,남,45세,중상,,,,
2014030100100287,2014년 3월 1일 13시,토요일,경상남도 창원시 의창구 명서동,경상사고,0,0,1,0,차대차 - 측면직각충돌,교차로운행방법위반,습기,비,교차로 - 교차로안,승용,남,36세,상해없음,승용,남,64세,경상
2014030100100318,2014년 3월 1일 14시,토요일,경상남도 거제시 연초면,중상사고,0,1,0,0,차대차 - 기타,중앙선침범,습기,비,단일로 - 기타,승용,여,31세,상해없음,이륜,남,75세,중상
2014030100100336,2014년 3월 1일 15시,토요일,경상남도 함안군 칠원면,경상사고,0,0,2,0,차대차 - 추돌 - 진행중,안전거리미확보,건조,맑음,단일로 - 기타,승용,여,28세,상해없음,승용,남,39세,상해없음
2014030100100358,2014년 3월 1일 16시,토요일,경상남도 창원시 마산합포구 진동면,경상사고,0,0,2,0,차대차 - 추돌 - 주정차중,안전운전불이행,건조,맑음,단일로 - 기타,화물,남,52세,상해없음,승용,남,33세,경상
2014030100100359,2014년 3월 1일 16시,토요일,경상남도 양산시 물금읍,중상사고,0,1,2,0,차대차 - 측면직각충돌,안전운전불이행,습기,비,단일로 - 기타,화물,남,61세,상해없음,승용,남,52세,경상
2014030100100360,2014년 3월 1일 16시,토요일,경상남도 창원시 의창구 명서동,중상사고,0,1,0,0,차대차 - 측면직각충돌,기타,건조,맑음,교차로 - 교차로부근,승용,남,42세,상해없음,이륜,남,22세,중상
2014030100100410,2014년 3월 1일 18시,토요일,경상남도 김해시 외동,중상사고,0,1,0,0,차대사람 - 보도통행중,기타,습기,비,단일로 - 기타,원동기,남,69세,상해없음,보행자,남,55세,중상
2014030100100411,2014년 3월 1일 18시,토요일,경상남도 양산시 유산동,중상사고,0,1,2,1,차대차 - 측면직각충돌,직진우회전진행방해,건조,맑음,교차로 - 교차로안,승용,남,24세,상해없음,승용,남,36세,경상
2014030100100412,2014년 3월 1일 18시,토요일,경상남도 양산시 중부동,중상사고,0,1,0,0,차대차 - 기타,안전거리미확보,건조,맑음,단일로 - 기타,승용,기타불명,기타불명,기타불명,원동기,남,16세,중상
2014030100100454,2014년 3월 1일 19시,토요일,경상남도 진주시 문산읍,중상사고,0,1,0,0,차대차 - 기타,신호위반,건조,맑음,교차로 - 교차로안,이륜,남,40세,중상,승합,남,47세,상해없음
2014030100100455,2014년 3월 1일 19시,토요일,경상남도 김해시 장유면,중상사고,0,1,0,0,차대사람 - 횡단중,안전운전불이행,습기,비,단일로 - 기타,승합,남,46세,상해없음,보행자,여,11세,중상
2014030100100486,2014년 3월 1일 20시,토요일,경상남도 창원시 마산합포구 신포동1가,부상신고사고,0,0,0,2,차대차 - 추돌 - 주정차중,안전운전불이행,습기,비,단일로 - 기타,화물,남,43세,상해없음,승용,남,45세,부상신고
2014030100100487,2014년 3월 1일 20시,토요일,경상남도 김해시 주촌면,중상사고,0,1,0,0,차량단독 - 도로외이탈 - 추락,안전운전불이행,습기,비,단일로 - 기타,승용,남,56세,중상,,,,
2014030100100517,2014년 3월 1일 21시,토요일,경상남도 통영시 미수동,중상사고,0,1,0,0,차대차 - 측면직각충돌,신호위반,습기,비,단일로 - 기타,승용,남,44세,상해없음,원동기,남,31세,중상
2014030100100518,2014년 3월 1일 21시,토요일,경상남도 거제시 아주동,중상사고,0,1,0,0,차대사람 - 기타,안전운전불이행,습기,비,단일로 - 기타,승용,남,22세,상해없음,보행자,남,32세,중상
2014030100100549,2014년 3월 1일 22시,토요일,경상남도 거제시 연초면,중상사고,0,1,0,0,차대차 - 기타,안전운전불이행,습기,비,교차로 - 교차로부근,승용,남,51세,상해없음,승용,남,36세,중상
2014030100100567,2014년 3월 1일 23시,토요일,경상남도 양산시 물금읍,부상신고사고,0,0,0,1,차대사람 - 기타,안전운전불이행,습기,비,교차로 - 교차로안,승용,남,32세,상해없음,보행자,남,49세,부상신고
2014030200100016,2014년 3월 2일 00시,일요일,경상남도 양산시 덕계동,부상신고사고,0,0,0,1,차대사람 - 횡단중,보행자보호의무위반,건조,맑음,교차로 - 교차로안,승용,여,46세,상해없음,보행자,남,58세,부상신고
2014030200100037,2014년 3월 2일 01시,일요일,경상남도 김해시 외동,경상사고,0,0,1,0,차대사람 - 기타,안전운전불이행,습기,흐림,단일로 - 기타,기타불명,기타불명,기타불명,기타불명,보행자,여,49세,경상
2014030200100061,2014년 3월 2일 02시,일요일,경상남도 함안군 칠원면,사망사고,1,0,0,0,차량단독 - 공작물충돌,안전운전불이행,건조,맑음,단일로 - 기타,승용,여,35세,사망,,,,
2014030200100093,2014년 3월 2일 05시,일요일,경상남도 함안군 칠서면,중상사고,0,1,0,0,차량단독 - 공작물충돌,안전운전불이행,건조,맑음,단일로 - 기타,승용,남,37세,중상,,,,
2014030200100102,2014년 3월 2일 06시,일요일,경상남도 창원시 진해구 석동,중상사고,0,1,0,0,차대차 - 정면충돌,신호위반,건조,흐림,교차로 - 교차로안,승용,남,62세,상해없음,이륜,남,64세,중상
2014030200100103,2014년 3월 2일 06시,일요일,경상남도 거제시 장평동,중상사고,0,1,0,0,차대차 - 기타,안전운전불이행,습기,비,단일로 - 기타,승용,남,62세,상해없음,특수,남,33세,기타불명
2014030200100121,2014년 3월 2일 08시,일요일,경상남도 김해시 상동면,중상사고,0,1,0,0,차량단독 - 전도전복,안전운전불이행,건조,맑음,단일로 - 기타,승용,남,68세,상해없음,,,,
2014030200100131,2014년 3월 2일 09시,일요일,경상남도 하동군 양보면,경상사고,0,0,1,0,차대차 - 측면직각충돌,교차로운행방법위반,건조,맑음,교차로 - 교차로안,승용,남,48세,상해없음,승용,여,42세,경상
2014030200100132,2014년 3월 2일 09시,일요일,경상남도 거제시 고현동,중상사고,0,1,0,0,차대사람 - 횡단중,안전운전불이행,건조,맑음,단일로 - 횡단보도상,승용,여,33세,상해없음,보행자,여,44세,중상
2014030200100150,2014년 3월 2일 10시,일요일,경상남도 김해시 안동,경상사고,0,0,1,0,차대차 - 추돌 - 진행중,교차로운행방법위반,건조,맑음,교차로 - 교차로안,승용,남,61세,상해없음,승용,여,28세,경상
2014030200100191,2014년 3월 2일 12시,일요일,경상남도 통영시 북신동,경상사고,0,0,2,0,차대차 - 측면직각충돌,직진우회전진행방해,건조,맑음,교차로 - 교차로안,승용,여,47세,상해없음,승용,남,29세,상해없음
2014030200100192,2014년 3월 2일 12시,일요일,경상남도 창원시 마산회원구 석전동,중상사고,0,1,0,0,차대사람 - 길가장자리구역통행중,안전운전불이행,건조,맑음,단일로 - 기타,승용,남,51세,상해없음,보행자,여,34세,중상
2014030200100193,2014년 3월 2일 12시,일요일,경상남도 창원시 의창구 동읍,중상사고,0,1,1,0,차대차 - 추돌 - 진행중,안전운전불이행,건조,맑음,단일로 - 교량,승용,남,35세,상해없음,원동기,남,67세,경상
2014030200100194,2014년 3월 2일 12시,일요일,경상남도 창원시 의창구 대산면,경상사고,0,0,1,0,차대차 - 측면직각충돌,신호위반,건조,맑음,교차로 - 교차로안,승용,남,40세,상해없음,화물,남,45세,상해없음
2014030200100210,2014년 3월 2일 13시,일요일,경상남도 사천시 사남면,부상신고사고,0,0,0,1,차량단독 - 기타,안전운전불이행,건조,맑음,교차로 - 교차로안,원동기,남,16세,부상신고,,,,
2014030200100235,2014년 3월 2일 14시,일요일,경상남도 통영시 문화동,경상사고,0,0,1,0,차대차 - 측면직각충돌,안전운전불이행,건조,맑음,단일로 - 기타,승용,남,55세,상해없음,이륜,남,17세,경상
2014030200100236,2014년 3월 2일 14시,일요일,경상남도 양산시 남부동,경상사고,0,0,1,0,차대차 - 측면직각충돌,안전운전불이행,건조,맑음,교차로 - 교차로부근,승용,남,43세,상해없음,승용,남,64세,경상
2014030200100237,2014년 3월 2일 14시,일요일,경상남도 창원시 마산회원구 구암동,경상사고,0,0,1,0,차대차 - 측면직각충돌,안전운전불이행,건조,맑음,단일로 - 기타,승용,기타불명,40세,기타불명,승용,여,44세,경상
2014030200100238,2014년 3월 2일 14시,일요일,경상남도 김해시 진영읍,경상사고,0,0,1,0,차대차 - 기타,안전운전불이행,건조,맑음,단일로 - 기타,승용,여,22세,기타불명,승용,여,41세,경상
2014030200100287,2014년 3월 2일 16시,일요일,경상남도 통영시 산양읍,경상사고,0,0,2,0,차대차 - 추돌 - 진행중,안전거리미확보,건조,맑음,단일로 - 기타,화물,남,47세,상해없음,승용,남,69세,경상
2014030200100288,2014년 3월 2일 16시,일요일,경상남도 거제시 일운면,중상사고,0,1,2,0,차대차 - 추돌 - 진행중,교차로운행방법위반,건조,맑음,교차로 - 교차로안,승용,남,27세,상해없음,승용,남,28세,중상
2014030200100289,2014년 3월 2일 16시,일요일,경상남도 함안군 칠원면,경상사고,0,0,1,0,차대차 - 기타,안전거리미확보,건조,맑음,교차로 - 교차로안,화물,남,37세,상해없음,승합,남,56세,상해없음
2014030200100307,2014년 3월 2일 17시,일요일,경상남도 양산시 물금읍,중상사고,0,2,0,0,차대차 - 측면직각충돌,안전운전불이행,건조,맑음,단일로 - 기타,자전거,남,7세,중상,자전거,여,48세,중상
2014030200100308,2014년 3월 2일 17시,일요일,경상남도 창원시 성산구 안민동,중상사고,0,1,1,0,차대차 - 정면충돌,중앙선침범,건조,맑음,단일로 - 기타,승용,남,30세,상해없음,승용,남,30세,경상
2014030200100351,2014년 3월 2일 18시,일요일,경상남도 창원시 진해구 용원동,경상사고,0,0,2,1,차대차 - 추돌 - 주정차중,안전운전불이행,건조,맑음,기타 - 기타,승용,여,62세,상해없음,화물,남,53세,상해없음
2014030200100382,2014년 3월 2일 19시,일요일,경상남도 밀양시 내이동,경상사고,0,0,1,0,차대차 - 측면직각충돌,안전운전불이행,건조,맑음,교차로 - 교차로부근,화물,남,19세,상해없음,승용,남,50세,경상
2014030200100383,2014년 3월 2일 19시,일요일,경상남도 김해시 생림면,중상사고,0,2,1,0,차대차 - 추돌 - 진행중,안전운전불이행,건조,맑음,단일로 - 기타,화물,남,58세,상해없음,승용,남,28세,중상
2014030200100384,2014년 3월 2일 19시,일요일,경상남도 김해시 진영읍,중상사고,0,1,1,0,차량단독 - 공작물충돌,안전운전불이행,건조,맑음,단일로 - 기타,화물,남,40세,경상,,,,