사고번호,사고일시,요일,시군구,사고내용,사망자수,중상자수,경상자수,부상신고자수,사고유형,법규위반,노면상태,기상상태,도로형태,가해운전자 차종,가해운전자 성별,가해운전자 연령,가해운전자 상해정도,피해운전자 차종,피해운전자 성별,피해운전자 연령,피해운전자 상해정도
2014030500100573,2014년 3월 5일 22시,수요일,경상남도 남해군 남해읍,경상사고,0,0,1,0,차대사람 - 횡단중,안전운전불이행,건조,맑음,기타 - 기타,승용,남,23세,상해없음,보행자,남,44세,경상
2014030500100594,2014년 3월 5일 23시,수요일,경상남도 창원시 성산구 사파동,중상사고,0,1,0,0,차대차 - 측면직각충돌,안전운전불이행,건조,맑음,교차로 - 교차로부근,승용,여,35세,상해없음,승용,남,26세,중상
2014030500100595,2014년 3월 5일 23시,수요일,경상남도 창원시 의창구 대산면,중상사고,0,1,0,0,차대차 - 추돌 - 진행중,중앙선침범,건조,맑음,단일로 - 기타,승용,남,40세,상해없음,승용,남,39세,상해없음
2014030600100016,2014년 3월 6일 00시,목요일,경상남도 거제시 옥포동,중상사고,0,1,0,0,차대사람 - 기타,안전운전불이행,건조,맑음,단일로 - 기타,승용,여,31세,상해없음,보행자,남,48세,중상
2014030600100017,2014년 3월 6일 00시,목요일,경상남도 창원시 의창구 봉곡동,중상사고,0,1,0,0,차대사람 - 횡단중,안전운전불이행,건조,맑음,교차로 - 교차로부근,승용,남,43세,상해없음,보행자,여,53세,중상
2014030600100072,2014년 3월 6일 06시,목요일,경상남도 창원시 진해구 석동,경상사고,0,0,1,0,차대차 - 측면직각충돌,안전운전불이행,건조,맑음,교차로 - 교차로부근,승용,남,55세,상해없음,승용,남,35세,경상
2014030600100073,2014년 3월 6일 06시,목요일,경상남도 통영시 광도면,사망사고,1,0,0,0,차대사람 - 횡단중,안전운전불이행,건조,맑음,단일로 - 횡단보도상,승합,남,42세,상해없음,보행자,여,73세,사망
2014030600100136,2014년 3월 6일 08시,목요일,경상남도 밀양시 삼문동,중상사고,0,1,0,0,차대사람 - 횡단중,안전운전불이행,건조,맑음,단일로 - 기타,승용,남,42세,상해없음,보행자,여,13세,중상
2014030600100137,2014년 3월 6일 08시,목요일,경상남도 김해시 대동면,경상사고,0,0,2,0,차대차 - 기타,기타,건조,맑음,교차로 - 교차로안,승용,남,39세,경상,승용,여,52세,경상
2014030600100160,2014년 3월 6일 09시,목요일,경상남도 의령군 봉수면,중상사고,0,1,0,0,차대차 - 측면직각충돌,안전운전불이행,건조,맑음,단일로 - 기타,화물,남,70세,상해없음,이륜,남,61세,중상
2014030600100181,2014년 3월 6일 10시,목요일,경상남도 김해시 어방동,중상사고,0,1,0,0,차대차 - 측면직각충돌,안전운전불이행,건조,맑음,교차로 - 교차로안,자전거,남,81세,중상,승용,여,49세,상해없음
2014030600100182,2014년 3월 6일 10시,목요일,경상남도 남해군 창선면,경상사고,0,0,1,0,차대차 - 추돌 - 주정차중,안전운전불이행,건조,맑음,기타 - 기타,이륜,남,82세,경상,승용,남,60세,상해없음
2014030600100207,2014년 3월 6일 11시,목요일,경상남도 합천군 묘산면,중상사고,0,1,0,0,차대차 - 추돌 - 진행중,안전운전불이행,건조,맑음,단일로 - 기타,승용,여,66세,상해없음,승용,남,47세,상해없음
2014030600100226,2014년 3월 6일 12시,목요일,경상남도 통영시 광도면,경상사고,0,0,1,0,차대차 - 측면직각충돌,신호위반,건조,맑음,교차로 - 교차로안,승용,남,60세,상해없음,승용,여,34세,경상
2014030600100227,2014년 3월 6일 12시,목요일,경상남도 거창군 거창읍,중상사고,0,1,0,1,차대차 - 측면직각충돌,교차로운행방법위반,건조,맑음,교차로 - 교차로안,승용,남,39세,상해없음,이륜,남,59세,중상
2014030600100228,2014년 3월 6일 12시,목요일,경상남도 창원시 의창구 봉곡동,경상사고,0,0,1,0,차대차 - 측면직각충돌,교차로운행방법위반,건조,맑음,교차로 - 교차로안,승용,남,71세,상해없음,승용,남,32세,경상
2014030600100277,2014년 3월 6일 14시,목요일,경상남도 창원시 성산구 가음동,중상사고,0,1,0,0,차대차 - 기타,교차로운행방법위반,건조,맑음,교차로 - 교차로부근,승용,여,42세,상해없음,이륜,남,62세,중상
2014030600100382,2014년 3월 6일 18시,목요일,경상남도 진주시 집현면,사망사고,1,0,0,0,차대차 - 기타,안전운전불이행,건조,맑음,교차로 - 교차로안,화물,남,58세,상해없음,원동기,남,63세,사망
2014030600100419,2014년 3월 6일 19시,목요일,경상남도 창원시 성산구 가음정동,중상사고,0,1,0,0,차대차 - 기타,안전운전불이행,건조,맑음,단일로 - 기타,승용,여,49세,상해없음,자전거,남,32세,중상
2014030600100420,2014년 3월 6일 19시,목요일,경상남도 창원시 의창구 명서동,경상사고,0,0,1,0,차대차 - 측면직각충돌,기타,건조,맑음,교차로 - 교차로안,승용,남,65세,상해없음,승용,남,41세,경상
2014030600100463,2014년 3월 6일 21시,목요일,경상남도 창원시 마산합포구 가포동,중상사고,0,1,0,0,차대차 - 추돌 - 주정차중,안전운전불이행,건조,맑음,교차로 - 교차로부근,승용,남,44세,상해없음,승용,여,39세,중상
2014030600100464,2014년 3월 6일 21시,목요일,경상남도 김해시 구산동,중상사고,0,1,0,0,차대차 - 기타,안전운전불이행,건조,맑음,교차로 - 교차로안,화물,남,49세,상해없음,승용,여,32세,중상
2014030600100465,2014년 3월 6일 21시,목요일,경상남도 김해시 부원동,경상사고,0,0,1,0,차대차 - 기타,불법유턴,건조,맑음,단일로 - 횡단보도상,승용,남,66세,상해없음,자전거,남,51세,경상
2014030600100466,2014년 3월 6일 21시,목요일,경상남도 창원시 성산구 가음동,경상사고,0,0,1,0,차대차 - 기타,신호위반,건조,맑음,교차로 - 교차로안,승용,남,23세,상해없음,승용,여,64세,경상
2014030600100467,2014년 3월 6일 21시,목요일,경상남도 창원시 마산합포구 산호동,경상사고,0,0,1,0,차대사람 - 길가장자리구역통행중,안전운전불이행,건조,맑음,단일로 - 기타,승용,남,45세,기타불명,보행자,여,42세,경상
2014030600100493,2014년 3월 6일 22시,목요일,경상남도 남해군 남해읍,중상사고,0,2,0,0,차대사람 - 길가장자리구역통행중,안전운전불이행,건조,맑음,미분류 - 미분류,원동기,남,20세,중상,보행자,여,49세,중상
2014030700100022,2014년 3월 7일 01시,금요일,경상남도 창원시 마산회원구 합성동,중상사고,0,1,0,0,차대차 - 기타,안전운전불이행,건조,맑음,단일로 - 기타,승용,남,51세,상해없음,원동기,여,63세,중상
2014030700100035,2014년 3월 7일 02시,금요일,경상남도 진주시 하대동,경상사고,0,0,3,0,차대차 - 기타,신호위반,건조,맑음,교차로 - 교차로안,승용,남,44세,상해없음,승용,남,59세,경상
2014030700100036,2014년 3월 7일 02시,금요일,경상남도 사천시 용현면,경상사고,0,0,1,0,차량단독 - 공작물충돌,안전운전불이행,건조,맑음,단일로 - 기타,승용,남,41세,경상,,,,
2014030700100059,2014년 3월 7일 05시,금요일,경상남도 창원시 진해구 경화동,경상사고,0,0,1,0,차대차 - 추돌 - 주정차중,안전운전불이행,건조,맑음,교차로 - 교차로부근,승용,남,39세,상해없음,승합,남,43세,경상
2014030700100091,2014년 3월 7일 07시,금요일,경상남도 창원시 마산합포구 대내동,경상사고,0,0,1,0,차대차 - 기타,안전운전불이행,건조,맑음,교차로 - 교차로부근,승용,남,51세,상해없음,승합,남,51세,상해없음
2014030700100092,2014년 3월 7일 07시,금요일,경상남도 창원시 진해구 용원동,경상사고,0,0,1,0,차대차 - 측면직각충돌,신호위반,건조,맑음,교차로 - 교차로안,승용,남,40세,상해없음,승용,여,52세,경상
2014030700100093,2014년 3월 7일 07시,금요일,경상남도 거제시 연초면,부상신고사고,0,0,0,1,차대차 - 측면직각충돌,안전운전불이행,건조,맑음,단일로 - 기타,승용,남,66세,상해없음,승용,남,51세,상해없음
2014030700100137,2014년 3월 7일 08시,금요일,경상남도 창원시 진해구 태평동,경상사고,0,0,1,0,차대차 - 측면직각충돌,안전운전불이행,건조,맑음,교차로 - 교차로안,승용,여,39세,기타불명,자전거,여,42세,경상
2014030700100138,2014년 3월 7일 08시,금요일,경상남도 김해시 어방동,중상사고,0,1,0,0,차대차 - 측면직각충돌,안전운전불이행,건조,맑음,교차로 - 교차로안,특수,남,60세,상해없음,승용,여,37세,중상
2014030700100139,2014년 3월 7일 08시,금요일,경상남도 김해시 장유면,중상사고,0,1,0,0,차대차 - 측면직각충돌,신호위반,건조,맑음,교차로 - 교차로안,이륜,남,65세,중상,승용,여,34세,상해없음
2014030700100188,2014년 3월 7일 10시,금요일,경상남도 양산시 북부동,경상사고,0,0,1,0,차대차 - 기타,교차로운행방법위반,건조,맑음,교차로 - 교차로안,화물,남,39세,상해없음,승용,남,56세,경상
2014030700100189,2014년 3월 7일 10시,금요일,경상남도 창원시 성산구 신촌동,중상사고,0,1,2,0,차대차 - 기타,신호위반,기타,맑음,교차로 - 교차로안,승합,남,53세,상해없음,승용,남,31세,중상
2014030700100213,2014년 3월 7일 11시,금요일,경상남도 창원시 마산합포구 진동면,중상사고,0,1,0,0,차대차 - 측면직각충돌,안전운전불이행,건조,맑음,교차로 - 교차로안,승용,남,70세,상해없음,승합,남,47세,상해없음
2014030700100214,2014년 3월 7일 11시,금요일,경상남도 진주시 장대동,중상사고,0,1,0,0,차대사람 - 보도통행중,보행자보호의무위반,건조,맑음,단일로 - 횡단보도상,승용,남,54세,상해없음,보행자,여,65세,중상
2014030700100215,2014년 3월 7일 11시,금요일,경상남도 사천시 용강동,중상사고,0,1,0,0,차대차 - 기타,안전운전불이행,건조,맑음,교차로 - 교차로부근,화물,남,57세,상해없음,자전거,여,58세,중상
2014030700100216,2014년 3월 7일 11시,금요일,경상남도 거제시 연초면,경상사고,0,0,1,0,차대차 - 추돌 - 진행중,안전운전불이행,건조,맑음,단일로 - 기타,승용,여,45세,상해없음,화물,남,44세,경상
2014030700100217,2014년 3월 7일 11시,금요일,경상남도 창원시 성산구 상남동,경상사고,0,0,1,0,차대차 - 측면직각충돌,안전운전불이행,건조,맑음,교차로 - 교차로안,승용,여,70세,상해없음,승용,여,28세,경상
2014030700100233,2014년 3월 7일 12시,금요일,경상남도 사천시 서포면,경상사고,0,0,1,0,차량단독 - 공작물충돌,안전운전불이행,건조,맑음,단일로 - 기타,승용,여,24세,경상,,,,
2014030700100234,2014년 3월 7일 12시,금요일,경상남도 김해시 한림면,경상사고,0,0,1,0,차대차 - 측면직각충돌,교차로운행방법위반,건조,맑음,교차로 - 교차로부근,화물,남,63세,상해없음,화물,남,59세,경상
2014030700100253,2014년 3월 7일 13시,금요일,경상남도 거창군 가조면,경상사고,0,0,1,0,차대차 - 측면직각충돌,교차로운행방법위반,건조,맑음,교차로 - 교차로안,이륜,남,67세,경상,건설기계,남,43세,상해없음
2014030700100278,2014년 3월 7일 14시,금요일,경상남도 통영시 북신동,경상사고,0,0,1,0,차대차 - 측면직각충돌,신호위반,건조,맑음,교차로 - 교차로안,승용,여,42세,상해없음,승용,여,35세,경상
2014030700100279,2014년 3월 7일 14시,금요일,경상남도 밀양시 교동,경상사고,0,0,1,0,차대차 - 추돌 - 진행중,안전운전불이행,건조,맑음,단일로 - 기타,승용,남,68세,상해없음,이륜,남,63세,경상
2014030700100280,2014년 3월 7일 14시,금요일,경상남도 고성군 거류면,경상사고,0,0,1,0,차대사람 - 기타,안전운전불이행,건조,맑음,기타 - 기타,농기계,남,61세,상해없음,보행자,여,40세,경상
2014030700100281,2014년 3월 7일 14시,금요일,경상남도 남해군 남해읍,중상사고,0,1,0,0,차대차 - 측면직각충돌,신호위반,건조,맑음,교차로 - 교차로안,승용,남,22세,상해없음,화물,남,45세,중상
2014030700100301,2014년 3월 7일 15시,금요일,경상남도 김해시 진영읍,경상사고,0,0,1,0,차대사람 - 횡단중,안전운전불이행,건조,맑음,단일로 - 기타,승용,여,53세,상해없음,보행자,남,8세,경상
2014030700100328,2014년 3월 7일 16시,금요일,경상남도 창원시 진해구 경화동,경상사고,0,0,1,0,차대차 - 측면직각충돌,신호위반,건조,맑음,교차로 - 교차로안,승용,남,54세,상해없음,승용,여,53세,경상
2014030700100329,2014년 3월 7일 16시,금요일,경상남도 밀양시 내이동,경상사고,0,0,1,0,차대사람 - 차도통행중,안전운전불이행,건조,맑음,단일로 - 기타,승용,남,28세,상해없음,보행자,여,40세,경상
2014030700100330,2014년 3월 7일 16시,금요일,경상남도 하동군 금남면,중상사고,0,1,0,0,차대차 - 기타,중앙선침범,건조,맑음,단일로 - 기타,화물,남,54세,상해없음,승용,남,43세,중상
2014030700100331,2014년 3월 7일 16시,금요일,경상남도 거제시 덕포동,경상사고,0,0,1,0,차대차 - 기타,안전거리미확보,건조,맑음,기타 - 기타,승용,여,57세,상해없음,승용,남,48세,경상
2014030700100332,2014년 3월 7일 16시,금요일,경상남도 거제시 고현동,경상사고,0,0,1,0,차대차 - 측면직각충돌,교차로운행방법위반,건조,맑음,교차로 - 교차로안,승용,남,61세,상해없음,승용,여,50세,상해없음
2014030700100358,2014년 3월 7일 17시,금요일,경상남도 진주시 주약동,중상사고,0,1,0,0,차대사람 - 기타,안전운전불이행,건조,맑음,단일로 - 기타,승용,남,41세,상해없음,보행자,남,13세,중상
2014030700100359,2014년 3월 7일 17시,금요일,경상남도 사천시 서포면,경상사고,0,0,1,0,차대차 - 측면직각충돌,안전운전불이행,건조,맑음,단일로 - 기타,승용,여,45세,상해없음,승용,여,59세,경상
2014030700100360,2014년 3월 7일 17시,금요일,경상남도 거제시 고현동,부상신고사고,0,0,0,1,차대차 - 기타,교차로운행방법위반,건조,맑음,교차로 - 교차로안,자전거,남,31세,부상신고,건설기계,남,46세,상해없음
2014030700100361,2014년 3월 7일 17시,금요일,경상남도 거제시 사등면,경상사고,0,0,3,0,차대차 - 기타,교차로운행방법위반,건조,맑음,기타 - 기타,승용,여,64세,상해없음,화물,남,57세,상해없음
2014030700100362,2014년 3월 7일 17시,금요일,경상남도 창원시 마산회원구 내서읍,중상사고,0,1,1,0,차대차 - 추돌 - 진행중,기타,건조,맑음,교차로 - 교차로부근,승용,남,51세,상해없음,승합,남,54세,상해없음
2014030700100395,2014년 3월 7일 18시,금요일,경상남도 통영시 광도면,경상사고,0,0,1,0,차대사람 - 횡단중,보행자보호의무위반,건조,맑음,교차로 - 교차로부근,승용,여,39세,기타불명,보행자,남,8세,경상
2014030700100433,2014년 3월 7일 19시,금요일,경상남도 사천시 축동면,경상사고,0,0,1,1,차대차 - 측면직각충돌,안전운전불이행,건조,맑음,단일로 - 기타,승용,여,49세,부상신고,승용,여,35세,경상
2014030700100434,2014년 3월 7일 19시,금요일,경상남도 사천시 향촌동,중상사고,0,1,1,0,차대차 - 측면직각충돌,직진우회전진행방해,건조,맑음,교차로 - 교차로안,승용,여,50세,경상,승용,남,32세,중상
2014030700100435,2014년 3월 7일 19시,금요일,경상남도 하동군 하동읍,경상사고,0,0,1,1,차대차 - 측면직각충돌,안전운전불이행,건조,맑음,교차로 - 교차로안,승용,여,51세,부상신고,화물,남,49세,경상
2014030700100436,2014년 3월 7일 19시,금요일,경상남도 거제시 옥포동,경상사고,0,0,1,0,차대사람 - 횡단중,안전운전불이행,건조,맑음,교차로 - 교차로안,이륜,남,45세,상해없음,보행자,남,41세,경상
2014030700100437,2014년 3월 7일 19시,금요일,경상남도 창원시 마산회원구 회성동,중상사고,0,1,0,0,차대차 - 측면직각충돌,안전운전불이행,건조,맑음,단일로 - 기타,원동기,남,47세,중상,승용,남,49세,상해없음
2014030700100464,2014년 3월 7일 20시,금요일,경상남도 함안군 법수면,경상사고,0,0,1,0,차대차 - 추돌 - 진행중,안전거리미확보,건조,맑음,단일로 - 기타,승합,남,54세,상해없음,승용,남,52세,경상
2014030700100465,2014년 3월 7일 20시,금요일,경상남도 창원시 의창구 팔용동,중상사고,0,1,0,0,차대차 - 측면직각충돌,교차로운행방법위반,건조,맑음,교차로 - 교차로안,승용,남,33세,상해없음,자전거,남,61세,중상
2014030700100495,2014년 3월 7일 21시,금요일,경상남도 김해시 삼방동,중상사고,0,1,0,0,차대차 - 측면직각충돌,안전운전불이행,건조,맑음,교차로 - 교차로안,승용,남,61세,상해없음,원동기,남,16세,중상
2014030700100496,2014년 3월 7일 21시,금요일,경상남도 양산시 물금읍,경상사고,0,0,1,0,차대차 - 기타,신호위반,건조,맑음,교차로 - 교차로안,기타불명,기타불명,기타불명,기타불명,이륜,남,17세,경상
2014030700100497,2014년 3월 7일 21시,금요일,경상남도 창원시 마산회원구 합성동,경상사고,0,0,2,0,차대차 - 측면직각충돌,안전운전불이행,건조,맑음,교차로 - 교차로안,승용,남,59세,상해없음,승용,남,53세,상해없음
2014030700100534,2014년 3월 7일 22시,금요일,경상남도 사천시 사남면,중상사고,0,1,0,1,차대차 - 추돌 - 진행중,안전운전불이행,건조,맑음,단일로 - 기타,승용,남,37세,중상,화물,남,40세,부상신고
2014030700100562,2014년 3월 7일 23시,금요일,경상남도 창원시 마산회원구 양덕동,중상사고,0,1,0,0,차대차 - 측면직각충돌,안전운전불이행,건조,맑음,단일로 - 기타,승용,남,69세,상해없음,원동기,남,39세,중상
2014030800100021,2014년 3월 8일 00시,토요일,경상남도 창원시 마산합포구 중앙동3가,중상사고,0,1,2,0,차대차 - 측면직각충돌,신호위반,건조,맑음,교차로 - 교차로안,승용,남,32세,상해없음,승용,남,56세,중상
2014030800100022,2014년 3월 8일 00시,토요일,경상남도 김해시 삼계동,경상사고,0,0,2,0,차대차 - 추돌 - 주정차중,안전운전불이행,건조,맑음,단일로 - 기타,승용,여,45세,상해없음,승용,남,36세,경상
2014030800100023,2014년 3월 8일 00시,토요일,경상남도 창원시 성산구 신촌동,중상사고,0,2,2,0,차대차 - 기타,신호위반,기타,맑음,교차로 - 교차로안,승용,남,20세,상해없음,승용,남,57세,중상
2014030800100048,2014년 3월 8일 01시,토요일,경상남도 진주시 하대동,중상사고,0,1,0,0,차대사람 - 길가장자리구역통행중,안전운전불이행,건조,맑음,교차로 - 교차로부근,승용,남,32세,상해없음,보행자,남,50세,중상
2014030800100049,2014년 3월 8일 01시,토요일,경상남도 창원시 마산회원구 봉암동,중상사고,0,1,1,0,차대차 - 측면직각충돌,신호위반,건조,맑음,교차로 - 교차로안,승용,여,37세,상해없음,승용,남,63세,경상
2014030800100089,2014년 3월 8일 04시,토요일,경상남도 창원시 마산합포구 진동면,부상신고사고,0,0,0,1,차대차 - 추돌 - 주정차중,안전운전불이행,건조,맑음,단일로 - 기타,승용,남,34세,부상신고,승용,남,32세,기타불명
2014030800100161,2014년 3월 8일 09시,토요일,경상남도 사천시 사천읍,경상사고,0,0,1,0,차대차 - 측면직각충돌,중앙선침범,건조,맑음,단일로 - 횡단보도부근,승용,남,47세,상해없음,승용,남,50세,경상
2014030800100162,2014년 3월 8일 09시,토요일,경상남도 김해시 동상동,중상사고,0,1,0,0,차대사람 - 기타,안전운전불이행,건조,맑음,단일로 - 기타,승용,남,51세,상해없음,보행자,여,72세,중상
2014030800100189,2014년 3월 8일 10시,토요일,경상남도 양산시 물금읍,부상신고사고,0,0,0,1,차대사람 - 횡단중,보행자보호의무위반,건조,맑음,단일로 - 횡단보도상,기타불명,기타불명,기타불명,기타불명,보행자,여,12세,부상신고
2014030800100212,2014년 3월 8일 11시,토요일,경상남도 창원시 마산합포구 우산동,중상사고,0,1,1,0,차대차 - 추돌 - 진행중,안전거리미확보,건조,맑음,단일로 - 기타,화물,남,70세,상해없음,화물,남,63세,경상
2014030800100213,2014년 3월 8일 11시,토요일,경상남도 사천시 사남면,경상사고,0,0,1,0,차대차 - 기타,신호위반,건조,맑음,교차로 - 교차로안,승합,남,47세,상해없음,특수,남,30세,경상
2014030800100214,2014년 3월 8일 11시,토요일,경상남도 남해군 남면,중상사고,0,1,0,0,차대사람 - 기타,안전운전불이행,건조,맑음,기타 - 기타,승용,남,52세,상해없음,보행자,여,89세,중상
2014030800100215,2014년 3월 8일 11시,토요일,경상남도 창원시 의창구 동읍,경상사고,0,0,1,0,차대사람 - 길가장자리구역통행중,안전운전불이행,건조,맑음,단일로 - 기타,자전거,남,24세,상해없음,보행자,여,56세,경상
2014030800100237,2014년 3월 8일 12시,토요일,경상남도 진주시 상평동,중상사고,0,1,0,0,차대차 - 측면직각충돌,직진우회전진행방해,건조,맑음,교차로 - 교차로안,승용,남,50세,상해없음,자전거,남,53세,중상
2014030800100238,2014년 3월 8일 12시,토요일,경상남도 거제시 아주동,중상사고,0,1,1,0,차대차 - 측면직각충돌,신호위반,건조,맑음,교차로 - 교차로안,승용,남,58세,상해없음,승용,여,24세,중상
2014030800100265,2014년 3월 8일 13시,토요일,경상남도 김해시 장유면,중상사고,0,3,1,0,차대차 - 추돌 - 주정차중,안전운전불이행,건조,맑음,단일로 - 기타,승용,남,59세,상해없음,승용,여,46세,중상
2014030800100299,2014년 3월 8일 14시,토요일,경상남도 김해시 봉황동,중상사고,0,1,0,0,차대차 - 추돌 - 진행중,안전운전불이행,건조,맑음,단일로 - 기타,승용,남,57세,상해없음,자전거,남,31세,중상
2014030800100318,2014년 3월 8일 15시,토요일,경상남도 창원시 마산회원구 두척동,중상사고,0,1,0,0,차대차 - 기타,안전운전불이행,건조,맑음,단일로 - 기타,승용,남,36세,상해없음,자전거,남,54세,중상
2014030800100319,2014년 3월 8일 15시,토요일,경상남도 창원시 의창구 동읍,중상사고,0,1,4,0,차대차 - 기타,안전운전불이행,건조,맑음,단일로 - 기타,승용,남,33세,상해없음,승용,남,34세,중상
2014030800100346,2014년 3월 8일 16시,토요일,경상남도 통영시 광도면,경상사고,0,0,1,0,차대차 - 측면직각충돌,신호위반,건조,맑음,교차로 - 교차로안,승용,남,61세,상해없음,승합,남,39세,경상
2014030800100347,2014년 3월 8일 16시,토요일,경상남도 양산시 물금읍,경상사고,0,0,2,0,차대차 - 기타,교차로운행방법위반,건조,맑음,교차로 - 교차로부근,화물,남,60세,상해없음,승용,남,57세,경상
2014030800100399,2014년 3월 8일 18시,토요일,경상남도 창원시 마산합포구 동성동,중상사고,0,1,0,0,차대차 - 측면직각충돌,신호위반,건조,맑음,교차로 - 교차로안,승합,남,61세,상해없음,승용,여,26세,중상
2014030800100400,2014년 3월 8일 18시,토요일,경상남도 창원시 진해구 덕산동,경상사고,0,0,3,0,차대차 - 추돌 - 진행중,안전운전불이행,건조,기타,교차로 - 교차로부근,승용,남,48세,상해없음,승용,남,34세,경상
2014030800100401,2014년 3월 8일 18시,토요일,경상남도 사천시 벌리동,중상사고,0,1,0,0,차대사람 - 기타,교차로운행방법위반,건조,맑음,교차로 - 교차로안,승용,남,65세,상해없음,보행자,여,45세,중상
2014030800100402,2014년 3월 8일 18시,토요일,경상남도 밀양시 삼문동,중상사고,0,1,0,0,차대차 - 측면직각충돌,안전운전불이행,건조,맑음,교차로 - 교차로안,승용,남,44세,상해없음,화물,남,49세,중상
2014030800100403,2014년 3월 8일 18시,토요일,경상남도 창원시 마산회원구 양덕동,부상신고사고,0,0,0,1,차대차 - 추돌 - 진행중,안전운전불이행,건조,맑음,단일로 - 기타,승용,남,69세,상해없음,승용,여,49세,부상신고
2014030800100442,2014년 3월 8일 19시,토요일,경상남도 진주시 상평동,경상사고,0,0,3,0,차대차 - 측면직각충돌,직진우회전진행방해,건조,맑음,교차로 - 교차로안,승용,남,49세,상해없음,승용,남,45세,경상
2014030800100443,2014년 3월 8일 19시,토요일,경상남도 합천군 쌍백면,경상사고,0,0,1,0,차대차 - 추돌 - 진행중,안전운전불이행,건조,맑음,단일로 - 기타,화물,남,46세,경상,화물,남,52세,상해없음
2014030800100444,2014년 3월 8일 19시,토요일,경상남도 양산시 삼호동,경상사고,0,0,1,0,차대차 - 기타,교차로운행방법위반,건조,맑음,교차로 - 교차로안,승합,남,53세,상해없음,승용,남,49세,경상
2014030800100445,2014년 3월 8일 19시,토요일,경상남도 창원시 마산회원구 내서읍,중상사고,0,1,0,0,차대차 - 측면직각충돌,안전운전불이행,건조,맑음,교차로 - 교차로안,승용,남,52세,상해없음,이륜,남,51세,중상
2014030800100446,2014년 3월 8일 19시,토요일,경상남도 창원시 의창구 도계동,경상사고,0,0,2,0,차대차 - 측면직각충돌,안전거리미확보,건조,맑음,단일로 - 기타,승용,남,40세,상해없음,승용,여,46세,경상
2014030800100514,2014년 3월 8일 21시,토요일,경상남도 창원시 의창구 서상동,중상사고,0,1,5,1,차대차 - 측면직각충돌,기타,건조,맑음,교차로 - 교차로안,승합,남,49세,상해없음,승용,남,50세,경상
2014030800100515,2014년 3월 8일 21시,토요일,경상남도 창원시 의창구 도계동,중상사고,0,1,1,0,차대차 - 측면직각충돌,안전운전불이행,건조,맑음,단일로 - 기타,승용,남,55세,상해없음,승용,남,55세,상해없음
2014030800100540,2014년 3월 8일 22시,토요일,경상남도 김해시 구산동,중상사고,0,2,0,0,차대사람 - 횡단중,안전운전불이행,건조,맑음,교차로 - 교차로부근,승용,남,74세,상해없음,보행자,남,50세,중상
2014030800100541,2014년 3월 8일 22시,토요일,경상남도 양산시 중부동,부상신고사고,0,0,0,1,차대차 - 기타,신호위반,건조,맑음,교차로 - 교차로안,이륜,남,17세,부상신고,승용,남,59세,상해없음
2014030800100542,2014년 3월 8일 22시,토요일,경상남도 창원시 마산합포구 산호동,중상사고,0,1,2,0,차대차 - 추돌 - 주정차중,안전운전불이행,건조,맑음,교차로 - 교차로부근,승용,남,35세,상해없음,승용,남,33세,중상
2014030800100562,2014년 3월 8일 23시,토요일,경상남도 창원시 진해구 석동,경상사고,0,0,1,0,차대차 - 기타,안전운전불이행,건조,기타,교차로 - 교차로부근,승용,여,24세,기타불명,승용,남,26세,경상
2014030800100563,2014년 3월 8일 23시,토요일,경상남도 김해시 삼방동,중상사고,0,1,0,0,차대차 - 기타,차로위반,건조,맑음,단일로 - 기타,승용,여,45세,상해없음,원동기,남,21세,중상
2014030900100021,2014년 3월 9일 00시,일요일,경상남도 통영시 정량동,경상사고,0,0,1,0,차대차 - 추돌 - 주정차중,안전운전불이행,건조,맑음,단일로 - 기타,승합,남,40세,상해없음,승용,남,26세,상해없음
2014030900100022,2014년 3월 9일 00시,일요일,경상남도 창원시 성산구 상남동,중상사고,0,1,0,0,차대사람 - 기타,안전운전불이행,건조,맑음,교차로 - 교차로부근,승용,남,28세,상해없음,보행자,남,52세,중상
2014030900100044,2014년 3월 9일 01시,일요일,경상남도 창원시 마산회원구 봉암동,중상사고,0,1,0,0,차대차 - 정면충돌,신호위반,건조,맑음,교차로 - 교차로안,승용,남,47세,상해없음,승용,남,65세,중상
2014030900100077,2014년 3월 9일 03시,일요일,경상남도 밀양시 상남면,중상사고,0,1,1,0,차량단독 - 기타,안전운전불이행,건조,맑음,단일로 - 기타,승용,남,22세,상해없음,,,,
2014030900100081,2014년 3월 9일 03시,일요일,경상남도 창원시 마산합포구 상남동,중상사고,0,1,0,1,차대차 - 측면직각충돌,신호위반,건조,맑음,교차로 - 교차로안,승용,남,52세,상해없음,승용,남,50세,중상
2014030900100093,2014년 3월 9일 04시,일요일,경상남도 진주시 이현동,사망사고,1,0,0,0,차량단독 - 전도전복,안전운전불이행,건조,맑음,단일로 - 기타,승용,남,43세,사망,,,,
2014030900100094,2014년 3월 9일 04시,일요일,경상남도 양산시 하북면,사망사고,1,0,0,0,차량단독 - 공작물충돌,안전운전불이행,건조,맑음,단일로 - 기타,화물,남,42세,사망,,,,
2014030900100127,2014년 3월 9일 07시,일요일,경상남도 함안군 칠서면,경상사고,0,0,1,0,차대차 - 정면충돌,중앙선침범,건조,맑음,단일로 - 기타,화물,남,60세,상해없음,승용,남,25세,경상
2014030900100154,2014년 3월 9일 09시,일요일,경상남도 창원시 성산구 안민동,경상사고,0,0,1,0,차대사람 - 기타,안전운전불이행,건조,맑음,단일로 - 기타,화물,남,39세,상해없음,보행자,남,24세,경상