사고번호,사고일시,요일,시군구,사고내용,사망자수,중상자수,경상자수,부상신고자수,사고유형,법규위반,노면상태,기상상태,도로형태,가해운전자 차종,가해운전자 성별,가해운전자 연령,가해운전자 상해정도,피해운전자 차종,피해운전자 성별,피해운전자 연령,피해운전자 상해정도
2014031900100230,2014년 3월 19일 12시,수요일,경상남도 산청군 신안면,부상신고사고,0,0,0,1,차량단독 - 전도전복,안전운전불이행,건조,맑음,단일로 - 기타,승용,여,27세,상해없음,,,,
2014031900100250,2014년 3월 19일 13시,수요일,경상남도 합천군 합천읍,중상사고,0,1,0,0,차대사람 - 횡단중,안전운전불이행,건조,맑음,단일로 - 기타,승용,여,55세,상해없음,보행자,여,73세,중상
2014031900100279,2014년 3월 19일 14시,수요일,경상남도 창녕군 영산면,경상사고,0,0,1,0,차대차 - 측면직각충돌,안전운전불이행,건조,맑음,단일로 - 기타,화물,남,69세,상해없음,승용,남,54세,경상
2014031900100303,2014년 3월 19일 15시,수요일,경상남도 창원시 진해구 풍호동,경상사고,0,0,1,0,차대차 - 기타,안전운전불이행,건조,맑음,교차로 - 교차로부근,승용,남,58세,상해없음,승합,남,47세,기타불명
2014031900100304,2014년 3월 19일 15시,수요일,경상남도 창원시 의창구 팔용동,경상사고,0,0,1,0,차대차 - 측면직각충돌,안전운전불이행,건조,맑음,단일로 - 기타,승용,남,50세,상해없음,화물,남,50세,경상
2014031900100335,2014년 3월 19일 16시,수요일,경상남도 통영시 광도면,경상사고,0,0,1,0,차대차 - 측면직각충돌,안전운전불이행,건조,맑음,교차로 - 교차로안,화물,남,63세,상해없음,화물,남,39세,경상
2014031900100336,2014년 3월 19일 16시,수요일,경상남도 김해시 내동,경상사고,0,0,1,0,차대차 - 측면직각충돌,안전운전불이행,습기,맑음,단일로 - 기타,승용,남,49세,경상,승용,남,41세,상해없음
2014031900100368,2014년 3월 19일 17시,수요일,경상남도 창원시 진해구 여좌동,중상사고,0,1,0,0,차대사람 - 기타,안전운전불이행,건조,맑음,교차로 - 교차로안,승용,여,38세,상해없음,보행자,여,10세,중상
2014031900100369,2014년 3월 19일 17시,수요일,경상남도 사천시 사천읍,경상사고,0,0,1,0,차대차 - 추돌 - 진행중,안전운전불이행,건조,맑음,교차로 - 교차로안,화물,여,40세,상해없음,승용,여,47세,경상
2014031900100370,2014년 3월 19일 17시,수요일,경상남도 거제시 고현동,경상사고,0,0,1,0,차대차 - 기타,신호위반,건조,맑음,교차로 - 교차로안,승합,남,29세,상해없음,자전거,남,55세,경상
2014031900100448,2014년 3월 19일 19시,수요일,경상남도 창원시 진해구 용원동,경상사고,0,0,2,0,차대차 - 추돌 - 주정차중,안전운전불이행,건조,맑음,교차로 - 교차로부근,승용,남,41세,상해없음,승용,남,47세,경상
2014031900100449,2014년 3월 19일 19시,수요일,경상남도 사천시 사남면,경상사고,0,0,1,0,차대차 - 측면직각충돌,신호위반,건조,맑음,교차로 - 교차로안,승용,남,58세,상해없음,이륜,남,17세,경상
2014031900100450,2014년 3월 19일 19시,수요일,경상남도 김해시 장유면,경상사고,0,0,1,0,차대사람 - 횡단중,보행자보호의무위반,건조,맑음,단일로 - 횡단보도상,승용,여,37세,상해없음,보행자,여,11세,경상
2014031900100451,2014년 3월 19일 19시,수요일,경상남도 김해시 장유면,중상사고,0,1,0,0,차대사람 - 기타,안전운전불이행,건조,맑음,교차로 - 교차로안,승합,남,47세,상해없음,보행자,여,60세,중상
2014031900100484,2014년 3월 19일 20시,수요일,경상남도 창원시 진해구 이동,경상사고,0,0,2,0,차대차 - 추돌 - 진행중,안전거리미확보,건조,맑음,교차로 - 교차로부근,승용,남,44세,상해없음,승용,남,33세,경상
2014031900100518,2014년 3월 19일 21시,수요일,경상남도 남해군 남해읍,중상사고,0,1,0,0,차대사람 - 차도통행중,안전운전불이행,건조,맑음,교차로 - 교차로안,승용,남,68세,상해없음,보행자,남,56세,중상
2014031900100519,2014년 3월 19일 21시,수요일,경상남도 김해시 장유면,경상사고,0,0,1,0,차대차 - 측면직각충돌,안전운전불이행,건조,맑음,단일로 - 기타,승용,여,35세,상해없음,승용,남,35세,경상
2014031900100539,2014년 3월 19일 22시,수요일,경상남도 김해시 동상동,경상사고,0,0,1,0,차대차 - 추돌 - 주정차중,안전운전불이행,건조,맑음,단일로 - 기타,승용,남,28세,상해없음,승용,남,58세,경상
2014031900100540,2014년 3월 19일 22시,수요일,경상남도 김해시 외동,중상사고,0,2,0,0,차대차 - 측면직각충돌,교차로운행방법위반,건조,맑음,교차로 - 교차로안,승용,여,46세,상해없음,승용,여,54세,중상
2014031900100541,2014년 3월 19일 22시,수요일,경상남도 창녕군 계성면,경상사고,0,0,1,0,차대차 - 추돌 - 주정차중,안전운전불이행,습기,비,기타 - 기타,승용,남,37세,상해없음,화물,남,40세,경상
2014031900100542,2014년 3월 19일 22시,수요일,경상남도 창원시 의창구 봉곡동,경상사고,0,0,2,0,차대차 - 추돌 - 주정차중,안전운전불이행,건조,맑음,단일로 - 기타,승용,남,34세,상해없음,승용,여,53세,경상
2014031900100569,2014년 3월 19일 23시,수요일,경상남도 진주시 봉곡동,중상사고,0,1,0,0,차대사람 - 기타,안전운전불이행,건조,맑음,단일로 - 기타,이륜,남,19세,상해없음,보행자,남,53세,중상
2014031900100570,2014년 3월 19일 23시,수요일,경상남도 창원시 진해구 덕산동,경상사고,0,0,2,0,차대차 - 측면직각충돌,교차로운행방법위반,건조,기타,교차로 - 교차로안,승용,남,59세,상해없음,승용,남,33세,경상
2014031900100571,2014년 3월 19일 23시,수요일,경상남도 통영시 용남면,경상사고,0,0,1,0,차대차 - 추돌 - 진행중,안전운전불이행,건조,맑음,단일로 - 기타,승용,남,58세,상해없음,승용,남,34세,경상
2014032000100019,2014년 3월 20일 00시,목요일,경상남도 통영시 무전동,중상사고,0,1,1,0,차대차 - 측면직각충돌,안전운전불이행,건조,맑음,교차로 - 교차로안,승용,남,30세,상해없음,승용,남,75세,상해없음
2014032000100020,2014년 3월 20일 00시,목요일,경상남도 김해시 외동,경상사고,0,0,1,0,차대차 - 추돌 - 주정차중,안전운전불이행,건조,맑음,교차로 - 교차로부근,승용,남,28세,상해없음,승용,남,48세,경상
2014032000100021,2014년 3월 20일 00시,목요일,경상남도 거제시 아주동,중상사고,0,1,0,0,차대사람 - 길가장자리구역통행중,안전운전불이행,건조,맑음,단일로 - 기타,승용,여,36세,상해없음,보행자,남,40세,중상
2014032000100022,2014년 3월 20일 00시,목요일,경상남도 창원시 의창구 소답동,경상사고,0,0,1,0,차대차 - 추돌 - 주정차중,안전운전불이행,습기,비,단일로 - 기타,승용,남,46세,상해없음,승용,남,52세,경상
2014032000100053,2014년 3월 20일 03시,목요일,경상남도 거제시 고현동,중상사고,0,1,0,0,차대차 - 기타,안전운전불이행,건조,맑음,교차로 - 교차로부근,화물,남,45세,상해없음,승용,남,53세,중상
2014032000100073,2014년 3월 20일 06시,목요일,경상남도 김해시 외동,경상사고,0,0,1,0,차대차 - 측면직각충돌,차로위반,습기,비,교차로 - 교차로부근,승용,여,45세,상해없음,승용,여,44세,경상
2014032000100090,2014년 3월 20일 07시,목요일,경상남도 창원시 진해구 용원동,중상사고,0,1,0,0,차대차 - 기타,중앙선침범,습기,비,단일로 - 기타,이륜,남,32세,중상,승용,여,44세,상해없음
2014032000100091,2014년 3월 20일 07시,목요일,경상남도 양산시 교동,부상신고사고,0,0,0,1,차대사람 - 길가장자리구역통행중,안전운전불이행,건조,맑음,단일로 - 기타,승용,남,72세,기타불명,보행자,남,12세,부상신고
2014032000100119,2014년 3월 20일 08시,목요일,경상남도 통영시 무전동,중상사고,0,2,0,0,차대차 - 측면직각충돌,직진우회전진행방해,건조,맑음,교차로 - 교차로안,승용,여,37세,상해없음,승용,남,65세,중상
2014032000100142,2014년 3월 20일 09시,목요일,경상남도 거제시 장평동,중상사고,0,1,0,0,차대차 - 추돌 - 진행중,안전운전불이행,습기,비,단일로 - 기타,승용,남,36세,상해없음,승용,여,47세,중상
2014032000100143,2014년 3월 20일 09시,목요일,경상남도 김해시 장유면,중상사고,0,2,0,0,차대차 - 기타,교차로운행방법위반,건조,맑음,교차로 - 교차로안,화물,남,46세,상해없음,승용,남,50세,중상
2014032000100189,2014년 3월 20일 11시,목요일,경상남도 창원시 진해구 이동,경상사고,0,0,5,0,차대차 - 추돌 - 진행중,안전운전불이행,건조,흐림,교차로 - 교차로부근,승용,남,52세,상해없음,승용,남,46세,경상
2014032000100190,2014년 3월 20일 11시,목요일,경상남도 거제시 아주동,중상사고,0,1,1,1,차대차 - 측면직각충돌,안전운전불이행,습기,흐림,단일로 - 기타,승용,남,31세,상해없음,승합,남,43세,경상
2014032000100191,2014년 3월 20일 11시,목요일,경상남도 창원시 마산회원구 합성동,경상사고,0,0,2,0,차대차 - 추돌 - 주정차중,안전운전불이행,건조,맑음,교차로 - 교차로부근,승용,남,63세,상해없음,승용,남,40세,경상
2014032000100213,2014년 3월 20일 12시,목요일,경상남도 창원시 마산합포구 진동면,경상사고,0,0,1,0,차대차 - 기타,교차로운행방법위반,건조,맑음,교차로 - 교차로부근,승합,남,55세,상해없음,승용,여,37세,경상
2014032000100214,2014년 3월 20일 12시,목요일,경상남도 거제시 상동동,중상사고,0,1,2,0,차대차 - 측면직각충돌,신호위반,건조,흐림,교차로 - 교차로안,승용,남,43세,상해없음,승용,남,55세,경상
2014032000100241,2014년 3월 20일 13시,목요일,경상남도 창원시 의창구 명서동,중상사고,0,1,0,0,차대차 - 추돌 - 진행중,안전운전불이행,건조,맑음,교차로 - 교차로안,승용,남,32세,상해없음,승용,여,42세,중상
2014032000100263,2014년 3월 20일 14시,목요일,경상남도 김해시 장유면,중상사고,0,1,0,0,차량단독 - 기타,기타,건조,맑음,단일로 - 기타,승합,남,58세,상해없음,,,,
2014032000100356,2014년 3월 20일 17시,목요일,경상남도 진주시 강남동,중상사고,0,1,0,0,차대사람 - 횡단중,안전운전불이행,건조,맑음,교차로 - 교차로안,승용,여,46세,상해없음,보행자,여,21세,중상
2014032000100357,2014년 3월 20일 17시,목요일,경상남도 창원시 진해구 용원동,경상사고,0,0,1,0,차대사람 - 기타,안전운전불이행,습기,흐림,단일로 - 기타,화물,남,45세,상해없음,보행자,남,45세,경상
2014032000100400,2014년 3월 20일 18시,목요일,경상남도 창원시 진해구 경화동,경상사고,0,0,1,0,차대사람 - 기타,안전운전불이행,건조,맑음,기타 - 기타,승용,남,50세,기타불명,보행자,남,45세,경상
2014032000100401,2014년 3월 20일 18시,목요일,경상남도 통영시 무전동,경상사고,0,0,1,0,차대사람 - 횡단중,보행자보호의무위반,건조,맑음,단일로 - 횡단보도상,승합,여,31세,상해없음,보행자,남,4세,경상
2014032000100402,2014년 3월 20일 18시,목요일,경상남도 양산시 북정동,부상신고사고,0,0,0,1,차대사람 - 횡단중,신호위반,건조,맑음,교차로 - 교차로부근,기타불명,기타불명,기타불명,기타불명,보행자,여,17세,부상신고
2014032000100403,2014년 3월 20일 18시,목요일,경상남도 남해군 남해읍,경상사고,0,0,2,0,차대차 - 측면직각충돌,안전운전불이행,건조,맑음,단일로 - 기타,승용,여,48세,경상,승용,남,35세,경상
2014032000100457,2014년 3월 20일 19시,목요일,경상남도 사천시 동금동,중상사고,0,1,0,0,차대차 - 기타,안전거리미확보,건조,맑음,단일로 - 기타,승용,남,44세,상해없음,이륜,남,75세,중상
2014032000100458,2014년 3월 20일 19시,목요일,경상남도 거창군 마리면,중상사고,0,1,0,0,차대사람 - 횡단중,보행자보호의무위반,건조,맑음,단일로 - 기타,승용,남,54세,상해없음,보행자,여,68세,중상
2014032000100459,2014년 3월 20일 19시,목요일,경상남도 양산시 물금읍,중상사고,0,1,0,0,차대사람 - 기타,안전운전불이행,건조,맑음,단일로 - 기타,기타불명,기타불명,기타불명,기타불명,보행자,여,38세,중상
2014032000100502,2014년 3월 20일 20시,목요일,경상남도 진주시 가좌동,중상사고,0,2,0,0,차대차 - 정면충돌,신호위반,건조,맑음,단일로 - 기타,원동기,남,56세,중상,원동기,남,30세,중상
2014032000100503,2014년 3월 20일 20시,목요일,경상남도 양산시 주남동,중상사고,0,1,0,0,차대차 - 기타,안전거리미확보,습기,비,단일로 - 기타,승용,남,56세,상해없음,승용,남,54세,중상
2014032000100504,2014년 3월 20일 20시,목요일,경상남도 고성군 상리면,중상사고,0,1,0,0,차대차 - 측면직각충돌,중앙선침범,건조,맑음,단일로 - 기타,화물,남,44세,기타불명,이륜,남,58세,중상
2014032000100548,2014년 3월 20일 21시,목요일,경상남도 통영시 정량동,중상사고,0,1,0,0,차대사람 - 횡단중,신호위반,건조,맑음,단일로 - 횡단보도상,승용,남,43세,상해없음,보행자,여,17세,중상
2014032000100549,2014년 3월 20일 21시,목요일,경상남도 거제시 장승포동,경상사고,0,0,3,0,차대차 - 추돌 - 주정차중,안전운전불이행,건조,맑음,교차로 - 교차로부근,승용,남,48세,상해없음,승용,남,23세,경상
2014032000100585,2014년 3월 20일 22시,목요일,경상남도 사천시 서포면,사망사고,1,0,0,0,차량단독 - 공작물충돌,안전운전불이행,건조,맑음,단일로 - 기타,승용,여,53세,사망,,,,
2014032000100586,2014년 3월 20일 22시,목요일,경상남도 함양군 함양읍,중상사고,0,1,1,0,차대차 - 측면직각충돌,중앙선침범,건조,맑음,단일로 - 기타,승용,남,61세,상해없음,승합,남,54세,중상
2014032000100587,2014년 3월 20일 22시,목요일,경상남도 김해시 풍유동,경상사고,0,0,1,0,차대차 - 추돌 - 주정차중,안전운전불이행,건조,맑음,교차로 - 교차로부근,승용,남,41세,상해없음,승용,여,49세,경상
2014032000100625,2014년 3월 20일 23시,목요일,경상남도 양산시 물금읍,경상사고,0,0,1,0,차대차 - 기타,중앙선침범,건조,맑음,기타 - 기타,승용,남,50세,상해없음,원동기,남,31세,경상
2014032000100626,2014년 3월 20일 23시,목요일,경상남도 창원시 마산회원구 내서읍,중상사고,0,1,0,0,차대차 - 추돌 - 주정차중,안전운전불이행,건조,기타,교차로 - 교차로부근,승용,남,42세,상해없음,승용,여,62세,중상
2014032100100016,2014년 3월 21일 00시,금요일,경상남도 창원시 성산구 성주동,중상사고,0,2,1,0,차대차 - 측면직각충돌,신호위반,건조,맑음,교차로 - 교차로안,승용,남,53세,상해없음,승용,남,32세,중상
2014032100100026,2014년 3월 21일 01시,금요일,경상남도 창원시 마산회원구 회원동,중상사고,0,1,0,0,차대차 - 측면직각충돌,안전운전불이행,건조,기타,교차로 - 교차로안,화물,남,49세,상해없음,이륜,남,73세,중상
2014032100100039,2014년 3월 21일 02시,금요일,경상남도 양산시 북부동,부상신고사고,0,0,0,1,차대차 - 기타,신호위반,건조,맑음,교차로 - 교차로부근,기타불명,기타불명,기타불명,기타불명,승용,여,30세,부상신고
2014032100100082,2014년 3월 21일 06시,금요일,경상남도 거제시 고현동,경상사고,0,0,1,0,차대차 - 추돌 - 주정차중,안전운전불이행,건조,맑음,단일로 - 기타,화물,남,70세,상해없음,승합,남,69세,경상
2014032100100109,2014년 3월 21일 07시,금요일,경상남도 김해시 장유면,중상사고,0,1,1,1,차대차 - 기타,안전운전불이행,건조,맑음,단일로 - 기타,승합,여,55세,부상신고,승합,남,61세,상해없음
2014032100100150,2014년 3월 21일 08시,금요일,경상남도 진주시 상대동,경상사고,0,0,1,0,차대사람 - 횡단중,안전운전불이행,건조,맑음,교차로 - 교차로부근,승용,남,57세,상해없음,보행자,여,7세,경상
2014032100100151,2014년 3월 21일 08시,금요일,경상남도 진주시 상대동,중상사고,0,1,0,0,차대사람 - 횡단중,신호위반,건조,맑음,교차로 - 교차로부근,승합,남,45세,상해없음,보행자,남,8세,중상
2014032100100152,2014년 3월 21일 08시,금요일,경상남도 밀양시 삼문동,경상사고,0,0,1,0,차대차 - 측면직각충돌,안전운전불이행,건조,맑음,단일로 - 기타,승용,여,45세,상해없음,자전거,남,47세,경상
2014032100100153,2014년 3월 21일 08시,금요일,경상남도 창원시 의창구 봉곡동,중상사고,0,1,0,0,차대사람 - 횡단중,보행자보호의무위반,건조,맑음,단일로 - 횡단보도상,승합,여,59세,상해없음,보행자,여,20세,중상
2014032100100188,2014년 3월 21일 09시,금요일,경상남도 사천시 벌리동,경상사고,0,0,1,0,차량단독 - 기타,직진우회전진행방해,건조,맑음,교차로 - 교차로안,승용,남,60세,상해없음,,,,
2014032100100189,2014년 3월 21일 09시,금요일,경상남도 하동군 하동읍,경상사고,0,0,1,0,차대차 - 측면직각충돌,안전운전불이행,건조,맑음,단일로 - 기타,화물,남,76세,상해없음,승용,남,55세,경상
2014032100100190,2014년 3월 21일 09시,금요일,경상남도 거제시 고현동,경상사고,0,0,2,0,차대차 - 추돌 - 진행중,신호위반,건조,맑음,교차로 - 교차로안,승용,남,32세,상해없음,승용,여,40세,경상
2014032100100213,2014년 3월 21일 10시,금요일,경상남도 진주시 상대동,중상사고,0,1,0,0,차대차 - 기타,직진우회전진행방해,건조,맑음,교차로 - 교차로안,승용,남,30세,상해없음,이륜,여,27세,중상
2014032100100214,2014년 3월 21일 10시,금요일,경상남도 사천시 선구동,중상사고,0,1,0,0,차대사람 - 보도통행중,보행자보호의무위반,건조,맑음,교차로 - 교차로안,승용,남,38세,상해없음,보행자,여,65세,중상
2014032100100215,2014년 3월 21일 10시,금요일,경상남도 창녕군 대지면,사망사고,1,0,1,0,차대차 - 추돌 - 진행중,기타,건조,맑음,교차로 - 교차로안,원동기,남,75세,경상,이륜,남,76세,사망
2014032100100236,2014년 3월 21일 11시,금요일,경상남도 김해시 외동,중상사고,0,1,3,0,차대차 - 추돌 - 진행중,안전거리미확보,건조,맑음,단일로 - 기타,승합,남,38세,상해없음,승용,여,34세,중상
2014032100100265,2014년 3월 21일 12시,금요일,경상남도 창원시 의창구 명서동,중상사고,0,1,1,0,차대차 - 측면직각충돌,기타,건조,맑음,교차로 - 교차로안,승용,남,62세,상해없음,승용,여,33세,중상
2014032100100292,2014년 3월 21일 13시,금요일,경상남도 김해시 삼정동,경상사고,0,0,1,0,차대차 - 기타,교차로운행방법위반,건조,맑음,교차로 - 교차로안,승용,남,57세,상해없음,승용,여,44세,경상
2014032100100293,2014년 3월 21일 13시,금요일,경상남도 양산시 북정동,경상사고,0,0,1,0,차대차 - 기타,직진우회전진행방해,건조,흐림,교차로 - 교차로안,승용,여,44세,상해없음,화물,남,28세,경상
2014032100100294,2014년 3월 21일 13시,금요일,경상남도 산청군 오부면,중상사고,0,2,0,0,차대차 - 정면충돌,교차로운행방법위반,건조,맑음,교차로 - 교차로안,화물,남,42세,중상,화물,남,40세,상해없음
2014032100100337,2014년 3월 21일 14시,금요일,경상남도 거제시 일운면,경상사고,0,0,3,0,차대차 - 추돌 - 진행중,안전운전불이행,건조,맑음,단일로 - 기타,승용,남,62세,상해없음,승용,남,36세,경상
2014032100100367,2014년 3월 21일 15시,금요일,경상남도 창원시 마산합포구 해운동,경상사고,0,0,1,0,차대사람 - 기타,안전운전불이행,건조,맑음,교차로 - 교차로안,승용,남,63세,상해없음,보행자,남,11세,경상
2014032100100368,2014년 3월 21일 15시,금요일,경상남도 창원시 성산구 신촌동,중상사고,0,1,0,0,차량단독 - 기타,안전운전불이행,건조,맑음,교차로 - 교차로부근,승합,남,31세,상해없음,,,,
2014032100100415,2014년 3월 21일 16시,금요일,경상남도 진주시 주약동,중상사고,0,1,0,0,차대사람 - 기타,안전운전불이행,건조,맑음,단일로 - 기타,승용,남,32세,상해없음,보행자,여,68세,중상
2014032100100416,2014년 3월 21일 16시,금요일,경상남도 양산시 평산동,중상사고,0,1,0,0,차대사람 - 횡단중,보행자보호의무위반,건조,맑음,단일로 - 횡단보도상,승용,여,31세,상해없음,보행자,여,40세,중상
2014032100100447,2014년 3월 21일 17시,금요일,경상남도 밀양시 가곡동,경상사고,0,0,2,0,차대차 - 측면직각충돌,안전운전불이행,건조,맑음,교차로 - 교차로부근,승용,남,54세,상해없음,승용,남,27세,기타불명
2014032100100448,2014년 3월 21일 17시,금요일,경상남도 김해시 구산동,경상사고,0,0,1,0,차대사람 - 횡단중,보행자보호의무위반,건조,맑음,교차로 - 교차로부근,원동기,남,17세,상해없음,보행자,남,6세,경상
2014032100100476,2014년 3월 21일 18시,금요일,경상남도 김해시 동상동,중상사고,0,1,0,0,차대사람 - 길가장자리구역통행중,기타,건조,맑음,단일로 - 기타,승합,남,39세,상해없음,보행자,여,63세,중상
2014032100100522,2014년 3월 21일 19시,금요일,경상남도 진주시 본성동,중상사고,0,1,0,0,차대사람 - 횡단중,보행자보호의무위반,건조,맑음,단일로 - 횡단보도상,승용,남,51세,상해없음,보행자,여,63세,중상
2014032100100523,2014년 3월 21일 19시,금요일,경상남도 김해시 불암동,중상사고,0,1,0,0,차대차 - 측면직각충돌,차로위반,건조,맑음,단일로 - 기타,승용,남,46세,상해없음,원동기,남,23세,중상
2014032100100577,2014년 3월 21일 20시,금요일,경상남도 창원시 성산구 내동,중상사고,0,1,0,0,차대차 - 기타,안전운전불이행,건조,맑음,교차로 - 교차로부근,승용,남,40세,상해없음,원동기,여,33세,중상
2014032100100578,2014년 3월 21일 20시,금요일,경상남도 창원시 의창구 팔용동,경상사고,0,0,1,0,차대차 - 기타,차로위반,건조,맑음,단일로 - 기타,승용,남,53세,상해없음,이륜,남,17세,경상
2014032100100607,2014년 3월 21일 21시,금요일,경상남도 창원시 마산합포구 해운동,경상사고,0,0,1,0,차대사람 - 기타,안전운전불이행,건조,맑음,교차로 - 교차로부근,승용,여,32세,상해없음,보행자,남,43세,경상
2014032100100608,2014년 3월 21일 21시,금요일,경상남도 김해시 삼계동,경상사고,0,0,1,0,차대사람 - 횡단중,안전운전불이행,건조,맑음,교차로 - 교차로부근,승용,남,27세,상해없음,보행자,여,7세,경상
2014032100100609,2014년 3월 21일 21시,금요일,경상남도 거제시 고현동,경상사고,0,0,1,0,차대차 - 기타,안전운전불이행,건조,맑음,교차로 - 교차로안,화물,남,43세,상해없음,원동기,남,34세,경상
2014032100100610,2014년 3월 21일 21시,금요일,경상남도 창원시 의창구 서상동,경상사고,0,0,1,0,차대차 - 추돌 - 진행중,안전운전불이행,건조,맑음,단일로 - 기타,화물,남,52세,상해없음,승용,남,34세,경상
2014032100100633,2014년 3월 21일 22시,금요일,경상남도 창원시 진해구 용원동,부상신고사고,0,0,0,1,차대차 - 기타,안전운전불이행,건조,맑음,교차로 - 교차로안,승용,남,47세,상해없음,원동기,남,43세,부상신고
2014032100100669,2014년 3월 21일 23시,금요일,경상남도 통영시 광도면,경상사고,0,0,1,0,차대차 - 측면직각충돌,교차로운행방법위반,건조,맑음,교차로 - 교차로안,승용,여,43세,상해없음,승용,남,40세,경상
2014032100100670,2014년 3월 21일 23시,금요일,경상남도 사천시 용현면,중상사고,0,2,1,0,차대차 - 정면충돌,중앙선침범,건조,맑음,단일로 - 기타,승용,남,53세,상해없음,승용,여,24세,중상
2014032100100671,2014년 3월 21일 23시,금요일,경상남도 하동군 화개면,경상사고,0,0,1,0,차대차 - 정면충돌,신호위반,건조,맑음,단일로 - 기타,승용,남,32세,상해없음,승용,남,33세,경상
2014032100100672,2014년 3월 21일 23시,금요일,경상남도 창원시 성산구 내동,중상사고,0,1,3,0,차대차 - 추돌 - 주정차중,안전운전불이행,건조,맑음,단일로 - 기타,승용,남,35세,상해없음,승용,여,60세,경상
2014032100100673,2014년 3월 21일 23시,금요일,경상남도 창원시 성산구 남양동,경상사고,0,0,1,0,차대차 - 기타,안전거리미확보,습기,비,단일로 - 기타,승용,남,41세,상해없음,이륜,남,18세,경상
2014032200100035,2014년 3월 22일 01시,토요일,경상남도 창원시 마산합포구 오동동,경상사고,0,0,2,0,차대차 - 측면직각충돌,중앙선침범,건조,맑음,교차로 - 교차로부근,승용,남,46세,상해없음,승용,남,54세,경상
2014032200100036,2014년 3월 22일 01시,토요일,경상남도 창원시 진해구 경화동,경상사고,0,0,2,0,차대차 - 기타,안전운전불이행,건조,맑음,교차로 - 교차로부근,승용,여,55세,기타불명,승용,남,31세,경상
2014032200100037,2014년 3월 22일 01시,토요일,경상남도 창원시 진해구 용원동,중상사고,0,1,0,0,차대사람 - 기타,안전운전불이행,건조,맑음,단일로 - 기타,승용,여,30세,상해없음,보행자,남,43세,중상
2014032200100054,2014년 3월 22일 02시,토요일,경상남도 거창군 거창읍,경상사고,0,0,2,0,차대차 - 기타,교차로운행방법위반,건조,맑음,교차로 - 교차로안,승용,남,19세,상해없음,승용,남,57세,경상
2014032200100070,2014년 3월 22일 03시,토요일,경상남도 김해시 삼계동,중상사고,0,1,0,0,차대사람 - 횡단중,안전운전불이행,건조,맑음,교차로 - 교차로부근,승용,남,47세,상해없음,보행자,남,29세,중상
2014032200100071,2014년 3월 22일 03시,토요일,경상남도 거제시 고현동,경상사고,0,0,4,0,차대차 - 기타,신호위반,건조,맑음,단일로 - 기타,승용,여,40세,상해없음,승용,남,18세,경상
2014032200100105,2014년 3월 22일 05시,토요일,경상남도 사천시 곤양면,중상사고,0,1,3,0,차대차 - 추돌 - 진행중,안전운전불이행,건조,맑음,단일로 - 기타,승용,남,49세,기타불명,특수,남,61세,상해없음
2014032200100122,2014년 3월 22일 06시,토요일,경상남도 함안군 가야읍,중상사고,0,1,0,0,차대사람 - 횡단중,안전운전불이행,건조,맑음,단일로 - 횡단보도부근,승용,여,45세,상해없음,보행자,여,59세,중상
2014032200100123,2014년 3월 22일 06시,토요일,경상남도 창원시 의창구 봉곡동,경상사고,0,0,1,0,차대차 - 기타,안전운전불이행,건조,맑음,교차로 - 교차로안,기타불명,기타불명,기타불명,기타불명,화물,여,46세,경상
2014032200100142,2014년 3월 22일 07시,토요일,경상남도 창원시 진해구 경화동,중상사고,0,1,0,0,차량단독 - 공작물충돌,안전운전불이행,건조,맑음,교차로 - 교차로안,승용,남,35세,중상,,,,
2014032200100143,2014년 3월 22일 07시,토요일,경상남도 사천시 사천읍,중상사고,0,1,1,0,차대차 - 정면충돌,중앙선침범,건조,맑음,단일로 - 기타,승용,남,54세,상해없음,승용,남,34세,중상
2014032200100167,2014년 3월 22일 08시,토요일,경상남도 창원시 진해구 연도동,중상사고,0,1,0,1,차대차 - 측면직각충돌,안전운전불이행,건조,맑음,단일로 - 기타,승용,남,49세,상해없음,승용,남,67세,중상
2014032200100168,2014년 3월 22일 08시,토요일,경상남도 사천시 송포동,경상사고,0,0,1,0,차대차 - 측면직각충돌,교차로운행방법위반,건조,맑음,교차로 - 교차로안,승용,남,72세,상해없음,승용,남,58세,경상
2014032200100169,2014년 3월 22일 08시,토요일,경상남도 창녕군 유어면,경상사고,0,0,1,0,차대차 - 측면직각충돌,안전운전불이행,건조,맑음,교차로 - 교차로부근,원동기,남,76세,경상,화물,남,38세,상해없음
2014032200100170,2014년 3월 22일 08시,토요일,경상남도 거제시 옥포동,중상사고,0,2,0,0,차대차 - 정면충돌,안전운전불이행,건조,맑음,교차로 - 교차로안,승용,남,22세,상해없음,승용,남,53세,중상
2014032200100198,2014년 3월 22일 09시,토요일,경상남도 김해시 부원동,중상사고,0,2,0,0,차대차 - 기타,신호위반,건조,맑음,교차로 - 교차로안,승용,여,56세,상해없음,승합,남,34세,상해없음
2014032200100199,2014년 3월 22일 09시,토요일,경상남도 합천군 가야면,경상사고,0,0,1,0,차대차 - 기타,교차로운행방법위반,건조,맑음,교차로 - 교차로안,원동기,여,64세,경상,승합,남,66세,상해없음
2014032200100200,2014년 3월 22일 09시,토요일,경상남도 창원시 의창구 동읍,경상사고,0,0,1,0,차대차 - 기타,안전거리미확보,건조,맑음,단일로 - 기타,승합,남,56세,상해없음,승용,남,42세,상해없음