사고번호,사고일시,요일,시군구,사고내용,사망자수,중상자수,경상자수,부상신고자수,사고유형,법규위반,노면상태,기상상태,도로형태,가해운전자 차종,가해운전자 성별,가해운전자 연령,가해운전자 상해정도,피해운전자 차종,피해운전자 성별,피해운전자 연령,피해운전자 상해정도
2014032200100248,2014년 3월 22일 11시,토요일,경상남도 진주시 상대동,경상사고,0,0,1,0,차대차 - 측면직각충돌,신호위반,건조,맑음,교차로 - 교차로안,승용,여,33세,상해없음,승용,남,59세,경상
2014032200100249,2014년 3월 22일 11시,토요일,경상남도 김해시 진영읍,경상사고,0,0,1,0,차대사람 - 보도통행중,보행자보호의무위반,건조,맑음,교차로 - 교차로부근,승합,남,31세,상해없음,보행자,남,61세,경상
2014032200100250,2014년 3월 22일 11시,토요일,경상남도 창원시 의창구 동읍,경상사고,0,0,2,0,차대차 - 추돌 - 진행중,안전운전불이행,건조,맑음,단일로 - 기타,승용,남,56세,상해없음,승용,남,48세,경상
2014032200100284,2014년 3월 22일 12시,토요일,경상남도 남해군 창선면,중상사고,0,2,0,0,차대차 - 추돌 - 주정차중,안전운전불이행,건조,맑음,기타 - 기타,화물,남,52세,상해없음,승용,여,46세,중상
2014032200100308,2014년 3월 22일 13시,토요일,경상남도 진주시 하대동,경상사고,0,0,1,0,차대차 - 기타,안전운전불이행,건조,맑음,교차로 - 교차로안,승용,남,34세,상해없음,자전거,여,35세,경상
2014032200100309,2014년 3월 22일 13시,토요일,경상남도 창녕군 이방면,경상사고,0,0,1,0,차대차 - 측면직각충돌,안전운전불이행,건조,맑음,교차로 - 교차로안,승용,남,58세,상해없음,승용,남,42세,경상
2014032200100310,2014년 3월 22일 13시,토요일,경상남도 양산시 원동면,중상사고,0,1,0,0,차대사람 - 기타,안전운전불이행,건조,맑음,단일로 - 기타,승용,남,36세,상해없음,보행자,여,3세,중상
2014032200100339,2014년 3월 22일 14시,토요일,경상남도 하동군 하동읍,사망사고,1,0,0,0,차대사람 - 길가장자리구역통행중,안전운전불이행,건조,맑음,단일로 - 기타,승용,남,65세,상해없음,보행자,여,58세,사망
2014032200100340,2014년 3월 22일 14시,토요일,경상남도 하동군 하동읍,중상사고,0,1,0,0,차대사람 - 횡단중,안전운전불이행,건조,맑음,단일로 - 기타,승용,남,38세,상해없음,보행자,여,8세,중상
2014032200100374,2014년 3월 22일 15시,토요일,경상남도 김해시 대동면,경상사고,0,0,1,0,차대차 - 추돌 - 진행중,안전거리미확보,건조,맑음,단일로 - 기타,화물,남,42세,상해없음,승용,남,51세,경상
2014032200100407,2014년 3월 22일 16시,토요일,경상남도 창원시 진해구 석동,경상사고,0,0,5,0,차대차 - 추돌 - 진행중,안전운전불이행,건조,맑음,단일로 - 기타,승용,남,32세,상해없음,승용,남,32세,경상
2014032200100408,2014년 3월 22일 16시,토요일,경상남도 김해시 내동,경상사고,0,0,2,0,차대차 - 추돌 - 진행중,안전거리미확보,건조,맑음,교차로 - 교차로부근,승용,남,30세,상해없음,화물,남,41세,경상
2014032200100409,2014년 3월 22일 16시,토요일,경상남도 양산시 삼호동,중상사고,0,1,0,0,차대사람 - 횡단중,안전운전불이행,건조,맑음,단일로 - 기타,승용,남,57세,상해없음,보행자,여,33세,중상
2014032200100410,2014년 3월 22일 16시,토요일,경상남도 양산시 북부동,경상사고,0,0,1,0,차대사람 - 횡단중,안전운전불이행,건조,맑음,교차로 - 교차로안,승용,여,38세,상해없음,보행자,남,17세,경상
2014032200100411,2014년 3월 22일 16시,토요일,경상남도 하동군 진교면,중상사고,0,1,0,0,차대차 - 정면충돌,안전운전불이행,건조,맑음,교차로 - 교차로안,승용,여,22세,상해없음,화물,남,64세,중상
2014032200100412,2014년 3월 22일 16시,토요일,경상남도 창원시 마산합포구 산호동,경상사고,0,0,1,0,차대차 - 기타,안전운전불이행,건조,맑음,단일로 - 기타,승용,남,60세,상해없음,승용,여,35세,경상
2014032200100443,2014년 3월 22일 17시,토요일,경상남도 통영시 무전동,경상사고,0,0,1,0,차대차 - 측면직각충돌,안전거리미확보,건조,맑음,교차로 - 교차로부근,화물,남,54세,상해없음,이륜,남,32세,경상
2014032200100444,2014년 3월 22일 17시,토요일,경상남도 사천시 사남면,경상사고,0,0,2,0,차대차 - 측면직각충돌,신호위반,건조,맑음,교차로 - 교차로안,화물,여,55세,상해없음,승용,남,37세,경상
2014032200100445,2014년 3월 22일 17시,토요일,경상남도 김해시 불암동,경상사고,0,0,2,0,차대차 - 기타,차로위반,건조,맑음,단일로 - 기타,승용,남,49세,상해없음,승합,남,49세,경상
2014032200100446,2014년 3월 22일 17시,토요일,경상남도 거제시 장평동,중상사고,0,1,1,0,차대차 - 추돌 - 진행중,기타,건조,맑음,단일로 - 횡단보도상,승용,남,30세,상해없음,이륜,남,41세,경상
2014032200100477,2014년 3월 22일 18시,토요일,경상남도 진주시 주약동,중상사고,0,1,0,0,차대사람 - 횡단중,보행자보호의무위반,건조,맑음,교차로 - 교차로안,승용,남,65세,상해없음,보행자,여,14세,중상
2014032200100513,2014년 3월 22일 19시,토요일,경상남도 고성군 하이면,중상사고,0,3,7,0,차대차 - 정면충돌,중앙선침범,건조,맑음,단일로 - 기타,승합,여,61세,상해없음,승용,여,51세,경상
2014032200100514,2014년 3월 22일 19시,토요일,경상남도 의령군 의령읍,중상사고,0,1,0,0,차대사람 - 기타,안전운전불이행,건조,맑음,단일로 - 기타,화물,남,58세,상해없음,보행자,남,55세,중상
2014032200100515,2014년 3월 22일 19시,토요일,경상남도 창원시 성산구 신촌동,중상사고,0,1,0,0,차대사람 - 횡단중,보행자보호의무위반,건조,맑음,단일로 - 기타,승용,남,63세,상해없음,보행자,여,59세,중상
2014032200100545,2014년 3월 22일 20시,토요일,경상남도 거제시 장승포동,중상사고,0,1,6,0,차대차 - 추돌 - 진행중,안전운전불이행,건조,맑음,단일로 - 기타,승용,남,35세,상해없음,승용,남,33세,경상
2014032200100546,2014년 3월 22일 20시,토요일,경상남도 거제시 장평동,중상사고,0,2,0,0,차대차 - 추돌 - 진행중,안전운전불이행,건조,맑음,단일로 - 기타,승용,남,58세,상해없음,승용,남,25세,중상
2014032200100547,2014년 3월 22일 20시,토요일,경상남도 함안군 가야읍,경상사고,0,0,1,0,차량단독 - 도로외이탈 - 추락,안전운전불이행,건조,맑음,단일로 - 기타,이륜,남,62세,경상,,,,
2014032200100572,2014년 3월 22일 21시,토요일,경상남도 밀양시 삼랑진읍,중상사고,0,1,0,0,차대차 - 추돌 - 주정차중,안전운전불이행,건조,맑음,단일로 - 기타,원동기,남,63세,상해없음,화물,남,34세,기타불명
2014032200100573,2014년 3월 22일 21시,토요일,경상남도 창원시 성산구 신촌동,경상사고,0,0,1,0,차대차 - 기타,안전거리미확보,건조,맑음,교차로 - 교차로안,승용,여,29세,상해없음,승용,남,44세,경상
2014032200100574,2014년 3월 22일 21시,토요일,경상남도 창원시 의창구 동읍,중상사고,0,2,0,0,차대차 - 추돌 - 주정차중,안전운전불이행,건조,맑음,단일로 - 기타,승용,남,49세,상해없음,승용,남,42세,중상
2014032200100575,2014년 3월 22일 21시,토요일,경상남도 김해시 흥동,경상사고,0,0,3,0,차대차 - 정면충돌,신호위반,건조,맑음,교차로 - 교차로안,승용,여,42세,상해없음,승용,남,37세,경상
2014032200100635,2014년 3월 22일 23시,토요일,경상남도 창원시 마산합포구 우산동,부상신고사고,0,0,0,1,차대차 - 기타,안전운전불이행,건조,맑음,단일로 - 기타,승용,남,56세,부상신고,승용,여,26세,상해없음
2014032200100636,2014년 3월 22일 23시,토요일,경상남도 창원시 마산합포구 해운동,경상사고,0,0,1,0,차대사람 - 기타,안전운전불이행,건조,맑음,교차로 - 교차로부근,승용,남,44세,상해없음,보행자,남,45세,경상
2014032200100637,2014년 3월 22일 23시,토요일,경상남도 거제시 수월동,부상신고사고,0,0,0,1,차대차 - 추돌 - 진행중,안전운전불이행,건조,맑음,단일로 - 기타,승용,남,45세,상해없음,승용,남,52세,부상신고
2014032200100638,2014년 3월 22일 23시,토요일,경상남도 창원시 마산회원구 석전동,중상사고,0,1,0,0,차대차 - 기타,안전운전불이행,건조,맑음,단일로 - 기타,승용,남,21세,상해없음,승용,남,52세,중상
2014032300100024,2014년 3월 23일 00시,일요일,경상남도 통영시 광도면,경상사고,0,0,3,0,차대차 - 측면직각충돌,안전운전불이행,건조,맑음,단일로 - 기타,승용,남,34세,상해없음,승용,남,47세,경상
2014032300100025,2014년 3월 23일 00시,일요일,경상남도 김해시 진영읍,경상사고,0,0,1,0,차대차 - 측면직각충돌,안전운전불이행,건조,맑음,교차로 - 교차로부근,화물,남,38세,상해없음,승용,남,42세,상해없음
2014032300100044,2014년 3월 23일 01시,일요일,경상남도 진주시 신안동,사망사고,2,0,0,0,차대차 - 추돌 - 주정차중,과속,건조,맑음,교차로 - 교차로부근,승용,남,30세,사망,건설기계,남,47세,기타불명
2014032300100045,2014년 3월 23일 01시,일요일,경상남도 창원시 진해구 이동,중상사고,0,3,0,0,차대사람 - 차도통행중,안전운전불이행,건조,맑음,단일로 - 기타,이륜,남,15세,중상,보행자,여,58세,중상
2014032300100046,2014년 3월 23일 01시,일요일,경상남도 창원시 성산구 반지동,중상사고,0,1,0,0,차대차 - 기타,안전운전불이행,건조,맑음,교차로 - 교차로안,승용,여,27세,상해없음,승용,남,55세,중상
2014032300100059,2014년 3월 23일 02시,일요일,경상남도 창원시 의창구 명서동,경상사고,0,0,1,0,차대차 - 측면직각충돌,신호위반,건조,맑음,교차로 - 교차로안,승용,여,28세,상해없음,승용,여,25세,경상
2014032300100069,2014년 3월 23일 03시,일요일,경상남도 창원시 마산합포구 상남동,부상신고사고,0,0,0,1,차대차 - 측면직각충돌,신호위반,건조,맑음,교차로 - 교차로안,승용,남,60세,상해없음,승용,남,30세,상해없음
2014032300100080,2014년 3월 23일 04시,일요일,경상남도 창원시 마산회원구 양덕동,중상사고,0,1,1,0,차대차 - 기타,신호위반,건조,맑음,교차로 - 교차로안,승용,남,23세,경상,승용,남,55세,중상
2014032300100094,2014년 3월 23일 05시,일요일,경상남도 김해시 봉황동,경상사고,0,0,2,0,차대차 - 측면직각충돌,안전운전불이행,건조,맑음,교차로 - 교차로부근,승용,남,20세,상해없음,승용,여,24세,경상
2014032300100111,2014년 3월 23일 06시,일요일,경상남도 통영시 당동,경상사고,0,0,2,0,차대차 - 추돌 - 주정차중,안전운전불이행,건조,맑음,교차로 - 교차로부근,승용,남,41세,상해없음,화물,남,36세,경상
2014032300100112,2014년 3월 23일 06시,일요일,경상남도 김해시 내동,중상사고,0,1,0,0,차대차 - 측면직각충돌,신호위반,건조,맑음,교차로 - 교차로안,승용,남,33세,상해없음,승용,남,46세,중상
2014032300100189,2014년 3월 23일 10시,일요일,경상남도 진주시 사봉면,중상사고,0,1,0,0,차대차 - 측면직각충돌,신호위반,건조,맑음,교차로 - 교차로안,이륜,남,74세,중상,승용,남,55세,상해없음
2014032300100190,2014년 3월 23일 10시,일요일,경상남도 사천시 용현면,중상사고,0,1,0,0,차대차 - 기타,안전운전불이행,건조,맑음,단일로 - 기타,승합,남,60세,상해없음,자전거,남,49세,중상
2014032300100191,2014년 3월 23일 10시,일요일,경상남도 김해시 지내동,중상사고,0,1,2,0,차대차 - 추돌 - 진행중,안전운전불이행,건조,맑음,단일로 - 기타,승용,남,63세,중상,승용,남,54세,경상
2014032300100198,2014년 3월 23일 11시,일요일,경상남도 밀양시 남포동,중상사고,0,1,0,0,차대차 - 기타,안전거리미확보,건조,맑음,단일로 - 기타,승용,여,51세,상해없음,승용,남,60세,중상
2014032300100208,2014년 3월 23일 11시,일요일,경상남도 사천시 곤양면,중상사고,0,1,3,0,차대차 - 추돌 - 진행중,안전운전불이행,건조,맑음,단일로 - 기타,승용,남,59세,경상,승용,남,25세,중상
2014032300100227,2014년 3월 23일 12시,일요일,경상남도 양산시 원동면,경상사고,0,0,1,1,차대차 - 측면직각충돌,안전운전불이행,건조,맑음,단일로 - 기타,승용,남,54세,상해없음,승용,남,31세,상해없음
2014032300100251,2014년 3월 23일 13시,일요일,경상남도 김해시 외동,경상사고,0,0,1,0,차대사람 - 횡단중,안전운전불이행,건조,맑음,단일로 - 기타,기타불명,기타불명,기타불명,기타불명,보행자,남,13세,경상
2014032300100252,2014년 3월 23일 13시,일요일,경상남도 창원시 의창구 대산면,경상사고,0,0,1,0,차대사람 - 기타,안전운전불이행,건조,맑음,단일로 - 기타,자전거,남,46세,상해없음,보행자,여,33세,경상
2014032300100264,2014년 3월 23일 14시,일요일,경상남도 김해시 진례면,중상사고,0,2,1,0,차대차 - 기타,안전운전불이행,건조,맑음,단일로 - 기타,승합,남,55세,기타불명,승용,남,49세,중상
2014032300100286,2014년 3월 23일 14시,일요일,경상남도 밀양시 상남면,중상사고,0,1,0,0,차대차 - 측면직각충돌,안전거리미확보,건조,맑음,교차로 - 교차로부근,화물,남,58세,상해없음,승용,여,49세,중상
2014032300100312,2014년 3월 23일 15시,일요일,경상남도 양산시 물금읍,중상사고,0,1,0,0,차대사람 - 횡단중,안전운전불이행,건조,맑음,단일로 - 기타,승용,여,37세,상해없음,보행자,여,7세,중상
2014032300100313,2014년 3월 23일 15시,일요일,경상남도 거제시 아주동,경상사고,0,0,2,0,차대차 - 기타,안전운전불이행,건조,맑음,단일로 - 기타,승용,남,53세,상해없음,승용,여,50세,경상
2014032300100314,2014년 3월 23일 15시,일요일,경상남도 함안군 산인면,경상사고,0,0,2,0,차대차 - 측면직각충돌,신호위반,건조,맑음,교차로 - 교차로안,승용,남,29세,상해없음,승용,남,29세,상해없음
2014032300100315,2014년 3월 23일 15시,일요일,경상남도 함안군 칠원면,경상사고,0,0,5,0,차대차 - 추돌 - 진행중,안전운전불이행,건조,맑음,단일로 - 기타,승용,남,64세,상해없음,승용,남,48세,경상
2014032300100344,2014년 3월 23일 16시,일요일,경상남도 합천군 봉산면,중상사고,0,1,0,0,차대차 - 기타,안전운전불이행,건조,맑음,단일로 - 기타,승용,남,28세,상해없음,이륜,남,53세,중상
2014032300100379,2014년 3월 23일 17시,일요일,경상남도 밀양시 삼랑진읍,중상사고,0,1,1,0,차대차 - 측면직각충돌,안전운전불이행,건조,맑음,교차로 - 교차로안,화물,남,71세,중상,화물,남,41세,경상
2014032300100380,2014년 3월 23일 17시,일요일,경상남도 함안군 가야읍,경상사고,0,0,1,0,차대차 - 측면직각충돌,안전운전불이행,건조,맑음,교차로 - 교차로안,화물,남,52세,상해없음,승용,남,39세,경상
2014032300100440,2014년 3월 23일 19시,일요일,경상남도 양산시 동면,경상사고,0,0,2,0,차대차 - 측면직각충돌,안전운전불이행,건조,맑음,단일로 - 기타,승용,남,53세,상해없음,승용,여,51세,경상
2014032300100441,2014년 3월 23일 19시,일요일,경상남도 김해시 장유면,경상사고,0,0,1,0,차대사람 - 횡단중,보행자보호의무위반,건조,맑음,단일로 - 횡단보도상,승용,남,37세,상해없음,보행자,여,5세,경상
2014032300100476,2014년 3월 23일 20시,일요일,경상남도 김해시 부원동,부상신고사고,0,0,0,3,차대차 - 측면직각충돌,불법유턴,건조,맑음,단일로 - 기타,승용,남,44세,상해없음,승용,남,51세,부상신고
2014032300100521,2014년 3월 23일 22시,일요일,경상남도 창원시 성산구 사파동,중상사고,0,1,1,0,차대차 - 추돌 - 진행중,안전운전불이행,건조,맑음,단일로 - 기타,승용,여,24세,상해없음,승용,여,43세,중상
2014032300100522,2014년 3월 23일 22시,일요일,경상남도 창원시 마산회원구 합성동,경상사고,0,0,1,0,차대사람 - 길가장자리구역통행중,안전운전불이행,건조,맑음,단일로 - 기타,승용,남,23세,상해없음,보행자,여,28세,경상
2014032300100538,2014년 3월 23일 23시,일요일,경상남도 김해시 삼계동,중상사고,0,1,1,0,차대차 - 기타,안전운전불이행,건조,맑음,단일로 - 기타,승용,남,45세,상해없음,승용,남,45세,중상
2014032300100539,2014년 3월 23일 23시,일요일,경상남도 양산시 중부동,중상사고,0,1,0,0,차대사람 - 횡단중,보행자보호의무위반,건조,맑음,교차로 - 교차로부근,승용,남,50세,상해없음,보행자,여,40세,중상
2014032400100030,2014년 3월 24일 02시,월요일,경상남도 김해시 외동,경상사고,0,0,1,0,차대차 - 측면직각충돌,신호위반,건조,맑음,교차로 - 교차로안,기타불명,기타불명,기타불명,기타불명,승용,여,24세,경상
2014032400100041,2014년 3월 24일 03시,월요일,경상남도 창원시 진해구 경화동,경상사고,0,0,1,0,차량단독 - 공작물충돌,안전운전불이행,건조,맑음,단일로 - 기타,승용,여,42세,경상,,,,
2014032400100070,2014년 3월 24일 06시,월요일,경상남도 거제시 연초면,부상신고사고,0,0,0,1,차대사람 - 보도통행중,안전운전불이행,건조,맑음,단일로 - 기타,기타불명,기타불명,기타불명,기타불명,보행자,남,19세,부상신고
2014032400100095,2014년 3월 24일 07시,월요일,경상남도 창원시 진해구 남양동,경상사고,0,0,1,0,차량단독 - 전도전복,안전운전불이행,건조,맑음,단일로 - 기타,원동기,남,38세,경상,,,,
2014032400100096,2014년 3월 24일 07시,월요일,경상남도 통영시 무전동,경상사고,0,0,1,0,차대차 - 측면직각충돌,안전운전불이행,건조,맑음,단일로 - 기타,화물,남,58세,상해없음,이륜,남,61세,경상
2014032400100097,2014년 3월 24일 07시,월요일,경상남도 김해시 대동면,중상사고,0,1,0,0,차대차 - 측면직각충돌,안전운전불이행,건조,맑음,단일로 - 기타,승용,여,46세,중상,승용,남,70세,상해없음
2014032400100098,2014년 3월 24일 07시,월요일,경상남도 함안군 칠서면,경상사고,0,0,3,0,차대차 - 측면직각충돌,신호위반,건조,맑음,교차로 - 교차로안,승용,남,43세,경상,화물,여,50세,경상
2014032400100169,2014년 3월 24일 09시,월요일,경상남도 진주시 초전동,중상사고,0,1,1,0,차대차 - 측면직각충돌,신호위반,건조,맑음,교차로 - 교차로안,화물,남,30세,중상,승용,여,42세,경상
2014032400100170,2014년 3월 24일 09시,월요일,경상남도 양산시 남부동,경상사고,0,0,1,0,차대사람 - 기타,안전운전불이행,건조,맑음,교차로 - 교차로부근,승용,남,61세,상해없음,보행자,남,48세,경상
2014032400100202,2014년 3월 24일 10시,월요일,경상남도 김해시 내동,중상사고,0,1,0,0,차대사람 - 보도통행중,기타,건조,맑음,단일로 - 기타,기타불명,기타불명,66세,기타불명,보행자,여,24세,중상
2014032400100203,2014년 3월 24일 10시,월요일,경상남도 산청군 신안면,경상사고,0,0,1,0,차대사람 - 횡단중,보행자보호의무위반,건조,맑음,교차로 - 교차로안,화물,남,41세,상해없음,보행자,여,72세,경상
2014032400100236,2014년 3월 24일 11시,월요일,경상남도 창원시 진해구 충무동,중상사고,0,1,0,0,차대차 - 측면직각충돌,안전운전불이행,건조,맑음,단일로 - 기타,승용,여,30세,상해없음,원동기,남,63세,중상
2014032400100237,2014년 3월 24일 11시,월요일,경상남도 밀양시 내이동,경상사고,0,0,1,0,차대차 - 측면직각충돌,안전운전불이행,건조,맑음,단일로 - 횡단보도상,승용,남,62세,상해없음,자전거,여,58세,경상
2014032400100238,2014년 3월 24일 11시,월요일,경상남도 창원시 성산구 신촌동,사망사고,1,1,0,0,차대차 - 측면직각충돌,안전거리미확보,건조,맑음,기타 - 기타,승용,남,76세,사망,화물,남,49세,중상
2014032400100278,2014년 3월 24일 13시,월요일,경상남도 창원시 진해구 용원동,경상사고,0,0,1,0,차대차 - 측면직각충돌,안전운전불이행,건조,맑음,교차로 - 교차로안,화물,남,57세,상해없음,승용,남,54세,경상
2014032400100279,2014년 3월 24일 13시,월요일,경상남도 거창군 거창읍,부상신고사고,0,0,0,1,차대차 - 측면직각충돌,신호위반,건조,맑음,교차로 - 교차로안,자전거,남,49세,부상신고,승용,남,32세,상해없음
2014032400100280,2014년 3월 24일 13시,월요일,경상남도 함양군 함양읍,중상사고,0,1,0,0,차대사람 - 차도통행중,안전운전불이행,건조,맑음,단일로 - 기타,화물,남,53세,상해없음,보행자,여,65세,중상
2014032400100307,2014년 3월 24일 14시,월요일,경상남도 창원시 의창구 중동,중상사고,0,1,1,0,차대차 - 추돌 - 주정차중,안전운전불이행,건조,맑음,단일로 - 기타,승용,여,46세,상해없음,원동기,남,37세,중상
2014032400100308,2014년 3월 24일 14시,월요일,경상남도 창원시 의창구 동읍,중상사고,0,4,0,0,차대차 - 정면충돌,중앙선침범,건조,맑음,단일로 - 기타,승용,남,73세,상해없음,승용,여,48세,중상
2014032400100341,2014년 3월 24일 15시,월요일,경상남도 통영시 용남면,중상사고,0,1,0,0,차대차 - 추돌 - 진행중,안전운전불이행,건조,맑음,교차로 - 교차로안,건설기계,남,62세,상해없음,승용,남,36세,중상
2014032400100342,2014년 3월 24일 15시,월요일,경상남도 합천군 초계면,부상신고사고,0,0,0,1,차대차 - 측면직각충돌,교차로운행방법위반,건조,맑음,교차로 - 교차로안,승합,남,54세,부상신고,건설기계,남,57세,상해없음
2014032400100411,2014년 3월 24일 17시,월요일,경상남도 김해시 부원동,경상사고,0,0,3,0,차대차 - 측면직각충돌,안전거리미확보,건조,맑음,단일로 - 기타,화물,남,58세,경상,승용,여,44세,경상
2014032400100412,2014년 3월 24일 17시,월요일,경상남도 김해시 어방동,경상사고,0,0,2,0,차대차 - 측면직각충돌,교차로운행방법위반,건조,맑음,교차로 - 교차로안,승용,여,42세,경상,승합,여,44세,경상
2014032400100413,2014년 3월 24일 17시,월요일,경상남도 하동군 화개면,경상사고,0,0,1,0,차대사람 - 기타,안전운전불이행,건조,맑음,단일로 - 기타,기타불명,기타불명,기타불명,기타불명,보행자,남,12세,경상
2014032400100443,2014년 3월 24일 18시,월요일,경상남도 양산시 평산동,중상사고,0,1,0,0,차대사람 - 횡단중,신호위반,건조,맑음,단일로 - 횡단보도상,승용,남,40세,상해없음,보행자,남,35세,중상
2014032400100444,2014년 3월 24일 18시,월요일,경상남도 창원시 마산회원구 내서읍,중상사고,0,1,2,0,차대차 - 측면직각충돌,신호위반,건조,맑음,교차로 - 교차로안,승용,여,69세,경상,승용,여,39세,중상
2014032400100486,2014년 3월 24일 19시,월요일,경상남도 김해시 장유면,중상사고,0,1,0,0,차대차 - 측면직각충돌,안전운전불이행,건조,맑음,교차로 - 교차로부근,승용,여,30세,상해없음,자전거,여,65세,중상
2014032400100544,2014년 3월 24일 21시,월요일,경상남도 창원시 마산합포구 남성동,경상사고,0,0,1,0,차대차 - 추돌 - 주정차중,안전운전불이행,건조,맑음,단일로 - 기타,승용,남,28세,상해없음,승용,여,27세,경상
2014032400100565,2014년 3월 24일 22시,월요일,경상남도 진주시 문산읍,경상사고,0,0,6,0,차대차 - 정면충돌,신호위반,건조,맑음,교차로 - 교차로안,승용,남,47세,경상,승용,남,56세,경상
2014032400100566,2014년 3월 24일 22시,월요일,경상남도 진주시 강남동,경상사고,0,0,1,0,차대사람 - 횡단중,안전운전불이행,건조,맑음,단일로 - 기타,승용,여,56세,상해없음,보행자,남,46세,경상
2014032400100567,2014년 3월 24일 22시,월요일,경상남도 창원시 진해구 용원동,중상사고,0,1,0,0,차대사람 - 횡단중,안전운전불이행,건조,기타,단일로 - 기타,승용,남,34세,상해없음,보행자,여,50세,중상
2014032400100568,2014년 3월 24일 22시,월요일,경상남도 김해시 어방동,경상사고,0,0,1,0,차대차 - 측면직각충돌,안전운전불이행,건조,맑음,단일로 - 기타,이륜,남,17세,경상,승용,남,37세,상해없음
2014032400100569,2014년 3월 24일 22시,월요일,경상남도 창원시 성산구 상남동,중상사고,0,1,0,0,차대차 - 측면직각충돌,신호위반,건조,맑음,교차로 - 교차로안,자전거,남,23세,중상,승용,여,33세,상해없음
2014032400100585,2014년 3월 24일 23시,월요일,경상남도 양산시 물금읍,중상사고,0,2,0,0,차대차 - 추돌 - 주정차중,안전운전불이행,건조,맑음,교차로 - 교차로부근,승용,남,33세,상해없음,승용,여,54세,중상
2014032500100013,2014년 3월 25일 00시,화요일,경상남도 통영시 무전동,중상사고,0,2,0,0,차대사람 - 길가장자리구역통행중,중앙선침범,건조,맑음,교차로 - 교차로부근,승용,여,30세,상해없음,보행자,남,26세,중상
2014032500100052,2014년 3월 25일 04시,화요일,경상남도 창원시 의창구 팔용동,중상사고,0,1,0,0,차대차 - 측면직각충돌,신호위반,건조,맑음,교차로 - 교차로안,승용,여,22세,상해없음,승용,남,58세,중상
2014032500100059,2014년 3월 25일 05시,화요일,경상남도 거제시 연초면,중상사고,0,2,0,0,차대차 - 추돌 - 진행중,차로위반,건조,맑음,단일로 - 기타,승용,여,58세,기타불명,승용,남,61세,중상
2014032500100060,2014년 3월 25일 05시,화요일,경상남도 창원시 성산구 성주동,사망사고,1,0,0,0,차량단독 - 전도전복,안전운전불이행,건조,맑음,단일로 - 기타,화물,남,48세,사망,,,,
2014032500100075,2014년 3월 25일 06시,화요일,경상남도 창원시 마산회원구 봉암동,중상사고,0,1,0,0,차대사람 - 횡단중,보행자보호의무위반,건조,흐림,교차로 - 교차로부근,승용,남,35세,상해없음,보행자,여,26세,중상
2014032500100076,2014년 3월 25일 06시,화요일,경상남도 창원시 마산회원구 회원동,중상사고,0,1,0,0,차대차 - 추돌 - 진행중,안전운전불이행,습기,비,단일로 - 기타,승용,남,56세,상해없음,이륜,남,70세,중상
2014032500100092,2014년 3월 25일 07시,화요일,경상남도 사천시 축동면,경상사고,0,0,1,0,차대차 - 추돌 - 진행중,안전거리미확보,건조,흐림,단일로 - 기타,승합,남,62세,상해없음,승용,남,47세,경상
2014032500100123,2014년 3월 25일 08시,화요일,경상남도 창원시 진해구 장천동,중상사고,0,1,1,0,차대차 - 추돌 - 진행중,안전운전불이행,건조,맑음,단일로 - 기타,승용,여,43세,상해없음,승용,남,65세,중상
2014032500100124,2014년 3월 25일 08시,화요일,경상남도 김해시 외동,경상사고,0,0,1,0,차대차 - 측면직각충돌,안전거리미확보,건조,흐림,단일로 - 기타,건설기계,남,51세,상해없음,승용,여,48세,경상
2014032500100149,2014년 3월 25일 09시,화요일,경상남도 창원시 마산회원구 봉암동,중상사고,0,1,1,0,차대차 - 추돌 - 주정차중,안전운전불이행,건조,맑음,교차로 - 교차로부근,화물,남,52세,상해없음,승용,남,48세,중상
2014032500100170,2014년 3월 25일 10시,화요일,경상남도 진주시 이현동,중상사고,0,1,0,0,차대차 - 측면직각충돌,직진우회전진행방해,건조,맑음,교차로 - 교차로안,화물,남,71세,상해없음,이륜,남,77세,중상
2014032500100171,2014년 3월 25일 10시,화요일,경상남도 창원시 마산회원구 봉암동,경상사고,0,0,1,0,차대차 - 측면직각충돌,안전운전불이행,습기,비,단일로 - 기타,화물,남,46세,상해없음,승용,남,59세,경상
2014032500100196,2014년 3월 25일 11시,화요일,경상남도 진주시 신안동,중상사고,0,1,0,0,차대사람 - 기타,안전운전불이행,건조,맑음,단일로 - 기타,화물,남,54세,상해없음,보행자,남,52세,중상
2014032500100221,2014년 3월 25일 12시,화요일,경상남도 사천시 정동면,중상사고,0,1,1,0,차대차 - 측면직각충돌,신호위반,건조,맑음,교차로 - 교차로안,승용,남,69세,상해없음,승합,여,40세,중상
2014032500100271,2014년 3월 25일 14시,화요일,경상남도 김해시 전하동,경상사고,0,0,1,0,차대차 - 측면직각충돌,차로위반,건조,흐림,교차로 - 교차로부근,승용,여,39세,경상,건설기계,남,45세,상해없음
2014032500100296,2014년 3월 25일 15시,화요일,경상남도 통영시 용남면,경상사고,0,0,2,0,차대차 - 측면직각충돌,직진우회전진행방해,습기,비,교차로 - 교차로안,승용,여,52세,상해없음,승용,남,73세,경상
2014032500100297,2014년 3월 25일 15시,화요일,경상남도 양산시 동면,중상사고,0,1,0,0,차량단독 - 공작물충돌,안전운전불이행,습기,비,단일로 - 기타,화물,남,55세,상해없음,,,,