사고번호,사고일시,요일,시군구,사고내용,사망자수,중상자수,경상자수,부상신고자수,사고유형,법규위반,노면상태,기상상태,도로형태,가해운전자 차종,가해운전자 성별,가해운전자 연령,가해운전자 상해정도,피해운전자 차종,피해운전자 성별,피해운전자 연령,피해운전자 상해정도
2014032500100298,2014년 3월 25일 15시,화요일,경상남도 고성군 고성읍,경상사고,0,0,1,0,차대차 - 측면직각충돌,직진우회전진행방해,건조,맑음,교차로 - 교차로안,승용,여,58세,상해없음,이륜,남,16세,경상
2014032500100324,2014년 3월 25일 16시,화요일,경상남도 진주시 계동,중상사고,0,1,0,0,차대차 - 측면직각충돌,직진우회전진행방해,건조,맑음,교차로 - 교차로안,자전거,여,59세,중상,승용,남,66세,상해없음
2014032500100325,2014년 3월 25일 16시,화요일,경상남도 김해시 한림면,중상사고,0,1,0,0,차대차 - 측면직각충돌,신호위반,습기,비,교차로 - 교차로안,화물,남,71세,상해없음,화물,남,41세,중상
2014032500100356,2014년 3월 25일 17시,화요일,경상남도 밀양시 상남면,중상사고,0,2,0,0,차대차 - 측면직각충돌,신호위반,습기,비,교차로 - 교차로안,승용,남,43세,상해없음,승합,남,52세,상해없음
2014032500100357,2014년 3월 25일 17시,화요일,경상남도 김해시 삼방동,경상사고,0,0,1,0,차대사람 - 기타,안전운전불이행,습기,비,교차로 - 교차로안,승용,여,34세,상해없음,보행자,여,17세,경상
2014032500100358,2014년 3월 25일 17시,화요일,경상남도 양산시 동면,중상사고,0,1,0,0,차대사람 - 횡단중,안전운전불이행,습기,비,단일로 - 기타,화물,남,62세,상해없음,보행자,남,61세,중상
2014032500100359,2014년 3월 25일 17시,화요일,경상남도 김해시 장유면,중상사고,0,1,0,0,차대차 - 추돌 - 주정차중,안전운전불이행,습기,비,교차로 - 교차로부근,화물,남,49세,상해없음,승용,남,37세,중상
2014032500100394,2014년 3월 25일 18시,화요일,경상남도 창원시 마산합포구 중앙동3가,경상사고,0,0,1,0,차대차 - 기타,안전운전불이행,건조,맑음,교차로 - 교차로부근,승용,남,53세,상해없음,승용,남,68세,경상
2014032500100395,2014년 3월 25일 18시,화요일,경상남도 진주시 가좌동,중상사고,0,1,0,0,차대사람 - 길가장자리구역통행중,안전운전불이행,습기,비,단일로 - 기타,승용,남,19세,상해없음,보행자,남,31세,중상
2014032500100396,2014년 3월 25일 18시,화요일,경상남도 하동군 금성면,경상사고,0,0,2,0,차대차 - 추돌 - 주정차중,안전운전불이행,습기,비,단일로 - 기타,승용,남,58세,상해없음,승용,남,38세,경상
2014032500100397,2014년 3월 25일 18시,화요일,경상남도 창원시 성산구 반지동,경상사고,0,0,1,0,차대차 - 기타,안전운전불이행,건조,맑음,교차로 - 교차로안,승합,남,61세,상해없음,승용,여,45세,경상
2014032500100398,2014년 3월 25일 18시,화요일,경상남도 김해시 장유면,중상사고,0,1,0,0,차대차 - 측면직각충돌,안전운전불이행,습기,비,단일로 - 기타,승용,남,47세,상해없음,이륜,남,24세,중상
2014032500100452,2014년 3월 25일 19시,화요일,경상남도 진주시 칠암동,경상사고,0,0,1,0,차대차 - 추돌 - 주정차중,안전운전불이행,습기,비,단일로 - 기타,승용,남,63세,상해없음,승용,여,48세,경상
2014032500100453,2014년 3월 25일 19시,화요일,경상남도 사천시 동금동,중상사고,0,1,1,0,차대차 - 기타,신호위반,습기,비,교차로 - 교차로안,승용,남,56세,상해없음,화물,남,27세,중상
2014032500100454,2014년 3월 25일 19시,화요일,경상남도 거제시 고현동,중상사고,0,1,0,0,차대사람 - 기타,안전운전불이행,습기,비,단일로 - 기타,이륜,남,32세,상해없음,보행자,남,43세,중상
2014032500100455,2014년 3월 25일 19시,화요일,경상남도 창원시 성산구 상남동,경상사고,0,0,1,0,차대차 - 기타,안전운전불이행,건조,맑음,단일로 - 기타,승용,남,28세,상해없음,승용,남,33세,경상
2014032500100501,2014년 3월 25일 20시,화요일,경상남도 창원시 진해구 용원동,경상사고,0,0,1,0,차대사람 - 기타,안전운전불이행,습기,비,단일로 - 기타,승용,남,56세,상해없음,보행자,남,52세,경상
2014032500100502,2014년 3월 25일 20시,화요일,경상남도 밀양시 삼문동,경상사고,0,0,1,0,차대사람 - 길가장자리구역통행중,안전운전불이행,습기,비,단일로 - 기타,기타불명,기타불명,기타불명,기타불명,보행자,남,44세,경상
2014032500100503,2014년 3월 25일 20시,화요일,경상남도 양산시 평산동,중상사고,0,4,0,1,차대차 - 측면직각충돌,안전거리미확보,습기,비,교차로 - 교차로안,승용,남,54세,부상신고,승용,남,55세,상해없음
2014032500100504,2014년 3월 25일 20시,화요일,경상남도 창원시 마산회원구 석전동,경상사고,0,0,1,0,차대사람 - 기타,안전운전불이행,습기,비,교차로 - 교차로부근,화물,남,60세,상해없음,보행자,여,55세,경상
2014032500100534,2014년 3월 25일 21시,화요일,경상남도 창원시 진해구 용원동,경상사고,0,0,1,0,차대차 - 기타,안전운전불이행,건조,맑음,교차로 - 교차로부근,승용,남,43세,기타불명,승용,남,40세,경상
2014032500100535,2014년 3월 25일 21시,화요일,경상남도 사천시 선구동,경상사고,0,0,1,0,차대사람 - 횡단중,안전운전불이행,습기,비,단일로 - 기타,승용,남,49세,상해없음,보행자,남,19세,경상
2014032500100536,2014년 3월 25일 21시,화요일,경상남도 양산시 중부동,경상사고,0,0,3,0,차대차 - 추돌 - 주정차중,안전운전불이행,습기,비,단일로 - 기타,승용,남,46세,상해없음,승용,여,48세,경상
2014032500100537,2014년 3월 25일 21시,화요일,경상남도 창원시 마산회원구 회원동,경상사고,0,0,2,0,차대차 - 추돌 - 주정차중,안전운전불이행,습기,비,단일로 - 기타,승용,남,43세,상해없음,승용,남,55세,경상
2014032500100588,2014년 3월 25일 22시,화요일,경상남도 통영시 광도면,경상사고,0,0,1,0,차대차 - 정면충돌,중앙선침범,습기,비,단일로 - 기타,승용,남,45세,상해없음,승용,남,35세,경상
2014032500100589,2014년 3월 25일 22시,화요일,경상남도 통영시 광도면,경상사고,0,0,1,0,차대차 - 추돌 - 진행중,안전운전불이행,습기,비,교차로 - 교차로부근,승용,남,39세,상해없음,승용,남,52세,경상
2014032500100590,2014년 3월 25일 22시,화요일,경상남도 밀양시 내이동,부상신고사고,0,0,0,3,차대차 - 측면직각충돌,교차로운행방법위반,건조,맑음,교차로 - 교차로안,승용,남,49세,상해없음,승용,남,34세,부상신고
2014032500100591,2014년 3월 25일 22시,화요일,경상남도 밀양시 내이동,부상신고사고,0,0,0,1,차대차 - 측면직각충돌,교차로운행방법위반,습기,비,교차로 - 교차로안,승용,남,58세,상해없음,승용,남,56세,부상신고
2014032500100592,2014년 3월 25일 22시,화요일,경상남도 김해시 동상동,경상사고,0,0,1,0,차대차 - 측면직각충돌,신호위반,건조,맑음,교차로 - 교차로안,승용,남,25세,상해없음,승용,남,30세,경상
2014032500100593,2014년 3월 25일 22시,화요일,경상남도 창녕군 창녕읍,중상사고,0,2,0,0,차대차 - 기타,중앙선침범,습기,비,교차로 - 교차로안,승용,남,38세,상해없음,승용,남,28세,중상
2014032500100594,2014년 3월 25일 22시,화요일,경상남도 거제시 연초면,경상사고,0,0,1,0,차대차 - 기타,안전운전불이행,습기,비,단일로 - 기타,승용,남,42세,상해없음,승합,여,48세,상해없음
2014032500100595,2014년 3월 25일 22시,화요일,경상남도 거제시 고현동,중상사고,0,1,0,0,차대차 - 추돌 - 진행중,안전운전불이행,건조,맑음,교차로 - 교차로부근,승용,여,48세,상해없음,이륜,남,18세,중상
2014032500100596,2014년 3월 25일 22시,화요일,경상남도 창원시 성산구 대방동,중상사고,0,1,0,0,차대사람 - 보도통행중,보행자보호의무위반,건조,맑음,단일로 - 기타,승용,남,43세,상해없음,보행자,남,47세,중상
2014032500100597,2014년 3월 25일 22시,화요일,경상남도 김해시 진례면,중상사고,0,1,0,0,차대차 - 추돌 - 주정차중,안전운전불이행,습기,비,교차로 - 교차로부근,화물,남,62세,상해없음,승용,남,39세,중상
2014032500100629,2014년 3월 25일 23시,화요일,경상남도 창원시 마산합포구 상남동,중상사고,0,1,0,0,차대사람 - 기타,보행자보호의무위반,건조,맑음,단일로 - 횡단보도상,승용,남,52세,상해없음,보행자,여,54세,중상
2014032500100630,2014년 3월 25일 23시,화요일,경상남도 진주시 가좌동,경상사고,0,0,1,0,차대사람 - 기타,기타,습기,비,단일로 - 기타,승용,남,51세,상해없음,보행자,여,53세,경상
2014032500100631,2014년 3월 25일 23시,화요일,경상남도 김해시 삼정동,중상사고,0,1,0,0,차대사람 - 길가장자리구역통행중,안전운전불이행,습기,비,단일로 - 기타,승용,여,55세,상해없음,보행자,남,52세,중상
2014032600100024,2014년 3월 26일 00시,수요일,경상남도 김해시 어방동,중상사고,0,1,0,0,차대사람 - 길가장자리구역통행중,안전운전불이행,건조,맑음,단일로 - 기타,승용,남,44세,상해없음,보행자,남,54세,중상
2014032600100025,2014년 3월 26일 00시,수요일,경상남도 양산시 북정동,중상사고,0,2,0,0,차대차 - 측면직각충돌,중앙선침범,습기,비,단일로 - 기타,승용,남,34세,상해없음,화물,남,44세,중상
2014032600100051,2014년 3월 26일 01시,수요일,경상남도 창원시 마산합포구 신포동2가,경상사고,0,0,1,0,차대사람 - 기타,안전운전불이행,건조,맑음,단일로 - 기타,승용,남,62세,상해없음,보행자,남,51세,경상
2014032600100052,2014년 3월 26일 01시,수요일,경상남도 양산시 동면,중상사고,0,3,0,0,차대차 - 정면충돌,중앙선침범,습기,비,단일로 - 기타,승용,남,37세,중상,승용,남,48세,중상
2014032600100053,2014년 3월 26일 01시,수요일,경상남도 거제시 아주동,중상사고,0,1,0,0,차대사람 - 기타,안전운전불이행,습기,비,단일로 - 기타,승용,남,45세,상해없음,보행자,남,31세,중상
2014032600100066,2014년 3월 26일 02시,수요일,경상남도 창원시 마산회원구 석전동,중상사고,0,1,0,0,차대사람 - 기타,신호위반,습기,비,교차로 - 교차로부근,승용,남,54세,상해없음,보행자,남,18세,중상
2014032600100087,2014년 3월 26일 04시,수요일,경상남도 사천시 동금동,경상사고,0,0,1,0,차대차 - 기타,안전운전불이행,습기,비,교차로 - 교차로안,기타불명,기타불명,기타불명,기타불명,자전거,남,70세,경상
2014032600100115,2014년 3월 26일 06시,수요일,경상남도 창원시 성산구 웅남동,중상사고,0,1,0,0,차대차 - 추돌 - 주정차중,안전운전불이행,건조,맑음,단일로 - 기타,승용,남,36세,상해없음,승용,남,41세,중상
2014032600100144,2014년 3월 26일 07시,수요일,경상남도 양산시 유산동,경상사고,0,0,1,0,차대차 - 측면직각충돌,직진우회전진행방해,건조,맑음,교차로 - 교차로부근,승용,남,41세,상해없음,자전거,남,32세,경상
2014032600100145,2014년 3월 26일 07시,수요일,경상남도 양산시 동면,부상신고사고,0,0,0,1,차대차 - 측면직각충돌,안전운전불이행,습기,비,단일로 - 기타,화물,남,47세,상해없음,승용,남,47세,부상신고
2014032600100146,2014년 3월 26일 07시,수요일,경상남도 창원시 의창구 팔용동,경상사고,0,0,1,0,차대차 - 측면직각충돌,안전운전불이행,건조,흐림,단일로 - 기타,승용,남,69세,상해없음,승용,여,26세,경상
2014032600100182,2014년 3월 26일 08시,수요일,경상남도 진주시 금산면,중상사고,0,1,0,0,차대사람 - 기타,안전운전불이행,건조,맑음,단일로 - 기타,승용,여,46세,상해없음,보행자,남,12세,중상
2014032600100183,2014년 3월 26일 08시,수요일,경상남도 통영시 광도면,중상사고,0,1,0,0,차대차 - 측면직각충돌,신호위반,습기,비,교차로 - 교차로안,화물,남,44세,상해없음,승용,여,40세,중상
2014032600100184,2014년 3월 26일 08시,수요일,경상남도 김해시 구산동,중상사고,0,1,1,0,차대차 - 기타,불법유턴,건조,맑음,교차로 - 교차로부근,승용,남,28세,경상,승용,남,41세,중상
2014032600100213,2014년 3월 26일 09시,수요일,경상남도 통영시 광도면,경상사고,0,0,1,0,차대차 - 추돌 - 진행중,안전운전불이행,습기,흐림,단일로 - 기타,승용,남,52세,상해없음,승용,남,53세,경상
2014032600100214,2014년 3월 26일 09시,수요일,경상남도 통영시 서호동,경상사고,0,0,1,0,차대사람 - 횡단중,보행자보호의무위반,건조,맑음,단일로 - 횡단보도상,기타불명,기타불명,기타불명,기타불명,보행자,여,19세,경상
2014032600100215,2014년 3월 26일 09시,수요일,경상남도 함안군 산인면,중상사고,0,1,0,0,차량단독 - 공작물충돌,안전운전불이행,습기,비,단일로 - 기타,승용,여,57세,중상,,,,
2014032600100242,2014년 3월 26일 10시,수요일,경상남도 사천시 축동면,경상사고,0,0,2,0,차대차 - 측면직각충돌,교차로운행방법위반,건조,맑음,교차로 - 교차로안,승용,남,53세,경상,승용,남,34세,경상
2014032600100311,2014년 3월 26일 13시,수요일,경상남도 양산시 북정동,중상사고,0,1,0,0,차대차 - 측면직각충돌,안전거리미확보,건조,맑음,단일로 - 기타,승용,남,52세,상해없음,화물,남,68세,중상
2014032600100312,2014년 3월 26일 13시,수요일,경상남도 창원시 의창구 용호동,중상사고,0,1,0,0,차대차 - 기타,안전운전불이행,건조,맑음,교차로 - 교차로부근,승용,남,43세,상해없음,승용,여,27세,상해없음
2014032600100347,2014년 3월 26일 14시,수요일,경상남도 거제시 사등면,경상사고,0,0,1,0,차대차 - 측면직각충돌,안전운전불이행,건조,맑음,단일로 - 기타,화물,남,29세,상해없음,승용,남,65세,경상
2014032600100348,2014년 3월 26일 14시,수요일,경상남도 김해시 풍유동,중상사고,0,1,1,0,차대차 - 측면직각충돌,신호위반,건조,맑음,교차로 - 교차로안,화물,남,39세,상해없음,승용,여,27세,경상
2014032600100349,2014년 3월 26일 14시,수요일,경상남도 진주시 명석면,사망사고,1,3,1,1,차대차 - 추돌 - 진행중,안전운전불이행,건조,흐림,단일로 - 기타,승합,남,44세,부상신고,화물,남,41세,사망
2014032600100371,2014년 3월 26일 15시,수요일,경상남도 통영시 봉평동,중상사고,0,1,0,0,차대차 - 추돌 - 주정차중,안전운전불이행,건조,맑음,단일로 - 기타,승용,남,27세,상해없음,이륜,남,41세,중상
2014032600100372,2014년 3월 26일 15시,수요일,경상남도 김해시 외동,경상사고,0,0,1,0,차대차 - 측면직각충돌,차로위반,습기,비,단일로 - 기타,승합,남,42세,상해없음,승용,여,46세,경상
2014032600100373,2014년 3월 26일 15시,수요일,경상남도 김해시 장유면,중상사고,0,1,1,0,차대차 - 측면직각충돌,안전운전불이행,건조,맑음,교차로 - 교차로부근,승용,여,41세,상해없음,승용,남,44세,경상
2014032600100396,2014년 3월 26일 16시,수요일,경상남도 창원시 진해구 석동,중상사고,0,1,3,0,차대차 - 기타,안전거리미확보,습기,비,교차로 - 교차로부근,승용,남,65세,경상,화물,남,50세,경상
2014032600100397,2014년 3월 26일 16시,수요일,경상남도 창원시 마산합포구 산호동,경상사고,0,0,1,0,차대차 - 측면직각충돌,신호위반,건조,맑음,교차로 - 교차로안,원동기,남,47세,경상,승용,남,64세,상해없음
2014032600100436,2014년 3월 26일 17시,수요일,경상남도 진주시 내동면,중상사고,0,2,0,1,차대차 - 기타,신호위반,건조,맑음,단일로 - 교량,승용,남,24세,부상신고,승용,남,57세,중상
2014032600100437,2014년 3월 26일 17시,수요일,경상남도 김해시 삼계동,중상사고,0,1,0,0,차대차 - 측면직각충돌,안전운전불이행,습기,비,교차로 - 교차로안,원동기,남,39세,중상,승용,남,66세,상해없음
2014032600100438,2014년 3월 26일 17시,수요일,경상남도 김해시 생림면,경상사고,0,0,1,0,차대차 - 측면직각충돌,안전운전불이행,습기,비,교차로 - 교차로안,화물,남,67세,경상,화물,남,39세,상해없음
2014032600100439,2014년 3월 26일 17시,수요일,경상남도 양산시 물금읍,경상사고,0,0,2,1,차대차 - 추돌 - 주정차중,안전운전불이행,건조,맑음,단일로 - 기타,승용,남,53세,상해없음,승용,남,39세,경상
2014032600100440,2014년 3월 26일 17시,수요일,경상남도 창원시 의창구 사림동,경상사고,0,0,1,0,차대차 - 기타,안전운전불이행,건조,맑음,단일로 - 기타,승용,여,29세,상해없음,이륜,남,19세,경상
2014032600100441,2014년 3월 26일 17시,수요일,경상남도 창원시 의창구 도계동,중상사고,0,1,0,0,차대사람 - 기타,안전운전불이행,건조,맑음,교차로 - 교차로안,승용,여,35세,상해없음,보행자,여,56세,중상
2014032600100477,2014년 3월 26일 18시,수요일,경상남도 양산시 동면,경상사고,0,0,1,0,차대차 - 측면직각충돌,안전거리미확보,건조,맑음,단일로 - 기타,승용,남,50세,상해없음,승용,남,59세,경상
2014032600100478,2014년 3월 26일 18시,수요일,경상남도 거제시 연초면,경상사고,0,0,2,0,차대차 - 기타,중앙선침범,건조,맑음,단일로 - 기타,승용,여,29세,상해없음,승용,남,32세,경상
2014032600100479,2014년 3월 26일 18시,수요일,경상남도 창원시 의창구 팔용동,중상사고,0,1,2,0,차대차 - 측면직각충돌,안전거리미확보,건조,맑음,단일로 - 기타,승용,남,27세,상해없음,원동기,남,16세,중상
2014032600100523,2014년 3월 26일 19시,수요일,경상남도 진주시 명석면,경상사고,0,0,1,0,차량단독 - 도로외이탈 - 기타,안전운전불이행,건조,맑음,단일로 - 기타,화물,남,45세,경상,,,,
2014032600100524,2014년 3월 26일 19시,수요일,경상남도 진주시 이현동,중상사고,0,7,0,0,차량단독 - 공작물충돌,안전운전불이행,건조,맑음,단일로 - 기타,화물,남,66세,중상,,,,
2014032600100525,2014년 3월 26일 19시,수요일,경상남도 창녕군 창녕읍,경상사고,0,0,1,0,차대차 - 측면직각충돌,불법유턴,건조,맑음,단일로 - 기타,승용,남,49세,상해없음,원동기,남,16세,경상
2014032600100526,2014년 3월 26일 19시,수요일,경상남도 의령군 화정면,중상사고,0,3,0,0,차대차 - 정면충돌,중앙선침범,건조,맑음,단일로 - 기타,화물,남,57세,중상,화물,남,26세,중상
2014032600100570,2014년 3월 26일 20시,수요일,경상남도 사천시 사천읍,경상사고,0,0,2,0,차대차 - 추돌 - 진행중,불법유턴,건조,맑음,교차로 - 교차로부근,승용,남,24세,경상,승용,여,43세,경상
2014032600100571,2014년 3월 26일 20시,수요일,경상남도 김해시 삼계동,중상사고,0,1,0,0,차대사람 - 차도통행중,안전운전불이행,건조,흐림,단일로 - 기타,승용,남,25세,상해없음,보행자,남,19세,중상
2014032600100572,2014년 3월 26일 20시,수요일,경상남도 양산시 교동,경상사고,0,0,1,0,차대사람 - 기타,안전운전불이행,건조,맑음,단일로 - 기타,승용,남,40세,상해없음,보행자,남,21세,경상
2014032600100573,2014년 3월 26일 20시,수요일,경상남도 양산시 덕계동,중상사고,0,1,0,0,차대사람 - 기타,보행자보호의무위반,건조,맑음,교차로 - 교차로안,승용,남,48세,상해없음,보행자,남,40세,중상
2014032600100574,2014년 3월 26일 20시,수요일,경상남도 창원시 성산구 상남동,중상사고,0,1,0,0,차대차 - 기타,중앙선침범,습기,흐림,단일로 - 기타,승용,여,43세,상해없음,이륜,남,22세,중상
2014032600100575,2014년 3월 26일 20시,수요일,경상남도 김해시 진영읍,경상사고,0,0,5,0,차대차 - 추돌 - 주정차중,안전운전불이행,건조,맑음,교차로 - 교차로부근,화물,남,46세,상해없음,승합,남,52세,경상
2014032600100598,2014년 3월 26일 21시,수요일,경상남도 창원시 진해구 용원동,중상사고,0,1,0,0,차대사람 - 횡단중,안전운전불이행,건조,맑음,교차로 - 교차로부근,승용,남,29세,상해없음,보행자,여,63세,중상
2014032600100599,2014년 3월 26일 21시,수요일,경상남도 창원시 의창구 명서동,경상사고,0,0,2,0,차대차 - 추돌 - 주정차중,안전운전불이행,건조,맑음,미분류 - 미분류,승용,남,54세,상해없음,승용,남,42세,경상
2014032600100629,2014년 3월 26일 22시,수요일,경상남도 창원시 진해구 석동,경상사고,0,0,1,0,차대차 - 측면직각충돌,신호위반,습기,비,교차로 - 교차로안,승용,여,56세,상해없음,승용,여,55세,경상
2014032600100630,2014년 3월 26일 22시,수요일,경상남도 하동군 하동읍,경상사고,0,0,1,0,차대사람 - 길가장자리구역통행중,안전운전불이행,건조,맑음,단일로 - 기타,화물,남,35세,상해없음,보행자,남,17세,경상
2014032600100631,2014년 3월 26일 22시,수요일,경상남도 거제시 상동동,중상사고,0,1,0,0,차대사람 - 횡단중,보행자보호의무위반,건조,흐림,교차로 - 교차로부근,승용,여,39세,상해없음,보행자,여,38세,중상
2014032600100655,2014년 3월 26일 23시,수요일,경상남도 사천시 송포동,경상사고,0,0,1,0,차량단독 - 공작물충돌,안전운전불이행,건조,맑음,단일로 - 기타,이륜,남,16세,상해없음,,,,
2014032600100656,2014년 3월 26일 23시,수요일,경상남도 거제시 거제면,경상사고,0,0,1,0,차대사람 - 기타,안전운전불이행,건조,맑음,단일로 - 기타,승용,남,69세,상해없음,보행자,남,37세,경상
2014032600100657,2014년 3월 26일 23시,수요일,경상남도 김해시 진영읍,중상사고,0,2,0,0,차대사람 - 횡단중,안전운전불이행,건조,맑음,단일로 - 기타,승용,여,46세,중상,보행자,남,31세,중상
2014032600100658,2014년 3월 26일 23시,수요일,경상남도 김해시 장유면,중상사고,0,3,0,0,차대차 - 측면직각충돌,안전운전불이행,습기,흐림,교차로 - 교차로안,승용,남,57세,상해없음,승용,남,31세,중상
2014032700100015,2014년 3월 27일 00시,목요일,경상남도 창원시 성산구 남산동,중상사고,0,1,0,0,차대사람 - 기타,안전운전불이행,건조,맑음,기타 - 기타,승용,남,49세,상해없음,보행자,여,34세,중상
2014032700100033,2014년 3월 27일 01시,목요일,경상남도 창원시 마산회원구 합성동,중상사고,0,1,0,0,차대사람 - 횡단중,안전운전불이행,건조,맑음,교차로 - 교차로안,승용,남,54세,상해없음,보행자,여,61세,중상
2014032700100067,2014년 3월 27일 05시,목요일,경상남도 창원시 의창구 봉곡동,부상신고사고,0,0,0,1,차량단독 - 기타,안전운전불이행,건조,맑음,단일로 - 기타,자전거,남,53세,부상신고,,,,
2014032700100101,2014년 3월 27일 07시,목요일,경상남도 진주시 가좌동,경상사고,0,0,1,0,차대사람 - 횡단중,안전운전불이행,건조,맑음,교차로 - 교차로부근,승용,남,49세,상해없음,보행자,여,19세,경상
2014032700100102,2014년 3월 27일 07시,목요일,경상남도 합천군 쌍백면,중상사고,0,1,0,0,차대사람 - 횡단중,보행자보호의무위반,건조,맑음,단일로 - 횡단보도상,승합,남,42세,상해없음,보행자,여,65세,중상
2014032700100103,2014년 3월 27일 07시,목요일,경상남도 함안군 군북면,경상사고,0,0,1,0,차대차 - 추돌 - 주정차중,안전운전불이행,습기,안개,교차로 - 교차로부근,승용,남,29세,상해없음,승용,여,43세,경상
2014032700100104,2014년 3월 27일 07시,목요일,경상남도 사천시 곤양면,경상사고,0,0,1,0,차대차 - 추돌 - 진행중,안전운전불이행,건조,맑음,단일로 - 기타,승용,남,48세,상해없음,화물,남,39세,경상
2014032700100143,2014년 3월 27일 08시,목요일,경상남도 양산시 북정동,중상사고,0,1,1,0,차대차 - 측면직각충돌,직진우회전진행방해,건조,맑음,교차로 - 교차로안,승용,남,60세,경상,승용,여,50세,중상
2014032700100144,2014년 3월 27일 08시,목요일,경상남도 창원시 의창구 대산면,경상사고,0,0,1,0,차대차 - 기타,안전운전불이행,건조,맑음,단일로 - 기타,승용,남,54세,상해없음,자전거,남,36세,경상
2014032700100145,2014년 3월 27일 08시,목요일,경상남도 김해시 장유면,중상사고,0,1,1,0,차대차 - 추돌 - 진행중,안전거리미확보,건조,맑음,단일로 - 기타,승용,여,52세,상해없음,승용,남,54세,중상
2014032700100146,2014년 3월 27일 08시,목요일,경상남도 창원시 마산회원구 회원동,중상사고,0,1,1,0,차대차 - 기타,안전거리미확보,건조,맑음,단일로 - 기타,화물,남,38세,경상,승용,남,50세,중상
2014032700100179,2014년 3월 27일 09시,목요일,경상남도 창원시 마산합포구 월포동,경상사고,0,0,4,0,차대차 - 추돌 - 주정차중,안전운전불이행,건조,맑음,교차로 - 교차로부근,승용,남,65세,상해없음,승용,남,49세,경상
2014032700100180,2014년 3월 27일 09시,목요일,경상남도 창원시 마산회원구 봉암동,경상사고,0,0,1,0,차대차 - 측면직각충돌,안전운전불이행,건조,맑음,단일로 - 기타,승용,남,34세,상해없음,승용,여,51세,경상
2014032700100203,2014년 3월 27일 10시,목요일,경상남도 함양군 함양읍,중상사고,0,1,0,0,차대사람 - 횡단중,교차로운행방법위반,건조,맑음,교차로 - 교차로안,승용,남,30세,상해없음,보행자,여,85세,중상
2014032700100204,2014년 3월 27일 10시,목요일,경상남도 창원시 마산회원구 회성동,경상사고,0,0,1,0,차대차 - 추돌 - 진행중,안전운전불이행,건조,맑음,교차로 - 교차로부근,승용,여,50세,상해없음,화물,남,38세,경상
2014032700100245,2014년 3월 27일 12시,목요일,경상남도 남해군 창선면,중상사고,0,1,0,0,차대차 - 기타,과속,건조,맑음,기타 - 기타,화물,남,35세,상해없음,농기계,남,76세,중상
2014032700100264,2014년 3월 27일 13시,목요일,경상남도 창원시 진해구 서중동,사망사고,1,0,1,0,차대차 - 추돌 - 주정차중,안전운전불이행,건조,맑음,단일로 - 기타,승용,여,55세,사망,화물,남,53세,경상
2014032700100265,2014년 3월 27일 13시,목요일,경상남도 거제시 사등면,경상사고,0,0,1,0,차대차 - 추돌 - 진행중,안전운전불이행,건조,맑음,단일로 - 기타,화물,남,41세,상해없음,특수,남,32세,경상
2014032700100266,2014년 3월 27일 13시,목요일,경상남도 창녕군 창녕읍,경상사고,0,0,1,0,차량단독 - 기타,안전거리미확보,건조,맑음,단일로 - 기타,화물,남,33세,경상,,,,
2014032700100294,2014년 3월 27일 14시,목요일,경상남도 양산시 어곡동,부상신고사고,0,0,0,1,차량단독 - 도로외이탈 - 추락,안전운전불이행,건조,맑음,단일로 - 기타,승용,여,70세,부상신고,,,,
2014032700100331,2014년 3월 27일 15시,목요일,경상남도 창원시 진해구 자은동,경상사고,0,0,1,0,차대차 - 측면직각충돌,교차로운행방법위반,건조,맑음,교차로 - 교차로안,승용,남,54세,상해없음,승용,여,45세,상해없음
2014032700100332,2014년 3월 27일 15시,목요일,경상남도 양산시 중부동,부상신고사고,0,0,0,1,차대차 - 측면직각충돌,안전운전불이행,건조,맑음,단일로 - 기타,승용,여,53세,상해없음,자전거,남,8세,부상신고
2014032700100333,2014년 3월 27일 15시,목요일,경상남도 사천시 축동면,경상사고,0,0,1,0,차대차 - 기타,안전운전불이행,건조,맑음,단일로 - 기타,승용,남,41세,상해없음,승용,남,39세,상해없음
2014032700100366,2014년 3월 27일 16시,목요일,경상남도 김해시 대동면,중상사고,0,1,0,0,차대차 - 측면직각충돌,안전운전불이행,건조,맑음,단일로 - 기타,이륜,남,49세,중상,승용,남,65세,상해없음
2014032700100400,2014년 3월 27일 17시,목요일,경상남도 밀양시 상남면,중상사고,0,1,1,0,차대차 - 추돌 - 진행중,안전거리미확보,건조,맑음,교차로 - 교차로부근,승용,남,41세,상해없음,승합,남,46세,중상
2014032700100401,2014년 3월 27일 17시,목요일,경상남도 김해시 외동,경상사고,0,0,4,0,차대차 - 측면직각충돌,교차로운행방법위반,건조,맑음,교차로 - 교차로안,승용,여,43세,기타불명,승용,남,34세,경상
2014032700100402,2014년 3월 27일 17시,목요일,경상남도 양산시 남부동,경상사고,0,0,2,0,차대차 - 측면직각충돌,중앙선침범,건조,맑음,교차로 - 교차로안,승용,남,54세,상해없음,승용,남,77세,경상
2014032700100437,2014년 3월 27일 18시,목요일,경상남도 창원시 성산구 사파동,경상사고,0,0,1,0,차대사람 - 기타,안전운전불이행,건조,맑음,기타 - 기타,승용,여,39세,상해없음,보행자,남,1세,경상