사고번호,사고일시,요일,시군구,사고내용,사망자수,중상자수,경상자수,부상신고자수,사고유형,법규위반,노면상태,기상상태,도로형태,가해운전자 차종,가해운전자 성별,가해운전자 연령,가해운전자 상해정도,피해운전자 차종,피해운전자 성별,피해운전자 연령,피해운전자 상해정도
2014032700100482,2014년 3월 27일 19시,목요일,경상남도 창원시 마산합포구 현동,중상사고,0,1,1,0,차대차 - 측면직각충돌,안전운전불이행,건조,맑음,단일로 - 기타,승용,남,54세,상해없음,승용,남,60세,경상
2014032700100505,2014년 3월 27일 20시,목요일,경상남도 진주시 상대동,경상사고,0,0,3,0,차대차 - 추돌 - 주정차중,안전운전불이행,습기,비,교차로 - 교차로부근,승용,남,49세,상해없음,승용,남,27세,경상
2014032700100506,2014년 3월 27일 20시,목요일,경상남도 함안군 칠서면,중상사고,0,1,0,0,차대차 - 추돌 - 진행중,안전운전불이행,건조,맑음,단일로 - 횡단보도상,화물,남,62세,중상,화물,남,56세,상해없음
2014032700100507,2014년 3월 27일 20시,목요일,경상남도 함안군 칠원면,경상사고,0,0,1,0,차대차 - 측면직각충돌,안전운전불이행,건조,맑음,단일로 - 기타,화물,남,43세,상해없음,이륜,남,31세,경상
2014032700100508,2014년 3월 27일 20시,목요일,경상남도 창원시 마산회원구 내서읍,경상사고,0,0,1,0,차대차 - 측면직각충돌,신호위반,건조,맑음,교차로 - 교차로안,승용,남,52세,상해없음,승용,남,50세,상해없음
2014032700100527,2014년 3월 27일 21시,목요일,경상남도 사천시 벌리동,중상사고,0,1,0,0,차대사람 - 횡단중,신호위반,건조,맑음,교차로 - 교차로안,승합,남,62세,상해없음,보행자,남,61세,중상
2014032700100558,2014년 3월 27일 22시,목요일,경상남도 김해시 삼계동,경상사고,0,0,2,0,차대차 - 기타,안전운전불이행,건조,맑음,단일로 - 기타,승용,남,46세,상해없음,승용,남,47세,경상
2014032800100029,2014년 3월 28일 01시,금요일,경상남도 밀양시 내이동,경상사고,0,0,1,0,차대차 - 정면충돌,안전운전불이행,건조,맑음,교차로 - 교차로안,승용,남,32세,상해없음,자전거,남,39세,경상
2014032800100030,2014년 3월 28일 01시,금요일,경상남도 합천군 대병면,부상신고사고,0,0,0,1,차량단독 - 공작물충돌,안전운전불이행,건조,기타,단일로 - 기타,승용,남,32세,부상신고,,,,
2014032800100031,2014년 3월 28일 01시,금요일,경상남도 창원시 의창구 북면,중상사고,0,1,0,0,차대차 - 정면충돌,중앙선침범,건조,맑음,단일로 - 기타,승용,남,27세,상해없음,승용,남,52세,중상
2014032800100061,2014년 3월 28일 04시,금요일,경상남도 진주시 상평동,중상사고,0,2,0,0,차대차 - 측면직각충돌,직진우회전진행방해,건조,맑음,교차로 - 교차로안,승용,남,69세,상해없음,승용,남,72세,중상
2014032800100074,2014년 3월 28일 06시,금요일,경상남도 김해시 한림면,경상사고,0,0,1,0,차대차 - 추돌 - 진행중,안전거리미확보,건조,맑음,교차로 - 교차로부근,승용,남,63세,상해없음,승용,남,39세,경상
2014032800100094,2014년 3월 28일 07시,금요일,경상남도 김해시 삼계동,경상사고,0,0,1,0,차대차 - 기타,중앙선침범,건조,맑음,단일로 - 기타,승용,여,45세,상해없음,승용,남,37세,경상
2014032800100095,2014년 3월 28일 07시,금요일,경상남도 거제시 상동동,중상사고,0,1,0,0,차대사람 - 길가장자리구역통행중,기타,건조,맑음,단일로 - 기타,건설기계,남,54세,상해없음,보행자,남,28세,중상
2014032800100096,2014년 3월 28일 07시,금요일,경상남도 김해시 장유면,경상사고,0,0,1,1,차대차 - 측면직각충돌,신호위반,건조,맑음,교차로 - 교차로안,승용,여,39세,상해없음,승용,남,59세,부상신고
2014032800100134,2014년 3월 28일 08시,금요일,경상남도 진주시 남성동,경상사고,0,0,1,0,차대사람 - 차도통행중,안전운전불이행,건조,맑음,단일로 - 기타,승용,남,30세,상해없음,보행자,남,25세,경상
2014032800100135,2014년 3월 28일 08시,금요일,경상남도 밀양시 무안면,중상사고,0,1,0,0,차대차 - 측면직각충돌,교차로운행방법위반,습기,안개,교차로 - 교차로부근,승용,남,25세,상해없음,승용,여,47세,중상
2014032800100136,2014년 3월 28일 08시,금요일,경상남도 김해시 동상동,중상사고,0,1,0,0,차대차 - 기타,안전운전불이행,건조,맑음,단일로 - 기타,승용,남,32세,상해없음,승용,남,30세,중상
2014032800100137,2014년 3월 28일 08시,금요일,경상남도 김해시 진영읍,경상사고,0,0,1,0,차대차 - 기타,기타,건조,맑음,단일로 - 기타,승용,여,41세,상해없음,자전거,여,39세,경상
2014032800100149,2014년 3월 28일 09시,금요일,경상남도 양산시 산막동,중상사고,0,1,0,0,차대차 - 기타,기타,건조,맑음,단일로 - 기타,화물,남,38세,상해없음,승용,여,44세,중상
2014032800100168,2014년 3월 28일 09시,금요일,경상남도 창원시 성산구 성주동,중상사고,0,1,0,0,차량단독 - 기타,안전운전불이행,건조,맑음,단일로 - 기타,승합,남,59세,상해없음,,,,
2014032800100195,2014년 3월 28일 10시,금요일,경상남도 창원시 마산합포구 추산동,중상사고,0,1,0,0,차대사람 - 기타,기타,건조,맑음,단일로 - 기타,화물,남,33세,상해없음,보행자,남,58세,중상
2014032800100196,2014년 3월 28일 10시,금요일,경상남도 창원시 진해구 남양동,경상사고,0,0,1,0,차대차 - 추돌 - 진행중,안전거리미확보,건조,맑음,단일로 - 기타,화물,남,45세,상해없음,화물,남,40세,상해없음
2014032800100217,2014년 3월 28일 11시,금요일,경상남도 거창군 거창읍,부상신고사고,0,0,0,1,차대차 - 측면직각충돌,안전운전불이행,건조,맑음,교차로 - 교차로안,원동기,남,57세,부상신고,승용,남,69세,상해없음
2014032800100218,2014년 3월 28일 11시,금요일,경상남도 양산시 물금읍,부상신고사고,0,0,0,1,차대차 - 측면직각충돌,안전운전불이행,건조,맑음,기타 - 기타,승용,여,66세,부상신고,승용,남,34세,상해없음
2014032800100240,2014년 3월 28일 12시,금요일,경상남도 의령군 부림면,중상사고,0,1,0,0,차대사람 - 횡단중,안전운전불이행,건조,맑음,교차로 - 교차로안,승용,여,32세,상해없음,보행자,여,85세,중상
2014032800100274,2014년 3월 28일 13시,금요일,경상남도 사천시 곤양면,중상사고,0,1,1,0,차대차 - 기타,안전운전불이행,건조,맑음,단일로 - 기타,특수,남,46세,상해없음,승용,남,56세,중상
2014032800100332,2014년 3월 28일 15시,금요일,경상남도 진주시 상대동,경상사고,0,0,1,0,차대차 - 측면직각충돌,직진우회전진행방해,건조,맑음,교차로 - 교차로안,승용,남,50세,상해없음,이륜,남,59세,경상
2014032800100333,2014년 3월 28일 15시,금요일,경상남도 사천시 벌리동,중상사고,0,1,0,0,차대사람 - 기타,안전운전불이행,건조,맑음,교차로 - 교차로부근,화물,남,48세,상해없음,보행자,여,9세,중상
2014032800100334,2014년 3월 28일 15시,금요일,경상남도 창원시 성산구 대방동,경상사고,0,0,1,1,차대사람 - 횡단중,보행자보호의무위반,건조,맑음,단일로 - 횡단보도상,승용,남,55세,부상신고,보행자,남,13세,경상
2014032800100374,2014년 3월 28일 16시,금요일,경상남도 창원시 마산합포구 진동면,중상사고,0,1,0,0,차대차 - 추돌 - 진행중,안전거리미확보,건조,맑음,단일로 - 터널,화물,남,32세,상해없음,승용,남,41세,중상
2014032800100375,2014년 3월 28일 16시,금요일,경상남도 창원시 의창구 소계동,경상사고,0,0,1,0,차대차 - 추돌 - 주정차중,안전운전불이행,건조,맑음,단일로 - 기타,승용,여,29세,상해없음,승용,여,38세,경상
2014032800100413,2014년 3월 28일 17시,금요일,경상남도 창원시 성산구 대방동,경상사고,0,0,1,0,차대사람 - 기타,안전운전불이행,건조,맑음,단일로 - 기타,승용,여,35세,상해없음,보행자,여,11세,경상
2014032800100441,2014년 3월 28일 18시,금요일,경상남도 통영시 중앙동,중상사고,0,1,0,0,차대사람 - 횡단중,보행자보호의무위반,건조,맑음,단일로 - 횡단보도상,승합,남,60세,상해없음,보행자,남,63세,중상
2014032800100442,2014년 3월 28일 18시,금요일,경상남도 사천시 사천읍,중상사고,0,1,0,0,차대차 - 측면직각충돌,교차로운행방법위반,건조,맑음,교차로 - 교차로안,승용,여,65세,상해없음,이륜,남,54세,중상
2014032800100443,2014년 3월 28일 18시,금요일,경상남도 양산시 유산동,경상사고,0,0,1,0,차대차 - 측면직각충돌,안전거리미확보,건조,맑음,단일로 - 기타,화물,남,54세,상해없음,승용,여,45세,경상
2014032800100444,2014년 3월 28일 18시,금요일,경상남도 창원시 성산구 반림동,중상사고,0,1,0,0,차대차 - 기타,안전운전불이행,건조,맑음,교차로 - 교차로안,승용,남,63세,상해없음,자전거,남,31세,중상
2014032800100445,2014년 3월 28일 18시,금요일,경상남도 창원시 의창구 도계동,경상사고,0,0,2,0,차대차 - 측면직각충돌,교차로운행방법위반,건조,맑음,교차로 - 교차로안,승용,남,69세,상해없음,승용,남,24세,경상
2014032800100489,2014년 3월 28일 19시,금요일,경상남도 진주시 수정동,경상사고,0,0,1,0,차대차 - 추돌 - 주정차중,중앙선침범,건조,맑음,교차로 - 교차로부근,화물,남,58세,상해없음,이륜,남,70세,경상
2014032800100490,2014년 3월 28일 19시,금요일,경상남도 사천시 선구동,중상사고,0,1,0,0,차대사람 - 횡단중,교차로운행방법위반,건조,맑음,교차로 - 교차로안,승용,남,47세,상해없음,보행자,남,70세,중상
2014032800100491,2014년 3월 28일 19시,금요일,경상남도 고성군 고성읍,중상사고,0,1,1,0,차대차 - 측면직각충돌,중앙선침범,건조,맑음,단일로 - 기타,화물,남,41세,상해없음,승용,남,58세,경상
2014032800100492,2014년 3월 28일 19시,금요일,경상남도 창원시 마산회원구 구암동,경상사고,0,0,1,1,차대차 - 추돌 - 진행중,안전운전불이행,건조,맑음,단일로 - 기타,승용,남,63세,상해없음,승용,남,64세,경상
2014032800100568,2014년 3월 28일 21시,금요일,경상남도 통영시 무전동,중상사고,0,2,2,0,차대차 - 측면직각충돌,신호위반,건조,맑음,단일로 - 횡단보도상,승용,여,57세,경상,승용,남,33세,중상
2014032800100569,2014년 3월 28일 21시,금요일,경상남도 통영시 광도면,경상사고,0,0,3,0,차량단독 - 공작물충돌,안전운전불이행,건조,맑음,단일로 - 기타,승용,남,28세,상해없음,,,,
2014032800100570,2014년 3월 28일 21시,금요일,경상남도 창원시 성산구 가음동,경상사고,0,0,2,0,차대차 - 기타,안전운전불이행,건조,맑음,교차로 - 교차로안,승용,여,29세,상해없음,승합,남,42세,경상
2014032800100571,2014년 3월 28일 21시,금요일,경상남도 김해시 장유면,경상사고,0,0,1,0,차대차 - 정면충돌,신호위반,건조,맑음,교차로 - 교차로안,승용,남,70세,상해없음,승용,여,52세,상해없음
2014032800100612,2014년 3월 28일 22시,금요일,경상남도 양산시 삼호동,중상사고,0,1,0,0,차대차 - 측면직각충돌,교차로운행방법위반,건조,맑음,교차로 - 교차로안,승용,남,40세,상해없음,승용,여,31세,중상
2014032800100613,2014년 3월 28일 22시,금요일,경상남도 거제시 상동동,경상사고,0,0,5,0,차대차 - 추돌 - 주정차중,안전운전불이행,건조,맑음,단일로 - 기타,승용,남,35세,상해없음,승용,여,38세,경상
2014032800100647,2014년 3월 28일 23시,금요일,경상남도 양산시 명동,중상사고,0,1,0,0,차대차 - 기타,안전운전불이행,건조,맑음,교차로 - 교차로부근,자전거,남,29세,중상,승용,남,37세,기타불명
2014032900100026,2014년 3월 29일 00시,토요일,경상남도 진주시 상평동,중상사고,0,1,0,0,차대사람 - 차도통행중,안전운전불이행,건조,맑음,단일로 - 기타,승용,남,28세,상해없음,보행자,남,40세,중상
2014032900100027,2014년 3월 29일 00시,토요일,경상남도 거제시 남부면,경상사고,0,0,1,1,차대차 - 기타,중앙선침범,건조,맑음,단일로 - 기타,승용,남,26세,상해없음,승용,남,32세,경상
2014032900100028,2014년 3월 29일 00시,토요일,경상남도 창원시 성산구 불모산동,경상사고,0,0,1,0,차대차 - 측면직각충돌,안전운전불이행,건조,맑음,기타 - 기타,승용,남,33세,상해없음,승용,남,30세,경상
2014032900100055,2014년 3월 29일 01시,토요일,경상남도 김해시 삼방동,경상사고,0,0,1,0,차대차 - 측면직각충돌,중앙선침범,건조,흐림,단일로 - 기타,원동기,남,16세,상해없음,승용,남,50세,경상
2014032900100123,2014년 3월 29일 05시,토요일,경상남도 밀양시 내이동,경상사고,0,0,1,0,차대차 - 측면직각충돌,안전운전불이행,건조,맑음,교차로 - 교차로안,승용,남,44세,상해없음,원동기,남,40세,상해없음
2014032900100124,2014년 3월 29일 05시,토요일,경상남도 김해시 불암동,중상사고,0,1,0,0,차대차 - 기타,교차로운행방법위반,습기,비,교차로 - 교차로안,건설기계,남,45세,상해없음,승용,남,51세,중상
2014032900100154,2014년 3월 29일 07시,토요일,경상남도 창원시 마산합포구 월남동1가,사망사고,1,0,1,0,차대차 - 기타,안전운전불이행,습기,비,단일로 - 횡단보도부근,승용,남,63세,상해없음,승합,남,42세,상해없음
2014032900100155,2014년 3월 29일 07시,토요일,경상남도 창원시 마산합포구 월영동,경상사고,0,0,1,0,차대차 - 측면직각충돌,신호위반,건조,맑음,교차로 - 교차로안,승용,여,28세,상해없음,승용,남,32세,경상
2014032900100156,2014년 3월 29일 07시,토요일,경상남도 김해시 주촌면,경상사고,0,0,1,0,차대차 - 기타,교차로운행방법위반,습기,비,교차로 - 교차로안,승용,남,42세,상해없음,이륜,남,46세,경상
2014032900100172,2014년 3월 29일 08시,토요일,경상남도 양산시 소주동,중상사고,0,1,0,0,차대사람 - 기타,안전운전불이행,습기,비,단일로 - 기타,승용,여,29세,상해없음,보행자,여,33세,중상
2014032900100199,2014년 3월 29일 09시,토요일,경상남도 통영시 봉평동,경상사고,0,0,1,0,차대차 - 측면직각충돌,신호위반,건조,맑음,교차로 - 교차로안,승용,남,64세,상해없음,승용,남,41세,경상
2014032900100244,2014년 3월 29일 11시,토요일,경상남도 김해시 장유면,경상사고,0,0,1,0,차대차 - 추돌 - 진행중,안전거리미확보,습기,비,단일로 - 기타,승용,남,54세,상해없음,승용,남,35세,상해없음
2014032900100268,2014년 3월 29일 12시,토요일,경상남도 통영시 북신동,경상사고,0,0,2,0,차대차 - 추돌 - 진행중,교차로운행방법위반,건조,맑음,교차로 - 교차로안,승용,남,44세,상해없음,승용,남,30세,경상
2014032900100269,2014년 3월 29일 12시,토요일,경상남도 함안군 칠서면,경상사고,0,0,1,0,차대차 - 기타,중앙선침범,습기,맑음,교차로 - 교차로부근,승용,남,61세,상해없음,승용,여,39세,경상
2014032900100270,2014년 3월 29일 12시,토요일,경상남도 창원시 의창구 봉곡동,경상사고,0,0,1,0,차대차 - 측면직각충돌,교차로운행방법위반,습기,비,교차로 - 교차로안,승용,여,50세,상해없음,자전거,여,45세,경상
2014032900100271,2014년 3월 29일 12시,토요일,경상남도 김해시 장유면,중상사고,0,1,0,0,차대차 - 측면직각충돌,불법유턴,습기,비,교차로 - 교차로부근,자전거,남,48세,중상,승용,남,52세,상해없음
2014032900100301,2014년 3월 29일 13시,토요일,경상남도 고성군 고성읍,경상사고,0,0,1,0,차대사람 - 차도통행중,안전운전불이행,습기,비,단일로 - 횡단보도부근,승용,여,38세,상해없음,보행자,남,13세,경상
2014032900100340,2014년 3월 29일 14시,토요일,경상남도 통영시 용남면,경상사고,0,0,1,0,차대사람 - 기타,안전운전불이행,습기,비,단일로 - 기타,승용,남,38세,상해없음,보행자,남,41세,경상
2014032900100341,2014년 3월 29일 14시,토요일,경상남도 김해시 삼방동,부상신고사고,0,0,0,1,차대차 - 측면직각충돌,직진우회전진행방해,습기,비,교차로 - 교차로안,승용,여,50세,상해없음,이륜,남,17세,부상신고
2014032900100342,2014년 3월 29일 14시,토요일,경상남도 남해군 이동면,경상사고,0,0,2,0,차대차 - 측면직각충돌,안전운전불이행,습기,비,교차로 - 교차로부근,승용,여,48세,경상,승용,남,54세,경상
2014032900100370,2014년 3월 29일 15시,토요일,경상남도 양산시 상북면,중상사고,0,1,0,0,차대차 - 기타,중앙선침범,습기,비,교차로 - 교차로안,승용,남,21세,상해없음,화물,남,65세,중상
2014032900100371,2014년 3월 29일 15시,토요일,경상남도 양산시 평산동,중상사고,0,1,0,0,차대사람 - 기타,안전운전불이행,건조,맑음,기타 - 기타,승용,남,53세,상해없음,보행자,여,18세,중상
2014032900100372,2014년 3월 29일 15시,토요일,경상남도 거제시 일운면,경상사고,0,0,5,0,차대차 - 기타,중앙선침범,건조,맑음,단일로 - 기타,승용,남,63세,상해없음,승용,남,61세,상해없음
2014032900100373,2014년 3월 29일 15시,토요일,경상남도 남해군 남해읍,경상사고,0,0,1,0,차대차 - 측면직각충돌,교차로운행방법위반,습기,비,교차로 - 교차로안,승용,남,51세,상해없음,승용,여,25세,경상
2014032900100404,2014년 3월 29일 16시,토요일,경상남도 창원시 마산합포구 남성동,중상사고,0,1,0,0,차대사람 - 길가장자리구역통행중,안전운전불이행,습기,비,단일로 - 기타,승용,남,73세,상해없음,보행자,남,40세,중상
2014032900100405,2014년 3월 29일 16시,토요일,경상남도 통영시 광도면,경상사고,0,0,3,0,차대차 - 추돌 - 주정차중,안전운전불이행,습기,비,교차로 - 교차로부근,승용,기타불명,기타불명,기타불명,승용,여,43세,경상
2014032900100406,2014년 3월 29일 16시,토요일,경상남도 거창군 거창읍,중상사고,0,1,0,0,차대차 - 측면직각충돌,중앙선침범,건조,흐림,단일로 - 기타,화물,남,35세,상해없음,화물,남,37세,중상
2014032900100407,2014년 3월 29일 16시,토요일,경상남도 남해군 이동면,경상사고,0,0,2,0,차대차 - 측면직각충돌,중앙선침범,습기,비,기타 - 기타,화물,남,46세,경상,승용,남,49세,경상
2014032900100445,2014년 3월 29일 17시,토요일,경상남도 김해시 지내동,중상사고,0,1,0,0,차대사람 - 보도통행중,신호위반,습기,비,단일로 - 횡단보도상,승용,여,54세,상해없음,보행자,남,56세,중상
2014032900100446,2014년 3월 29일 17시,토요일,경상남도 김해시 한림면,경상사고,0,0,1,0,차대차 - 추돌 - 진행중,안전운전불이행,습기,비,단일로 - 기타,승용,남,25세,상해없음,승용,남,51세,경상
2014032900100482,2014년 3월 29일 18시,토요일,경상남도 진주시 상대동,중상사고,0,1,0,0,차대차 - 추돌 - 진행중,안전거리미확보,습기,비,단일로 - 기타,승용,남,32세,상해없음,자전거,남,57세,중상
2014032900100483,2014년 3월 29일 18시,토요일,경상남도 김해시 동상동,경상사고,0,0,2,0,차대차 - 측면직각충돌,직진우회전진행방해,습기,비,교차로 - 교차로안,승용,여,51세,경상,승용,남,52세,경상
2014032900100484,2014년 3월 29일 18시,토요일,경상남도 양산시 소주동,경상사고,0,0,1,0,차대차 - 추돌 - 주정차중,안전운전불이행,습기,비,교차로 - 교차로부근,승용,여,51세,상해없음,승용,여,41세,경상
2014032900100522,2014년 3월 29일 19시,토요일,경상남도 진주시 봉곡동,경상사고,0,0,1,0,차대차 - 측면직각충돌,신호위반,습기,비,교차로 - 교차로안,승용,남,54세,상해없음,승용,남,33세,경상
2014032900100523,2014년 3월 29일 19시,토요일,경상남도 통영시 북신동,중상사고,0,1,1,0,차대차 - 추돌 - 주정차중,안전운전불이행,건조,맑음,교차로 - 교차로부근,승용,여,53세,상해없음,승용,남,63세,경상
2014032900100524,2014년 3월 29일 19시,토요일,경상남도 사천시 동금동,경상사고,0,0,1,1,차대차 - 측면직각충돌,안전운전불이행,습기,비,단일로 - 기타,승용,여,44세,상해없음,승용,남,61세,경상
2014032900100525,2014년 3월 29일 19시,토요일,경상남도 김해시 구산동,경상사고,0,0,1,0,차대사람 - 횡단중,안전운전불이행,습기,비,교차로 - 교차로안,화물,남,60세,상해없음,보행자,여,54세,경상
2014032900100526,2014년 3월 29일 19시,토요일,경상남도 하동군 진교면,경상사고,0,0,1,0,차대차 - 추돌 - 주정차중,안전운전불이행,습기,비,단일로 - 기타,승용,남,54세,상해없음,승용,남,25세,경상
2014032900100527,2014년 3월 29일 19시,토요일,경상남도 창원시 마산회원구 구암동,경상사고,0,0,1,0,차대차 - 추돌 - 진행중,안전운전불이행,건조,맑음,단일로 - 기타,승용,남,51세,상해없음,승용,남,34세,경상
2014032900100563,2014년 3월 29일 20시,토요일,경상남도 진주시 수정동,중상사고,0,2,0,0,차대사람 - 횡단중,보행자보호의무위반,습기,비,단일로 - 횡단보도상,승용,남,52세,상해없음,보행자,여,40세,중상
2014032900100564,2014년 3월 29일 20시,토요일,경상남도 통영시 봉평동,중상사고,0,1,0,0,차대차 - 추돌 - 진행중,교차로운행방법위반,습기,비,교차로 - 교차로부근,승용,남,44세,상해없음,원동기,남,46세,중상
2014032900100565,2014년 3월 29일 20시,토요일,경상남도 창녕군 창녕읍,중상사고,0,1,0,0,차대사람 - 길가장자리구역통행중,안전운전불이행,습기,비,단일로 - 기타,승용,남,62세,상해없음,보행자,남,69세,중상
2014032900100580,2014년 3월 29일 21시,토요일,경상남도 김해시 부원동,경상사고,0,0,1,0,차대차 - 기타,안전운전불이행,습기,비,단일로 - 기타,승용,남,63세,상해없음,승용,여,44세,상해없음
2014032900100637,2014년 3월 29일 22시,토요일,경상남도 양산시 소주동,중상사고,0,1,0,0,차대사람 - 기타,안전운전불이행,습기,흐림,교차로 - 교차로부근,이륜,남,18세,상해없음,보행자,여,48세,중상
2014032900100638,2014년 3월 29일 22시,토요일,경상남도 창원시 성산구 반지동,중상사고,0,1,0,0,차대차 - 기타,안전운전불이행,습기,비,교차로 - 교차로부근,승용,남,44세,상해없음,원동기,남,18세,중상
2014032900100639,2014년 3월 29일 22시,토요일,경상남도 김해시 장유면,중상사고,0,1,0,0,차대사람 - 차도통행중,안전운전불이행,습기,비,교차로 - 교차로안,승용,남,53세,상해없음,보행자,남,33세,중상
2014032900100697,2014년 3월 29일 23시,토요일,경상남도 거제시 고현동,경상사고,0,0,1,0,차대사람 - 기타,기타,건조,맑음,단일로 - 기타,승용,남,59세,상해없음,보행자,남,19세,경상
2014032900100698,2014년 3월 29일 23시,토요일,경상남도 창원시 의창구 도계동,경상사고,0,0,2,0,차대차 - 추돌 - 주정차중,안전운전불이행,습기,비,교차로 - 교차로부근,승용,여,44세,상해없음,승용,남,51세,경상
2014033000100069,2014년 3월 30일 02시,일요일,경상남도 창원시 마산합포구 남성동,경상사고,0,0,1,0,차대사람 - 차도통행중,안전운전불이행,습기,비,단일로 - 기타,이륜,남,19세,상해없음,보행자,남,55세,경상
2014033000100070,2014년 3월 30일 02시,일요일,경상남도 창원시 진해구 용원동,중상사고,0,2,0,0,차대사람 - 기타,안전운전불이행,습기,비,단일로 - 기타,승용,남,29세,상해없음,보행자,남,29세,중상
2014033000100071,2014년 3월 30일 02시,일요일,경상남도 거제시 고현동,경상사고,0,0,3,0,차대차 - 기타,안전운전불이행,건조,맑음,단일로 - 기타,승용,남,27세,경상,승용,남,30세,상해없음
2014033000100091,2014년 3월 30일 03시,일요일,경상남도 김해시 구산동,경상사고,0,0,1,0,차대차 - 추돌 - 진행중,안전운전불이행,습기,비,교차로 - 교차로부근,승용,남,35세,상해없음,승용,여,19세,경상
2014033000100128,2014년 3월 30일 06시,일요일,경상남도 사천시 사천읍,경상사고,0,0,1,0,차대차 - 측면직각충돌,신호위반,습기,흐림,교차로 - 교차로부근,화물,남,54세,상해없음,이륜,남,66세,경상
2014033000100133,2014년 3월 30일 07시,일요일,경상남도 진주시 망경동,중상사고,0,1,0,0,차대차 - 정면충돌,안전운전불이행,건조,맑음,단일로 - 기타,승용,남,22세,상해없음,원동기,남,70세,중상
2014033000100147,2014년 3월 30일 08시,일요일,경상남도 김해시 어방동,경상사고,0,0,1,0,차대차 - 추돌 - 진행중,안전운전불이행,습기,비,단일로 - 기타,승용,남,27세,상해없음,승용,남,55세,경상
2014033000100148,2014년 3월 30일 08시,일요일,경상남도 창원시 마산회원구 구암동,경상사고,0,0,2,0,차대차 - 기타,안전운전불이행,건조,맑음,교차로 - 교차로부근,승용,남,53세,상해없음,승용,남,70세,경상
2014033000100166,2014년 3월 30일 09시,일요일,경상남도 진주시 대평면,중상사고,0,2,0,0,차대차 - 기타,안전거리미확보,건조,맑음,단일로 - 기타,자전거,남,51세,중상,자전거,남,52세,중상
2014033000100167,2014년 3월 30일 09시,일요일,경상남도 진주시 문산읍,중상사고,0,1,2,0,차대차 - 기타,차로위반,습기,비,단일로 - 기타,화물,남,59세,중상,승용,남,52세,경상
2014033000100200,2014년 3월 30일 10시,일요일,경상남도 진주시 평안동,중상사고,0,1,0,0,차대사람 - 횡단중,안전운전불이행,습기,비,교차로 - 교차로안,승용,여,37세,상해없음,보행자,여,54세,중상
2014033000100201,2014년 3월 30일 10시,일요일,경상남도 통영시 북신동,중상사고,0,2,0,0,차대차 - 측면직각충돌,안전운전불이행,습기,비,교차로 - 교차로부근,승용,남,47세,상해없음,승용,남,58세,중상
2014033000100202,2014년 3월 30일 10시,일요일,경상남도 거제시 장평동,중상사고,0,1,0,0,차대차 - 추돌 - 주정차중,안전운전불이행,습기,비,교차로 - 교차로부근,승용,여,36세,상해없음,화물,남,57세,중상
2014033000100251,2014년 3월 30일 12시,일요일,경상남도 사천시 선구동,경상사고,0,0,5,0,차대차 - 측면직각충돌,교차로운행방법위반,건조,맑음,교차로 - 교차로안,승용,남,32세,상해없음,승용,여,37세,경상
2014033000100252,2014년 3월 30일 12시,일요일,경상남도 사천시 선구동,중상사고,0,1,1,0,차대차 - 추돌 - 주정차중,안전운전불이행,건조,맑음,단일로 - 기타,승용,남,35세,상해없음,승용,남,28세,중상
2014033000100253,2014년 3월 30일 12시,일요일,경상남도 합천군 대양면,중상사고,0,1,1,0,차대차 - 정면충돌,중앙선침범,건조,맑음,단일로 - 기타,화물,남,44세,경상,승용,남,44세,중상
2014033000100306,2014년 3월 30일 14시,일요일,경상남도 창원시 진해구 석동,경상사고,0,0,1,0,차대차 - 측면직각충돌,안전운전불이행,건조,맑음,교차로 - 교차로부근,승용,여,41세,상해없음,자전거,남,41세,경상
2014033000100307,2014년 3월 30일 14시,일요일,경상남도 창녕군 영산면,중상사고,0,1,0,0,차대차 - 측면직각충돌,신호위반,건조,맑음,교차로 - 교차로안,승용,남,33세,상해없음,승용,여,50세,중상
2014033000100339,2014년 3월 30일 15시,일요일,경상남도 사천시 사남면,중상사고,0,1,2,1,차대차 - 추돌 - 주정차중,안전운전불이행,건조,맑음,단일로 - 기타,승용,남,67세,상해없음,승용,여,20세,경상
2014033000100340,2014년 3월 30일 15시,일요일,경상남도 사천시 축동면,중상사고,0,1,1,0,차대차 - 측면직각충돌,신호위반,건조,맑음,교차로 - 교차로안,승용,여,61세,상해없음,승용,남,42세,중상
2014033000100341,2014년 3월 30일 15시,일요일,경상남도 거제시 고현동,경상사고,0,0,4,0,차대차 - 추돌 - 진행중,안전운전불이행,습기,맑음,단일로 - 기타,승합,남,62세,경상,승용,남,36세,경상
2014033000100368,2014년 3월 30일 16시,일요일,경상남도 창녕군 이방면,중상사고,0,1,1,0,차대차 - 측면직각충돌,신호위반,건조,맑음,교차로 - 교차로안,승용,남,37세,상해없음,승용,여,31세,중상
2014033000100369,2014년 3월 30일 16시,일요일,경상남도 함양군 안의면,중상사고,0,2,1,0,차대차 - 측면직각충돌,교차로운행방법위반,건조,맑음,교차로 - 교차로안,화물,남,70세,상해없음,승용,여,53세,중상
2014033000100426,2014년 3월 30일 18시,일요일,경상남도 진주시 상대동,부상신고사고,0,0,0,1,차대차 - 측면직각충돌,중앙선침범,건조,맑음,단일로 - 기타,원동기,남,17세,부상신고,승용,남,24세,상해없음