사고번호,사고일시,요일,시군구,사고내용,사망자수,중상자수,경상자수,부상신고자수,사고유형,법규위반,노면상태,기상상태,도로형태,가해운전자 차종,가해운전자 성별,가해운전자 연령,가해운전자 상해정도,피해운전자 차종,피해운전자 성별,피해운전자 연령,피해운전자 상해정도
2014040600100354,2014년 4월 6일 17시,일요일,경상남도 진주시 이현동,경상사고,0,0,1,0,차대차 - 측면직각충돌,안전운전불이행,건조,맑음,단일로 - 기타,승용,남,57세,상해없음,원동기,남,21세,경상
2014040600100355,2014년 4월 6일 17시,일요일,경상남도 김해시 전하동,중상사고,0,2,0,0,차대차 - 측면직각충돌,신호위반,건조,맑음,교차로 - 교차로안,승용,여,44세,상해없음,승용,남,28세,중상
2014040600100410,2014년 4월 6일 19시,일요일,경상남도 창원시 진해구 용원동,부상신고사고,0,0,0,1,차대차 - 기타,안전운전불이행,건조,맑음,단일로 - 기타,원동기,남,16세,부상신고,승용,여,36세,상해없음
2014040600100411,2014년 4월 6일 19시,일요일,경상남도 사천시 대방동,중상사고,0,1,0,0,차대차 - 측면직각충돌,신호위반,건조,맑음,교차로 - 교차로안,이륜,남,69세,중상,승용,남,56세,상해없음
2014040600100444,2014년 4월 6일 20시,일요일,경상남도 창원시 성산구 중앙동,경상사고,0,0,2,0,차대차 - 측면직각충돌,신호위반,건조,맑음,교차로 - 교차로안,승용,남,56세,상해없음,승용,남,53세,경상
2014040600100445,2014년 4월 6일 20시,일요일,경상남도 창원시 마산회원구 합성동,경상사고,0,0,2,0,차대차 - 추돌 - 진행중,안전운전불이행,건조,맑음,단일로 - 기타,승용,남,53세,상해없음,승용,남,20세,경상
2014040600100446,2014년 4월 6일 20시,일요일,경상남도 창원시 마산회원구 합성동,경상사고,0,0,1,0,차대차 - 측면직각충돌,안전운전불이행,건조,맑음,교차로 - 교차로안,승용,남,35세,상해없음,이륜,남,25세,경상
2014040600100469,2014년 4월 6일 21시,일요일,경상남도 창원시 마산합포구 완월동,중상사고,0,1,0,0,차대사람 - 차도통행중,안전운전불이행,건조,맑음,교차로 - 교차로부근,승용,여,39세,상해없음,보행자,여,39세,중상
2014040600100512,2014년 4월 6일 23시,일요일,경상남도 김해시 삼방동,중상사고,0,1,0,0,차대차 - 기타,교차로운행방법위반,건조,맑음,교차로 - 교차로부근,승합,남,25세,상해없음,원동기,남,16세,중상
2014040600100513,2014년 4월 6일 23시,일요일,경상남도 거창군 거창읍,중상사고,0,1,1,0,차량단독 - 공작물충돌,안전운전불이행,건조,맑음,교차로 - 교차로안,이륜,남,18세,경상,,,,
2014040600100514,2014년 4월 6일 23시,일요일,경상남도 김해시 전하동,중상사고,0,2,0,0,차대차 - 측면직각충돌,안전운전불이행,건조,맑음,교차로 - 교차로안,승용,남,62세,상해없음,승용,남,32세,중상
2014040700100012,2014년 4월 7일 00시,월요일,경상남도 거창군 거창읍,경상사고,0,0,2,0,차대차 - 측면직각충돌,교차로운행방법위반,건조,맑음,교차로 - 교차로안,승용,여,36세,상해없음,화물,여,53세,경상
2014040700100013,2014년 4월 7일 00시,월요일,경상남도 창원시 의창구 봉곡동,부상신고사고,0,0,0,1,차대차 - 기타,안전운전불이행,건조,맑음,단일로 - 기타,기타불명,기타불명,기타불명,기타불명,이륜,남,37세,부상신고
2014040700100018,2014년 4월 7일 01시,월요일,경상남도 사천시 동금동,중상사고,0,1,1,0,차대차 - 측면직각충돌,신호위반,건조,맑음,교차로 - 교차로안,승용,남,60세,상해없음,승용,남,53세,경상
2014040700100019,2014년 4월 7일 01시,월요일,경상남도 산청군 산청읍,중상사고,0,2,0,0,차량단독 - 전도전복,안전운전불이행,건조,맑음,단일로 - 기타,원동기,남,20세,중상,,,,
2014040700100040,2014년 4월 7일 05시,월요일,경상남도 사천시 용현면,중상사고,0,1,1,0,차량단독 - 공작물충돌,안전운전불이행,건조,맑음,단일로 - 기타,승용,남,65세,경상,,,,
2014040700100072,2014년 4월 7일 07시,월요일,경상남도 통영시 도남동,중상사고,0,1,0,0,차대사람 - 기타,안전운전불이행,건조,맑음,단일로 - 기타,승합,남,38세,상해없음,보행자,남,53세,중상
2014040700100073,2014년 4월 7일 07시,월요일,경상남도 거제시 아주동,경상사고,0,0,7,0,차대차 - 추돌 - 진행중,안전운전불이행,건조,맑음,단일로 - 터널,승용,남,49세,상해없음,승용,남,50세,경상
2014040700100074,2014년 4월 7일 07시,월요일,경상남도 함안군 칠서면,중상사고,0,1,2,0,차대차 - 측면직각충돌,신호위반,건조,맑음,교차로 - 교차로안,승용,남,34세,상해없음,승용,남,43세,중상
2014040700100075,2014년 4월 7일 07시,월요일,경상남도 창원시 성산구 성산동,중상사고,0,1,0,0,차대차 - 기타,안전거리미확보,건조,맑음,단일로 - 기타,승용,남,54세,상해없음,이륜,남,49세,중상
2014040700100076,2014년 4월 7일 07시,월요일,경상남도 창원시 의창구 팔용동,경상사고,0,0,1,0,차대차 - 측면직각충돌,신호위반,건조,맑음,단일로 - 기타,자전거,남,23세,경상,승용,여,25세,상해없음
2014040700100119,2014년 4월 7일 08시,월요일,경상남도 창원시 진해구 경화동,경상사고,0,0,1,0,차대사람 - 차도통행중,보행자보호의무위반,건조,맑음,교차로 - 교차로부근,승용,여,56세,상해없음,보행자,남,7세,경상
2014040700100120,2014년 4월 7일 08시,월요일,경상남도 양산시 물금읍,경상사고,0,0,1,0,차대차 - 기타,교차로운행방법위반,건조,맑음,교차로 - 교차로안,승용,남,22세,상해없음,승용,남,37세,경상
2014040700100121,2014년 4월 7일 08시,월요일,경상남도 양산시 물금읍,경상사고,0,0,1,0,차대차 - 기타,교차로운행방법위반,건조,맑음,교차로 - 교차로안,승용,여,34세,상해없음,승용,남,48세,경상
2014040700100122,2014년 4월 7일 08시,월요일,경상남도 거제시 수월동,경상사고,0,0,1,0,차대사람 - 기타,안전운전불이행,건조,맑음,단일로 - 기타,승용,여,34세,상해없음,보행자,여,41세,경상
2014040700100123,2014년 4월 7일 08시,월요일,경상남도 창원시 의창구 용지동,경상사고,0,0,1,0,차대차 - 측면직각충돌,안전운전불이행,건조,맑음,교차로 - 교차로부근,승용,남,54세,상해없음,승용,여,43세,경상
2014040700100158,2014년 4월 7일 09시,월요일,경상남도 양산시 북부동,중상사고,0,1,0,0,차대차 - 기타,신호위반,건조,맑음,단일로 - 기타,승용,남,50세,상해없음,자전거,남,57세,중상
2014040700100159,2014년 4월 7일 09시,월요일,경상남도 거제시 장평동,중상사고,0,1,1,0,차대차 - 추돌 - 진행중,안전거리미확보,건조,맑음,단일로 - 기타,승용,여,43세,경상,승용,여,42세,중상
2014040700100178,2014년 4월 7일 10시,월요일,경상남도 고성군 고성읍,중상사고,0,1,0,0,차대차 - 측면직각충돌,교차로운행방법위반,건조,맑음,교차로 - 교차로안,화물,남,40세,상해없음,이륜,남,79세,중상
2014040700100179,2014년 4월 7일 10시,월요일,경상남도 거제시 연초면,중상사고,0,1,0,0,차대차 - 추돌 - 진행중,안전거리미확보,건조,맑음,교차로 - 교차로안,화물,남,50세,상해없음,승용,여,37세,중상
2014040700100194,2014년 4월 7일 11시,월요일,경상남도 창원시 진해구 경화동,중상사고,0,1,0,0,차대사람 - 길가장자리구역통행중,안전운전불이행,건조,맑음,교차로 - 교차로안,승용,여,35세,상해없음,보행자,남,78세,중상
2014040700100195,2014년 4월 7일 11시,월요일,경상남도 산청군 신안면,부상신고사고,0,0,0,3,차량단독 - 공작물충돌,안전운전불이행,건조,맑음,교차로 - 교차로부근,승합,남,28세,상해없음,,,,
2014040700100224,2014년 4월 7일 12시,월요일,경상남도 양산시 남부동,중상사고,0,1,0,0,차대사람 - 기타,안전운전불이행,건조,맑음,단일로 - 기타,화물,남,63세,상해없음,보행자,여,65세,중상
2014040700100225,2014년 4월 7일 12시,월요일,경상남도 하동군 화개면,부상신고사고,0,0,0,1,차대사람 - 길가장자리구역통행중,안전운전불이행,건조,맑음,단일로 - 기타,승용,남,55세,상해없음,보행자,여,72세,부상신고
2014040700100251,2014년 4월 7일 13시,월요일,경상남도 창원시 마산회원구 석전동,중상사고,0,1,0,0,차대사람 - 횡단중,보행자보호의무위반,건조,맑음,단일로 - 기타,화물,남,39세,상해없음,보행자,남,6세,중상
2014040700100286,2014년 4월 7일 14시,월요일,경상남도 거제시 고현동,중상사고,0,1,1,0,차대차 - 측면직각충돌,안전운전불이행,건조,맑음,단일로 - 기타,승용,여,34세,상해없음,승용,여,14세,경상
2014040700100287,2014년 4월 7일 14시,월요일,경상남도 산청군 신안면,경상사고,0,0,1,0,차대차 - 추돌 - 진행중,안전운전불이행,건조,맑음,단일로 - 기타,승용,남,51세,상해없음,화물,남,53세,경상
2014040700100288,2014년 4월 7일 14시,월요일,경상남도 창원시 의창구 신월동,중상사고,0,1,1,0,차대차 - 측면직각충돌,안전운전불이행,건조,맑음,교차로 - 교차로안,승용,남,49세,상해없음,승용,남,48세,경상
2014040700100329,2014년 4월 7일 15시,월요일,경상남도 통영시 광도면,경상사고,0,0,1,0,차대사람 - 횡단중,안전운전불이행,건조,맑음,교차로 - 교차로부근,승용,여,28세,상해없음,보행자,여,3세,경상
2014040700100330,2014년 4월 7일 15시,월요일,경상남도 김해시 삼계동,중상사고,0,1,0,0,차대차 - 측면직각충돌,교차로운행방법위반,건조,맑음,교차로 - 교차로안,승용,남,23세,상해없음,승용,남,50세,중상
2014040700100358,2014년 4월 7일 16시,월요일,경상남도 창원시 진해구 풍호동,경상사고,0,0,2,0,차대차 - 측면직각충돌,중앙선침범,건조,맑음,단일로 - 기타,승용,남,67세,상해없음,승용,남,50세,경상
2014040700100359,2014년 4월 7일 16시,월요일,경상남도 함양군 함양읍,부상신고사고,0,0,0,1,차대차 - 측면직각충돌,교차로운행방법위반,건조,맑음,교차로 - 교차로안,원동기,남,73세,부상신고,승용,여,58세,상해없음
2014040700100403,2014년 4월 7일 17시,월요일,경상남도 거창군 거창읍,경상사고,0,0,1,0,차대차 - 측면직각충돌,안전운전불이행,건조,맑음,교차로 - 교차로안,승용,여,51세,상해없음,자전거,남,16세,경상
2014040700100404,2014년 4월 7일 17시,월요일,경상남도 창원시 성산구 신촌동,경상사고,0,0,2,0,차대차 - 측면직각충돌,안전운전불이행,건조,맑음,단일로 - 기타,승용,남,25세,상해없음,승용,남,46세,경상
2014040700100437,2014년 4월 7일 18시,월요일,경상남도 진주시 평거동,중상사고,0,1,0,0,차대사람 - 차도통행중,안전운전불이행,건조,맑음,단일로 - 기타,이륜,남,65세,상해없음,보행자,남,10세,중상
2014040700100438,2014년 4월 7일 18시,월요일,경상남도 창원시 진해구 마천동,경상사고,0,0,1,0,차대사람 - 기타,안전운전불이행,건조,맑음,교차로 - 교차로안,승용,남,62세,상해없음,보행자,남,77세,경상
2014040700100439,2014년 4월 7일 18시,월요일,경상남도 창녕군 남지읍,경상사고,0,0,2,0,차대차 - 측면직각충돌,직진우회전진행방해,건조,맑음,교차로 - 교차로안,승용,남,25세,상해없음,화물,남,42세,경상
2014040700100440,2014년 4월 7일 18시,월요일,경상남도 창녕군 남지읍,중상사고,0,1,0,0,차대사람 - 기타,안전운전불이행,건조,맑음,기타 - 기타,승합,남,42세,상해없음,보행자,여,69세,중상
2014040700100477,2014년 4월 7일 19시,월요일,경상남도 창원시 진해구 성내동,경상사고,0,0,4,0,차대차 - 추돌 - 주정차중,안전운전불이행,건조,맑음,단일로 - 기타,승용,여,58세,경상,승용,남,25세,경상
2014040700100478,2014년 4월 7일 19시,월요일,경상남도 김해시 한림면,중상사고,0,2,3,0,차대차 - 추돌 - 주정차중,안전운전불이행,건조,맑음,단일로 - 기타,화물,남,49세,상해없음,승용,남,53세,중상
2014040700100504,2014년 4월 7일 20시,월요일,경상남도 통영시 광도면,경상사고,0,0,1,0,차량단독 - 공작물충돌,안전운전불이행,건조,맑음,교차로 - 교차로부근,승용,남,51세,상해없음,,,,
2014040700100505,2014년 4월 7일 20시,월요일,경상남도 김해시 내동,중상사고,0,1,0,0,차대차 - 측면직각충돌,신호위반,습기,비,교차로 - 교차로안,승용,남,58세,상해없음,자전거,남,41세,중상
2014040700100506,2014년 4월 7일 20시,월요일,경상남도 김해시 삼계동,중상사고,0,1,2,0,차대차 - 측면직각충돌,안전운전불이행,건조,맑음,단일로 - 기타,승용,여,50세,중상,화물,남,52세,경상
2014040700100507,2014년 4월 7일 20시,월요일,경상남도 거제시 연초면,중상사고,0,1,0,0,차대사람 - 횡단중,안전운전불이행,건조,맑음,단일로 - 기타,승용,남,31세,상해없음,보행자,여,58세,중상
2014040700100508,2014년 4월 7일 20시,월요일,경상남도 창원시 마산회원구 구암동,중상사고,0,1,1,0,차대차 - 측면직각충돌,신호위반,건조,맑음,교차로 - 교차로안,승용,남,60세,상해없음,승용,남,67세,중상
2014040700100529,2014년 4월 7일 21시,월요일,경상남도 창원시 마산합포구 자산동,경상사고,0,0,1,0,차대사람 - 기타,안전운전불이행,건조,맑음,단일로 - 기타,승합,남,56세,상해없음,보행자,여,28세,경상
2014040700100530,2014년 4월 7일 21시,월요일,경상남도 창원시 진해구 남문동,중상사고,0,2,0,0,차대차 - 추돌 - 주정차중,안전거리미확보,건조,맑음,단일로 - 기타,승용,남,49세,상해없음,승용,남,26세,중상
2014040700100531,2014년 4월 7일 21시,월요일,경상남도 창원시 진해구 익선동,경상사고,0,0,1,0,차대차 - 측면직각충돌,안전운전불이행,건조,맑음,교차로 - 교차로안,이륜,남,17세,상해없음,이륜,남,62세,경상
2014040700100532,2014년 4월 7일 21시,월요일,경상남도 통영시 용남면,경상사고,0,0,1,0,차대차 - 추돌 - 주정차중,안전운전불이행,건조,맑음,교차로 - 교차로부근,승용,남,26세,상해없음,승용,여,42세,경상
2014040700100533,2014년 4월 7일 21시,월요일,경상남도 창원시 의창구 중동,중상사고,0,1,0,0,차대차 - 측면직각충돌,교차로운행방법위반,건조,맑음,교차로 - 교차로안,승용,여,53세,상해없음,승용,남,39세,중상
2014040700100568,2014년 4월 7일 22시,월요일,경상남도 창원시 진해구 용원동,경상사고,0,0,1,0,차대차 - 측면직각충돌,안전운전불이행,건조,맑음,교차로 - 교차로안,승용,여,24세,상해없음,승용,여,23세,경상
2014040700100569,2014년 4월 7일 22시,월요일,경상남도 김해시 삼정동,중상사고,0,1,0,0,차량단독 - 기타,안전운전불이행,건조,맑음,단일로 - 기타,승합,남,53세,상해없음,,,,
2014040700100570,2014년 4월 7일 22시,월요일,경상남도 거제시 장평동,중상사고,0,1,0,0,차대차 - 기타,안전운전불이행,건조,맑음,단일로 - 기타,이륜,남,46세,상해없음,자전거,남,41세,중상
2014040700100571,2014년 4월 7일 22시,월요일,경상남도 창원시 의창구 용호동,중상사고,0,1,0,0,차대차 - 추돌 - 진행중,안전운전불이행,건조,맑음,단일로 - 기타,승용,남,52세,상해없음,승용,남,67세,중상
2014040800100023,2014년 4월 8일 01시,화요일,경상남도 함안군 법수면,중상사고,0,1,0,0,차량단독 - 전도전복,안전운전불이행,건조,맑음,단일로 - 기타,승용,남,32세,상해없음,,,,
2014040800100037,2014년 4월 8일 03시,화요일,경상남도 사천시 벌리동,사망사고,1,0,0,0,차량단독 - 공작물충돌,안전운전불이행,건조,맑음,단일로 - 기타,승용,남,37세,사망,,,,
2014040800100044,2014년 4월 8일 04시,화요일,경상남도 창원시 마산회원구 양덕동,중상사고,0,2,0,0,차대차 - 측면직각충돌,신호위반,건조,맑음,교차로 - 교차로안,승용,남,26세,상해없음,승용,남,55세,중상
2014040800100067,2014년 4월 8일 06시,화요일,경상남도 창원시 진해구 경화동,경상사고,0,0,1,0,차대차 - 측면직각충돌,안전운전불이행,건조,맑음,교차로 - 교차로안,승용,남,74세,상해없음,승용,남,34세,경상
2014040800100068,2014년 4월 8일 06시,화요일,경상남도 거창군 거창읍,중상사고,0,1,0,0,차대차 - 측면직각충돌,신호위반,건조,맑음,교차로 - 교차로안,승용,여,59세,상해없음,승용,남,57세,중상
2014040800100069,2014년 4월 8일 06시,화요일,경상남도 거제시 연초면,중상사고,0,2,0,0,차대차 - 측면직각충돌,안전운전불이행,건조,맑음,단일로 - 기타,승용,남,21세,기타불명,승용,남,54세,중상
2014040800100070,2014년 4월 8일 06시,화요일,경상남도 거제시 아주동,경상사고,0,0,3,0,차대차 - 추돌 - 진행중,안전거리미확보,건조,맑음,단일로 - 기타,승용,남,37세,상해없음,승용,남,36세,경상
2014040800100096,2014년 4월 8일 07시,화요일,경상남도 거제시 상동동,중상사고,0,4,2,0,차대차 - 추돌 - 진행중,안전거리미확보,건조,맑음,단일로 - 기타,승용,남,40세,상해없음,승용,남,60세,중상
2014040800100097,2014년 4월 8일 07시,화요일,경상남도 거제시 장평동,경상사고,0,0,2,0,차대차 - 기타,안전운전불이행,건조,맑음,단일로 - 기타,승용,남,26세,경상,승용,남,39세,경상
2014040800100098,2014년 4월 8일 07시,화요일,경상남도 김해시 장유면,사망사고,1,0,0,0,차대차 - 기타,안전운전불이행,건조,맑음,교차로 - 교차로부근,화물,남,41세,상해없음,자전거,여,59세,사망
2014040800100137,2014년 4월 8일 08시,화요일,경상남도 고성군 고성읍,경상사고,0,0,1,0,차대차 - 측면직각충돌,안전운전불이행,건조,맑음,단일로 - 기타,화물,남,46세,상해없음,자전거,남,14세,경상
2014040800100138,2014년 4월 8일 08시,화요일,경상남도 함안군 법수면,중상사고,0,1,0,0,차대차 - 측면직각충돌,교차로운행방법위반,건조,맑음,교차로 - 교차로안,건설기계,남,30세,상해없음,화물,남,58세,중상
2014040800100170,2014년 4월 8일 09시,화요일,경상남도 밀양시 삼랑진읍,경상사고,0,0,1,2,차대차 - 측면직각충돌,교차로운행방법위반,건조,맑음,교차로 - 교차로안,승용,여,52세,상해없음,화물,여,50세,경상
2014040800100171,2014년 4월 8일 09시,화요일,경상남도 김해시 안동,경상사고,0,0,1,0,차대사람 - 횡단중,중앙선침범,건조,맑음,단일로 - 기타,승용,남,55세,상해없음,보행자,남,81세,경상
2014040800100172,2014년 4월 8일 09시,화요일,경상남도 의령군 가례면,경상사고,0,0,1,0,차대차 - 측면직각충돌,직진우회전진행방해,건조,맑음,교차로 - 교차로안,화물,남,36세,상해없음,화물,남,26세,경상
2014040800100195,2014년 4월 8일 10시,화요일,경상남도 창원시 의창구 동정동,경상사고,0,0,1,0,차대차 - 측면직각충돌,안전운전불이행,건조,맑음,단일로 - 기타,승합,남,58세,상해없음,승용,남,53세,경상
2014040800100222,2014년 4월 8일 11시,화요일,경상남도 진주시 사봉면,중상사고,0,1,0,0,차대차 - 측면직각충돌,신호위반,건조,맑음,교차로 - 교차로안,원동기,남,83세,중상,화물,남,31세,상해없음
2014040800100223,2014년 4월 8일 11시,화요일,경상남도 창녕군 영산면,중상사고,0,1,0,0,차대차 - 측면직각충돌,안전운전불이행,건조,맑음,단일로 - 기타,화물,남,40세,상해없음,이륜,남,72세,중상
2014040800100224,2014년 4월 8일 11시,화요일,경상남도 창녕군 영산면,중상사고,0,1,0,0,차대차 - 기타,불법유턴,건조,맑음,교차로 - 교차로안,승합,남,43세,상해없음,이륜,여,62세,중상
2014040800100251,2014년 4월 8일 12시,화요일,경상남도 창원시 마산합포구 진전면,경상사고,0,0,1,0,차대사람 - 횡단중,안전운전불이행,건조,맑음,교차로 - 교차로부근,승용,여,61세,상해없음,보행자,남,13세,경상
2014040800100276,2014년 4월 8일 13시,화요일,경상남도 김해시 봉황동,중상사고,0,1,1,0,차대차 - 측면직각충돌,교차로운행방법위반,건조,맑음,교차로 - 교차로부근,승용,여,48세,경상,승용,여,44세,중상
2014040800100277,2014년 4월 8일 13시,화요일,경상남도 양산시 신기동,경상사고,0,0,2,0,차대차 - 기타,안전운전불이행,건조,맑음,단일로 - 기타,승용,남,51세,경상,건설기계,남,52세,경상
2014040800100278,2014년 4월 8일 13시,화요일,경상남도 창원시 마산회원구 구암동,부상신고사고,0,0,0,1,차대차 - 측면직각충돌,신호위반,건조,맑음,교차로 - 교차로부근,승용,남,68세,부상신고,승합,남,40세,상해없음
2014040800100279,2014년 4월 8일 13시,화요일,경상남도 김해시 장유면,경상사고,0,0,1,0,차대차 - 추돌 - 진행중,안전거리미확보,건조,맑음,단일로 - 터널,승용,남,31세,경상,화물,남,32세,상해없음
2014040800100396,2014년 4월 8일 16시,화요일,경상남도 통영시 북신동,중상사고,0,1,0,0,차대차 - 측면직각충돌,신호위반,건조,맑음,교차로 - 교차로안,승합,남,47세,상해없음,승용,여,43세,중상
2014040800100397,2014년 4월 8일 16시,화요일,경상남도 양산시 물금읍,경상사고,0,0,1,0,차대차 - 기타,교차로운행방법위반,건조,맑음,교차로 - 교차로안,승용,여,57세,기타불명,승용,여,39세,경상
2014040800100398,2014년 4월 8일 16시,화요일,경상남도 창원시 성산구 상남동,경상사고,0,0,1,0,차량단독 - 기타,안전운전불이행,건조,맑음,단일로 - 기타,승합,남,57세,상해없음,,,,
2014040800100435,2014년 4월 8일 17시,화요일,경상남도 진주시 신안동,중상사고,0,1,0,0,차대차 - 측면직각충돌,신호위반,건조,맑음,교차로 - 교차로안,승용,여,53세,상해없음,승용,남,30세,중상
2014040800100471,2014년 4월 8일 18시,화요일,경상남도 김해시 구산동,경상사고,0,0,1,0,차대사람 - 횡단중,보행자보호의무위반,건조,맑음,단일로 - 횡단보도상,승용,남,42세,상해없음,보행자,남,81세,경상
2014040800100514,2014년 4월 8일 19시,화요일,경상남도 진주시 신안동,경상사고,0,0,1,0,차대사람 - 차도통행중,안전운전불이행,건조,맑음,단일로 - 기타,승용,남,32세,상해없음,보행자,남,17세,경상
2014040800100515,2014년 4월 8일 19시,화요일,경상남도 사천시 벌리동,경상사고,0,0,1,0,차대차 - 측면직각충돌,직진우회전진행방해,건조,맑음,교차로 - 교차로안,승용,남,55세,상해없음,승용,여,48세,경상
2014040800100516,2014년 4월 8일 19시,화요일,경상남도 김해시 어방동,경상사고,0,0,1,0,차대차 - 측면직각충돌,안전거리미확보,건조,맑음,교차로 - 교차로부근,승용,남,58세,상해없음,이륜,남,37세,경상
2014040800100517,2014년 4월 8일 19시,화요일,경상남도 거제시 장승포동,경상사고,0,0,2,0,차대차 - 측면직각충돌,교차로운행방법위반,건조,맑음,교차로 - 교차로안,승용,남,49세,상해없음,이륜,남,25세,경상
2014040800100518,2014년 4월 8일 19시,화요일,경상남도 남해군 고현면,사망사고,1,0,0,0,차대사람 - 횡단중,과속,건조,맑음,기타 - 기타,승용,남,67세,상해없음,보행자,여,86세,사망
2014040800100519,2014년 4월 8일 19시,화요일,경상남도 창원시 의창구 명서동,경상사고,0,0,1,0,차대차 - 기타,교차로운행방법위반,건조,맑음,교차로 - 교차로안,승용,남,50세,상해없음,승합,남,55세,상해없음
2014040800100551,2014년 4월 8일 20시,화요일,경상남도 함안군 군북면,중상사고,0,1,0,0,차량단독 - 기타,안전운전불이행,건조,맑음,단일로 - 기타,승용,남,51세,중상,,,,
2014040800100584,2014년 4월 8일 21시,화요일,경상남도 진주시 상평동,중상사고,0,1,1,0,차대차 - 측면직각충돌,신호위반,건조,맑음,교차로 - 교차로안,승용,여,47세,상해없음,승용,여,69세,중상
2014040800100585,2014년 4월 8일 21시,화요일,경상남도 김해시 삼계동,경상사고,0,0,1,0,차대차 - 측면직각충돌,직진우회전진행방해,건조,맑음,교차로 - 교차로안,이륜,남,21세,상해없음,승용,남,18세,경상
2014040800100609,2014년 4월 8일 22시,화요일,경상남도 창원시 마산합포구 진동면,경상사고,0,0,2,0,차대차 - 측면직각충돌,중앙선침범,건조,맑음,미분류 - 미분류,승합,남,48세,상해없음,승용,남,51세,경상
2014040800100610,2014년 4월 8일 22시,화요일,경상남도 양산시 동면,중상사고,0,1,0,0,차대사람 - 기타,안전운전불이행,건조,맑음,단일로 - 기타,승용,남,51세,기타불명,보행자,남,66세,중상
2014040800100645,2014년 4월 8일 23시,화요일,경상남도 거제시 아주동,경상사고,0,0,1,0,차대사람 - 횡단중,안전운전불이행,건조,맑음,교차로 - 교차로안,승용,여,45세,상해없음,보행자,남,24세,경상
2014040800100646,2014년 4월 8일 23시,화요일,경상남도 창원시 마산합포구 산호동,중상사고,0,1,0,0,차대차 - 측면직각충돌,중앙선침범,건조,맑음,단일로 - 기타,승용,남,46세,상해없음,승용,남,43세,중상
2014040900100048,2014년 4월 9일 03시,수요일,경상남도 김해시 부원동,경상사고,0,0,2,0,차대차 - 측면직각충돌,안전운전불이행,건조,맑음,교차로 - 교차로안,승용,남,22세,상해없음,승용,남,47세,상해없음
2014040900100055,2014년 4월 9일 04시,수요일,경상남도 진주시 상봉동,경상사고,0,0,1,0,차대차 - 추돌 - 주정차중,안전운전불이행,건조,맑음,단일로 - 기타,승용,남,47세,경상,승용,남,30세,상해없음
2014040900100056,2014년 4월 9일 04시,수요일,경상남도 양산시 물금읍,중상사고,0,1,0,0,차대사람 - 기타,안전운전불이행,건조,맑음,기타 - 기타,건설기계,남,56세,기타불명,보행자,남,44세,중상
2014040900100065,2014년 4월 9일 05시,수요일,경상남도 함안군 칠서면,중상사고,0,1,0,0,차량단독 - 공작물충돌,안전운전불이행,건조,맑음,단일로 - 기타,화물,남,46세,중상,,,,
2014040900100066,2014년 4월 9일 05시,수요일,경상남도 창원시 성산구 안민동,경상사고,0,0,2,0,차대차 - 측면직각충돌,신호위반,건조,맑음,교차로 - 교차로부근,승용,남,34세,상해없음,승용,남,64세,경상
2014040900100101,2014년 4월 9일 07시,수요일,경상남도 양산시 중부동,중상사고,0,1,0,0,차대차 - 기타,신호위반,건조,맑음,교차로 - 교차로부근,승용,남,65세,기타불명,자전거,여,48세,중상
2014040900100134,2014년 4월 9일 08시,수요일,경상남도 밀양시 내이동,경상사고,0,0,1,0,차대차 - 추돌 - 진행중,안전거리미확보,건조,맑음,단일로 - 교량,승용,여,62세,상해없음,승용,여,37세,경상
2014040900100135,2014년 4월 9일 08시,수요일,경상남도 양산시 주진동,경상사고,0,0,1,0,차대차 - 기타,중앙선침범,건조,맑음,단일로 - 기타,승용,남,69세,상해없음,승용,남,49세,경상
2014040900100136,2014년 4월 9일 08시,수요일,경상남도 양산시 어곡동,사망사고,1,0,0,0,차대차 - 기타,안전운전불이행,건조,맑음,단일로 - 기타,건설기계,남,56세,상해없음,원동기,여,28세,사망
2014040900100137,2014년 4월 9일 08시,수요일,경상남도 하동군 진교면,중상사고,0,2,0,0,차대차 - 측면직각충돌,교차로운행방법위반,건조,맑음,교차로 - 교차로안,승용,남,57세,상해없음,화물,남,55세,중상
2014040900100170,2014년 4월 9일 09시,수요일,경상남도 통영시 태평동,중상사고,0,1,2,0,차대차 - 측면직각충돌,신호위반,건조,맑음,교차로 - 교차로안,승용,남,45세,상해없음,승용,남,74세,중상
2014040900100171,2014년 4월 9일 09시,수요일,경상남도 김해시 내동,중상사고,0,1,0,0,차대차 - 측면직각충돌,차로위반,건조,맑음,단일로 - 기타,승용,여,36세,상해없음,승용,남,57세,중상
2014040900100172,2014년 4월 9일 09시,수요일,경상남도 창녕군 창녕읍,중상사고,0,1,0,0,차대차 - 측면직각충돌,직진우회전진행방해,건조,맑음,교차로 - 교차로안,이륜,남,77세,중상,승합,여,56세,상해없음
2014040900100173,2014년 4월 9일 09시,수요일,경상남도 창녕군 계성면,경상사고,0,0,1,0,차대차 - 기타,중앙선침범,건조,맑음,단일로 - 기타,승합,남,43세,상해없음,이륜,남,78세,경상
2014040900100174,2014년 4월 9일 09시,수요일,경상남도 양산시 남부동,중상사고,0,1,1,0,차대차 - 기타,중앙선침범,건조,맑음,단일로 - 기타,승용,남,20세,상해없음,승합,남,53세,경상
2014040900100204,2014년 4월 9일 10시,수요일,경상남도 거제시 아주동,중상사고,0,1,0,0,차대사람 - 기타,안전운전불이행,건조,맑음,교차로 - 교차로안,승용,남,51세,상해없음,보행자,여,92세,중상