사고번호,사고일시,요일,시군구,사고내용,사망자수,중상자수,경상자수,부상신고자수,사고유형,법규위반,노면상태,기상상태,도로형태,가해운전자 차종,가해운전자 성별,가해운전자 연령,가해운전자 상해정도,피해운전자 차종,피해운전자 성별,피해운전자 연령,피해운전자 상해정도
2014040900100205,2014년 4월 9일 10시,수요일,경상남도 남해군 남해읍,중상사고,0,1,1,0,차대차 - 추돌 - 진행중,안전운전불이행,건조,맑음,교차로 - 교차로부근,이륜,남,80세,중상,승용,여,51세,경상
2014040900100221,2014년 4월 9일 11시,수요일,경상남도 창원시 진해구 용원동,경상사고,0,0,1,0,차대차 - 측면직각충돌,교차로운행방법위반,건조,맑음,교차로 - 교차로안,화물,남,46세,상해없음,승용,여,44세,경상
2014040900100222,2014년 4월 9일 11시,수요일,경상남도 창원시 마산회원구 석전동,중상사고,0,3,0,0,차대차 - 기타,안전운전불이행,건조,맑음,교차로 - 교차로부근,기타불명,기타불명,기타불명,기타불명,화물,남,61세,중상
2014040900100244,2014년 4월 9일 12시,수요일,경상남도 창원시 진해구 이동,경상사고,0,0,1,0,차대차 - 측면직각충돌,교차로운행방법위반,건조,맑음,교차로 - 교차로안,이륜,남,54세,경상,승용,남,55세,상해없음
2014040900100271,2014년 4월 9일 13시,수요일,경상남도 남해군 남해읍,중상사고,0,1,0,0,차대사람 - 기타,안전운전불이행,건조,맑음,단일로 - 기타,승용,남,69세,상해없음,보행자,남,60세,중상
2014040900100272,2014년 4월 9일 13시,수요일,경상남도 창원시 마산회원구 내서읍,경상사고,0,0,2,0,차대사람 - 기타,안전운전불이행,건조,맑음,기타 - 기타,승용,남,22세,상해없음,보행자,여,18세,경상
2014040900100326,2014년 4월 9일 15시,수요일,경상남도 양산시 북부동,부상신고사고,0,0,0,1,차대차 - 측면직각충돌,안전운전불이행,건조,맑음,교차로 - 교차로부근,승용,여,55세,상해없음,승용,여,32세,부상신고
2014040900100327,2014년 4월 9일 15시,수요일,경상남도 양산시 덕계동,중상사고,0,1,2,0,차대차 - 추돌 - 주정차중,안전운전불이행,건조,맑음,교차로 - 교차로부근,화물,남,57세,상해없음,승용,남,50세,중상
2014040900100367,2014년 4월 9일 16시,수요일,경상남도 창녕군 창녕읍,경상사고,0,0,1,0,차대차 - 측면직각충돌,안전운전불이행,건조,맑음,교차로 - 교차로안,원동기,여,74세,경상,승합,남,57세,상해없음
2014040900100368,2014년 4월 9일 16시,수요일,경상남도 김해시 장유면,부상신고사고,0,0,0,1,차대차 - 측면직각충돌,안전운전불이행,건조,맑음,단일로 - 기타,이륜,남,45세,부상신고,승용,여,43세,상해없음
2014040900100407,2014년 4월 9일 17시,수요일,경상남도 창원시 마산합포구 서성동,경상사고,0,0,1,0,차대차 - 추돌 - 주정차중,안전운전불이행,건조,맑음,교차로 - 교차로부근,승용,남,59세,상해없음,승용,남,40세,경상
2014040900100408,2014년 4월 9일 17시,수요일,경상남도 김해시 어방동,중상사고,0,1,0,0,차대차 - 측면직각충돌,신호위반,건조,맑음,교차로 - 교차로안,이륜,남,21세,중상,승용,여,52세,상해없음
2014040900100409,2014년 4월 9일 17시,수요일,경상남도 창원시 마산회원구 내서읍,중상사고,0,1,0,0,차대사람 - 횡단중,보행자보호의무위반,건조,맑음,단일로 - 기타,승용,여,38세,상해없음,보행자,여,4세,중상
2014040900100448,2014년 4월 9일 18시,수요일,경상남도 창원시 마산합포구 진동면,경상사고,0,0,1,0,차대차 - 측면직각충돌,안전운전불이행,건조,맑음,단일로 - 기타,승용,남,37세,상해없음,자전거,여,55세,경상
2014040900100449,2014년 4월 9일 18시,수요일,경상남도 창녕군 유어면,중상사고,0,1,0,0,차대차 - 측면직각충돌,중앙선침범,건조,맑음,단일로 - 기타,화물,남,45세,상해없음,이륜,남,70세,중상
2014040900100493,2014년 4월 9일 19시,수요일,경상남도 창원시 진해구 덕산동,중상사고,0,1,2,0,차대차 - 측면직각충돌,교차로운행방법위반,건조,기타,교차로 - 교차로안,승용,남,26세,상해없음,승용,남,35세,경상
2014040900100494,2014년 4월 9일 19시,수요일,경상남도 창원시 진해구 석동,중상사고,0,3,7,0,차대차 - 기타,기타,건조,기타,단일로 - 기타,화물,남,45세,상해없음,승용,여,46세,경상
2014040900100495,2014년 4월 9일 19시,수요일,경상남도 통영시 북신동,경상사고,0,0,1,0,차대차 - 기타,안전운전불이행,건조,맑음,단일로 - 기타,승용,남,62세,상해없음,원동기,남,26세,경상
2014040900100496,2014년 4월 9일 19시,수요일,경상남도 함양군 함양읍,중상사고,0,1,0,0,차대사람 - 차도통행중,안전운전불이행,건조,맑음,교차로 - 교차로안,승용,여,52세,상해없음,보행자,여,69세,중상
2014040900100527,2014년 4월 9일 20시,수요일,경상남도 김해시 내동,부상신고사고,0,0,0,1,차대차 - 기타,안전거리미확보,건조,맑음,교차로 - 교차로부근,기타불명,기타불명,기타불명,기타불명,이륜,남,37세,부상신고
2014040900100528,2014년 4월 9일 20시,수요일,경상남도 김해시 구산동,중상사고,0,1,1,0,차대차 - 측면직각충돌,신호위반,건조,맑음,단일로 - 기타,이륜,남,23세,중상,승용,남,31세,경상
2014040900100529,2014년 4월 9일 20시,수요일,경상남도 거제시 거제면,중상사고,0,1,0,0,차대사람 - 횡단중,안전운전불이행,건조,맑음,교차로 - 교차로안,승합,남,48세,상해없음,보행자,여,19세,중상
2014040900100530,2014년 4월 9일 20시,수요일,경상남도 거제시 옥포동,중상사고,0,1,0,0,차대차 - 측면직각충돌,안전운전불이행,건조,맑음,교차로 - 교차로안,승용,여,57세,상해없음,이륜,남,52세,중상
2014040900100567,2014년 4월 9일 21시,수요일,경상남도 거제시 아주동,경상사고,0,0,1,0,차대사람 - 기타,기타,건조,맑음,단일로 - 횡단보도부근,승용,남,40세,상해없음,보행자,남,31세,경상
2014040900100594,2014년 4월 9일 22시,수요일,경상남도 진주시 신안동,부상신고사고,0,0,0,1,차대차 - 추돌 - 주정차중,안전운전불이행,건조,맑음,단일로 - 기타,승용,남,35세,부상신고,승용,남,53세,기타불명
2014040900100595,2014년 4월 9일 22시,수요일,경상남도 진주시 내동면,중상사고,0,1,0,0,차대차 - 측면직각충돌,신호위반,건조,맑음,교차로 - 교차로안,승용,여,27세,상해없음,승합,남,40세,중상
2014040900100596,2014년 4월 9일 22시,수요일,경상남도 창원시 의창구 용호동,중상사고,0,1,0,0,차대차 - 기타,안전운전불이행,건조,맑음,교차로 - 교차로안,승용,남,44세,상해없음,이륜,남,29세,중상
2014040900100597,2014년 4월 9일 22시,수요일,경상남도 창원시 마산합포구 산호동,중상사고,0,1,0,0,차대차 - 기타,중앙선침범,건조,맑음,단일로 - 기타,자전거,여,57세,중상,승용,여,32세,상해없음
2014040900100626,2014년 4월 9일 23시,수요일,경상남도 거제시 옥포동,경상사고,0,0,2,0,차대차 - 측면직각충돌,안전운전불이행,건조,맑음,교차로 - 교차로안,승용,남,25세,상해없음,승합,남,45세,경상
2014041000100015,2014년 4월 10일 00시,목요일,경상남도 창원시 진해구 경화동,경상사고,0,0,1,1,차대차 - 측면직각충돌,교차로운행방법위반,건조,기타,교차로 - 교차로안,승용,남,43세,부상신고,승용,여,50세,경상
2014041000100089,2014년 4월 10일 07시,목요일,경상남도 창원시 진해구 이동,경상사고,0,0,1,0,차대차 - 기타,교차로운행방법위반,건조,맑음,교차로 - 교차로안,승용,남,48세,상해없음,승용,남,25세,경상
2014041000100090,2014년 4월 10일 07시,목요일,경상남도 거제시 일운면,중상사고,0,1,0,0,차대차 - 추돌 - 진행중,교차로운행방법위반,건조,맑음,교차로 - 교차로안,승용,남,51세,상해없음,승용,남,33세,중상
2014041000100130,2014년 4월 10일 08시,목요일,경상남도 창원시 마산합포구 신포동1가,중상사고,0,1,0,0,차대차 - 정면충돌,신호위반,건조,맑음,교차로 - 교차로안,승용,남,50세,상해없음,승용,여,38세,중상
2014041000100131,2014년 4월 10일 08시,목요일,경상남도 창원시 마산합포구 신월동,경상사고,0,0,1,0,차대차 - 측면직각충돌,기타,건조,맑음,교차로 - 교차로안,승용,남,58세,상해없음,승용,여,49세,경상
2014041000100132,2014년 4월 10일 08시,목요일,경상남도 사천시 벌리동,중상사고,0,1,0,0,차대차 - 측면직각충돌,교차로운행방법위반,건조,맑음,교차로 - 교차로안,승용,여,46세,상해없음,원동기,남,65세,중상
2014041000100133,2014년 4월 10일 08시,목요일,경상남도 거제시 고현동,중상사고,0,1,1,0,차대차 - 추돌 - 진행중,차로위반,건조,맑음,단일로 - 기타,승용,남,61세,상해없음,승용,남,30세,중상
2014041000100168,2014년 4월 10일 09시,목요일,경상남도 창원시 마산합포구 완월동,경상사고,0,0,1,0,차대차 - 측면직각충돌,안전운전불이행,건조,맑음,단일로 - 기타,승용,여,53세,상해없음,승용,남,59세,경상
2014041000100169,2014년 4월 10일 09시,목요일,경상남도 합천군 초계면,경상사고,0,0,1,0,차대차 - 측면직각충돌,교차로운행방법위반,건조,맑음,교차로 - 교차로안,승용,남,66세,상해없음,원동기,여,73세,경상
2014041000100192,2014년 4월 10일 10시,목요일,경상남도 하동군 고전면,경상사고,0,0,1,0,차대차 - 추돌 - 진행중,안전운전불이행,건조,맑음,교차로 - 교차로부근,화물,남,48세,상해없음,승용,여,43세,경상
2014041000100215,2014년 4월 10일 11시,목요일,경상남도 진주시 수정동,중상사고,0,1,0,0,차대사람 - 기타,보행자보호의무위반,건조,맑음,단일로 - 횡단보도상,화물,남,59세,상해없음,보행자,여,82세,중상
2014041000100216,2014년 4월 10일 11시,목요일,경상남도 거제시 고현동,경상사고,0,0,1,0,차대차 - 기타,안전운전불이행,건조,맑음,교차로 - 교차로부근,승용,여,43세,상해없음,승용,남,30세,경상
2014041000100240,2014년 4월 10일 12시,목요일,경상남도 고성군 고성읍,중상사고,0,1,0,0,차대차 - 측면직각충돌,중앙선침범,건조,맑음,단일로 - 기타,승용,남,65세,상해없음,원동기,남,44세,중상
2014041000100241,2014년 4월 10일 12시,목요일,경상남도 창원시 의창구 용호동,경상사고,0,0,1,0,차대차 - 기타,신호위반,기타,맑음,교차로 - 교차로안,승용,남,66세,상해없음,이륜,남,44세,경상
2014041000100264,2014년 4월 10일 13시,목요일,경상남도 양산시 덕계동,경상사고,0,0,1,1,차대차 - 측면직각충돌,교차로운행방법위반,건조,맑음,교차로 - 교차로안,승용,여,46세,상해없음,승용,여,57세,경상
2014041000100288,2014년 4월 10일 14시,목요일,경상남도 합천군 초계면,경상사고,0,0,1,0,차대차 - 측면직각충돌,교차로운행방법위반,건조,맑음,교차로 - 교차로안,화물,남,50세,상해없음,이륜,여,61세,경상
2014041000100289,2014년 4월 10일 14시,목요일,경상남도 거제시 고현동,경상사고,0,0,1,0,차대차 - 추돌 - 진행중,안전운전불이행,건조,맑음,교차로 - 교차로부근,승합,여,41세,상해없음,승용,남,70세,경상
2014041000100319,2014년 4월 10일 15시,목요일,경상남도 양산시 덕계동,경상사고,0,0,1,0,차대차 - 측면직각충돌,중앙선침범,건조,맑음,교차로 - 교차로부근,승용,여,34세,상해없음,화물,남,49세,경상
2014041000100320,2014년 4월 10일 15시,목요일,경상남도 거제시 고현동,중상사고,0,1,0,0,차대사람 - 기타,안전운전불이행,건조,맑음,단일로 - 기타,승용,남,45세,상해없음,보행자,여,9세,중상
2014041000100377,2014년 4월 10일 17시,목요일,경상남도 창원시 진해구 용원동,경상사고,0,0,1,0,차대차 - 기타,안전운전불이행,건조,맑음,교차로 - 교차로안,자전거,남,11세,경상,승용,여,39세,상해없음
2014041000100378,2014년 4월 10일 17시,목요일,경상남도 창녕군 도천면,중상사고,0,1,2,0,차대차 - 추돌 - 진행중,교차로운행방법위반,건조,맑음,교차로 - 교차로안,화물,남,57세,경상,승용,남,41세,경상
2014041000100379,2014년 4월 10일 17시,목요일,경상남도 창원시 마산합포구 산호동,중상사고,0,1,0,0,차대사람 - 기타,안전운전불이행,건조,맑음,단일로 - 횡단보도상,승용,남,61세,상해없음,보행자,여,63세,중상
2014041000100413,2014년 4월 10일 18시,목요일,경상남도 진주시 하대동,부상신고사고,0,0,0,1,차대사람 - 기타,안전운전불이행,건조,맑음,단일로 - 기타,화물,남,46세,상해없음,보행자,여,60세,부상신고
2014041000100414,2014년 4월 10일 18시,목요일,경상남도 창원시 성산구 상남동,경상사고,0,0,2,0,차대차 - 기타,신호위반,기타,맑음,교차로 - 교차로안,원동기,남,25세,경상,승용,여,26세,경상
2014041000100447,2014년 4월 10일 19시,목요일,경상남도 함안군 칠원면,중상사고,0,1,1,0,차대차 - 기타,안전운전불이행,건조,맑음,단일로 - 터널,승용,여,46세,중상,특수,남,42세,경상
2014041000100484,2014년 4월 10일 20시,목요일,경상남도 창녕군 창녕읍,중상사고,0,1,0,0,차대사람 - 횡단중,중앙선침범,건조,맑음,단일로 - 횡단보도상,승용,여,46세,상해없음,보행자,남,42세,중상
2014041000100485,2014년 4월 10일 20시,목요일,경상남도 거제시 옥포동,중상사고,0,1,0,0,차대차 - 기타,안전운전불이행,건조,맑음,단일로 - 기타,승용,남,23세,상해없음,자전거,남,39세,중상
2014041000100521,2014년 4월 10일 21시,목요일,경상남도 진주시 신안동,사망사고,1,0,0,0,차대사람 - 기타,안전운전불이행,건조,맑음,단일로 - 기타,승용,남,37세,상해없음,보행자,남,55세,사망
2014041000100578,2014년 4월 10일 23시,목요일,경상남도 창원시 마산합포구 월남동2가,중상사고,0,1,0,0,차대사람 - 기타,안전운전불이행,건조,맑음,단일로 - 기타,승용,남,39세,상해없음,보행자,남,43세,중상
2014041000100579,2014년 4월 10일 23시,목요일,경상남도 사천시 송포동,중상사고,0,1,0,0,차량단독 - 도로외이탈 - 기타,안전운전불이행,건조,맑음,단일로 - 기타,승용,남,62세,상해없음,,,,
2014041100100013,2014년 4월 11일 00시,금요일,경상남도 양산시 동면,경상사고,0,0,1,0,차대차 - 측면직각충돌,직진우회전진행방해,건조,맑음,교차로 - 교차로안,승용,여,43세,상해없음,승용,남,32세,경상
2014041100100040,2014년 4월 11일 03시,금요일,경상남도 남해군 창선면,사망사고,1,0,0,0,차량단독 - 도로외이탈 - 기타,안전운전불이행,건조,기타,기타 - 기타,승용,남,23세,사망,,,,
2014041100100060,2014년 4월 11일 05시,금요일,경상남도 밀양시 내이동,중상사고,0,5,7,0,차대차 - 추돌 - 진행중,신호위반,건조,맑음,교차로 - 교차로안,승합,남,52세,상해없음,승합,남,59세,경상
2014041100100069,2014년 4월 11일 06시,금요일,경상남도 김해시 외동,경상사고,0,0,1,0,차대차 - 측면직각충돌,안전운전불이행,습기,비,교차로 - 교차로안,화물,남,53세,상해없음,승용,여,51세,경상
2014041100100070,2014년 4월 11일 06시,금요일,경상남도 김해시 대동면,경상사고,0,0,1,0,차량단독 - 도로외이탈 - 기타,안전운전불이행,건조,흐림,단일로 - 기타,자전거,여,57세,경상,,,,
2014041100100119,2014년 4월 11일 08시,금요일,경상남도 합천군 적중면,경상사고,0,0,1,0,차대차 - 기타,교차로운행방법위반,습기,흐림,교차로 - 교차로안,승용,여,45세,상해없음,자전거,남,75세,경상
2014041100100120,2014년 4월 11일 08시,금요일,경상남도 양산시 주남동,경상사고,0,0,2,0,차대차 - 추돌 - 주정차중,안전운전불이행,건조,맑음,단일로 - 기타,승용,남,39세,상해없음,승용,여,32세,경상
2014041100100121,2014년 4월 11일 08시,금요일,경상남도 의령군 의령읍,부상신고사고,0,0,0,2,차대차 - 측면직각충돌,직진우회전진행방해,건조,맑음,교차로 - 교차로부근,승용,남,67세,상해없음,승용,여,27세,상해없음
2014041100100122,2014년 4월 11일 08시,금요일,경상남도 창원시 마산회원구 구암동,중상사고,0,1,0,0,차대차 - 측면직각충돌,안전운전불이행,건조,맑음,교차로 - 교차로안,승용,남,49세,상해없음,자전거,남,22세,중상
2014041100100123,2014년 4월 11일 08시,금요일,경상남도 김해시 장유면,중상사고,0,1,0,0,차대차 - 측면직각충돌,안전운전불이행,건조,흐림,교차로 - 교차로부근,승용,남,70세,상해없음,자전거,남,76세,중상
2014041100100124,2014년 4월 11일 08시,금요일,경상남도 김해시 장유면,경상사고,0,0,1,0,차대차 - 측면직각충돌,안전운전불이행,습기,흐림,교차로 - 교차로안,승용,남,49세,상해없음,승용,남,35세,상해없음
2014041100100169,2014년 4월 11일 10시,금요일,경상남도 창원시 마산합포구 월남동1가,중상사고,0,1,0,0,차대사람 - 기타,안전운전불이행,건조,맑음,단일로 - 기타,승용,남,45세,상해없음,보행자,여,91세,중상
2014041100100195,2014년 4월 11일 11시,금요일,경상남도 사천시 서동,중상사고,0,1,0,0,차대차 - 추돌 - 진행중,안전운전불이행,건조,맑음,단일로 - 기타,승용,남,38세,상해없음,원동기,남,76세,중상
2014041100100196,2014년 4월 11일 11시,금요일,경상남도 거창군 거창읍,경상사고,0,0,1,0,차대차 - 기타,안전운전불이행,건조,맑음,단일로 - 기타,화물,남,57세,상해없음,승용,여,40세,경상
2014041100100259,2014년 4월 11일 13시,금요일,경상남도 사천시 곤명면,사망사고,1,2,0,0,차대차 - 추돌 - 진행중,안전운전불이행,건조,맑음,단일로 - 기타,승용,남,29세,사망,승용,남,25세,중상
2014041100100260,2014년 4월 11일 13시,금요일,경상남도 양산시 하북면,부상신고사고,0,0,0,1,차대사람 - 기타,안전운전불이행,건조,맑음,단일로 - 기타,승용,남,62세,상해없음,보행자,여,59세,부상신고
2014041100100261,2014년 4월 11일 13시,금요일,경상남도 양산시 물금읍,중상사고,0,1,0,0,차대사람 - 횡단중,보행자보호의무위반,건조,맑음,교차로 - 교차로안,화물,남,37세,상해없음,보행자,여,31세,중상
2014041100100293,2014년 4월 11일 14시,금요일,경상남도 거제시 동부면,경상사고,0,0,2,0,차대차 - 기타,안전운전불이행,건조,맑음,교차로 - 교차로부근,건설기계,남,29세,상해없음,농기계,남,67세,경상
2014041100100323,2014년 4월 11일 15시,금요일,경상남도 창원시 마산합포구 우산동,사망사고,1,0,0,0,차대차 - 측면직각충돌,안전거리미확보,건조,맑음,단일로 - 기타,화물,남,68세,상해없음,이륜,남,29세,사망
2014041100100324,2014년 4월 11일 15시,금요일,경상남도 사천시 곤양면,중상사고,0,1,0,0,차대차 - 기타,안전운전불이행,건조,맑음,교차로 - 교차로안,농기계,남,77세,중상,화물,남,44세,상해없음
2014041100100325,2014년 4월 11일 15시,금요일,경상남도 창원시 의창구 대산면,경상사고,0,0,3,0,차대차 - 측면직각충돌,안전운전불이행,건조,맑음,교차로 - 교차로안,화물,여,53세,상해없음,승용,여,49세,경상
2014041100100360,2014년 4월 11일 16시,금요일,경상남도 창원시 마산합포구 신포동1가,경상사고,0,0,1,0,차대차 - 기타,안전운전불이행,건조,맑음,단일로 - 기타,승용,남,64세,상해없음,승용,여,36세,경상
2014041100100361,2014년 4월 11일 16시,금요일,경상남도 창원시 마산회원구 봉암동,중상사고,0,1,2,0,차대차 - 추돌 - 진행중,안전운전불이행,건조,맑음,단일로 - 기타,화물,남,56세,상해없음,승용,여,37세,중상
2014041100100396,2014년 4월 11일 17시,금요일,경상남도 김해시 대동면,경상사고,0,0,1,0,차대차 - 기타,안전거리미확보,건조,맑음,교차로 - 교차로부근,화물,남,59세,상해없음,원동기,남,66세,경상
2014041100100397,2014년 4월 11일 17시,금요일,경상남도 양산시 평산동,중상사고,0,1,0,0,차대사람 - 횡단중,안전운전불이행,건조,맑음,단일로 - 횡단보도상,승용,여,33세,상해없음,보행자,남,12세,중상
2014041100100398,2014년 4월 11일 17시,금요일,경상남도 하동군 북천면,경상사고,0,0,2,0,차대차 - 측면직각충돌,중앙선침범,건조,맑음,교차로 - 교차로부근,건설기계,남,48세,상해없음,승용,남,27세,경상
2014041100100431,2014년 4월 11일 18시,금요일,경상남도 통영시 동호동,경상사고,0,0,1,0,차대차 - 측면직각충돌,안전운전불이행,건조,맑음,단일로 - 기타,승용,여,44세,상해없음,승용,여,24세,경상
2014041100100432,2014년 4월 11일 18시,금요일,경상남도 함양군 지곡면,부상신고사고,0,0,0,1,차대차 - 기타,중앙선침범,건조,맑음,단일로 - 기타,이륜,남,71세,부상신고,승용,남,51세,상해없음
2014041100100433,2014년 4월 11일 18시,금요일,경상남도 산청군 오부면,경상사고,0,0,1,0,차대차 - 정면충돌,중앙선침범,건조,맑음,교차로 - 교차로부근,화물,남,61세,상해없음,승용,여,50세,경상
2014041100100484,2014년 4월 11일 19시,금요일,경상남도 통영시 무전동,사망사고,1,0,0,0,차대사람 - 횡단중,안전운전불이행,건조,맑음,단일로 - 기타,승용,남,50세,상해없음,보행자,여,13세,사망
2014041100100485,2014년 4월 11일 19시,금요일,경상남도 거제시 연초면,중상사고,0,1,0,0,차대차 - 기타,안전운전불이행,건조,맑음,단일로 - 기타,승용,남,62세,상해없음,승합,남,46세,상해없음
2014041100100486,2014년 4월 11일 19시,금요일,경상남도 함안군 법수면,경상사고,0,0,1,0,차대차 - 추돌 - 주정차중,안전운전불이행,건조,맑음,교차로 - 교차로부근,승용,남,47세,상해없음,화물,남,35세,경상
2014041100100524,2014년 4월 11일 20시,금요일,경상남도 거창군 거창읍,경상사고,0,0,2,0,차대차 - 측면직각충돌,중앙선침범,건조,맑음,단일로 - 기타,이륜,남,50세,경상,이륜,남,16세,경상
2014041100100525,2014년 4월 11일 20시,금요일,경상남도 창녕군 대지면,경상사고,0,0,2,0,차대차 - 측면직각충돌,신호위반,건조,맑음,교차로 - 교차로안,승용,남,30세,경상,승용,남,54세,경상
2014041100100526,2014년 4월 11일 20시,금요일,경상남도 의령군 의령읍,경상사고,0,0,1,0,차대사람 - 기타,안전운전불이행,건조,맑음,교차로 - 교차로안,승용,남,47세,상해없음,보행자,여,39세,경상
2014041100100563,2014년 4월 11일 21시,금요일,경상남도 진주시 상대동,중상사고,0,1,0,0,차대사람 - 횡단중,보행자보호의무위반,건조,맑음,교차로 - 교차로안,승용,남,58세,상해없음,보행자,여,35세,중상
2014041100100564,2014년 4월 11일 21시,금요일,경상남도 창원시 성산구 상남동,경상사고,0,0,1,0,차대사람 - 기타,안전운전불이행,건조,맑음,교차로 - 교차로안,승용,여,29세,상해없음,보행자,남,65세,경상
2014041100100607,2014년 4월 11일 22시,금요일,경상남도 진주시 평거동,중상사고,0,1,0,0,차대차 - 기타,직진우회전진행방해,건조,맑음,교차로 - 교차로안,승용,남,59세,상해없음,자전거,남,38세,중상
2014041100100608,2014년 4월 11일 22시,금요일,경상남도 김해시 장유면,중상사고,0,1,0,0,차대차 - 추돌 - 주정차중,안전운전불이행,건조,맑음,단일로 - 기타,승용,여,40세,상해없음,승용,여,32세,중상
2014041200100022,2014년 4월 12일 00시,토요일,경상남도 창원시 진해구 경화동,경상사고,0,0,1,0,차대차 - 기타,안전거리미확보,건조,맑음,교차로 - 교차로부근,승용,남,60세,상해없음,승용,여,41세,경상
2014041200100023,2014년 4월 12일 00시,토요일,경상남도 김해시 어방동,중상사고,0,1,0,0,차대사람 - 차도통행중,안전운전불이행,건조,맑음,교차로 - 교차로부근,승용,남,49세,상해없음,보행자,남,49세,중상
2014041200100024,2014년 4월 12일 00시,토요일,경상남도 창원시 성산구 가음정동,경상사고,0,0,1,0,차대차 - 정면충돌,안전운전불이행,건조,맑음,교차로 - 교차로부근,승용,남,46세,상해없음,승용,남,34세,경상
2014041200100047,2014년 4월 12일 01시,토요일,경상남도 창원시 의창구 동정동,중상사고,0,1,1,0,차대차 - 측면직각충돌,중앙선침범,건조,맑음,교차로 - 교차로부근,승용,남,55세,상해없음,승용,남,42세,중상
2014041200100072,2014년 4월 12일 02시,토요일,경상남도 김해시 삼방동,중상사고,0,1,0,0,차대사람 - 보도통행중,보행자보호의무위반,건조,맑음,교차로 - 교차로안,승용,남,52세,상해없음,보행자,여,50세,중상
2014041200100127,2014년 4월 12일 06시,토요일,경상남도 통영시 무전동,중상사고,0,1,0,0,차량단독 - 전도전복,안전운전불이행,건조,맑음,단일로 - 기타,이륜,남,48세,중상,,,,
2014041200100134,2014년 4월 12일 07시,토요일,경상남도 사천시 동동,경상사고,0,0,1,0,차대차 - 기타,불법유턴,건조,맑음,교차로 - 교차로안,화물,남,48세,상해없음,원동기,남,39세,경상
2014041200100152,2014년 4월 12일 08시,토요일,경상남도 창원시 마산합포구 동성동,경상사고,0,0,1,0,차대차 - 기타,안전운전불이행,건조,맑음,단일로 - 기타,승용,남,58세,상해없음,승용,남,59세,경상
2014041200100153,2014년 4월 12일 08시,토요일,경상남도 사천시 곤양면,부상신고사고,0,0,0,1,차대차 - 기타,중앙선침범,습기,비,단일로 - 기타,화물,여,57세,상해없음,화물,남,68세,부상신고
2014041200100154,2014년 4월 12일 08시,토요일,경상남도 양산시 동면,중상사고,0,1,0,0,차대차 - 기타,안전거리미확보,건조,맑음,단일로 - 기타,건설기계,남,42세,상해없음,승용,남,57세,중상
2014041200100155,2014년 4월 12일 08시,토요일,경상남도 하동군 진교면,경상사고,0,0,1,0,차대차 - 측면직각충돌,신호위반,건조,맑음,교차로 - 교차로안,화물,여,53세,상해없음,화물,남,55세,경상
2014041200100180,2014년 4월 12일 09시,토요일,경상남도 합천군 합천읍,중상사고,0,2,0,0,차대차 - 측면직각충돌,교차로운행방법위반,건조,맑음,교차로 - 교차로안,승용,남,36세,상해없음,원동기,남,80세,중상
2014041200100181,2014년 4월 12일 09시,토요일,경상남도 창원시 마산회원구 내서읍,경상사고,0,0,1,0,차대차 - 측면직각충돌,신호위반,건조,맑음,교차로 - 교차로안,승용,남,62세,상해없음,승용,여,47세,경상
2014041200100216,2014년 4월 12일 10시,토요일,경상남도 창녕군 장마면,중상사고,0,1,0,0,차대차 - 추돌 - 진행중,기타,습기,흐림,교차로 - 교차로안,원동기,남,59세,중상,화물,남,43세,상해없음
2014041200100243,2014년 4월 12일 11시,토요일,경상남도 진주시 상평동,중상사고,0,1,0,0,차대차 - 측면직각충돌,교차로운행방법위반,건조,맑음,교차로 - 교차로안,화물,남,46세,상해없음,이륜,남,21세,중상
2014041200100245,2014년 4월 12일 11시,토요일,경상남도 김해시 장유면,중상사고,0,1,0,0,차대차 - 추돌 - 진행중,안전운전불이행,건조,맑음,교차로 - 교차로부근,승용,남,57세,상해없음,승용,남,42세,중상
2014041200100271,2014년 4월 12일 12시,토요일,경상남도 창원시 마산합포구 신포동1가,경상사고,0,0,1,0,차대사람 - 기타,안전운전불이행,건조,흐림,교차로 - 교차로부근,승용,남,37세,기타불명,보행자,여,70세,경상
2014041200100272,2014년 4월 12일 12시,토요일,경상남도 진주시 진성면,경상사고,0,0,1,0,차대사람 - 길가장자리구역통행중,안전운전불이행,건조,맑음,단일로 - 기타,승용,남,60세,상해없음,보행자,남,46세,경상
2014041200100273,2014년 4월 12일 12시,토요일,경상남도 통영시 무전동,경상사고,0,0,6,0,차대차 - 추돌 - 주정차중,안전운전불이행,건조,맑음,단일로 - 기타,승용,남,38세,상해없음,승용,여,30세,경상
2014041200100274,2014년 4월 12일 12시,토요일,경상남도 창녕군 길곡면,중상사고,0,1,0,0,차대차 - 측면직각충돌,신호위반,건조,맑음,교차로 - 교차로안,승합,남,48세,상해없음,승용,남,74세,중상
2014041200100275,2014년 4월 12일 12시,토요일,경상남도 거제시 장승포동,경상사고,0,0,1,0,차대사람 - 기타,안전운전불이행,건조,맑음,단일로 - 기타,승용,남,54세,상해없음,보행자,여,12세,경상
2014041200100276,2014년 4월 12일 12시,토요일,경상남도 창원시 성산구 상남동,중상사고,0,1,0,0,차대차 - 추돌 - 주정차중,안전운전불이행,건조,맑음,교차로 - 교차로부근,승용,남,34세,상해없음,승용,남,29세,중상