사고번호,사고일시,요일,시군구,사고내용,사망자수,중상자수,경상자수,부상신고자수,사고유형,법규위반,노면상태,기상상태,도로형태,가해운전자 차종,가해운전자 성별,가해운전자 연령,가해운전자 상해정도,피해운전자 차종,피해운전자 성별,피해운전자 연령,피해운전자 상해정도
2014041500100542,2014년 4월 15일 21시,화요일,경상남도 거제시 연초면,사망사고,1,1,0,0,차대차 - 측면직각충돌,신호위반,건조,맑음,교차로 - 교차로안,승합,남,51세,상해없음,승용,남,30세,중상
2014041500100543,2014년 4월 15일 21시,화요일,경상남도 김해시 주촌면,중상사고,0,1,0,0,차대사람 - 기타,안전운전불이행,건조,맑음,교차로 - 교차로부근,승용,남,53세,상해없음,보행자,남,60세,중상
2014041500100596,2014년 4월 15일 23시,화요일,경상남도 진주시 초전동,경상사고,0,0,2,1,차대차 - 기타,안전운전불이행,건조,맑음,교차로 - 교차로안,승용,여,51세,부상신고,승용,남,41세,경상
2014041500100597,2014년 4월 15일 23시,화요일,경상남도 진주시 중안동,중상사고,0,1,0,0,차대차 - 기타,신호위반,건조,맑음,교차로 - 교차로안,이륜,남,17세,중상,승용,여,45세,상해없음
2014041500100598,2014년 4월 15일 23시,화요일,경상남도 통영시 용남면,중상사고,0,1,0,0,차대차 - 추돌 - 주정차중,안전운전불이행,건조,맑음,단일로 - 기타,승용,남,59세,상해없음,승용,남,65세,중상
2014041500100599,2014년 4월 15일 23시,화요일,경상남도 통영시 광도면,경상사고,0,0,1,0,차대차 - 추돌 - 주정차중,안전운전불이행,건조,맑음,교차로 - 교차로부근,승합,남,41세,상해없음,승용,남,26세,경상
2014041600100011,2014년 4월 16일 00시,수요일,경상남도 창원시 성산구 웅남동,중상사고,0,1,0,0,차대차 - 정면충돌,중앙선침범,건조,맑음,교차로 - 교차로부근,승용,여,24세,상해없음,승용,남,34세,중상
2014041600100024,2014년 4월 16일 01시,수요일,경상남도 거제시 덕포동,중상사고,0,1,0,1,차대차 - 측면직각충돌,안전운전불이행,건조,맑음,단일로 - 기타,승용,남,33세,상해없음,승용,남,63세,중상
2014041600100047,2014년 4월 16일 04시,수요일,경상남도 양산시 교동,경상사고,0,0,2,0,차대차 - 기타,안전운전불이행,건조,맑음,기타 - 기타,승용,여,36세,상해없음,승용,여,63세,경상
2014041600100048,2014년 4월 16일 04시,수요일,경상남도 함안군 칠원면,경상사고,0,0,1,0,차대사람 - 기타,안전운전불이행,건조,맑음,단일로 - 기타,승용,남,58세,상해없음,보행자,남,25세,경상
2014041600100058,2014년 4월 16일 05시,수요일,경상남도 양산시 동면,경상사고,0,0,1,0,차대차 - 측면직각충돌,안전거리미확보,건조,맑음,단일로 - 기타,승용,기타불명,기타불명,기타불명,승용,남,37세,경상
2014041600100075,2014년 4월 16일 06시,수요일,경상남도 창원시 의창구 명서동,경상사고,0,0,1,0,차대차 - 측면직각충돌,교차로운행방법위반,건조,맑음,교차로 - 교차로안,승용,여,43세,상해없음,자전거,남,33세,경상
2014041600100094,2014년 4월 16일 07시,수요일,경상남도 진주시 가좌동,경상사고,0,0,1,0,차대차 - 기타,안전운전불이행,건조,맑음,교차로 - 교차로안,승용,남,42세,상해없음,승용,남,39세,경상
2014041600100095,2014년 4월 16일 07시,수요일,경상남도 창원시 진해구 석동,경상사고,0,0,1,0,차대사람 - 횡단중,신호위반,건조,맑음,교차로 - 교차로안,승용,남,59세,상해없음,보행자,여,27세,경상
2014041600100096,2014년 4월 16일 07시,수요일,경상남도 김해시 외동,중상사고,0,1,0,0,차대사람 - 횡단중,안전운전불이행,건조,맑음,단일로 - 기타,승용,여,44세,상해없음,보행자,여,42세,중상
2014041600100127,2014년 4월 16일 08시,수요일,경상남도 통영시 미수동,중상사고,0,1,0,0,차대사람 - 횡단중,안전운전불이행,건조,맑음,교차로 - 교차로부근,승용,남,47세,상해없음,보행자,여,7세,중상
2014041600100128,2014년 4월 16일 08시,수요일,경상남도 창원시 마산회원구 합성동,중상사고,0,1,0,0,차대사람 - 횡단중,안전운전불이행,건조,맑음,교차로 - 교차로부근,승합,남,52세,상해없음,보행자,남,21세,중상
2014041600100156,2014년 4월 16일 09시,수요일,경상남도 통영시 무전동,경상사고,0,0,1,0,차대차 - 측면직각충돌,차로위반,건조,맑음,단일로 - 기타,승용,남,62세,기타불명,승용,여,49세,경상
2014041600100157,2014년 4월 16일 09시,수요일,경상남도 남해군 삼동면,사망사고,1,0,0,0,차대사람 - 기타,안전운전불이행,건조,흐림,기타 - 기타,승용,남,62세,상해없음,보행자,남,83세,사망
2014041600100189,2014년 4월 16일 10시,수요일,경상남도 양산시 주남동,경상사고,0,0,1,0,차대사람 - 기타,안전운전불이행,건조,맑음,교차로 - 교차로부근,원동기,남,74세,기타불명,보행자,여,39세,경상
2014041600100212,2014년 4월 16일 11시,수요일,경상남도 함양군 함양읍,중상사고,0,1,0,0,차대차 - 측면직각충돌,교차로운행방법위반,건조,맑음,교차로 - 교차로안,승용,남,27세,상해없음,화물,남,67세,중상
2014041600100213,2014년 4월 16일 11시,수요일,경상남도 김해시 한림면,중상사고,0,1,0,0,차대차 - 측면직각충돌,안전거리미확보,건조,맑음,단일로 - 기타,원동기,남,77세,중상,승용,남,63세,상해없음
2014041600100237,2014년 4월 16일 12시,수요일,경상남도 사천시 선구동,경상사고,0,0,1,0,차대사람 - 횡단중,보행자보호의무위반,건조,맑음,교차로 - 교차로부근,승합,남,63세,상해없음,보행자,여,51세,경상
2014041600100238,2014년 4월 16일 12시,수요일,경상남도 의령군 의령읍,중상사고,0,1,0,0,차대차 - 기타,안전운전불이행,건조,맑음,단일로 - 기타,승용,여,54세,상해없음,원동기,여,68세,중상
2014041600100292,2014년 4월 16일 14시,수요일,경상남도 통영시 무전동,중상사고,0,2,0,0,차대차 - 측면직각충돌,안전운전불이행,건조,맑음,교차로 - 교차로부근,승용,여,37세,상해없음,승용,남,66세,중상
2014041600100293,2014년 4월 16일 14시,수요일,경상남도 고성군 영오면,경상사고,0,0,1,0,차대차 - 측면직각충돌,직진우회전진행방해,건조,맑음,교차로 - 교차로안,건설기계,남,60세,상해없음,자전거,여,54세,경상
2014041600100322,2014년 4월 16일 15시,수요일,경상남도 창원시 마산합포구 홍문동,경상사고,0,0,1,0,차대차 - 측면직각충돌,교차로운행방법위반,건조,맑음,교차로 - 교차로안,승용,여,57세,상해없음,승용,남,46세,경상
2014041600100323,2014년 4월 16일 15시,수요일,경상남도 김해시 구산동,중상사고,0,1,0,0,차대사람 - 기타,기타,건조,맑음,기타 - 기타,승용,여,34세,상해없음,보행자,여,22세,중상
2014041600100324,2014년 4월 16일 15시,수요일,경상남도 합천군 합천읍,중상사고,0,1,0,0,차대차 - 측면직각충돌,중앙선침범,건조,맑음,교차로 - 교차로안,자전거,남,33세,중상,승용,여,54세,상해없음
2014041600100325,2014년 4월 16일 15시,수요일,경상남도 양산시 중부동,중상사고,0,1,1,0,차대차 - 기타,안전운전불이행,건조,맑음,교차로 - 교차로부근,기타불명,기타불명,기타불명,기타불명,이륜,남,19세,경상
2014041600100326,2014년 4월 16일 15시,수요일,경상남도 하동군 양보면,중상사고,0,1,0,0,차대차 - 측면직각충돌,안전운전불이행,건조,맑음,교차로 - 교차로부근,승용,여,52세,상해없음,이륜,남,87세,중상
2014041600100327,2014년 4월 16일 15시,수요일,경상남도 거제시 거제면,중상사고,0,1,0,0,차대사람 - 기타,안전운전불이행,건조,맑음,단일로 - 기타,승용,남,30세,상해없음,보행자,남,72세,중상
2014041600100358,2014년 4월 16일 16시,수요일,경상남도 함양군 함양읍,중상사고,0,1,0,1,차대차 - 측면직각충돌,신호위반,건조,맑음,교차로 - 교차로안,승용,여,41세,부상신고,승용,남,47세,중상
2014041600100359,2014년 4월 16일 16시,수요일,경상남도 양산시 교동,중상사고,0,1,1,0,차대차 - 기타,안전운전불이행,건조,맑음,교차로 - 교차로부근,건설기계,남,53세,상해없음,승용,여,39세,중상
2014041600100442,2014년 4월 16일 18시,수요일,경상남도 진주시 본성동,경상사고,0,0,1,0,차대차 - 기타,기타,건조,맑음,단일로 - 기타,승용,여,38세,상해없음,승합,남,55세,상해없음
2014041600100477,2014년 4월 16일 19시,수요일,경상남도 창원시 진해구 석동,경상사고,0,0,1,0,차대차 - 측면직각충돌,안전운전불이행,건조,맑음,교차로 - 교차로부근,이륜,남,32세,경상,승용,남,60세,상해없음
2014041600100478,2014년 4월 16일 19시,수요일,경상남도 양산시 평산동,경상사고,0,0,1,0,차량단독 - 기타,안전운전불이행,건조,맑음,단일로 - 기타,자전거,남,61세,경상,,,,
2014041600100479,2014년 4월 16일 19시,수요일,경상남도 양산시 삼호동,경상사고,0,0,2,0,차대차 - 측면직각충돌,안전운전불이행,건조,맑음,교차로 - 교차로부근,승용,남,52세,상해없음,승용,여,51세,상해없음
2014041600100480,2014년 4월 16일 19시,수요일,경상남도 거제시 아주동,경상사고,0,0,1,0,차대차 - 기타,신호위반,건조,맑음,교차로 - 교차로안,승용,남,43세,상해없음,승용,남,39세,경상
2014041600100481,2014년 4월 16일 19시,수요일,경상남도 거제시 장평동,경상사고,0,0,1,0,차대사람 - 기타,보행자보호의무위반,건조,맑음,단일로 - 횡단보도상,자전거,남,41세,상해없음,보행자,여,3세,경상
2014041600100513,2014년 4월 16일 20시,수요일,경상남도 창원시 진해구 두동,경상사고,0,0,1,0,차대차 - 측면직각충돌,안전운전불이행,건조,맑음,교차로 - 교차로안,화물,남,56세,기타불명,자전거,여,16세,경상
2014041600100514,2014년 4월 16일 20시,수요일,경상남도 거제시 상동동,중상사고,0,1,0,0,차대차 - 추돌 - 진행중,교차로운행방법위반,건조,맑음,교차로 - 교차로안,화물,남,60세,상해없음,이륜,남,36세,중상
2014041600100515,2014년 4월 16일 20시,수요일,경상남도 함안군 칠서면,중상사고,0,1,0,0,차대사람 - 기타,안전운전불이행,건조,맑음,단일로 - 기타,화물,남,59세,상해없음,보행자,여,54세,중상
2014041600100516,2014년 4월 16일 20시,수요일,경상남도 김해시 장유면,중상사고,0,1,0,0,차대사람 - 기타,안전운전불이행,건조,맑음,기타 - 기타,승합,남,49세,상해없음,보행자,남,47세,중상
2014041600100551,2014년 4월 16일 21시,수요일,경상남도 양산시 신기동,경상사고,0,0,1,0,차대사람 - 기타,안전운전불이행,건조,맑음,교차로 - 교차로부근,승용,여,43세,상해없음,보행자,남,69세,경상
2014041600100552,2014년 4월 16일 21시,수요일,경상남도 거제시 장평동,경상사고,0,0,1,0,차대차 - 기타,신호위반,건조,맑음,교차로 - 교차로안,승용,남,26세,상해없음,승용,남,40세,경상
2014041600100578,2014년 4월 16일 22시,수요일,경상남도 양산시 삼호동,경상사고,0,0,1,0,차대차 - 측면직각충돌,안전운전불이행,건조,맑음,단일로 - 기타,승용,남,55세,상해없음,승합,남,43세,기타불명
2014041600100579,2014년 4월 16일 22시,수요일,경상남도 창원시 마산회원구 석전동,경상사고,0,0,1,0,차대사람 - 기타,안전운전불이행,건조,맑음,단일로 - 기타,승용,남,59세,상해없음,보행자,남,37세,경상
2014041600100580,2014년 4월 16일 22시,수요일,경상남도 창원시 마산회원구 합성동,경상사고,0,0,1,0,차대사람 - 횡단중,안전운전불이행,건조,맑음,교차로 - 교차로안,승용,남,47세,상해없음,보행자,여,58세,경상
2014041600100604,2014년 4월 16일 23시,수요일,경상남도 창원시 진해구 태평동,경상사고,0,0,2,0,차대차 - 측면직각충돌,신호위반,건조,맑음,교차로 - 교차로안,승용,여,65세,기타불명,승용,여,30세,경상
2014041600100605,2014년 4월 16일 23시,수요일,경상남도 김해시 동상동,중상사고,0,1,0,0,차대차 - 측면직각충돌,교차로운행방법위반,건조,맑음,교차로 - 교차로안,승용,여,41세,상해없음,승용,남,20세,중상
2014041600100606,2014년 4월 16일 23시,수요일,경상남도 거제시 장평동,중상사고,0,1,1,0,차대사람 - 기타,안전운전불이행,건조,맑음,단일로 - 기타,자전거,남,30세,상해없음,보행자,여,30세,중상
2014041700100028,2014년 4월 17일 01시,목요일,경상남도 김해시 외동,경상사고,0,0,1,0,차대차 - 추돌 - 주정차중,안전운전불이행,건조,맑음,단일로 - 기타,화물,남,38세,상해없음,승용,남,57세,경상
2014041700100041,2014년 4월 17일 03시,목요일,경상남도 창원시 마산회원구 구암동,중상사고,0,1,0,0,차대차 - 정면충돌,안전운전불이행,건조,맑음,교차로 - 교차로안,승용,남,19세,상해없음,화물,남,43세,중상
2014041700100071,2014년 4월 17일 06시,목요일,경상남도 진주시 신안동,중상사고,0,1,0,0,차대차 - 측면직각충돌,교차로운행방법위반,건조,맑음,교차로 - 교차로안,화물,남,45세,상해없음,원동기,남,39세,중상
2014041700100072,2014년 4월 17일 06시,목요일,경상남도 창원시 마산회원구 합성동,경상사고,0,0,1,0,차대차 - 추돌 - 진행중,안전운전불이행,건조,맑음,단일로 - 기타,승용,남,33세,상해없음,승용,남,57세,경상
2014041700100093,2014년 4월 17일 07시,목요일,경상남도 사천시 동림동,경상사고,0,0,1,0,차대차 - 측면직각충돌,직진우회전진행방해,건조,맑음,교차로 - 교차로안,승용,남,47세,상해없음,승용,여,34세,경상
2014041700100129,2014년 4월 17일 08시,목요일,경상남도 남해군 고현면,중상사고,0,1,0,0,차량단독 - 도로외이탈 - 추락,안전운전불이행,습기,비,기타 - 기타,농기계,남,61세,상해없음,,,,
2014041700100130,2014년 4월 17일 08시,목요일,경상남도 김해시 강동,경상사고,0,0,1,0,차대차 - 측면직각충돌,중앙선침범,건조,맑음,단일로 - 기타,자전거,남,87세,경상,승용,남,41세,상해없음
2014041700100166,2014년 4월 17일 09시,목요일,경상남도 거제시 덕포동,경상사고,0,0,1,0,차대차 - 측면직각충돌,신호위반,건조,맑음,교차로 - 교차로안,승용,남,47세,상해없음,화물,남,48세,경상
2014041700100191,2014년 4월 17일 10시,목요일,경상남도 사천시 사천읍,경상사고,0,0,3,0,차대차 - 기타,안전운전불이행,건조,흐림,교차로 - 교차로안,승용,남,67세,상해없음,승합,여,46세,경상
2014041700100192,2014년 4월 17일 10시,목요일,경상남도 의령군 궁류면,경상사고,0,0,1,0,차량단독 - 도로외이탈 - 기타,안전운전불이행,건조,흐림,교차로 - 교차로부근,화물,남,45세,경상,,,,
2014041700100219,2014년 4월 17일 11시,목요일,경상남도 창원시 의창구 봉곡동,경상사고,0,0,1,0,차대사람 - 기타,안전운전불이행,건조,맑음,단일로 - 기타,승용,남,57세,상해없음,보행자,남,35세,경상
2014041700100247,2014년 4월 17일 12시,목요일,경상남도 양산시 물금읍,경상사고,0,0,1,0,차대차 - 기타,안전운전불이행,건조,맑음,단일로 - 기타,승용,여,40세,상해없음,자전거,남,72세,경상
2014041700100272,2014년 4월 17일 13시,목요일,경상남도 양산시 물금읍,중상사고,0,1,0,0,차대사람 - 횡단중,신호위반,건조,맑음,교차로 - 교차로부근,승합,남,33세,상해없음,보행자,남,71세,중상
2014041700100273,2014년 4월 17일 13시,목요일,경상남도 창원시 마산회원구 회성동,중상사고,0,1,0,0,차대차 - 추돌 - 주정차중,안전운전불이행,건조,맑음,단일로 - 기타,승용,남,56세,상해없음,승용,여,36세,중상
2014041700100300,2014년 4월 17일 14시,목요일,경상남도 진주시 칠암동,중상사고,0,1,0,0,차량단독 - 기타,안전운전불이행,건조,흐림,단일로 - 기타,승합,남,31세,상해없음,,,,
2014041700100301,2014년 4월 17일 14시,목요일,경상남도 사천시 사남면,경상사고,0,0,2,0,차대차 - 측면직각충돌,신호위반,건조,맑음,교차로 - 교차로안,승용,여,47세,경상,승용,남,38세,경상
2014041700100333,2014년 4월 17일 15시,목요일,경상남도 창녕군 창녕읍,중상사고,0,1,0,0,차대사람 - 횡단중,안전운전불이행,습기,비,단일로 - 기타,승용,여,47세,상해없음,보행자,남,74세,중상
2014041700100334,2014년 4월 17일 15시,목요일,경상남도 김해시 장유면,경상사고,0,0,3,0,차대차 - 기타,안전운전불이행,건조,맑음,교차로 - 교차로안,승용,여,48세,상해없음,승용,여,31세,경상
2014041700100367,2014년 4월 17일 16시,목요일,경상남도 진주시 금곡면,중상사고,0,2,0,0,차대차 - 측면직각충돌,직진우회전진행방해,습기,비,교차로 - 교차로안,승용,여,56세,중상,화물,남,38세,중상
2014041700100368,2014년 4월 17일 16시,목요일,경상남도 양산시 상북면,경상사고,0,0,2,0,차대차 - 측면직각충돌,안전거리미확보,습기,비,교차로 - 교차로부근,화물,남,57세,상해없음,승용,남,46세,경상
2014041700100369,2014년 4월 17일 16시,목요일,경상남도 창원시 마산회원구 봉암동,경상사고,0,0,1,0,차대차 - 측면직각충돌,안전운전불이행,습기,비,단일로 - 기타,화물,남,43세,상해없음,이륜,남,35세,경상
2014041700100370,2014년 4월 17일 16시,목요일,경상남도 산청군 단성면,중상사고,0,1,3,0,차대차 - 기타,안전운전불이행,습기,비,단일로 - 기타,특수,남,51세,상해없음,승용,남,39세,경상
2014041700100407,2014년 4월 17일 17시,목요일,경상남도 창원시 마산합포구 신포동2가,경상사고,0,0,1,0,차대차 - 추돌 - 주정차중,불법유턴,습기,비,단일로 - 기타,승용,남,25세,상해없음,승용,여,60세,경상
2014041700100408,2014년 4월 17일 17시,목요일,경상남도 김해시 삼방동,중상사고,0,1,0,0,차대차 - 기타,중앙선침범,습기,비,단일로 - 기타,기타불명,기타불명,기타불명,기타불명,승용,여,27세,중상
2014041700100454,2014년 4월 17일 18시,목요일,경상남도 양산시 북부동,중상사고,0,1,0,0,차량단독 - 공작물충돌,안전운전불이행,습기,비,단일로 - 기타,화물,남,45세,중상,,,,
2014041700100455,2014년 4월 17일 18시,목요일,경상남도 양산시 북정동,경상사고,0,0,1,0,차대차 - 추돌 - 진행중,안전거리미확보,습기,비,교차로 - 교차로부근,승용,남,53세,상해없음,승용,남,49세,경상
2014041700100456,2014년 4월 17일 18시,목요일,경상남도 창원시 의창구 대원동,중상사고,0,1,0,0,차대차 - 기타,안전운전불이행,건조,맑음,단일로 - 기타,승용,남,74세,상해없음,승용,남,49세,중상
2014041700100521,2014년 4월 17일 19시,목요일,경상남도 사천시 사천읍,경상사고,0,0,1,0,차대차 - 기타,안전운전불이행,습기,비,교차로 - 교차로안,승용,여,44세,상해없음,승용,남,25세,경상
2014041700100522,2014년 4월 17일 19시,목요일,경상남도 거제시 옥포동,경상사고,0,0,1,0,차대사람 - 횡단중,보행자보호의무위반,습기,비,단일로 - 횡단보도상,승용,남,61세,상해없음,보행자,여,52세,경상
2014041700100523,2014년 4월 17일 19시,목요일,경상남도 함안군 칠서면,중상사고,0,1,0,0,차대차 - 측면직각충돌,중앙선침범,습기,비,단일로 - 기타,승용,남,39세,기타불명,승용,남,24세,중상
2014041700100524,2014년 4월 17일 19시,목요일,경상남도 창원시 마산회원구 봉암동,경상사고,0,0,1,0,차대사람 - 횡단중,중앙선침범,건조,맑음,단일로 - 기타,승용,남,50세,상해없음,보행자,남,53세,경상
2014041700100525,2014년 4월 17일 19시,목요일,경상남도 창원시 의창구 대산면,중상사고,0,4,0,0,차대차 - 추돌 - 주정차중,안전거리미확보,습기,비,단일로 - 기타,승합,남,48세,상해없음,승용,남,51세,중상
2014041700100591,2014년 4월 17일 20시,목요일,경상남도 진주시 망경동,경상사고,0,0,1,0,차대차 - 정면충돌,중앙선침범,습기,비,교차로 - 교차로부근,승용,남,44세,상해없음,승용,남,59세,경상
2014041700100592,2014년 4월 17일 20시,목요일,경상남도 창원시 진해구 안골동,경상사고,0,0,2,0,차대차 - 추돌 - 주정차중,안전운전불이행,습기,비,교차로 - 교차로부근,승용,남,45세,상해없음,승용,여,29세,경상
2014041700100593,2014년 4월 17일 20시,목요일,경상남도 거제시 장승포동,경상사고,0,0,1,0,차대차 - 측면직각충돌,안전운전불이행,습기,비,교차로 - 교차로안,이륜,남,18세,상해없음,승용,남,58세,상해없음
2014041700100654,2014년 4월 17일 21시,목요일,경상남도 통영시 용남면,경상사고,0,0,1,0,차대차 - 추돌 - 진행중,안전거리미확보,습기,비,교차로 - 교차로부근,승용,남,57세,상해없음,승용,남,41세,경상
2014041700100655,2014년 4월 17일 21시,목요일,경상남도 김해시 내동,중상사고,0,1,1,0,차대차 - 추돌 - 진행중,안전운전불이행,습기,비,단일로 - 기타,승용,남,59세,상해없음,승합,여,40세,중상
2014041700100656,2014년 4월 17일 21시,목요일,경상남도 김해시 동상동,중상사고,0,1,0,0,차대사람 - 횡단중,안전운전불이행,습기,비,단일로 - 기타,승용,남,32세,상해없음,보행자,남,27세,중상
2014041700100657,2014년 4월 17일 21시,목요일,경상남도 거제시 고현동,중상사고,0,1,0,0,차대차 - 추돌 - 진행중,안전운전불이행,습기,비,단일로 - 기타,승용,남,40세,상해없음,이륜,여,34세,중상
2014041700100658,2014년 4월 17일 21시,목요일,경상남도 김해시 장유면,경상사고,0,0,1,0,차대차 - 기타,중앙선침범,습기,비,단일로 - 기타,승용,남,34세,상해없음,승용,남,50세,경상
2014041700100709,2014년 4월 17일 22시,목요일,경상남도 김해시 부원동,경상사고,0,0,1,0,차대사람 - 횡단중,보행자보호의무위반,습기,비,단일로 - 횡단보도상,승합,남,55세,상해없음,보행자,여,38세,경상
2014041700100710,2014년 4월 17일 22시,목요일,경상남도 김해시 외동,경상사고,0,0,1,0,차대차 - 추돌 - 진행중,안전운전불이행,습기,비,단일로 - 기타,승용,남,41세,상해없음,승용,여,26세,경상
2014041700100711,2014년 4월 17일 22시,목요일,경상남도 양산시 물금읍,경상사고,0,0,1,0,차대차 - 측면직각충돌,교차로운행방법위반,습기,비,교차로 - 교차로부근,승용,남,27세,상해없음,원동기,남,28세,경상
2014041700100712,2014년 4월 17일 22시,목요일,경상남도 거제시 수월동,중상사고,0,1,0,0,차대사람 - 기타,안전운전불이행,습기,비,교차로 - 교차로안,승용,남,43세,상해없음,보행자,여,15세,중상
2014041700100713,2014년 4월 17일 22시,목요일,경상남도 창원시 성산구 성주동,경상사고,0,0,1,0,차대차 - 추돌 - 주정차중,안전운전불이행,습기,비,교차로 - 교차로부근,승용,남,50세,상해없음,승용,남,35세,경상
2014041800100013,2014년 4월 18일 00시,금요일,경상남도 김해시 장유면,중상사고,0,1,0,0,차대사람 - 차도통행중,안전운전불이행,습기,비,단일로 - 기타,이륜,남,36세,상해없음,보행자,남,58세,중상
2014041800100078,2014년 4월 18일 05시,금요일,경상남도 통영시 도천동,경상사고,0,0,1,0,차대차 - 추돌 - 주정차중,안전운전불이행,건조,맑음,단일로 - 기타,승용,남,36세,상해없음,승합,남,58세,경상
2014041800100146,2014년 4월 18일 08시,금요일,경상남도 하동군 금남면,사망사고,1,1,0,0,차대차 - 정면충돌,중앙선침범,습기,흐림,단일로 - 기타,화물,남,36세,사망,화물,남,42세,중상
2014041800100147,2014년 4월 18일 08시,금요일,경상남도 창원시 마산회원구 봉암동,중상사고,0,1,0,0,차대차 - 측면직각충돌,안전운전불이행,건조,맑음,교차로 - 교차로안,승용,남,43세,상해없음,자전거,여,35세,중상
2014041800100148,2014년 4월 18일 08시,금요일,경상남도 창원시 의창구 팔용동,경상사고,0,0,1,0,차량단독 - 기타,안전운전불이행,건조,흐림,교차로 - 교차로부근,승용,남,57세,상해없음,,,,
2014041800100175,2014년 4월 18일 09시,금요일,경상남도 진주시 상대동,중상사고,0,1,0,0,차대사람 - 기타,안전운전불이행,건조,맑음,단일로 - 기타,승합,남,46세,상해없음,보행자,여,91세,중상
2014041800100176,2014년 4월 18일 09시,금요일,경상남도 사천시 좌룡동,경상사고,0,0,1,0,차대차 - 측면직각충돌,안전운전불이행,건조,맑음,교차로 - 교차로안,이륜,남,68세,경상,승용,여,33세,상해없음
2014041800100226,2014년 4월 18일 11시,금요일,경상남도 거제시 연초면,사망사고,1,0,0,0,차량단독 - 기타,안전운전불이행,건조,흐림,단일로 - 기타,이륜,남,36세,사망,,,,
2014041800100253,2014년 4월 18일 12시,금요일,경상남도 양산시 신기동,중상사고,0,2,1,0,차대차 - 측면직각충돌,안전운전불이행,건조,맑음,단일로 - 기타,승용,여,47세,상해없음,승용,여,30세,중상
2014041800100288,2014년 4월 18일 13시,금요일,경상남도 창원시 진해구 용원동,중상사고,0,1,0,0,차대차 - 측면직각충돌,안전운전불이행,건조,맑음,단일로 - 기타,승합,여,41세,상해없음,원동기,남,53세,중상
2014041800100322,2014년 4월 18일 14시,금요일,경상남도 진주시 수곡면,사망사고,1,15,8,0,차대차 - 측면직각충돌,신호위반,건조,맑음,교차로 - 교차로안,승용,남,62세,중상,승합,남,61세,중상
2014041800100323,2014년 4월 18일 14시,금요일,경상남도 창녕군 창녕읍,중상사고,0,1,1,0,차대차 - 측면직각충돌,불법유턴,건조,맑음,교차로 - 교차로안,승용,여,41세,상해없음,승용,여,57세,경상
2014041800100324,2014년 4월 18일 14시,금요일,경상남도 거제시 장평동,중상사고,0,1,0,0,차대차 - 추돌 - 진행중,안전운전불이행,건조,맑음,단일로 - 기타,승용,남,52세,상해없음,자전거,남,23세,중상
2014041800100354,2014년 4월 18일 15시,금요일,경상남도 의령군 궁류면,중상사고,0,1,0,0,차대사람 - 기타,안전운전불이행,건조,맑음,기타 - 기타,화물,남,27세,상해없음,보행자,남,10세,중상
2014041800100396,2014년 4월 18일 17시,금요일,경상남도 김해시 장유면,사망사고,1,0,0,0,차량단독 - 기타,안전운전불이행,건조,맑음,단일로 - 기타,화물,남,71세,사망,,,,
2014041800100419,2014년 4월 18일 17시,금요일,경상남도 하동군 진교면,중상사고,0,1,0,0,차대차 - 정면충돌,중앙선침범,건조,맑음,단일로 - 기타,화물,남,66세,상해없음,화물,남,49세,중상
2014041800100444,2014년 4월 18일 18시,금요일,경상남도 거창군 거창읍,중상사고,0,1,0,0,차대차 - 측면직각충돌,교차로운행방법위반,건조,맑음,교차로 - 교차로안,원동기,여,36세,중상,승용,남,33세,상해없음
2014041800100486,2014년 4월 18일 19시,금요일,경상남도 창원시 진해구 안골동,중상사고,0,1,0,0,차대차 - 추돌 - 주정차중,안전운전불이행,건조,맑음,단일로 - 기타,원동기,남,46세,중상,특수,남,44세,기타불명
2014041800100487,2014년 4월 18일 19시,금요일,경상남도 통영시 무전동,경상사고,0,0,1,0,차대사람 - 기타,안전운전불이행,건조,맑음,단일로 - 기타,승용,남,51세,상해없음,보행자,남,46세,경상
2014041800100488,2014년 4월 18일 19시,금요일,경상남도 거창군 거창읍,중상사고,0,1,0,0,차대사람 - 횡단중,안전운전불이행,건조,맑음,교차로 - 교차로안,승용,남,27세,상해없음,보행자,여,43세,중상
2014041800100489,2014년 4월 18일 19시,금요일,경상남도 거제시 고현동,경상사고,0,0,1,0,차대차 - 기타,안전운전불이행,건조,맑음,교차로 - 교차로부근,승용,남,36세,상해없음,이륜,남,18세,경상
2014041800100541,2014년 4월 18일 21시,금요일,경상남도 김해시 어방동,경상사고,0,0,2,0,차대차 - 측면직각충돌,직진우회전진행방해,건조,맑음,교차로 - 교차로안,승용,남,36세,상해없음,승용,남,22세,경상
2014041800100542,2014년 4월 18일 21시,금요일,경상남도 거제시 장승포동,중상사고,0,3,0,0,차대차 - 추돌 - 진행중,안전거리미확보,건조,맑음,교차로 - 교차로안,승용,남,48세,상해없음,승용,남,58세,중상
2014041800100569,2014년 4월 18일 22시,금요일,경상남도 함양군 함양읍,경상사고,0,0,3,0,차대차 - 추돌 - 주정차중,안전운전불이행,습기,안개,교차로 - 교차로안,승용,남,53세,상해없음,승용,여,22세,경상
2014041800100570,2014년 4월 18일 22시,금요일,경상남도 함양군 함양읍,중상사고,0,1,0,0,차대사람 - 기타,안전운전불이행,건조,맑음,단일로 - 기타,승용,남,51세,상해없음,보행자,남,40세,중상