사고번호,사고일시,요일,시군구,사고내용,사망자수,중상자수,경상자수,부상신고자수,사고유형,법규위반,노면상태,기상상태,도로형태,가해운전자 차종,가해운전자 성별,가해운전자 연령,가해운전자 상해정도,피해운전자 차종,피해운전자 성별,피해운전자 연령,피해운전자 상해정도
2014042300100277,2014년 4월 23일 13시,수요일,경상남도 창원시 진해구 행암동,경상사고,0,0,1,0,차대차 - 기타,안전거리미확보,건조,맑음,단일로 - 기타,원동기,남,44세,경상,승용,남,64세,상해없음
2014042300100278,2014년 4월 23일 13시,수요일,경상남도 김해시 대동면,중상사고,0,1,0,0,차대차 - 측면직각충돌,과속,건조,맑음,교차로 - 교차로안,승용,남,53세,상해없음,승용,여,46세,중상
2014042300100295,2014년 4월 23일 14시,수요일,경상남도 밀양시 산내면,경상사고,0,0,1,0,차대사람 - 횡단중,안전운전불이행,건조,맑음,교차로 - 교차로안,승용,여,24세,상해없음,보행자,남,55세,경상
2014042300100296,2014년 4월 23일 14시,수요일,경상남도 김해시 대동면,중상사고,0,2,4,0,차대차 - 추돌 - 진행중,안전운전불이행,건조,맑음,단일로 - 기타,화물,남,54세,중상,화물,남,54세,경상
2014042300100297,2014년 4월 23일 14시,수요일,경상남도 김해시 진영읍,경상사고,0,0,1,0,차대차 - 측면직각충돌,안전운전불이행,건조,맑음,교차로 - 교차로부근,화물,남,51세,상해없음,승용,남,34세,상해없음
2014042300100351,2014년 4월 23일 16시,수요일,경상남도 김해시 대동면,중상사고,0,1,0,0,차대차 - 측면직각충돌,중앙선침범,건조,맑음,단일로 - 기타,화물,남,49세,상해없음,승용,남,73세,중상
2014042300100352,2014년 4월 23일 16시,수요일,경상남도 창원시 의창구 사림동,경상사고,0,0,2,0,차대차 - 측면직각충돌,교차로운행방법위반,건조,맑음,교차로 - 교차로안,승용,여,45세,상해없음,이륜,남,15세,경상
2014042300100386,2014년 4월 23일 17시,수요일,경상남도 거제시 고현동,경상사고,0,0,2,0,차대차 - 측면직각충돌,안전운전불이행,건조,맑음,교차로 - 교차로안,이륜,남,56세,경상,승용,남,32세,경상
2014042300100412,2014년 4월 23일 18시,수요일,경상남도 진주시 호탄동,경상사고,0,0,2,0,차대차 - 기타,안전운전불이행,건조,맑음,단일로 - 기타,승용,남,27세,상해없음,승용,남,57세,경상
2014042300100413,2014년 4월 23일 18시,수요일,경상남도 창원시 의창구 사림동,경상사고,0,0,1,0,차대차 - 추돌 - 주정차중,안전운전불이행,건조,맑음,교차로 - 교차로부근,승용,남,44세,기타불명,승용,남,48세,경상
2014042300100446,2014년 4월 23일 19시,수요일,경상남도 김해시 진영읍,중상사고,0,1,0,0,차대사람 - 횡단중,안전운전불이행,건조,맑음,단일로 - 기타,승용,여,36세,상해없음,보행자,여,10세,중상
2014042300100476,2014년 4월 23일 20시,수요일,경상남도 진주시 평거동,중상사고,0,1,0,0,차대차 - 기타,차로위반,건조,맑음,단일로 - 기타,승용,남,42세,상해없음,승용,여,53세,중상
2014042300100477,2014년 4월 23일 20시,수요일,경상남도 양산시 교동,경상사고,0,0,1,0,차대차 - 기타,신호위반,건조,맑음,교차로 - 교차로안,승용,남,27세,상해없음,승용,남,29세,경상
2014042300100478,2014년 4월 23일 20시,수요일,경상남도 김해시 진례면,경상사고,0,0,1,0,차대사람 - 기타,안전운전불이행,건조,맑음,교차로 - 교차로부근,승용,남,34세,상해없음,보행자,남,43세,경상
2014042300100509,2014년 4월 23일 21시,수요일,경상남도 사천시 곤명면,중상사고,0,1,0,0,차량단독 - 도로외이탈 - 추락,안전운전불이행,건조,맑음,단일로 - 기타,화물,남,66세,중상,,,,
2014042300100510,2014년 4월 23일 21시,수요일,경상남도 양산시 북정동,중상사고,0,1,0,0,차대사람 - 길가장자리구역통행중,안전운전불이행,건조,맑음,단일로 - 기타,원동기,기타불명,기타불명,기타불명,보행자,남,43세,중상
2014042300100538,2014년 4월 23일 22시,수요일,경상남도 거제시 아주동,경상사고,0,0,6,0,차대차 - 추돌 - 진행중,기타,건조,맑음,교차로 - 교차로부근,승용,남,27세,상해없음,승용,남,49세,경상
2014042300100539,2014년 4월 23일 22시,수요일,경상남도 창원시 마산회원구 내서읍,중상사고,0,1,0,0,차대사람 - 기타,안전운전불이행,건조,맑음,단일로 - 기타,원동기,남,16세,상해없음,보행자,여,46세,중상
2014042300100569,2014년 4월 23일 23시,수요일,경상남도 거제시 아주동,중상사고,0,1,0,0,차대차 - 측면직각충돌,안전운전불이행,건조,맑음,교차로 - 교차로안,승용,남,56세,상해없음,이륜,남,25세,중상
2014042400100025,2014년 4월 24일 01시,목요일,경상남도 창원시 마산합포구 교방동,경상사고,0,0,1,0,차량단독 - 공작물충돌,안전운전불이행,건조,맑음,단일로 - 기타,승용,여,30세,경상,,,,
2014042400100052,2014년 4월 24일 04시,목요일,경상남도 거제시 아주동,중상사고,0,1,0,0,차대사람 - 기타,안전운전불이행,건조,맑음,단일로 - 기타,승용,여,60세,상해없음,보행자,남,41세,중상
2014042400100085,2014년 4월 24일 07시,목요일,경상남도 사천시 용현면,경상사고,0,0,2,0,차대차 - 추돌 - 진행중,안전거리미확보,건조,맑음,단일로 - 기타,승용,남,38세,상해없음,승용,남,30세,경상
2014042400100086,2014년 4월 24일 07시,목요일,경상남도 김해시 부원동,경상사고,0,0,1,0,차대차 - 추돌 - 진행중,안전운전불이행,건조,맑음,교차로 - 교차로부근,승용,남,32세,상해없음,승용,남,48세,경상
2014042400100087,2014년 4월 24일 07시,목요일,경상남도 창원시 성산구 신촌동,중상사고,0,1,0,0,차대차 - 측면직각충돌,교차로운행방법위반,건조,맑음,교차로 - 교차로안,승용,남,48세,상해없음,이륜,남,20세,중상
2014042400100125,2014년 4월 24일 08시,목요일,경상남도 창원시 진해구 용원동,경상사고,0,0,5,0,차대차 - 측면직각충돌,안전운전불이행,건조,맑음,교차로 - 교차로부근,승용,남,58세,상해없음,승용,여,41세,경상
2014042400100126,2014년 4월 24일 08시,목요일,경상남도 거제시 수월동,경상사고,0,0,2,0,차대차 - 추돌 - 진행중,안전운전불이행,건조,맑음,교차로 - 교차로부근,승용,여,39세,상해없음,자전거,남,14세,경상
2014042400100127,2014년 4월 24일 08시,목요일,경상남도 거제시 장평동,중상사고,0,1,0,0,차대사람 - 기타,안전운전불이행,건조,맑음,교차로 - 교차로안,승용,여,45세,상해없음,보행자,여,73세,중상
2014042400100150,2014년 4월 24일 09시,목요일,경상남도 김해시 부원동,경상사고,0,0,1,1,차대차 - 추돌 - 주정차중,안전거리미확보,건조,맑음,단일로 - 기타,승용,남,40세,상해없음,승용,남,70세,부상신고
2014042400100182,2014년 4월 24일 10시,목요일,경상남도 사천시 용현면,중상사고,0,1,0,0,차대차 - 기타,안전운전불이행,건조,맑음,교차로 - 교차로안,화물,남,54세,상해없음,승용,남,32세,중상
2014042400100183,2014년 4월 24일 10시,목요일,경상남도 창녕군 도천면,부상신고사고,0,0,0,1,차대차 - 측면직각충돌,안전운전불이행,건조,맑음,교차로 - 교차로안,원동기,남,79세,부상신고,승용,남,42세,상해없음
2014042400100184,2014년 4월 24일 10시,목요일,경상남도 산청군 신안면,중상사고,0,1,0,0,차량단독 - 전도전복,안전운전불이행,건조,맑음,단일로 - 기타,농기계,남,78세,중상,,,,
2014042400100246,2014년 4월 24일 12시,목요일,경상남도 창원시 마산회원구 회원동,경상사고,0,0,3,1,차대차 - 측면직각충돌,안전운전불이행,건조,맑음,교차로 - 교차로안,승합,여,44세,상해없음,승용,남,31세,경상
2014042400100247,2014년 4월 24일 12시,목요일,경상남도 창원시 마산회원구 석전동,경상사고,0,0,1,0,차대차 - 측면직각충돌,안전운전불이행,건조,맑음,단일로 - 기타,화물,남,58세,상해없음,승용,여,46세,경상
2014042400100294,2014년 4월 24일 14시,목요일,경상남도 하동군 하동읍,경상사고,0,0,1,0,차대사람 - 기타,안전운전불이행,건조,맑음,단일로 - 기타,화물,남,53세,상해없음,보행자,남,36세,경상
2014042400100295,2014년 4월 24일 14시,목요일,경상남도 창원시 마산회원구 구암동,중상사고,0,1,2,0,차대차 - 정면충돌,신호위반,건조,맑음,교차로 - 교차로안,승용,남,23세,상해없음,승합,남,31세,경상
2014042400100296,2014년 4월 24일 14시,목요일,경상남도 김해시 장유면,경상사고,0,0,2,0,차대차 - 추돌 - 진행중,안전거리미확보,건조,맑음,단일로 - 기타,승용,여,31세,상해없음,승용,여,47세,경상
2014042400100406,2014년 4월 24일 17시,목요일,경상남도 창원시 마산합포구 동성동,중상사고,0,1,0,0,차대차 - 추돌 - 주정차중,안전운전불이행,건조,맑음,교차로 - 교차로부근,승용,여,47세,상해없음,승용,남,29세,중상
2014042400100407,2014년 4월 24일 17시,목요일,경상남도 김해시 어방동,경상사고,0,0,3,0,차대차 - 기타,안전운전불이행,건조,맑음,단일로 - 기타,승용,남,43세,상해없음,승용,남,31세,상해없음
2014042400100408,2014년 4월 24일 17시,목요일,경상남도 거창군 거창읍,경상사고,0,0,1,0,차대사람 - 횡단중,안전운전불이행,건조,맑음,단일로 - 기타,승용,여,59세,상해없음,보행자,여,7세,경상
2014042400100409,2014년 4월 24일 17시,목요일,경상남도 창녕군 창녕읍,중상사고,0,1,0,0,차대사람 - 보도통행중,안전운전불이행,건조,맑음,단일로 - 기타,승용,여,55세,상해없음,보행자,여,11세,중상
2014042400100410,2014년 4월 24일 17시,목요일,경상남도 거제시 연초면,중상사고,0,1,0,0,차대차 - 측면직각충돌,안전운전불이행,건조,맑음,단일로 - 기타,건설기계,남,43세,상해없음,승용,남,35세,중상
2014042400100411,2014년 4월 24일 17시,목요일,경상남도 김해시 진영읍,중상사고,0,1,0,0,차대사람 - 기타,안전운전불이행,건조,맑음,기타 - 기타,승합,여,30세,상해없음,보행자,여,64세,중상
2014042400100412,2014년 4월 24일 17시,목요일,경상남도 김해시 장유면,경상사고,0,0,1,0,차대차 - 측면직각충돌,교차로운행방법위반,건조,맑음,기타 - 기타,승용,여,33세,상해없음,승용,여,25세,경상
2014042400100457,2014년 4월 24일 18시,목요일,경상남도 창원시 마산합포구 월영동,경상사고,0,0,1,0,차대사람 - 차도통행중,안전운전불이행,건조,맑음,단일로 - 기타,승용,남,36세,상해없음,보행자,여,6세,경상
2014042400100493,2014년 4월 24일 19시,목요일,경상남도 창원시 진해구 여좌동,중상사고,0,1,0,0,차대차 - 측면직각충돌,중앙선침범,건조,맑음,단일로 - 횡단보도상,원동기,남,66세,중상,승용,남,46세,상해없음
2014042400100557,2014년 4월 24일 21시,목요일,경상남도 창녕군 계성면,중상사고,0,1,0,0,차대사람 - 횡단중,안전운전불이행,건조,맑음,단일로 - 기타,승용,남,27세,상해없음,보행자,남,45세,중상
2014042400100620,2014년 4월 24일 23시,목요일,경상남도 진주시 호탄동,경상사고,0,0,3,0,차대차 - 정면충돌,중앙선침범,건조,맑음,단일로 - 기타,승용,남,30세,상해없음,승용,남,28세,경상
2014042400100621,2014년 4월 24일 23시,목요일,경상남도 창원시 성산구 대방동,중상사고,0,1,0,0,차대사람 - 횡단중,보행자보호의무위반,건조,맑음,단일로 - 횡단보도상,승용,남,44세,상해없음,보행자,남,15세,중상
2014042400100622,2014년 4월 24일 23시,목요일,경상남도 창원시 마산회원구 양덕동,중상사고,0,1,0,0,차대차 - 측면직각충돌,안전운전불이행,건조,맑음,교차로 - 교차로안,승용,여,68세,상해없음,승용,남,31세,중상
2014042500100054,2014년 4월 25일 03시,금요일,경상남도 창원시 진해구 석동,중상사고,0,1,0,0,차대사람 - 차도통행중,안전운전불이행,건조,기타,단일로 - 터널,승용,남,30세,상해없음,보행자,남,34세,중상
2014042500100099,2014년 4월 25일 07시,금요일,경상남도 거제시 아주동,중상사고,0,1,0,0,차대사람 - 횡단중,안전운전불이행,건조,맑음,교차로 - 교차로안,승용,여,27세,상해없음,보행자,남,34세,중상
2014042500100100,2014년 4월 25일 07시,금요일,경상남도 창원시 의창구 팔용동,부상신고사고,0,0,0,1,차대차 - 측면직각충돌,안전운전불이행,건조,맑음,교차로 - 교차로부근,승용,남,25세,상해없음,승용,남,67세,상해없음
2014042500100138,2014년 4월 25일 08시,금요일,경상남도 창원시 마산합포구 월포동,경상사고,0,0,1,0,차대차 - 측면직각충돌,신호위반,건조,맑음,단일로 - 기타,화물,남,32세,상해없음,승용,남,33세,경상
2014042500100139,2014년 4월 25일 08시,금요일,경상남도 함양군 함양읍,경상사고,0,0,1,0,차대차 - 측면직각충돌,교차로운행방법위반,건조,맑음,교차로 - 교차로안,승용,남,30세,상해없음,승용,여,25세,경상
2014042500100140,2014년 4월 25일 08시,금요일,경상남도 함안군 가야읍,경상사고,0,0,1,1,차대차 - 측면직각충돌,교차로운행방법위반,건조,맑음,교차로 - 교차로안,화물,남,47세,부상신고,화물,남,55세,경상
2014042500100169,2014년 4월 25일 09시,금요일,경상남도 통영시 도천동,경상사고,0,0,1,0,차대사람 - 차도통행중,안전운전불이행,건조,맑음,단일로 - 기타,화물,남,29세,상해없음,보행자,남,58세,경상
2014042500100170,2014년 4월 25일 09시,금요일,경상남도 김해시 장유면,중상사고,0,1,0,0,차대사람 - 횡단중,신호위반,건조,맑음,단일로 - 횡단보도상,승용,여,49세,상해없음,보행자,여,18세,중상
2014042500100197,2014년 4월 25일 10시,금요일,경상남도 양산시 신기동,경상사고,0,0,1,0,차대차 - 측면직각충돌,교차로운행방법위반,건조,맑음,교차로 - 교차로안,화물,남,53세,상해없음,승용,여,28세,경상
2014042500100221,2014년 4월 25일 11시,금요일,경상남도 밀양시 삼랑진읍,중상사고,0,1,0,0,차대차 - 추돌 - 주정차중,안전운전불이행,건조,맑음,단일로 - 기타,자전거,남,48세,중상,화물,남,39세,기타불명
2014042500100222,2014년 4월 25일 11시,금요일,경상남도 김해시 상동면,중상사고,0,1,0,0,차량단독 - 기타,안전운전불이행,건조,맑음,단일로 - 기타,자전거,남,61세,중상,,,,
2014042500100223,2014년 4월 25일 11시,금요일,경상남도 창원시 마산회원구 석전동,중상사고,0,3,7,0,차대차 - 측면직각충돌,안전운전불이행,건조,맑음,단일로 - 기타,승합,남,43세,상해없음,승용,남,55세,경상
2014042500100244,2014년 4월 25일 12시,금요일,경상남도 창원시 마산합포구 중성동,경상사고,0,0,1,0,차대차 - 추돌 - 주정차중,안전운전불이행,건조,맑음,단일로 - 기타,승용,남,61세,상해없음,승용,남,58세,경상
2014042500100245,2014년 4월 25일 12시,금요일,경상남도 진주시 이현동,중상사고,0,1,0,0,차대차 - 기타,안전운전불이행,건조,맑음,단일로 - 기타,승용,남,33세,상해없음,원동기,남,52세,중상
2014042500100246,2014년 4월 25일 12시,금요일,경상남도 창녕군 창녕읍,중상사고,0,1,0,0,차대사람 - 횡단중,안전운전불이행,건조,맑음,교차로 - 교차로안,승용,여,46세,상해없음,보행자,여,78세,중상
2014042500100265,2014년 4월 25일 13시,금요일,경상남도 거제시 고현동,중상사고,0,1,0,0,차대차 - 추돌 - 진행중,안전운전불이행,건조,맑음,교차로 - 교차로안,승용,여,42세,상해없음,이륜,남,44세,상해없음
2014042500100306,2014년 4월 25일 14시,금요일,경상남도 밀양시 내일동,경상사고,0,0,1,0,차대차 - 추돌 - 진행중,안전운전불이행,건조,맑음,단일로 - 교량,승용,남,54세,상해없음,승용,여,31세,경상
2014042500100307,2014년 4월 25일 14시,금요일,경상남도 거제시 아주동,중상사고,0,1,0,0,차대사람 - 기타,안전운전불이행,건조,맑음,단일로 - 기타,화물,남,57세,상해없음,보행자,여,31세,중상
2014042500100308,2014년 4월 25일 14시,금요일,경상남도 남해군 남면,사망사고,1,0,0,0,차량단독 - 전도전복,안전운전불이행,건조,맑음,교차로 - 교차로부근,이륜,남,55세,사망,,,,
2014042500100385,2014년 4월 25일 16시,금요일,경상남도 창원시 진해구 경화동,중상사고,0,1,0,0,차대차 - 기타,안전운전불이행,건조,맑음,교차로 - 교차로부근,승용,남,41세,상해없음,원동기,남,74세,중상
2014042500100386,2014년 4월 25일 16시,금요일,경상남도 밀양시 삼문동,경상사고,0,0,1,0,차대사람 - 횡단중,보행자보호의무위반,건조,맑음,단일로 - 횡단보도상,승용,여,52세,상해없음,보행자,남,8세,경상
2014042500100430,2014년 4월 25일 17시,금요일,경상남도 창원시 마산합포구 자산동,경상사고,0,0,1,0,차대차 - 측면직각충돌,차로위반,건조,맑음,단일로 - 기타,승용,여,32세,상해없음,승용,남,54세,경상
2014042500100431,2014년 4월 25일 17시,금요일,경상남도 사천시 선구동,경상사고,0,0,3,1,차대차 - 측면직각충돌,교차로운행방법위반,건조,맑음,교차로 - 교차로안,승용,남,18세,상해없음,승용,남,59세,경상
2014042500100432,2014년 4월 25일 17시,금요일,경상남도 창녕군 대합면,중상사고,0,1,0,0,차량단독 - 공작물충돌,안전운전불이행,건조,맑음,단일로 - 기타,이륜,남,54세,중상,,,,
2014042500100433,2014년 4월 25일 17시,금요일,경상남도 김해시 전하동,경상사고,0,0,1,0,차대차 - 기타,신호위반,건조,맑음,교차로 - 교차로안,화물,여,46세,상해없음,승용,여,55세,경상
2014042500100477,2014년 4월 25일 18시,금요일,경상남도 창원시 마산합포구 교방동,경상사고,0,0,1,0,차대차 - 측면직각충돌,안전운전불이행,건조,맑음,교차로 - 교차로안,화물,남,65세,상해없음,승용,여,52세,경상
2014042500100478,2014년 4월 25일 18시,금요일,경상남도 창원시 진해구 용원동,경상사고,0,0,1,0,차대사람 - 횡단중,보행자보호의무위반,건조,맑음,교차로 - 교차로부근,자전거,남,13세,기타불명,보행자,여,39세,경상
2014042500100479,2014년 4월 25일 18시,금요일,경상남도 통영시 광도면,경상사고,0,0,1,0,차대사람 - 차도통행중,안전운전불이행,건조,맑음,단일로 - 기타,원동기,여,40세,상해없음,보행자,남,15세,경상
2014042500100480,2014년 4월 25일 18시,금요일,경상남도 함양군 지곡면,경상사고,0,0,1,0,차대차 - 정면충돌,교차로운행방법위반,건조,맑음,교차로 - 교차로안,승용,여,43세,상해없음,승용,남,59세,상해없음
2014042500100553,2014년 4월 25일 20시,금요일,경상남도 양산시 동면,중상사고,0,1,0,0,차대차 - 추돌 - 주정차중,안전운전불이행,건조,맑음,교차로 - 교차로부근,승용,남,44세,상해없음,승용,남,36세,중상
2014042500100589,2014년 4월 25일 21시,금요일,경상남도 김해시 외동,경상사고,0,0,1,0,차대차 - 기타,안전운전불이행,건조,맑음,교차로 - 교차로안,승용,여,34세,상해없음,승용,남,36세,경상
2014042500100652,2014년 4월 25일 23시,금요일,경상남도 진주시 상대동,사망사고,1,0,0,0,차대사람 - 횡단중,과속,건조,맑음,단일로 - 기타,승용,남,52세,상해없음,보행자,남,54세,사망
2014042500100653,2014년 4월 25일 23시,금요일,경상남도 창원시 진해구 경화동,중상사고,0,1,0,0,차대차 - 추돌 - 주정차중,안전운전불이행,건조,맑음,교차로 - 교차로부근,승용,남,45세,기타불명,승용,남,49세,중상
2014042500100654,2014년 4월 25일 23시,금요일,경상남도 창원시 마산회원구 구암동,경상사고,0,0,2,2,차대차 - 추돌 - 주정차중,안전운전불이행,건조,맑음,교차로 - 교차로부근,승용,남,40세,상해없음,승용,남,33세,경상
2014042600100057,2014년 4월 26일 02시,토요일,경상남도 거제시 아주동,중상사고,0,1,0,0,차대차 - 추돌 - 주정차중,안전운전불이행,건조,맑음,단일로 - 기타,승용,남,29세,상해없음,승용,남,30세,기타불명
2014042600100072,2014년 4월 26일 03시,토요일,경상남도 창원시 성산구 남양동,경상사고,0,0,1,0,차대차 - 기타,신호위반,건조,맑음,교차로 - 교차로안,승용,남,57세,상해없음,승용,남,59세,경상
2014042600100139,2014년 4월 26일 08시,토요일,경상남도 거제시 연초면,중상사고,0,1,0,0,차량단독 - 기타,안전운전불이행,건조,맑음,기타 - 기타,화물,남,47세,중상,,,,
2014042600100160,2014년 4월 26일 09시,토요일,경상남도 창원시 마산회원구 회원동,경상사고,0,0,1,0,차대차 - 측면직각충돌,안전운전불이행,건조,맑음,교차로 - 교차로부근,이륜,남,38세,상해없음,승용,남,71세,상해없음
2014042600100189,2014년 4월 26일 10시,토요일,경상남도 사천시 벌리동,중상사고,0,1,0,0,차대차 - 정면충돌,중앙선침범,건조,맑음,단일로 - 기타,승용,남,39세,상해없음,이륜,남,17세,중상
2014042600100190,2014년 4월 26일 10시,토요일,경상남도 밀양시 내이동,중상사고,0,1,0,0,차대차 - 측면직각충돌,안전거리미확보,건조,맑음,단일로 - 기타,이륜,남,79세,중상,승용,여,49세,상해없음
2014042600100191,2014년 4월 26일 10시,토요일,경상남도 창원시 마산회원구 구암동,중상사고,0,1,0,0,차대차 - 측면직각충돌,안전운전불이행,건조,맑음,단일로 - 기타,승용,남,60세,상해없음,이륜,남,70세,중상
2014042600100219,2014년 4월 26일 11시,토요일,경상남도 김해시 부원동,중상사고,0,1,0,0,차대사람 - 기타,안전운전불이행,건조,맑음,단일로 - 기타,승용,남,53세,상해없음,보행자,남,52세,중상
2014042600100220,2014년 4월 26일 11시,토요일,경상남도 양산시 중부동,경상사고,0,0,1,4,차대차 - 추돌 - 주정차중,안전거리미확보,건조,맑음,단일로 - 기타,승용,여,43세,상해없음,승용,남,40세,부상신고
2014042600100221,2014년 4월 26일 11시,토요일,경상남도 창원시 성산구 상남동,중상사고,0,2,0,0,차대사람 - 횡단중,보행자보호의무위반,기타,맑음,단일로 - 횡단보도상,승용,남,33세,상해없음,보행자,여,32세,중상
2014042600100249,2014년 4월 26일 12시,토요일,경상남도 창원시 진해구 부흥동,경상사고,0,0,1,0,차대차 - 측면직각충돌,안전운전불이행,건조,맑음,교차로 - 교차로안,이륜,남,31세,경상,화물,남,54세,상해없음
2014042600100250,2014년 4월 26일 12시,토요일,경상남도 창원시 성산구 상남동,중상사고,0,1,0,0,차대사람 - 횡단중,보행자보호의무위반,기타,맑음,단일로 - 횡단보도상,자전거,남,16세,상해없음,보행자,여,51세,중상
2014042600100251,2014년 4월 26일 12시,토요일,경상남도 창원시 마산합포구 산호동,중상사고,0,1,0,0,차대사람 - 기타,안전운전불이행,건조,맑음,단일로 - 기타,건설기계,남,51세,상해없음,보행자,남,59세,중상
2014042600100284,2014년 4월 26일 13시,토요일,경상남도 진주시 금산면,중상사고,0,1,1,0,차대차 - 추돌 - 진행중,기타,건조,맑음,단일로 - 기타,승용,남,52세,상해없음,승용,남,55세,상해없음
2014042600100285,2014년 4월 26일 13시,토요일,경상남도 창원시 진해구 여좌동,경상사고,0,0,3,0,차대차 - 추돌 - 진행중,안전운전불이행,건조,맑음,교차로 - 교차로부근,승용,남,54세,상해없음,승용,남,28세,경상
2014042600100286,2014년 4월 26일 13시,토요일,경상남도 합천군 가회면,사망사고,1,0,0,0,차량단독 - 전도전복,안전운전불이행,건조,맑음,단일로 - 기타,화물,남,37세,사망,,,,
2014042600100287,2014년 4월 26일 13시,토요일,경상남도 하동군 금남면,경상사고,0,0,2,0,차대차 - 측면직각충돌,안전운전불이행,건조,맑음,교차로 - 교차로부근,승용,여,42세,상해없음,승용,남,70세,경상
2014042600100318,2014년 4월 26일 14시,토요일,경상남도 창원시 마산합포구 월영동,중상사고,0,1,0,0,차대차 - 측면직각충돌,신호위반,건조,맑음,교차로 - 교차로안,승용,여,23세,상해없음,원동기,남,24세,중상
2014042600100319,2014년 4월 26일 14시,토요일,경상남도 진주시 주약동,중상사고,0,1,0,0,차대차 - 측면직각충돌,직진우회전진행방해,건조,맑음,교차로 - 교차로안,승용,여,40세,상해없음,원동기,남,48세,중상
2014042600100320,2014년 4월 26일 14시,토요일,경상남도 사천시 축동면,중상사고,0,1,0,0,차대차 - 기타,안전운전불이행,건조,맑음,교차로 - 교차로부근,화물,남,56세,상해없음,승용,여,51세,중상
2014042600100321,2014년 4월 26일 14시,토요일,경상남도 거창군 신원면,경상사고,0,0,1,0,차대사람 - 횡단중,안전운전불이행,건조,맑음,단일로 - 기타,화물,남,59세,상해없음,보행자,남,4세,경상
2014042600100349,2014년 4월 26일 15시,토요일,경상남도 창원시 성산구 가음동,중상사고,0,1,2,0,차대차 - 기타,신호위반,기타,맑음,교차로 - 교차로안,승용,남,28세,상해없음,승용,남,41세,경상
2014042600100392,2014년 4월 26일 16시,토요일,경상남도 통영시 광도면,중상사고,0,1,0,0,차량단독 - 공작물충돌,안전운전불이행,건조,맑음,교차로 - 교차로안,이륜,남,73세,중상,,,,
2014042600100393,2014년 4월 26일 16시,토요일,경상남도 양산시 중부동,부상신고사고,0,0,0,2,차대사람 - 기타,안전운전불이행,건조,맑음,기타 - 기타,승용,남,50세,상해없음,보행자,남,49세,부상신고
2014042600100394,2014년 4월 26일 16시,토요일,경상남도 남해군 남면,중상사고,0,1,0,0,차대사람 - 기타,안전운전불이행,건조,흐림,기타 - 기타,승용,남,42세,상해없음,보행자,여,54세,중상
2014042600100438,2014년 4월 26일 17시,토요일,경상남도 창녕군 부곡면,경상사고,0,0,1,0,차대차 - 추돌 - 진행중,안전운전불이행,건조,맑음,단일로 - 기타,승용,남,53세,상해없음,화물,남,50세,경상
2014042600100439,2014년 4월 26일 17시,토요일,경상남도 거제시 상동동,중상사고,0,1,2,0,차대차 - 기타,중앙선침범,건조,맑음,교차로 - 교차로부근,승용,남,52세,상해없음,승용,남,38세,경상
2014042600100440,2014년 4월 26일 17시,토요일,경상남도 김해시 전하동,중상사고,0,1,0,0,차대차 - 추돌 - 주정차중,안전운전불이행,건조,맑음,교차로 - 교차로부근,승용,남,47세,기타불명,승용,여,45세,중상
2014042600100473,2014년 4월 26일 18시,토요일,경상남도 밀양시 내이동,경상사고,0,0,1,0,차대차 - 측면직각충돌,안전운전불이행,건조,맑음,교차로 - 교차로안,승용,남,58세,상해없음,승합,남,58세,상해없음
2014042600100474,2014년 4월 26일 18시,토요일,경상남도 양산시 명동,경상사고,0,0,1,0,차대차 - 측면직각충돌,교차로운행방법위반,건조,맑음,교차로 - 교차로안,승용,남,56세,상해없음,이륜,남,29세,경상
2014042600100475,2014년 4월 26일 18시,토요일,경상남도 거제시 고현동,경상사고,0,0,1,0,차대차 - 기타,안전운전불이행,건조,맑음,단일로 - 기타,승용,남,45세,상해없음,자전거,남,34세,경상
2014042600100518,2014년 4월 26일 19시,토요일,경상남도 창원시 성산구 상남동,경상사고,0,0,1,0,차대사람 - 기타,안전운전불이행,건조,맑음,기타 - 기타,승용,남,31세,상해없음,보행자,남,25세,경상
2014042600100549,2014년 4월 26일 20시,토요일,경상남도 거제시 일운면,중상사고,0,1,0,0,차대차 - 기타,중앙선침범,건조,맑음,교차로 - 교차로부근,승용,남,42세,상해없음,자전거,남,43세,중상
2014042600100550,2014년 4월 26일 20시,토요일,경상남도 김해시 장유면,중상사고,0,1,0,0,차대차 - 측면직각충돌,안전운전불이행,건조,맑음,단일로 - 기타,이륜,남,18세,중상,승용,남,51세,상해없음
2014042600100578,2014년 4월 26일 21시,토요일,경상남도 거제시 양정동,중상사고,0,1,0,0,차대차 - 기타,안전운전불이행,건조,맑음,단일로 - 기타,승용,남,52세,상해없음,이륜,남,45세,중상
2014042600100605,2014년 4월 26일 22시,토요일,경상남도 통영시 광도면,중상사고,0,2,1,0,차대차 - 기타,안전운전불이행,건조,맑음,교차로 - 교차로안,승용,남,29세,상해없음,승용,남,34세,중상
2014042600100606,2014년 4월 26일 22시,토요일,경상남도 김해시 삼정동,경상사고,0,0,2,0,차대차 - 추돌 - 진행중,안전거리미확보,건조,맑음,단일로 - 기타,승용,남,60세,상해없음,승용,남,30세,경상