사고번호,사고일시,요일,시군구,사고내용,사망자수,중상자수,경상자수,부상신고자수,사고유형,법규위반,노면상태,기상상태,도로형태,가해운전자 차종,가해운전자 성별,가해운전자 연령,가해운전자 상해정도,피해운전자 차종,피해운전자 성별,피해운전자 연령,피해운전자 상해정도
2014042600100607,2014년 4월 26일 22시,토요일,경상남도 창원시 의창구 도계동,경상사고,0,0,3,0,차대차 - 추돌 - 주정차중,중앙선침범,건조,맑음,단일로 - 기타,승용,남,31세,상해없음,승용,남,49세,경상
2014042600100627,2014년 4월 26일 23시,토요일,경상남도 밀양시 내이동,중상사고,0,1,0,0,차대차 - 추돌 - 진행중,안전운전불이행,건조,맑음,단일로 - 기타,화물,남,33세,상해없음,화물,남,46세,중상
2014042600100628,2014년 4월 26일 23시,토요일,경상남도 창원시 성산구 귀산동,경상사고,0,0,2,0,차대차 - 추돌 - 진행중,안전운전불이행,건조,맑음,기타 - 기타,승용,남,18세,상해없음,승용,남,23세,경상
2014042700100165,2014년 4월 27일 09시,일요일,경상남도 창원시 마산회원구 회원동,경상사고,0,0,1,0,차대차 - 측면직각충돌,안전운전불이행,건조,맑음,단일로 - 기타,승용,남,55세,상해없음,화물,여,45세,경상
2014042700100221,2014년 4월 27일 12시,일요일,경상남도 밀양시 삼문동,중상사고,0,1,0,0,차대차 - 추돌 - 진행중,안전운전불이행,건조,맑음,단일로 - 기타,승합,남,58세,상해없음,승합,남,51세,상해없음
2014042700100222,2014년 4월 27일 12시,일요일,경상남도 함안군 칠북면,경상사고,0,0,1,0,차량단독 - 기타,안전운전불이행,건조,맑음,단일로 - 기타,이륜,남,73세,상해없음,,,,
2014042700100255,2014년 4월 27일 13시,일요일,경상남도 거제시 장목면,경상사고,0,0,1,0,차대차 - 기타,안전운전불이행,건조,흐림,교차로 - 교차로부근,승용,남,75세,상해없음,자전거,남,9세,경상
2014042700100256,2014년 4월 27일 13시,일요일,경상남도 거제시 둔덕면,경상사고,0,0,1,0,차량단독 - 기타,안전운전불이행,건조,맑음,단일로 - 기타,승합,남,56세,상해없음,,,,
2014042700100293,2014년 4월 27일 14시,일요일,경상남도 양산시 삼호동,경상사고,0,0,4,0,차대차 - 측면직각충돌,신호위반,건조,맑음,교차로 - 교차로안,승용,남,66세,상해없음,승용,남,59세,경상
2014042700100294,2014년 4월 27일 14시,일요일,경상남도 거제시 상동동,중상사고,0,1,0,0,차대사람 - 기타,안전운전불이행,건조,맑음,단일로 - 기타,건설기계,남,55세,상해없음,보행자,여,48세,중상
2014042700100326,2014년 4월 27일 15시,일요일,경상남도 사천시 곤양면,부상신고사고,0,0,0,1,차량단독 - 공작물충돌,안전운전불이행,습기,비,단일로 - 기타,승용,여,41세,부상신고,,,,
2014042700100353,2014년 4월 27일 16시,일요일,경상남도 양산시 소주동,경상사고,0,0,1,0,차대차 - 기타,안전운전불이행,건조,맑음,기타 - 기타,승용,여,48세,상해없음,자전거,남,11세,경상
2014042700100373,2014년 4월 27일 17시,일요일,경상남도 창원시 마산합포구 중앙동3가,경상사고,0,0,1,0,차대사람 - 횡단중,안전운전불이행,건조,맑음,교차로 - 교차로안,승용,남,64세,상해없음,보행자,여,49세,경상
2014042700100374,2014년 4월 27일 17시,일요일,경상남도 거제시 연초면,경상사고,0,0,1,0,차대차 - 기타,안전운전불이행,건조,맑음,단일로 - 기타,승용,여,41세,상해없음,승용,남,31세,경상
2014042700100375,2014년 4월 27일 17시,일요일,경상남도 산청군 생비량면,경상사고,0,0,1,0,차대차 - 기타,안전운전불이행,습기,비,단일로 - 기타,승용,남,20세,경상,승합,남,49세,상해없음
2014042700100399,2014년 4월 27일 18시,일요일,경상남도 창녕군 영산면,경상사고,0,0,3,0,차대차 - 측면직각충돌,직진우회전진행방해,건조,흐림,교차로 - 교차로안,승용,여,24세,경상,승용,여,36세,경상
2014042700100446,2014년 4월 27일 19시,일요일,경상남도 김해시 구산동,중상사고,0,1,1,0,차대차 - 측면직각충돌,차로위반,습기,비,단일로 - 기타,승용,여,59세,상해없음,승용,남,39세,경상
2014042700100447,2014년 4월 27일 19시,일요일,경상남도 창원시 마산회원구 합성동,경상사고,0,0,2,0,차대차 - 추돌 - 진행중,안전운전불이행,습기,비,단일로 - 기타,승용,남,51세,상해없음,승용,남,27세,경상
2014042700100448,2014년 4월 27일 19시,일요일,경상남도 거창군 거창읍,사망사고,2,1,0,0,차대차 - 기타,안전운전불이행,습기,비,단일로 - 기타,특수,남,50세,상해없음,승용,남,50세,중상
2014042700100490,2014년 4월 27일 20시,일요일,경상남도 진주시 상대동,중상사고,0,1,2,0,차대차 - 추돌 - 주정차중,안전운전불이행,습기,비,교차로 - 교차로부근,승용,남,32세,상해없음,승용,남,28세,중상
2014042700100491,2014년 4월 27일 20시,일요일,경상남도 밀양시 삼문동,중상사고,0,1,0,0,차대사람 - 횡단중,안전운전불이행,습기,비,단일로 - 기타,승용,남,38세,상해없음,보행자,남,70세,중상
2014042700100492,2014년 4월 27일 20시,일요일,경상남도 창원시 마산회원구 양덕동,경상사고,0,0,2,0,차대차 - 추돌 - 진행중,안전운전불이행,습기,비,단일로 - 기타,승용,남,49세,기타불명,승용,남,55세,경상
2014042700100493,2014년 4월 27일 20시,일요일,경상남도 창원시 마산회원구 양덕동,경상사고,0,0,1,0,차대차 - 추돌 - 주정차중,안전운전불이행,건조,맑음,단일로 - 기타,승용,남,14세,상해없음,승용,남,73세,경상
2014042700100494,2014년 4월 27일 20시,일요일,경상남도 창원시 마산회원구 합성동,경상사고,0,0,1,0,차대차 - 추돌 - 주정차중,안전운전불이행,습기,비,단일로 - 기타,승용,남,67세,상해없음,승용,남,66세,경상
2014042700100541,2014년 4월 27일 21시,일요일,경상남도 김해시 장유면,중상사고,0,1,1,0,차대사람 - 기타,안전운전불이행,습기,비,단일로 - 기타,승용,남,55세,상해없음,보행자,남,48세,중상
2014042700100585,2014년 4월 27일 22시,일요일,경상남도 창원시 마산합포구 구산면,사망사고,1,1,0,0,차대사람 - 기타,안전운전불이행,건조,맑음,단일로 - 기타,화물,남,60세,상해없음,보행자,남,61세,사망
2014042700100586,2014년 4월 27일 22시,일요일,경상남도 통영시 도산면,중상사고,0,3,2,0,차대차 - 정면충돌,신호위반,습기,비,교차로 - 교차로안,승용,남,45세,상해없음,승용,여,48세,중상
2014042700100587,2014년 4월 27일 22시,일요일,경상남도 거제시 하청면,경상사고,0,0,1,0,차대차 - 기타,안전운전불이행,건조,맑음,단일로 - 기타,승용,남,49세,상해없음,승용,남,50세,경상
2014042700100621,2014년 4월 27일 23시,일요일,경상남도 사천시 사천읍,중상사고,0,3,0,0,차대차 - 추돌 - 진행중,안전운전불이행,습기,비,교차로 - 교차로부근,화물,남,38세,중상,화물,남,43세,중상
2014042700100622,2014년 4월 27일 23시,일요일,경상남도 김해시 삼정동,중상사고,0,2,0,0,차대차 - 측면직각충돌,교차로운행방법위반,습기,비,교차로 - 교차로안,원동기,남,25세,중상,승용,남,42세,중상
2014042700100623,2014년 4월 27일 23시,일요일,경상남도 거제시 고현동,중상사고,0,1,0,0,차대차 - 기타,신호위반,기타,비,교차로 - 교차로안,승용,여,54세,상해없음,승용,여,47세,중상
2014042700100624,2014년 4월 27일 23시,일요일,경상남도 거제시 아주동,경상사고,0,0,4,0,차대차 - 기타,안전운전불이행,건조,맑음,교차로 - 교차로안,승용,남,40세,상해없음,승용,남,24세,경상
2014042700100625,2014년 4월 27일 23시,일요일,경상남도 창원시 마산회원구 봉암동,경상사고,0,0,2,0,차대차 - 추돌 - 진행중,안전운전불이행,습기,비,단일로 - 기타,승용,남,28세,상해없음,승용,여,48세,경상
2014042700100626,2014년 4월 27일 23시,일요일,경상남도 창원시 마산회원구 양덕동,경상사고,0,0,1,0,차대차 - 추돌 - 진행중,안전운전불이행,습기,비,단일로 - 기타,승용,여,46세,상해없음,승용,남,22세,경상
2014042800100012,2014년 4월 28일 00시,월요일,경상남도 양산시 북정동,경상사고,0,0,1,0,차대차 - 측면직각충돌,안전운전불이행,건조,맑음,단일로 - 기타,승용,여,32세,상해없음,승용,여,39세,경상
2014042800100087,2014년 4월 28일 06시,월요일,경상남도 함안군 칠원면,경상사고,0,0,1,0,차대차 - 측면직각충돌,안전운전불이행,습기,비,단일로 - 기타,승용,여,49세,상해없음,승용,남,36세,경상
2014042800100112,2014년 4월 28일 07시,월요일,경상남도 사천시 사천읍,중상사고,0,2,1,0,차대차 - 기타,신호위반,습기,비,교차로 - 교차로안,화물,남,67세,경상,승용,남,41세,중상
2014042800100113,2014년 4월 28일 07시,월요일,경상남도 김해시 동상동,경상사고,0,0,1,0,차대차 - 기타,안전운전불이행,건조,맑음,단일로 - 기타,기타불명,기타불명,기타불명,기타불명,기타불명,기타불명,기타불명,기타불명
2014042800100114,2014년 4월 28일 07시,월요일,경상남도 양산시 용당동,경상사고,0,0,2,0,차대차 - 기타,안전거리미확보,습기,비,단일로 - 기타,건설기계,남,35세,상해없음,화물,남,64세,경상
2014042800100154,2014년 4월 28일 08시,월요일,경상남도 진주시 망경동,경상사고,0,0,1,0,차대사람 - 차도통행중,안전운전불이행,습기,비,교차로 - 교차로부근,승용,여,32세,상해없음,보행자,여,56세,경상
2014042800100155,2014년 4월 28일 08시,월요일,경상남도 사천시 동림동,경상사고,0,0,1,0,차대차 - 측면직각충돌,교차로운행방법위반,습기,비,교차로 - 교차로안,화물,남,57세,상해없음,승용,여,49세,경상
2014042800100156,2014년 4월 28일 08시,월요일,경상남도 김해시 어방동,경상사고,0,0,1,0,차대차 - 측면직각충돌,안전운전불이행,습기,비,단일로 - 기타,화물,남,59세,상해없음,승합,남,41세,경상
2014042800100157,2014년 4월 28일 08시,월요일,경상남도 창원시 의창구 명서동,중상사고,0,1,0,0,차대사람 - 횡단중,안전운전불이행,습기,비,단일로 - 횡단보도상,승용,남,67세,상해없음,보행자,남,14세,중상
2014042800100186,2014년 4월 28일 09시,월요일,경상남도 창원시 진해구 경화동,경상사고,0,0,1,0,차대사람 - 기타,안전운전불이행,건조,맑음,단일로 - 기타,승용,남,63세,상해없음,보행자,여,53세,경상
2014042800100187,2014년 4월 28일 09시,월요일,경상남도 통영시 광도면,경상사고,0,0,1,0,차대차 - 추돌 - 주정차중,안전운전불이행,습기,비,단일로 - 기타,승용,남,34세,상해없음,승용,남,39세,경상
2014042800100218,2014년 4월 28일 10시,월요일,경상남도 진주시 주약동,중상사고,0,1,0,0,차대차 - 측면직각충돌,신호위반,습기,비,교차로 - 교차로안,승용,남,62세,상해없음,승용,여,50세,상해없음
2014042800100219,2014년 4월 28일 10시,월요일,경상남도 사천시 정동면,경상사고,0,0,1,0,차량단독 - 공작물충돌,안전운전불이행,습기,비,교차로 - 교차로안,승용,남,28세,경상,,,,
2014042800100220,2014년 4월 28일 10시,월요일,경상남도 양산시 물금읍,경상사고,0,0,1,0,차대차 - 기타,신호위반,건조,맑음,교차로 - 교차로안,승용,여,27세,상해없음,승용,남,60세,경상
2014042800100221,2014년 4월 28일 10시,월요일,경상남도 거제시 사등면,경상사고,0,0,4,0,차량단독 - 공작물충돌,기타,건조,맑음,단일로 - 기타,승용,남,57세,상해없음,,,,
2014042800100253,2014년 4월 28일 11시,월요일,경상남도 창원시 마산합포구 중앙동2가,중상사고,0,1,0,0,차대차 - 측면직각충돌,교차로운행방법위반,건조,맑음,교차로 - 교차로안,화물,남,52세,상해없음,승용,여,40세,중상
2014042800100286,2014년 4월 28일 12시,월요일,경상남도 김해시 동상동,경상사고,0,0,2,0,차대차 - 추돌 - 진행중,안전운전불이행,습기,비,교차로 - 교차로부근,승용,남,59세,상해없음,승용,남,22세,경상
2014042800100287,2014년 4월 28일 12시,월요일,경상남도 양산시 덕계동,경상사고,0,0,2,0,차대차 - 기타,안전거리미확보,건조,맑음,교차로 - 교차로부근,승용,여,38세,경상,승용,남,52세,경상
2014042800100319,2014년 4월 28일 13시,월요일,경상남도 창원시 마산합포구 가포동,부상신고사고,0,0,0,1,차대차 - 정면충돌,중앙선침범,습기,비,단일로 - 기타,승용,여,53세,부상신고,승합,남,61세,상해없음
2014042800100356,2014년 4월 28일 14시,월요일,경상남도 김해시 지내동,경상사고,0,0,2,0,차대차 - 추돌 - 주정차중,안전운전불이행,습기,비,교차로 - 교차로부근,승합,남,78세,상해없음,승합,남,34세,경상
2014042800100357,2014년 4월 28일 14시,월요일,경상남도 거제시 사등면,경상사고,0,0,4,0,차대차 - 추돌 - 진행중,안전운전불이행,건조,맑음,단일로 - 기타,화물,남,41세,상해없음,승용,남,30세,경상
2014042800100390,2014년 4월 28일 15시,월요일,경상남도 창원시 성산구 대방동,중상사고,0,1,0,0,차대사람 - 횡단중,보행자보호의무위반,습기,비,단일로 - 횡단보도상,승용,여,57세,상해없음,보행자,남,8세,중상
2014042800100464,2014년 4월 28일 17시,월요일,경상남도 창원시 의창구 동읍,중상사고,0,1,0,0,차량단독 - 공작물충돌,안전운전불이행,습기,비,단일로 - 기타,화물,여,55세,중상,,,,
2014042800100492,2014년 4월 28일 18시,월요일,경상남도 양산시 북부동,경상사고,0,0,1,0,차대차 - 측면직각충돌,교차로운행방법위반,습기,비,교차로 - 교차로안,승용,남,67세,상해없음,승용,남,29세,경상
2014042800100523,2014년 4월 28일 19시,월요일,경상남도 창원시 진해구 덕산동,경상사고,0,0,1,0,차대차 - 기타,안전운전불이행,건조,맑음,교차로 - 교차로안,승용,여,34세,상해없음,승용,남,38세,경상
2014042800100524,2014년 4월 28일 19시,월요일,경상남도 통영시 봉평동,중상사고,0,1,0,0,차대사람 - 횡단중,보행자보호의무위반,습기,비,단일로 - 기타,승용,남,52세,상해없음,보행자,여,54세,중상
2014042800100525,2014년 4월 28일 19시,월요일,경상남도 사천시 벌리동,경상사고,0,0,1,0,차대차 - 추돌 - 진행중,안전운전불이행,습기,비,단일로 - 기타,승용,남,42세,상해없음,승용,남,49세,경상
2014042800100526,2014년 4월 28일 19시,월요일,경상남도 거제시 아양동,경상사고,0,0,1,0,차대사람 - 기타,안전운전불이행,건조,맑음,단일로 - 기타,승용,남,39세,상해없음,보행자,남,51세,경상
2014042800100568,2014년 4월 28일 20시,월요일,경상남도 김해시 구산동,중상사고,0,1,2,0,차대차 - 측면직각충돌,신호위반,건조,맑음,교차로 - 교차로안,승용,남,45세,경상,승용,여,43세,중상
2014042800100611,2014년 4월 28일 21시,월요일,경상남도 진주시 하대동,경상사고,0,0,1,0,차대사람 - 횡단중,안전운전불이행,습기,비,교차로 - 교차로안,승용,남,46세,상해없음,보행자,남,22세,경상
2014042800100612,2014년 4월 28일 21시,월요일,경상남도 사천시 사천읍,경상사고,0,0,5,0,차대차 - 측면직각충돌,안전거리미확보,습기,비,교차로 - 교차로안,승용,남,41세,상해없음,승용,남,32세,경상
2014042800100613,2014년 4월 28일 21시,월요일,경상남도 양산시 명동,중상사고,0,1,1,0,차대차 - 기타,안전운전불이행,건조,맑음,단일로 - 기타,승용,여,65세,상해없음,승용,여,42세,경상
2014042800100614,2014년 4월 28일 21시,월요일,경상남도 창원시 마산회원구 합성동,중상사고,0,1,0,1,차대차 - 측면직각충돌,안전운전불이행,건조,맑음,교차로 - 교차로안,승용,남,60세,상해없음,승용,남,30세,부상신고
2014042800100655,2014년 4월 28일 22시,월요일,경상남도 거제시 아주동,중상사고,0,1,0,0,차대사람 - 기타,신호위반,건조,맑음,단일로 - 기타,승용,남,44세,상해없음,보행자,남,36세,중상
2014042800100656,2014년 4월 28일 22시,월요일,경상남도 거제시 아주동,경상사고,0,0,1,0,차대사람 - 기타,안전운전불이행,습기,비,단일로 - 기타,승용,여,52세,상해없음,보행자,남,54세,경상
2014042800100704,2014년 4월 28일 23시,월요일,경상남도 김해시 삼계동,중상사고,0,1,0,0,차량단독 - 공작물충돌,안전운전불이행,습기,비,단일로 - 기타,이륜,남,32세,중상,,,,
2014042900100018,2014년 4월 29일 00시,화요일,경상남도 거제시 연초면,경상사고,0,0,3,0,차대차 - 기타,안전운전불이행,건조,맑음,교차로 - 교차로안,화물,남,39세,상해없음,승용,여,43세,경상
2014042900100019,2014년 4월 29일 00시,화요일,경상남도 창원시 마산회원구 회원동,사망사고,1,1,1,0,차대차 - 정면충돌,중앙선침범,습기,비,단일로 - 기타,승용,남,67세,사망,승용,남,40세,중상
2014042900100020,2014년 4월 29일 00시,화요일,경상남도 창원시 마산회원구 석전동,중상사고,0,1,2,0,차대차 - 측면직각충돌,안전운전불이행,습기,비,교차로 - 교차로부근,승용,남,58세,기타불명,승용,남,58세,중상
2014042900100061,2014년 4월 29일 02시,화요일,경상남도 사천시 사남면,경상사고,0,0,1,0,차량단독 - 공작물충돌,안전운전불이행,습기,비,단일로 - 기타,화물,남,31세,기타불명,,,,
2014042900100062,2014년 4월 29일 02시,화요일,경상남도 양산시 물금읍,경상사고,0,0,1,0,차대사람 - 기타,안전운전불이행,습기,비,단일로 - 기타,승용,남,58세,상해없음,보행자,남,30세,경상
2014042900100098,2014년 4월 29일 05시,화요일,경상남도 양산시 교동,중상사고,0,1,0,0,차대차 - 기타,안전운전불이행,건조,흐림,교차로 - 교차로안,원동기,남,32세,기타불명,자전거,여,43세,중상
2014042900100131,2014년 4월 29일 07시,화요일,경상남도 창원시 진해구 여좌동,경상사고,0,0,1,0,차대차 - 추돌 - 주정차중,안전운전불이행,습기,비,교차로 - 교차로부근,화물,남,50세,상해없음,승용,남,61세,경상
2014042900100132,2014년 4월 29일 07시,화요일,경상남도 김해시 삼계동,중상사고,0,1,1,0,차대차 - 측면직각충돌,중앙선침범,습기,흐림,단일로 - 기타,승용,남,36세,경상,화물,남,36세,중상
2014042900100133,2014년 4월 29일 07시,화요일,경상남도 창녕군 남지읍,경상사고,0,0,1,0,차대차 - 추돌 - 진행중,안전거리미확보,습기,비,교차로 - 교차로부근,화물,남,39세,상해없음,승용,남,31세,상해없음
2014042900100134,2014년 4월 29일 07시,화요일,경상남도 거제시 아주동,경상사고,0,0,2,0,차대차 - 추돌 - 진행중,안전운전불이행,건조,맑음,단일로 - 기타,승용,남,46세,상해없음,승용,여,50세,경상
2014042900100136,2014년 4월 29일 07시,화요일,경상남도 의령군 의령읍,경상사고,0,0,1,0,차대차 - 측면직각충돌,교차로운행방법위반,습기,비,교차로 - 교차로안,승용,남,55세,상해없음,자전거,남,57세,경상
2014042900100161,2014년 4월 29일 08시,화요일,경상남도 김해시 대동면,중상사고,0,1,1,0,차대차 - 기타,안전거리미확보,건조,맑음,단일로 - 기타,화물,남,39세,상해없음,화물,남,53세,중상
2014042900100182,2014년 4월 29일 08시,화요일,경상남도 창원시 마산합포구 신포동2가,경상사고,0,0,1,0,차대차 - 측면직각충돌,안전운전불이행,습기,비,교차로 - 교차로안,승용,여,52세,상해없음,승용,남,67세,경상
2014042900100183,2014년 4월 29일 08시,화요일,경상남도 진주시 하대동,중상사고,0,1,1,0,차대차 - 측면직각충돌,중앙선침범,습기,흐림,단일로 - 기타,승용,여,63세,경상,승용,여,56세,중상
2014042900100184,2014년 4월 29일 08시,화요일,경상남도 김해시 주촌면,경상사고,0,0,1,0,차대차 - 기타,안전운전불이행,습기,비,단일로 - 기타,화물,남,55세,상해없음,승용,여,47세,경상
2014042900100222,2014년 4월 29일 09시,화요일,경상남도 창원시 마산합포구 남성동,경상사고,0,0,1,0,차대사람 - 기타,안전운전불이행,건조,맑음,교차로 - 교차로안,화물,남,49세,상해없음,보행자,여,54세,경상
2014042900100223,2014년 4월 29일 09시,화요일,경상남도 창원시 진해구 태백동,중상사고,0,1,1,0,차대차 - 측면직각충돌,안전운전불이행,습기,비,교차로 - 교차로부근,승용,남,60세,경상,화물,남,53세,중상
2014042900100224,2014년 4월 29일 09시,화요일,경상남도 김해시 삼계동,중상사고,0,1,0,0,차대차 - 측면직각충돌,중앙선침범,습기,비,단일로 - 기타,승용,여,28세,상해없음,승용,남,51세,상해없음
2014042900100225,2014년 4월 29일 09시,화요일,경상남도 창녕군 남지읍,중상사고,0,1,0,0,차대차 - 측면직각충돌,신호위반,습기,비,교차로 - 교차로안,승용,남,47세,상해없음,자전거,여,78세,중상
2014042900100226,2014년 4월 29일 09시,화요일,경상남도 남해군 서면,경상사고,0,0,1,0,차대사람 - 횡단중,보행자보호의무위반,습기,흐림,교차로 - 교차로부근,화물,남,72세,상해없음,보행자,여,73세,경상
2014042900100256,2014년 4월 29일 10시,화요일,경상남도 김해시 장유면,중상사고,0,1,0,0,차대차 - 추돌 - 진행중,안전운전불이행,습기,비,단일로 - 기타,승용,여,31세,기타불명,화물,남,33세,중상
2014042900100267,2014년 4월 29일 11시,화요일,경상남도 창원시 마산합포구 진북면,중상사고,0,1,0,0,차대차 - 추돌 - 진행중,안전거리미확보,건조,맑음,단일로 - 기타,승용,남,21세,상해없음,화물,남,47세,중상
2014042900100291,2014년 4월 29일 12시,화요일,경상남도 진주시 호탄동,경상사고,0,0,1,0,차대차 - 기타,안전운전불이행,습기,비,단일로 - 기타,화물,남,52세,상해없음,자전거,여,20세,경상
2014042900100292,2014년 4월 29일 12시,화요일,경상남도 사천시 벌리동,경상사고,0,0,1,0,차대차 - 기타,교차로운행방법위반,건조,맑음,교차로 - 교차로안,승용,여,50세,상해없음,승용,남,50세,경상
2014042900100293,2014년 4월 29일 12시,화요일,경상남도 창원시 마산회원구 양덕동,경상사고,0,0,1,0,차대사람 - 횡단중,안전운전불이행,건조,맑음,교차로 - 교차로안,화물,남,56세,상해없음,보행자,남,42세,경상
2014042900100294,2014년 4월 29일 12시,화요일,경상남도 창원시 의창구 도계동,경상사고,0,0,1,0,차대차 - 추돌 - 진행중,중앙선침범,습기,흐림,단일로 - 기타,원동기,남,62세,상해없음,원동기,남,39세,경상
2014042900100315,2014년 4월 29일 13시,화요일,경상남도 창원시 마산합포구 진동면,경상사고,0,0,1,0,차량단독 - 전도전복,안전운전불이행,건조,맑음,단일로 - 기타,원동기,남,81세,경상,,,,
2014042900100316,2014년 4월 29일 13시,화요일,경상남도 창녕군 영산면,경상사고,0,0,4,0,차대차 - 기타,안전거리미확보,습기,비,단일로 - 기타,승용,남,73세,경상,승용,남,70세,상해없음
2014042900100317,2014년 4월 29일 13시,화요일,경상남도 창원시 마산회원구 봉암동,경상사고,0,0,1,1,차대차 - 측면직각충돌,안전운전불이행,건조,맑음,교차로 - 교차로부근,승용,여,67세,부상신고,화물,남,31세,상해없음
2014042900100345,2014년 4월 29일 14시,화요일,경상남도 창원시 마산합포구 자산동,중상사고,0,1,0,0,차대사람 - 기타,안전운전불이행,건조,흐림,단일로 - 기타,화물,남,53세,상해없음,보행자,남,67세,중상
2014042900100346,2014년 4월 29일 14시,화요일,경상남도 밀양시 내이동,경상사고,0,0,1,0,차대차 - 측면직각충돌,중앙선침범,습기,비,단일로 - 기타,승용,남,64세,상해없음,승용,남,41세,경상
2014042900100347,2014년 4월 29일 14시,화요일,경상남도 밀양시 하남읍,중상사고,0,1,0,0,차대사람 - 길가장자리구역통행중,안전운전불이행,습기,흐림,기타 - 기타,승합,남,70세,상해없음,보행자,남,93세,중상
2014042900100348,2014년 4월 29일 14시,화요일,경상남도 함양군 휴천면,경상사고,0,0,1,0,차대차 - 측면직각충돌,교차로운행방법위반,습기,비,교차로 - 교차로안,승용,남,40세,경상,화물,남,60세,상해없음
2014042900100378,2014년 4월 29일 15시,화요일,경상남도 창원시 진해구 남문동,경상사고,0,0,1,0,차대사람 - 기타,안전운전불이행,습기,흐림,기타 - 기타,승용,남,62세,상해없음,보행자,여,59세,경상
2014042900100379,2014년 4월 29일 15시,화요일,경상남도 창녕군 고암면,중상사고,0,1,0,0,차대차 - 측면직각충돌,직진우회전진행방해,습기,비,교차로 - 교차로안,승용,남,26세,상해없음,농기계,남,76세,중상
2014042900100380,2014년 4월 29일 15시,화요일,경상남도 거제시 장목면,경상사고,0,0,1,0,차대차 - 측면직각충돌,안전운전불이행,건조,맑음,단일로 - 기타,승용,여,42세,상해없음,화물,남,40세,상해없음
2014042900100418,2014년 4월 29일 16시,화요일,경상남도 창원시 마산합포구 월남동5가,경상사고,0,0,1,0,차대차 - 추돌 - 진행중,안전운전불이행,건조,맑음,교차로 - 교차로부근,승용,남,60세,상해없음,승용,남,31세,경상
2014042900100455,2014년 4월 29일 17시,화요일,경상남도 창녕군 영산면,중상사고,0,1,1,0,차대차 - 측면직각충돌,안전운전불이행,습기,비,교차로 - 교차로부근,승용,남,48세,상해없음,승용,남,49세,중상
2014042900100484,2014년 4월 29일 18시,화요일,경상남도 창원시 의창구 북면,중상사고,0,2,0,0,차대차 - 측면직각충돌,기타,건조,맑음,교차로 - 교차로안,승용,남,43세,상해없음,승합,남,62세,중상
2014042900100524,2014년 4월 29일 19시,화요일,경상남도 통영시 무전동,경상사고,0,0,1,0,차대사람 - 횡단중,안전운전불이행,건조,맑음,단일로 - 기타,승용,여,31세,상해없음,보행자,남,5세,경상
2014042900100525,2014년 4월 29일 19시,화요일,경상남도 밀양시 내이동,중상사고,0,1,1,0,차대차 - 추돌 - 주정차중,안전운전불이행,습기,비,교차로 - 교차로안,화물,남,57세,상해없음,승용,남,31세,중상
2014042900100526,2014년 4월 29일 19시,화요일,경상남도 함양군 함양읍,중상사고,0,2,2,0,차대차 - 측면직각충돌,교차로운행방법위반,습기,비,교차로 - 교차로안,승용,여,41세,중상,승용,남,35세,중상
2014042900100527,2014년 4월 29일 19시,화요일,경상남도 양산시 중부동,경상사고,0,0,1,0,차대차 - 기타,직진우회전진행방해,건조,맑음,교차로 - 교차로안,승용,여,27세,상해없음,승합,여,42세,상해없음
2014042900100528,2014년 4월 29일 19시,화요일,경상남도 거제시 사등면,중상사고,0,1,3,0,차대차 - 기타,안전운전불이행,건조,맑음,단일로 - 기타,승용,남,61세,상해없음,승용,남,26세,경상
2014042900100529,2014년 4월 29일 19시,화요일,경상남도 창원시 마산회원구 양덕동,중상사고,0,1,1,0,차대차 - 추돌 - 주정차중,안전운전불이행,건조,흐림,교차로 - 교차로부근,승용,남,69세,상해없음,승용,여,46세,경상
2014042900100563,2014년 4월 29일 20시,화요일,경상남도 합천군 삼가면,중상사고,0,2,0,0,차대차 - 정면충돌,안전운전불이행,습기,흐림,단일로 - 기타,건설기계,남,48세,상해없음,화물,남,64세,중상
2014042900100580,2014년 4월 29일 21시,화요일,경상남도 김해시 구산동,중상사고,0,1,1,0,차대차 - 측면직각충돌,신호위반,습기,흐림,교차로 - 교차로안,승용,여,28세,중상,승합,남,66세,경상
2014042900100581,2014년 4월 29일 21시,화요일,경상남도 김해시 부원동,중상사고,0,1,1,0,차대차 - 측면직각충돌,신호위반,건조,맑음,교차로 - 교차로안,승용,남,43세,경상,승용,남,59세,중상
2014042900100582,2014년 4월 29일 21시,화요일,경상남도 거제시 옥포동,중상사고,0,2,0,0,차대사람 - 보도통행중,보행자보호의무위반,건조,맑음,단일로 - 기타,자전거,남,43세,중상,보행자,남,42세,중상
2014042900100617,2014년 4월 29일 22시,화요일,경상남도 창원시 마산합포구 서성동,경상사고,0,0,1,0,차대차 - 추돌 - 주정차중,불법유턴,습기,비,단일로 - 기타,승용,남,38세,상해없음,승용,남,29세,경상
2014042900100641,2014년 4월 29일 23시,화요일,경상남도 김해시 부원동,경상사고,0,0,1,0,차대차 - 측면직각충돌,직진우회전진행방해,건조,흐림,교차로 - 교차로안,원동기,남,45세,경상,승용,여,59세,상해없음
2014042900100642,2014년 4월 29일 23시,화요일,경상남도 김해시 어방동,중상사고,0,1,1,0,차대사람 - 횡단중,안전운전불이행,건조,맑음,교차로 - 교차로안,원동기,남,17세,경상,보행자,여,18세,중상