사고번호,사고일시,요일,시군구,사고내용,사망자수,중상자수,경상자수,부상신고자수,사고유형,법규위반,노면상태,기상상태,도로형태,가해운전자 차종,가해운전자 성별,가해운전자 연령,가해운전자 상해정도,피해운전자 차종,피해운전자 성별,피해운전자 연령,피해운전자 상해정도
2014050700100058,2014년 5월 7일 06시,수요일,경상남도 밀양시 무안면,사망사고,1,0,0,0,차량단독 - 공작물충돌,안전운전불이행,건조,맑음,교차로 - 교차로부근,화물,남,30세,사망,,,,
2014050700100084,2014년 5월 7일 07시,수요일,경상남도 통영시 광도면,중상사고,0,1,0,0,차대차 - 측면직각충돌,신호위반,건조,맑음,교차로 - 교차로안,승용,남,49세,상해없음,승합,남,35세,중상
2014050700100085,2014년 5월 7일 07시,수요일,경상남도 통영시 광도면,중상사고,0,1,0,0,차량단독 - 기타,안전운전불이행,건조,맑음,단일로 - 기타,승합,남,51세,상해없음,,,,
2014050700100086,2014년 5월 7일 07시,수요일,경상남도 김해시 삼정동,중상사고,0,1,0,0,차대차 - 추돌 - 진행중,교차로운행방법위반,건조,맑음,교차로 - 교차로안,이륜,남,63세,중상,승용,여,36세,상해없음
2014050700100118,2014년 5월 7일 08시,수요일,경상남도 사천시 좌룡동,경상사고,0,0,3,0,차대차 - 추돌 - 진행중,안전거리미확보,건조,맑음,단일로 - 기타,승합,여,43세,상해없음,승합,여,32세,경상
2014050700100119,2014년 5월 7일 08시,수요일,경상남도 사천시 사천읍,중상사고,0,1,1,0,차대차 - 추돌 - 주정차중,안전운전불이행,건조,맑음,단일로 - 기타,승용,남,38세,상해없음,승용,여,39세,중상
2014050700100120,2014년 5월 7일 08시,수요일,경상남도 사천시 서포면,중상사고,0,1,0,0,차대차 - 추돌 - 진행중,안전운전불이행,건조,맑음,단일로 - 기타,화물,남,60세,상해없음,승용,여,48세,중상
2014050700100121,2014년 5월 7일 08시,수요일,경상남도 김해시 부원동,중상사고,0,1,0,0,차대사람 - 횡단중,보행자보호의무위반,건조,맑음,교차로 - 교차로부근,승용,남,57세,기타불명,보행자,여,20세,중상
2014050700100122,2014년 5월 7일 08시,수요일,경상남도 함안군 가야읍,중상사고,0,1,0,0,차량단독 - 기타,안전운전불이행,건조,맑음,단일로 - 기타,승용,남,58세,중상,,,,
2014050700100123,2014년 5월 7일 08시,수요일,경상남도 창원시 마산회원구 회원동,경상사고,0,0,1,1,차대차 - 측면직각충돌,안전운전불이행,건조,맑음,단일로 - 기타,승용,남,48세,부상신고,승용,여,47세,경상
2014050700100160,2014년 5월 7일 09시,수요일,경상남도 창원시 성산구 웅남동,중상사고,0,1,0,0,차대차 - 기타,신호위반,건조,맑음,교차로 - 교차로안,승용,남,73세,상해없음,승용,여,50세,중상
2014050700100191,2014년 5월 7일 10시,수요일,경상남도 김해시 불암동,경상사고,0,0,1,0,차대차 - 추돌 - 진행중,안전운전불이행,건조,맑음,단일로 - 교량,승용,여,57세,상해없음,승용,남,51세,상해없음
2014050700100192,2014년 5월 7일 10시,수요일,경상남도 함양군 함양읍,중상사고,0,1,0,0,차대차 - 측면직각충돌,안전운전불이행,건조,맑음,단일로 - 기타,승용,여,54세,상해없음,원동기,남,68세,중상
2014050700100193,2014년 5월 7일 10시,수요일,경상남도 거제시 고현동,중상사고,0,1,0,0,차대사람 - 기타,보행자보호의무위반,건조,맑음,교차로 - 교차로부근,승합,남,31세,상해없음,보행자,여,85세,중상
2014050700100194,2014년 5월 7일 10시,수요일,경상남도 김해시 주촌면,부상신고사고,0,0,0,1,차대차 - 기타,안전운전불이행,건조,맑음,단일로 - 기타,이륜,남,76세,부상신고,화물,남,34세,상해없음
2014050700100211,2014년 5월 7일 11시,수요일,경상남도 통영시 정량동,부상신고사고,0,0,0,1,차대차 - 추돌 - 진행중,안전운전불이행,건조,맑음,교차로 - 교차로부근,이륜,남,31세,부상신고,화물,남,54세,상해없음
2014050700100212,2014년 5월 7일 11시,수요일,경상남도 통영시 도산면,경상사고,0,0,2,0,차량단독 - 전도전복,안전운전불이행,건조,맑음,단일로 - 기타,화물,남,63세,상해없음,,,,
2014050700100213,2014년 5월 7일 11시,수요일,경상남도 김해시 삼방동,경상사고,0,0,1,0,차대차 - 추돌 - 진행중,안전운전불이행,건조,맑음,단일로 - 기타,승용,남,65세,상해없음,승용,남,29세,경상
2014050700100214,2014년 5월 7일 11시,수요일,경상남도 거창군 신원면,중상사고,0,1,0,0,차대차 - 측면직각충돌,교차로운행방법위반,건조,맑음,교차로 - 교차로안,농기계,남,61세,중상,승용,남,36세,상해없음
2014050700100215,2014년 5월 7일 11시,수요일,경상남도 김해시 장유면,경상사고,0,0,1,0,차량단독 - 기타,안전운전불이행,건조,맑음,단일로 - 기타,승합,남,47세,상해없음,,,,
2014050700100252,2014년 5월 7일 12시,수요일,경상남도 진주시 상대동,중상사고,0,1,0,0,차대차 - 기타,안전운전불이행,건조,맑음,교차로 - 교차로안,승용,남,52세,상해없음,자전거,여,72세,중상
2014050700100253,2014년 5월 7일 12시,수요일,경상남도 밀양시 내이동,중상사고,0,1,0,0,차대차 - 측면직각충돌,안전운전불이행,건조,맑음,교차로 - 교차로안,화물,남,45세,상해없음,화물,남,32세,중상
2014050700100281,2014년 5월 7일 13시,수요일,경상남도 사천시 용강동,중상사고,0,1,3,0,차대차 - 측면직각충돌,교차로운행방법위반,건조,맑음,교차로 - 교차로안,승용,남,69세,상해없음,승용,남,33세,경상
2014050700100282,2014년 5월 7일 13시,수요일,경상남도 창원시 성산구 중앙동,경상사고,0,0,1,0,차대차 - 기타,안전운전불이행,건조,맑음,단일로 - 기타,승용,남,50세,상해없음,이륜,남,33세,경상
2014050700100296,2014년 5월 7일 14시,수요일,경상남도 김해시 진례면,경상사고,0,0,1,0,차대차 - 기타,안전운전불이행,건조,맑음,단일로 - 기타,승용,남,43세,상해없음,화물,남,34세,경상
2014050700100315,2014년 5월 7일 14시,수요일,경상남도 양산시 평산동,경상사고,0,0,1,0,차대사람 - 기타,기타,건조,맑음,단일로 - 기타,승합,남,34세,상해없음,보행자,여,62세,경상
2014050700100316,2014년 5월 7일 14시,수요일,경상남도 거제시 고현동,경상사고,0,0,1,0,차대차 - 측면직각충돌,안전운전불이행,건조,맑음,단일로 - 기타,승용,여,42세,상해없음,자전거,남,25세,경상
2014050700100317,2014년 5월 7일 14시,수요일,경상남도 남해군 남해읍,경상사고,0,0,1,0,차대차 - 기타,교차로운행방법위반,건조,맑음,교차로 - 교차로안,자전거,여,68세,경상,승용,남,57세,상해없음
2014050700100318,2014년 5월 7일 14시,수요일,경상남도 남해군 남해읍,경상사고,0,0,1,0,차대차 - 기타,안전운전불이행,건조,맑음,단일로 - 기타,승용,남,78세,상해없음,승용,남,55세,경상
2014050700100319,2014년 5월 7일 14시,수요일,경상남도 창원시 의창구 동읍,중상사고,0,1,0,0,차대차 - 측면직각충돌,신호위반,건조,맑음,교차로 - 교차로안,승용,남,27세,상해없음,승용,여,47세,중상
2014050700100391,2014년 5월 7일 16시,수요일,경상남도 사천시 사천읍,경상사고,0,0,1,0,차대차 - 측면직각충돌,교차로운행방법위반,건조,맑음,교차로 - 교차로안,이륜,여,71세,경상,승용,여,43세,상해없음
2014050700100433,2014년 5월 7일 17시,수요일,경상남도 사천시 곤명면,중상사고,0,3,0,1,차대차 - 정면충돌,교차로운행방법위반,건조,맑음,교차로 - 교차로안,승용,남,67세,중상,승용,남,34세,중상
2014050700100434,2014년 5월 7일 17시,수요일,경상남도 하동군 금성면,경상사고,0,0,1,0,차대차 - 측면직각충돌,안전운전불이행,건조,맑음,단일로 - 기타,승합,남,59세,상해없음,원동기,여,64세,경상
2014050700100479,2014년 5월 7일 18시,수요일,경상남도 진주시 상대동,중상사고,0,1,0,0,차대사람 - 기타,안전운전불이행,건조,맑음,단일로 - 기타,승용,남,40세,상해없음,보행자,남,64세,중상
2014050700100480,2014년 5월 7일 18시,수요일,경상남도 창원시 성산구 남산동,경상사고,0,0,1,0,차대차 - 기타,안전운전불이행,건조,맑음,단일로 - 기타,승용,남,50세,상해없음,이륜,남,27세,경상
2014050700100481,2014년 5월 7일 18시,수요일,경상남도 창원시 의창구 명서동,경상사고,0,0,2,0,차대차 - 측면직각충돌,안전운전불이행,건조,맑음,교차로 - 교차로안,승용,남,30세,상해없음,승용,여,36세,경상
2014050700100482,2014년 5월 7일 18시,수요일,경상남도 김해시 진영읍,부상신고사고,0,0,0,1,차대차 - 기타,안전운전불이행,건조,맑음,교차로 - 교차로안,자전거,남,66세,부상신고,승용,여,36세,상해없음
2014050700100518,2014년 5월 7일 19시,수요일,경상남도 김해시 구산동,경상사고,0,0,1,0,차대사람 - 횡단중,안전운전불이행,습기,비,단일로 - 기타,승용,여,41세,상해없음,보행자,여,45세,경상
2014050700100519,2014년 5월 7일 19시,수요일,경상남도 거창군 거창읍,경상사고,0,0,1,0,차대차 - 추돌 - 진행중,안전운전불이행,건조,맑음,단일로 - 기타,승용,남,34세,상해없음,원동기,남,23세,경상
2014050700100520,2014년 5월 7일 19시,수요일,경상남도 고성군 고성읍,중상사고,0,1,0,0,차대차 - 측면직각충돌,차로위반,건조,맑음,단일로 - 기타,화물,남,44세,상해없음,이륜,남,71세,중상
2014050700100557,2014년 5월 7일 20시,수요일,경상남도 양산시 하북면,경상사고,0,0,3,0,차대차 - 측면직각충돌,안전운전불이행,건조,맑음,단일로 - 기타,승용,남,46세,상해없음,승용,남,25세,경상
2014050700100600,2014년 5월 7일 21시,수요일,경상남도 양산시 소주동,중상사고,0,1,0,0,차대차 - 측면직각충돌,교차로운행방법위반,건조,맑음,교차로 - 교차로안,승용,남,52세,상해없음,승용,여,51세,중상
2014050700100601,2014년 5월 7일 21시,수요일,경상남도 남해군 남해읍,경상사고,0,0,1,0,차대차 - 기타,안전운전불이행,건조,맑음,교차로 - 교차로안,이륜,남,53세,경상,승용,남,40세,상해없음
2014050700100637,2014년 5월 7일 22시,수요일,경상남도 창원시 의창구 팔용동,경상사고,0,0,1,0,차대차 - 추돌 - 진행중,안전운전불이행,건조,맑음,단일로 - 기타,승용,남,18세,상해없음,승용,남,23세,경상
2014050700100670,2014년 5월 7일 23시,수요일,경상남도 양산시 물금읍,중상사고,0,1,0,0,차대차 - 추돌 - 주정차중,안전운전불이행,건조,맑음,교차로 - 교차로부근,승용,남,20세,상해없음,승용,남,34세,중상
2014050700100671,2014년 5월 7일 23시,수요일,경상남도 산청군 산청읍,중상사고,0,1,0,0,차대차 - 기타,안전운전불이행,건조,맑음,단일로 - 기타,승용,여,51세,중상,승합,남,33세,상해없음
2014050800100020,2014년 5월 8일 00시,목요일,경상남도 진주시 옥봉동,사망사고,1,0,0,0,차대사람 - 기타,안전운전불이행,건조,맑음,단일로 - 기타,승용,남,44세,상해없음,보행자,남,45세,사망
2014050800100021,2014년 5월 8일 00시,목요일,경상남도 사천시 봉남동,경상사고,0,0,1,0,차대차 - 기타,안전운전불이행,건조,맑음,교차로 - 교차로부근,이륜,남,51세,경상,승용,남,60세,상해없음
2014050800100031,2014년 5월 8일 01시,목요일,경상남도 창원시 마산합포구 부림동,경상사고,0,0,1,0,차대차 - 측면직각충돌,중앙선침범,건조,맑음,단일로 - 횡단보도부근,승용,남,47세,상해없음,원동기,남,20세,경상
2014050800100032,2014년 5월 8일 01시,목요일,경상남도 통영시 도남동,사망사고,1,3,1,1,차량단독 - 전도전복,안전운전불이행,건조,맑음,단일로 - 기타,승용,남,18세,상해없음,,,,
2014050800100049,2014년 5월 8일 02시,목요일,경상남도 진주시 신안동,경상사고,0,0,1,0,차대차 - 측면직각충돌,안전거리미확보,건조,맑음,단일로 - 기타,승용,남,45세,상해없음,승용,남,32세,경상
2014050800100090,2014년 5월 8일 06시,목요일,경상남도 창원시 진해구 석동,중상사고,0,1,0,0,차대차 - 기타,안전거리미확보,건조,맑음,교차로 - 교차로부근,승용,남,61세,상해없음,승용,남,60세,중상
2014050800100113,2014년 5월 8일 07시,목요일,경상남도 창원시 마산합포구 가포동,중상사고,0,4,0,2,차대차 - 추돌 - 진행중,차로위반,습기,비,단일로 - 터널,승용,여,51세,중상,승용,남,31세,중상
2014050800100114,2014년 5월 8일 07시,목요일,경상남도 진주시 장대동,경상사고,0,0,1,0,차대차 - 측면직각충돌,신호위반,습기,비,교차로 - 교차로안,승용,남,46세,상해없음,승용,여,56세,경상
2014050800100115,2014년 5월 8일 07시,목요일,경상남도 창원시 진해구 원포동,중상사고,0,1,0,0,차대사람 - 기타,보행자보호의무위반,건조,맑음,교차로 - 교차로안,승용,남,38세,상해없음,보행자,남,55세,중상
2014050800100159,2014년 5월 8일 08시,목요일,경상남도 김해시 대동면,경상사고,0,0,2,0,차대차 - 측면직각충돌,중앙선침범,습기,비,단일로 - 기타,화물,남,67세,상해없음,화물,남,35세,경상
2014050800100160,2014년 5월 8일 08시,목요일,경상남도 창녕군 성산면,경상사고,0,0,1,0,차량단독 - 전도전복,안전운전불이행,습기,비,단일로 - 기타,승용,남,20세,경상,,,,
2014050800100247,2014년 5월 8일 11시,목요일,경상남도 함양군 함양읍,중상사고,0,1,0,0,차대차 - 측면직각충돌,안전운전불이행,건조,맑음,단일로 - 기타,화물,남,73세,상해없음,승용,남,36세,중상
2014050800100248,2014년 5월 8일 11시,목요일,경상남도 양산시 삼호동,경상사고,0,0,1,0,차대차 - 기타,직진우회전진행방해,건조,맑음,교차로 - 교차로안,승용,남,48세,상해없음,승용,남,56세,상해없음
2014050800100283,2014년 5월 8일 12시,목요일,경상남도 창원시 마산합포구 월남동4가,경상사고,0,0,2,0,차대차 - 측면직각충돌,안전운전불이행,건조,맑음,단일로 - 기타,승용,남,54세,상해없음,승용,여,35세,경상
2014050800100284,2014년 5월 8일 12시,목요일,경상남도 통영시 북신동,중상사고,0,1,1,0,차대차 - 측면직각충돌,신호위반,건조,맑음,교차로 - 교차로안,승용,여,51세,상해없음,승용,남,80세,경상
2014050800100285,2014년 5월 8일 12시,목요일,경상남도 창녕군 남지읍,경상사고,0,0,1,0,차대차 - 기타,중앙선침범,건조,맑음,단일로 - 기타,자전거,여,52세,경상,승합,남,52세,상해없음
2014050800100286,2014년 5월 8일 12시,목요일,경상남도 창원시 의창구 봉곡동,중상사고,0,1,0,0,차대차 - 기타,직진우회전진행방해,건조,맑음,교차로 - 교차로안,승용,여,36세,상해없음,이륜,여,58세,중상
2014050800100287,2014년 5월 8일 12시,목요일,경상남도 김해시 장유면,경상사고,0,0,1,0,차대차 - 측면직각충돌,안전운전불이행,건조,맑음,단일로 - 기타,승용,남,73세,상해없음,승용,여,35세,경상
2014050800100314,2014년 5월 8일 13시,목요일,경상남도 진주시 남성동,사망사고,1,0,0,0,차대차 - 정면충돌,중앙선침범,건조,맑음,단일로 - 기타,이륜,남,72세,사망,화물,남,73세,상해없음
2014050800100315,2014년 5월 8일 13시,목요일,경상남도 밀양시 내일동,경상사고,0,0,1,0,차대사람 - 길가장자리구역통행중,안전운전불이행,건조,맑음,단일로 - 기타,승용,남,50세,상해없음,보행자,여,24세,경상
2014050800100342,2014년 5월 8일 14시,목요일,경상남도 통영시 용남면,부상신고사고,0,0,0,1,차대차 - 추돌 - 주정차중,안전운전불이행,건조,맑음,단일로 - 기타,승용,남,24세,부상신고,건설기계,남,28세,상해없음
2014050800100343,2014년 5월 8일 14시,목요일,경상남도 창녕군 계성면,중상사고,0,1,0,0,차대차 - 추돌 - 주정차중,안전운전불이행,건조,맑음,단일로 - 기타,원동기,남,71세,중상,승용,남,28세,상해없음
2014050800100379,2014년 5월 8일 15시,목요일,경상남도 사천시 정동면,경상사고,0,0,1,0,차대사람 - 기타,안전운전불이행,건조,맑음,교차로 - 교차로부근,기타불명,기타불명,기타불명,기타불명,보행자,여,7세,경상
2014050800100380,2014년 5월 8일 15시,목요일,경상남도 거제시 두모동,중상사고,0,1,1,0,차대차 - 추돌 - 진행중,신호위반,건조,맑음,교차로 - 교차로안,승용,여,55세,상해없음,승용,여,39세,중상
2014050800100381,2014년 5월 8일 15시,목요일,경상남도 함안군 가야읍,경상사고,0,0,3,0,차량단독 - 기타,안전운전불이행,건조,맑음,단일로 - 기타,승용,여,70세,경상,,,,
2014050800100425,2014년 5월 8일 16시,목요일,경상남도 양산시 남부동,부상신고사고,0,0,0,1,차대차 - 기타,교차로운행방법위반,건조,맑음,기타 - 기타,승용,남,51세,상해없음,자전거,남,12세,부상신고
2014050800100465,2014년 5월 8일 17시,목요일,경상남도 진주시 상대동,중상사고,0,1,0,0,차대차 - 측면직각충돌,교차로운행방법위반,건조,맑음,교차로 - 교차로안,화물,남,43세,상해없음,원동기,남,23세,중상
2014050800100466,2014년 5월 8일 17시,목요일,경상남도 진주시 평거동,중상사고,0,1,0,0,차대사람 - 차도통행중,교차로운행방법위반,건조,맑음,교차로 - 교차로안,승용,남,64세,상해없음,보행자,여,47세,중상
2014050800100467,2014년 5월 8일 17시,목요일,경상남도 거제시 장평동,중상사고,0,1,0,0,차대차 - 기타,중앙선침범,건조,맑음,교차로 - 교차로부근,승용,남,36세,상해없음,이륜,남,19세,중상
2014050800100468,2014년 5월 8일 17시,목요일,경상남도 김해시 주촌면,중상사고,0,1,0,0,차대차 - 측면직각충돌,직진우회전진행방해,건조,맑음,교차로 - 교차로안,승용,남,71세,상해없음,승용,여,42세,중상
2014050800100520,2014년 5월 8일 18시,목요일,경상남도 통영시 광도면,경상사고,0,0,1,0,차대사람 - 횡단중,보행자보호의무위반,건조,맑음,단일로 - 기타,화물,남,49세,상해없음,보행자,여,21세,경상
2014050800100521,2014년 5월 8일 18시,목요일,경상남도 김해시 대동면,경상사고,0,0,3,0,차대차 - 측면직각충돌,직진우회전진행방해,건조,맑음,교차로 - 교차로안,승용,남,32세,경상,승용,여,55세,경상
2014050800100522,2014년 5월 8일 18시,목요일,경상남도 창녕군 부곡면,경상사고,0,0,4,0,차대차 - 추돌 - 진행중,안전운전불이행,건조,맑음,교차로 - 교차로부근,승용,여,47세,경상,승용,여,39세,경상
2014050800100562,2014년 5월 8일 19시,목요일,경상남도 사천시 사천읍,경상사고,0,0,1,0,차량단독 - 전도전복,안전운전불이행,건조,맑음,단일로 - 기타,이륜,남,61세,경상,,,,
2014050800100563,2014년 5월 8일 19시,목요일,경상남도 산청군 생초면,중상사고,0,1,0,0,차대차 - 기타,안전운전불이행,건조,맑음,교차로 - 교차로안,이륜,남,65세,중상,승용,여,53세,상해없음
2014050800100564,2014년 5월 8일 19시,목요일,경상남도 의령군 궁류면,중상사고,0,1,0,0,차량단독 - 전도전복,안전운전불이행,건조,맑음,단일로 - 기타,농기계,남,54세,중상,,,,
2014050800100600,2014년 5월 8일 20시,목요일,경상남도 거제시 일운면,경상사고,0,0,2,0,차대차 - 기타,안전운전불이행,건조,맑음,교차로 - 교차로부근,승용,남,59세,상해없음,승용,남,44세,경상
2014050800100601,2014년 5월 8일 20시,목요일,경상남도 창원시 의창구 대산면,경상사고,0,0,1,0,차대사람 - 기타,안전운전불이행,기타,맑음,단일로 - 기타,자전거,남,45세,상해없음,보행자,여,47세,경상
2014050800100635,2014년 5월 8일 21시,목요일,경상남도 진주시 판문동,중상사고,0,1,1,0,차대차 - 측면직각충돌,직진우회전진행방해,건조,맑음,교차로 - 교차로안,승용,남,42세,상해없음,승용,남,47세,중상
2014050800100636,2014년 5월 8일 21시,목요일,경상남도 김해시 장유면,경상사고,0,0,1,0,차대차 - 측면직각충돌,안전운전불이행,건조,맑음,단일로 - 기타,승용,남,40세,상해없음,이륜,남,20세,경상
2014050800100668,2014년 5월 8일 22시,목요일,경상남도 사천시 사천읍,경상사고,0,0,1,0,차대차 - 추돌 - 진행중,안전운전불이행,건조,맑음,교차로 - 교차로안,이륜,남,27세,상해없음,이륜,남,39세,경상
2014050800100669,2014년 5월 8일 22시,목요일,경상남도 거제시 고현동,중상사고,0,1,0,0,차대차 - 기타,신호위반,건조,맑음,단일로 - 기타,이륜,남,50세,상해없음,이륜,남,50세,중상
2014050800100670,2014년 5월 8일 22시,목요일,경상남도 창원시 의창구 도계동,경상사고,0,0,1,0,차대차 - 기타,안전운전불이행,건조,맑음,단일로 - 기타,승용,남,57세,상해없음,이륜,남,31세,경상
2014050900100014,2014년 5월 9일 00시,금요일,경상남도 창원시 진해구 안골동,부상신고사고,0,0,0,1,차대차 - 기타,안전운전불이행,건조,맑음,교차로 - 교차로안,기타불명,기타불명,기타불명,기타불명,원동기,남,33세,부상신고
2014050900100049,2014년 5월 9일 05시,금요일,경상남도 양산시 삼호동,부상신고사고,0,0,0,1,차대차 - 측면직각충돌,직진우회전진행방해,건조,맑음,교차로 - 교차로안,승합,남,66세,상해없음,건설기계,남,41세,상해없음
2014050900100088,2014년 5월 9일 07시,금요일,경상남도 거제시 고현동,중상사고,0,1,0,0,차대차 - 기타,안전운전불이행,건조,맑음,단일로 - 기타,기타불명,기타불명,기타불명,기타불명,이륜,남,32세,중상
2014050900100089,2014년 5월 9일 07시,금요일,경상남도 거제시 연초면,경상사고,0,0,1,0,차대차 - 추돌 - 진행중,신호위반,건조,맑음,교차로 - 교차로안,화물,남,47세,상해없음,승합,남,29세,경상
2014050900100090,2014년 5월 9일 07시,금요일,경상남도 창원시 의창구 도계동,경상사고,0,0,1,0,차대차 - 측면직각충돌,안전운전불이행,건조,맑음,단일로 - 기타,승용,남,30세,상해없음,승용,남,65세,경상
2014050900100131,2014년 5월 9일 08시,금요일,경상남도 진주시 중안동,경상사고,0,0,1,0,차대차 - 측면직각충돌,안전거리미확보,건조,맑음,단일로 - 기타,승용,여,59세,상해없음,이륜,남,60세,경상
2014050900100132,2014년 5월 9일 08시,금요일,경상남도 사천시 동금동,중상사고,0,1,1,0,차대차 - 측면직각충돌,직진우회전진행방해,건조,맑음,교차로 - 교차로안,승용,남,67세,상해없음,이륜,남,74세,중상
2014050900100134,2014년 5월 9일 08시,금요일,경상남도 거제시 옥포동,중상사고,0,1,0,0,차대차 - 측면직각충돌,중앙선침범,건조,맑음,단일로 - 기타,승합,남,62세,상해없음,승용,여,37세,중상
2014050900100135,2014년 5월 9일 08시,금요일,경상남도 남해군 남면,중상사고,0,1,2,0,차대차 - 측면직각충돌,중앙선침범,건조,맑음,기타 - 기타,승용,남,59세,경상,승용,남,54세,상해없음
2014050900100206,2014년 5월 9일 10시,금요일,경상남도 진주시 주약동,경상사고,0,0,1,0,차대사람 - 길가장자리구역통행중,안전운전불이행,건조,맑음,교차로 - 교차로부근,화물,남,41세,상해없음,보행자,남,23세,경상
2014050900100207,2014년 5월 9일 10시,금요일,경상남도 밀양시 상남면,경상사고,0,0,1,0,차대차 - 추돌 - 진행중,안전운전불이행,건조,맑음,단일로 - 기타,승용,여,39세,상해없음,화물,남,66세,경상
2014050900100208,2014년 5월 9일 10시,금요일,경상남도 거제시 장평동,중상사고,0,1,0,0,차대차 - 추돌 - 진행중,안전거리미확보,건조,맑음,단일로 - 기타,승합,남,29세,상해없음,승용,여,47세,중상
2014050900100209,2014년 5월 9일 10시,금요일,경상남도 김해시 장유면,경상사고,0,0,1,0,차대차 - 측면직각충돌,안전운전불이행,건조,맑음,교차로 - 교차로안,기타불명,기타불명,기타불명,기타불명,승용,남,44세,경상
2014050900100235,2014년 5월 9일 11시,금요일,경상남도 진주시 봉래동,경상사고,0,0,1,0,차대차 - 측면직각충돌,교차로운행방법위반,건조,맑음,교차로 - 교차로안,승용,남,40세,상해없음,원동기,남,35세,경상
2014050900100236,2014년 5월 9일 11시,금요일,경상남도 밀양시 하남읍,경상사고,0,0,1,0,차대차 - 측면직각충돌,기타,건조,맑음,단일로 - 기타,화물,남,45세,상해없음,이륜,남,70세,경상
2014050900100237,2014년 5월 9일 11시,금요일,경상남도 거제시 장목면,중상사고,0,1,0,0,차대차 - 추돌 - 진행중,안전운전불이행,건조,맑음,교차로 - 교차로안,농기계,남,38세,상해없음,농기계,남,78세,중상
2014050900100238,2014년 5월 9일 11시,금요일,경상남도 의령군 의령읍,중상사고,0,1,0,0,차량단독 - 기타,안전운전불이행,건조,맑음,기타 - 기타,화물,남,53세,상해없음,,,,
2014050900100239,2014년 5월 9일 11시,금요일,경상남도 창원시 마산회원구 합성동,중상사고,0,1,0,0,차대사람 - 기타,안전운전불이행,건조,맑음,교차로 - 교차로부근,승합,남,64세,기타불명,보행자,여,77세,중상
2014050900100264,2014년 5월 9일 12시,금요일,경상남도 창원시 마산합포구 문화동,중상사고,0,1,0,0,차대차 - 측면직각충돌,기타,건조,맑음,교차로 - 교차로안,승용,남,64세,상해없음,원동기,남,75세,중상
2014050900100265,2014년 5월 9일 12시,금요일,경상남도 하동군 진교면,경상사고,0,0,1,0,차대차 - 측면직각충돌,교차로운행방법위반,건조,맑음,교차로 - 교차로안,승용,여,46세,상해없음,승용,남,40세,경상
2014050900100266,2014년 5월 9일 12시,금요일,경상남도 창원시 의창구 명서동,부상신고사고,0,0,0,1,차대사람 - 횡단중,보행자보호의무위반,건조,맑음,단일로 - 횡단보도상,승용,남,50세,상해없음,보행자,남,56세,부상신고
2014050900100267,2014년 5월 9일 12시,금요일,경상남도 김해시 장유면,경상사고,0,0,2,0,차대차 - 측면직각충돌,안전운전불이행,건조,맑음,교차로 - 교차로안,승용,여,44세,경상,승용,남,40세,경상
2014050900100292,2014년 5월 9일 13시,금요일,경상남도 김해시 외동,경상사고,0,0,1,0,차대차 - 측면직각충돌,교차로운행방법위반,건조,맑음,교차로 - 교차로안,승용,여,53세,상해없음,이륜,남,28세,경상
2014050900100293,2014년 5월 9일 13시,금요일,경상남도 함양군 함양읍,중상사고,0,1,0,0,차대차 - 측면직각충돌,교차로운행방법위반,건조,맑음,교차로 - 교차로안,승용,남,59세,상해없음,원동기,남,73세,중상
2014050900100326,2014년 5월 9일 14시,금요일,경상남도 창원시 마산합포구 신포동1가,경상사고,0,0,1,0,차대사람 - 기타,안전운전불이행,건조,맑음,교차로 - 교차로안,화물,남,58세,상해없음,보행자,남,35세,경상
2014050900100327,2014년 5월 9일 14시,금요일,경상남도 진주시 초전동,중상사고,0,1,0,0,차대사람 - 횡단중,보행자보호의무위반,건조,맑음,교차로 - 교차로안,승용,남,41세,상해없음,보행자,여,36세,중상
2014050900100328,2014년 5월 9일 14시,금요일,경상남도 진주시 하대동,중상사고,0,1,0,0,차량단독 - 도로외이탈 - 기타,안전운전불이행,건조,맑음,단일로 - 기타,원동기,남,70세,중상,,,,
2014050900100329,2014년 5월 9일 14시,금요일,경상남도 밀양시 삼랑진읍,중상사고,0,1,0,0,차대사람 - 길가장자리구역통행중,안전운전불이행,건조,맑음,교차로 - 교차로부근,승용,여,31세,상해없음,보행자,여,77세,중상
2014050900100330,2014년 5월 9일 14시,금요일,경상남도 창원시 의창구 용동,중상사고,0,1,0,0,차대차 - 측면직각충돌,안전운전불이행,건조,맑음,단일로 - 기타,승용,남,24세,상해없음,자전거,여,53세,중상
2014050900100331,2014년 5월 9일 14시,금요일,경상남도 김해시 명법동,중상사고,0,2,2,0,차대차 - 추돌 - 진행중,안전운전불이행,건조,맑음,교차로 - 교차로부근,건설기계,남,56세,상해없음,화물,남,40세,경상
2014050900100366,2014년 5월 9일 15시,금요일,경상남도 창녕군 창녕읍,경상사고,0,0,1,0,차대차 - 기타,안전운전불이행,건조,맑음,교차로 - 교차로부근,승용,남,53세,상해없음,원동기,남,68세,경상
2014050900100367,2014년 5월 9일 15시,금요일,경상남도 창원시 의창구 팔용동,경상사고,0,0,2,0,차대차 - 측면직각충돌,교차로운행방법위반,건조,맑음,교차로 - 교차로안,승용,남,51세,상해없음,승용,남,58세,상해없음
2014050900100412,2014년 5월 9일 16시,금요일,경상남도 창원시 마산합포구 문화동,경상사고,0,0,1,0,차대사람 - 기타,안전운전불이행,건조,맑음,단일로 - 기타,승합,남,40세,상해없음,보행자,여,14세,경상