사고번호,사고일시,요일,시군구,사고내용,사망자수,중상자수,경상자수,부상신고자수,사고유형,법규위반,노면상태,기상상태,도로형태,가해운전자 차종,가해운전자 성별,가해운전자 연령,가해운전자 상해정도,피해운전자 차종,피해운전자 성별,피해운전자 연령,피해운전자 상해정도
2014050900100413,2014년 5월 9일 16시,금요일,경상남도 창원시 마산합포구 남성동,중상사고,0,1,0,0,차대차 - 기타,교차로운행방법위반,건조,맑음,교차로 - 교차로안,승용,남,51세,상해없음,자전거,여,40세,중상
2014050900100414,2014년 5월 9일 16시,금요일,경상남도 사천시 사천읍,경상사고,0,0,3,0,차대차 - 측면직각충돌,교차로운행방법위반,건조,맑음,교차로 - 교차로안,승용,여,46세,상해없음,승합,남,60세,경상
2014050900100415,2014년 5월 9일 16시,금요일,경상남도 밀양시 상남면,중상사고,0,1,0,0,차대차 - 측면직각충돌,안전운전불이행,건조,맑음,교차로 - 교차로안,화물,여,59세,상해없음,승용,남,65세,중상
2014050900100416,2014년 5월 9일 16시,금요일,경상남도 합천군 대병면,경상사고,0,0,1,0,차량단독 - 공작물충돌,안전운전불이행,건조,맑음,교차로 - 교차로안,건설기계,남,48세,경상,,,,
2014050900100460,2014년 5월 9일 17시,금요일,경상남도 통영시 욕지면,중상사고,0,1,0,0,차량단독 - 공작물충돌,안전운전불이행,건조,맑음,단일로 - 기타,승용,남,62세,상해없음,,,,
2014050900100461,2014년 5월 9일 17시,금요일,경상남도 고성군 고성읍,중상사고,0,1,0,0,차대차 - 측면직각충돌,교차로운행방법위반,건조,맑음,교차로 - 교차로안,농기계,남,86세,상해없음,승용,여,48세,상해없음
2014050900100462,2014년 5월 9일 17시,금요일,경상남도 하동군 진교면,중상사고,0,1,1,0,차대차 - 측면직각충돌,교차로운행방법위반,건조,맑음,교차로 - 교차로안,승용,남,49세,상해없음,승용,여,58세,중상
2014050900100463,2014년 5월 9일 17시,금요일,경상남도 함안군 칠북면,경상사고,0,0,1,0,차대차 - 기타,안전운전불이행,건조,맑음,단일로 - 기타,승용,여,45세,상해없음,승용,여,63세,경상
2014050900100513,2014년 5월 9일 18시,금요일,경상남도 진주시 하대동,중상사고,0,1,0,0,차대차 - 기타,안전운전불이행,건조,맑음,교차로 - 교차로안,승용,남,51세,상해없음,자전거,남,14세,중상
2014050900100514,2014년 5월 9일 18시,금요일,경상남도 거제시 능포동,중상사고,0,1,0,0,차대차 - 기타,안전운전불이행,건조,맑음,단일로 - 기타,승용,남,29세,상해없음,이륜,남,27세,중상
2014050900100560,2014년 5월 9일 19시,금요일,경상남도 양산시 물금읍,경상사고,0,0,1,0,차대차 - 기타,신호위반,건조,맑음,교차로 - 교차로안,자전거,남,67세,기타불명,원동기,남,28세,경상
2014050900100561,2014년 5월 9일 19시,금요일,경상남도 하동군 옥종면,경상사고,0,0,1,0,차량단독 - 공작물충돌,안전운전불이행,건조,맑음,단일로 - 기타,원동기,여,74세,상해없음,,,,
2014050900100562,2014년 5월 9일 19시,금요일,경상남도 창원시 마산회원구 양덕동,경상사고,0,0,1,0,차대차 - 기타,중앙선침범,건조,맑음,교차로 - 교차로안,승용,남,70세,상해없음,원동기,남,32세,경상
2014050900100563,2014년 5월 9일 19시,금요일,경상남도 김해시 장유면,경상사고,0,0,1,0,차대차 - 측면직각충돌,안전운전불이행,건조,맑음,단일로 - 기타,승용,여,42세,상해없음,이륜,남,22세,경상
2014050900100564,2014년 5월 9일 19시,금요일,경상남도 김해시 진영읍,경상사고,0,0,1,0,차대차 - 측면직각충돌,안전운전불이행,건조,맑음,단일로 - 기타,승용,남,36세,상해없음,이륜,남,15세,경상
2014050900100592,2014년 5월 9일 20시,금요일,경상남도 사천시 사천읍,경상사고,0,0,1,0,차대사람 - 보도통행중,보행자보호의무위반,건조,맑음,단일로 - 횡단보도상,승용,여,39세,상해없음,보행자,남,56세,경상
2014050900100593,2014년 5월 9일 20시,금요일,경상남도 김해시 삼계동,경상사고,0,0,1,0,차대사람 - 횡단중,안전운전불이행,건조,맑음,단일로 - 기타,승용,여,41세,상해없음,보행자,여,13세,경상
2014050900100594,2014년 5월 9일 20시,금요일,경상남도 창원시 의창구 봉곡동,경상사고,0,0,1,0,차대차 - 정면충돌,안전운전불이행,건조,맑음,단일로 - 기타,승용,남,25세,상해없음,원동기,남,44세,경상
2014050900100595,2014년 5월 9일 20시,금요일,경상남도 김해시 장유면,부상신고사고,0,0,0,1,차대차 - 측면직각충돌,직진우회전진행방해,건조,맑음,교차로 - 교차로안,이륜,남,16세,부상신고,승용,남,31세,상해없음
2014050900100635,2014년 5월 9일 21시,금요일,경상남도 창원시 마산합포구 교방동,부상신고사고,0,0,0,1,차대사람 - 기타,안전운전불이행,건조,맑음,교차로 - 교차로안,승용,여,39세,상해없음,보행자,남,52세,부상신고
2014050900100636,2014년 5월 9일 21시,금요일,경상남도 창원시 진해구 용원동,중상사고,0,1,0,0,차대차 - 측면직각충돌,기타,건조,맑음,교차로 - 교차로안,승용,여,42세,상해없음,이륜,여,53세,중상
2014050900100637,2014년 5월 9일 21시,금요일,경상남도 창원시 성산구 반림동,중상사고,0,1,0,0,차대사람 - 차도통행중,안전운전불이행,건조,맑음,교차로 - 교차로안,승용,남,43세,상해없음,보행자,여,42세,중상
2014050900100681,2014년 5월 9일 22시,금요일,경상남도 거제시 아주동,경상사고,0,0,1,0,차대차 - 측면직각충돌,신호위반,건조,맑음,교차로 - 교차로안,승용,여,44세,상해없음,이륜,남,27세,경상
2014050900100682,2014년 5월 9일 22시,금요일,경상남도 남해군 고현면,중상사고,0,1,0,0,차대사람 - 횡단중,안전운전불이행,건조,맑음,기타 - 기타,승용,남,61세,상해없음,보행자,남,48세,중상
2014050900100683,2014년 5월 9일 22시,금요일,경상남도 의령군 가례면,중상사고,0,1,1,0,차대차 - 추돌 - 진행중,안전운전불이행,건조,흐림,단일로 - 교량,승용,남,25세,중상,승용,남,57세,경상
2014050900100715,2014년 5월 9일 23시,금요일,경상남도 김해시 삼정동,경상사고,0,0,1,0,차대사람 - 기타,안전운전불이행,건조,맑음,단일로 - 기타,승용,남,46세,상해없음,보행자,남,33세,경상
2014050900100716,2014년 5월 9일 23시,금요일,경상남도 창원시 의창구 동읍,경상사고,0,0,1,0,차대차 - 추돌 - 진행중,안전운전불이행,건조,맑음,단일로 - 기타,승용,남,30세,상해없음,승용,남,38세,경상
2014051000100042,2014년 5월 10일 01시,토요일,경상남도 밀양시 교동,중상사고,0,1,0,0,차량단독 - 공작물충돌,안전운전불이행,건조,맑음,단일로 - 기타,승용,남,21세,상해없음,,,,
2014051000100055,2014년 5월 10일 02시,토요일,경상남도 진주시 이현동,경상사고,0,0,1,0,차대차 - 기타,중앙선침범,건조,맑음,단일로 - 기타,승용,여,27세,상해없음,승용,남,56세,경상
2014051000100071,2014년 5월 10일 03시,토요일,경상남도 창원시 마산회원구 합성동,경상사고,0,0,1,0,차대차 - 측면직각충돌,안전운전불이행,건조,맑음,교차로 - 교차로안,승용,남,54세,상해없음,승용,남,42세,경상
2014051000100114,2014년 5월 10일 06시,토요일,경상남도 통영시 당동,경상사고,0,0,1,0,차대차 - 추돌 - 주정차중,안전운전불이행,건조,맑음,단일로 - 기타,승용,남,44세,상해없음,승용,여,38세,경상
2014051000100213,2014년 5월 10일 10시,토요일,경상남도 거제시 고현동,중상사고,0,1,0,0,차대사람 - 기타,안전운전불이행,건조,맑음,기타 - 기타,승합,남,51세,상해없음,보행자,여,84세,중상
2014051000100214,2014년 5월 10일 10시,토요일,경상남도 창원시 마산회원구 봉암동,경상사고,0,0,1,0,차대차 - 측면직각충돌,안전운전불이행,건조,맑음,단일로 - 기타,화물,남,32세,상해없음,승용,여,45세,경상
2014051000100252,2014년 5월 10일 11시,토요일,경상남도 합천군 야로면,부상신고사고,0,0,0,1,차대차 - 측면직각충돌,차로위반,건조,맑음,단일로 - 기타,이륜,남,81세,부상신고,승용,남,61세,상해없음
2014051000100286,2014년 5월 10일 12시,토요일,경상남도 하동군 진교면,경상사고,0,0,1,0,차대차 - 측면직각충돌,신호위반,건조,맑음,교차로 - 교차로안,농기계,남,58세,상해없음,승용,남,67세,상해없음
2014051000100325,2014년 5월 10일 13시,토요일,경상남도 진주시 평거동,경상사고,0,0,1,0,차대차 - 기타,차로위반,건조,맑음,단일로 - 기타,이륜,남,59세,경상,승용,남,63세,상해없음
2014051000100326,2014년 5월 10일 13시,토요일,경상남도 통영시 항남동,중상사고,0,1,2,0,차대차 - 추돌 - 주정차중,보행자보호의무위반,건조,맑음,단일로 - 횡단보도상,화물,남,49세,상해없음,승용,남,64세,경상
2014051000100327,2014년 5월 10일 13시,토요일,경상남도 거창군 남하면,경상사고,0,0,1,0,차대차 - 추돌 - 진행중,안전운전불이행,건조,맑음,단일로 - 기타,기타불명,기타불명,기타불명,기타불명,이륜,남,57세,경상
2014051000100372,2014년 5월 10일 14시,토요일,경상남도 창원시 마산합포구 구산면,중상사고,0,1,0,0,차대차 - 기타,안전운전불이행,건조,맑음,단일로 - 기타,승합,남,53세,상해없음,자전거,남,15세,중상
2014051000100373,2014년 5월 10일 14시,토요일,경상남도 합천군 쌍책면,중상사고,0,1,1,0,차대차 - 정면충돌,중앙선침범,건조,맑음,단일로 - 기타,승용,남,65세,경상,승용,여,56세,중상
2014051000100397,2014년 5월 10일 15시,토요일,경상남도 창원시 마산합포구 진전면,중상사고,0,1,0,0,차대차 - 기타,신호위반,건조,맑음,교차로 - 교차로안,화물,남,53세,상해없음,이륜,남,45세,중상
2014051000100398,2014년 5월 10일 15시,토요일,경상남도 거제시 연초면,중상사고,0,1,0,0,차대사람 - 기타,안전운전불이행,건조,맑음,교차로 - 교차로안,승용,여,38세,상해없음,보행자,여,56세,중상
2014051000100431,2014년 5월 10일 16시,토요일,경상남도 김해시 삼방동,중상사고,0,1,0,0,차대사람 - 횡단중,안전운전불이행,건조,맑음,교차로 - 교차로안,승용,여,22세,상해없음,보행자,여,81세,중상
2014051000100432,2014년 5월 10일 16시,토요일,경상남도 양산시 동면,경상사고,0,0,4,0,차대차 - 측면직각충돌,중앙선침범,건조,맑음,교차로 - 교차로안,승용,남,65세,상해없음,승용,여,33세,경상
2014051000100433,2014년 5월 10일 16시,토요일,경상남도 양산시 물금읍,중상사고,0,1,0,0,차대차 - 기타,안전운전불이행,건조,맑음,교차로 - 교차로부근,승용,여,43세,상해없음,원동기,남,42세,중상
2014051000100434,2014년 5월 10일 16시,토요일,경상남도 창원시 성산구 중앙동,중상사고,0,1,0,0,차대사람 - 횡단중,신호위반,건조,맑음,교차로 - 교차로안,승용,남,50세,상해없음,보행자,여,30세,중상
2014051000100435,2014년 5월 10일 16시,토요일,경상남도 창원시 마산회원구 석전동,경상사고,0,0,1,0,차대차 - 정면충돌,중앙선침범,건조,맑음,단일로 - 기타,승용,여,34세,상해없음,원동기,남,26세,경상
2014051000100517,2014년 5월 10일 18시,토요일,경상남도 김해시 삼정동,중상사고,0,1,1,0,차대차 - 추돌 - 주정차중,안전운전불이행,건조,맑음,교차로 - 교차로부근,승용,남,42세,상해없음,승용,남,55세,경상
2014051000100518,2014년 5월 10일 18시,토요일,경상남도 거제시 연초면,중상사고,0,1,0,0,차대사람 - 기타,보행자보호의무위반,건조,맑음,교차로 - 교차로안,화물,남,40세,상해없음,보행자,여,48세,중상
2014051000100556,2014년 5월 10일 19시,토요일,경상남도 거제시 능포동,경상사고,0,0,2,0,차대차 - 기타,안전운전불이행,건조,맑음,교차로 - 교차로안,승용,남,19세,상해없음,승용,남,33세,경상
2014051000100596,2014년 5월 10일 20시,토요일,경상남도 창원시 마산합포구 자산동,중상사고,0,1,0,0,차대차 - 기타,안전운전불이행,건조,맑음,단일로 - 기타,승용,남,53세,상해없음,승용,남,59세,중상
2014051000100597,2014년 5월 10일 20시,토요일,경상남도 김해시 삼방동,경상사고,0,0,1,0,차대차 - 측면직각충돌,차로위반,건조,맑음,단일로 - 기타,승용,여,52세,상해없음,승용,남,41세,상해없음
2014051000100598,2014년 5월 10일 20시,토요일,경상남도 양산시 북부동,경상사고,0,0,1,0,차대차 - 기타,교차로운행방법위반,건조,맑음,교차로 - 교차로안,승용,여,55세,상해없음,승용,남,46세,경상
2014051000100599,2014년 5월 10일 20시,토요일,경상남도 거제시 장평동,중상사고,0,1,0,0,차대차 - 기타,안전운전불이행,건조,맑음,기타 - 기타,자전거,남,38세,중상,승용,여,41세,상해없음
2014051000100600,2014년 5월 10일 20시,토요일,경상남도 창원시 마산합포구 산호동,경상사고,0,0,4,1,차대차 - 추돌 - 진행중,안전운전불이행,건조,맑음,단일로 - 기타,승용,남,46세,상해없음,승용,여,54세,경상
2014051000100624,2014년 5월 10일 21시,토요일,경상남도 함안군 산인면,경상사고,0,0,2,0,차대차 - 측면직각충돌,안전운전불이행,건조,맑음,단일로 - 기타,화물,남,30세,상해없음,승용,남,31세,경상
2014051000100625,2014년 5월 10일 21시,토요일,경상남도 창원시 의창구 동읍,중상사고,0,1,0,0,차량단독 - 공작물충돌,안전운전불이행,건조,맑음,단일로 - 기타,화물,남,57세,중상,,,,
2014051000100662,2014년 5월 10일 22시,토요일,경상남도 사천시 사천읍,경상사고,0,0,3,0,차대차 - 정면충돌,중앙선침범,건조,맑음,단일로 - 기타,승용,남,29세,상해없음,승용,남,36세,경상
2014051000100685,2014년 5월 10일 23시,토요일,경상남도 김해시 흥동,사망사고,1,0,0,0,차량단독 - 공작물충돌,안전운전불이행,건조,맑음,단일로 - 기타,승합,남,77세,상해없음,,,,
2014051100100019,2014년 5월 11일 00시,일요일,경상남도 창원시 마산합포구 서성동,중상사고,0,2,1,0,차대차 - 기타,신호위반,건조,맑음,교차로 - 교차로안,승용,남,34세,경상,승용,남,51세,중상
2014051100100020,2014년 5월 11일 00시,일요일,경상남도 김해시 어방동,중상사고,0,3,2,0,차대차 - 추돌 - 주정차중,안전운전불이행,건조,맑음,교차로 - 교차로안,승용,여,22세,상해없음,승용,남,29세,중상
2014051100100021,2014년 5월 11일 00시,일요일,경상남도 남해군 남해읍,중상사고,0,1,0,0,차대사람 - 차도통행중,안전운전불이행,건조,맑음,기타 - 기타,화물,남,45세,상해없음,보행자,남,52세,중상
2014051100100022,2014년 5월 11일 00시,일요일,경상남도 창원시 성산구 중앙동,중상사고,0,1,0,0,차대차 - 측면직각충돌,신호위반,건조,맑음,교차로 - 교차로안,자전거,남,33세,상해없음,이륜,남,30세,중상
2014051100100045,2014년 5월 11일 01시,일요일,경상남도 창원시 마산합포구 월영동,경상사고,0,0,1,2,차대차 - 기타,안전운전불이행,건조,맑음,교차로 - 교차로부근,승용,남,60세,경상,승용,여,21세,부상신고
2014051100100055,2014년 5월 11일 02시,일요일,경상남도 창원시 마산합포구 두월동1가,중상사고,0,1,0,0,차대사람 - 차도통행중,안전운전불이행,건조,맑음,교차로 - 교차로부근,승용,여,44세,상해없음,보행자,남,46세,중상
2014051100100056,2014년 5월 11일 02시,일요일,경상남도 거제시 둔덕면,경상사고,0,0,1,0,차량단독 - 전도전복,안전운전불이행,건조,맑음,교차로 - 교차로부근,승용,남,48세,상해없음,,,,
2014051100100070,2014년 5월 11일 03시,일요일,경상남도 창원시 마산합포구 상남동,경상사고,0,0,2,0,차대차 - 기타,신호위반,건조,맑음,교차로 - 교차로안,승용,남,53세,상해없음,승용,남,32세,경상
2014051100100071,2014년 5월 11일 03시,일요일,경상남도 진주시 인사동,경상사고,0,0,2,0,차대차 - 추돌 - 주정차중,안전운전불이행,건조,맑음,교차로 - 교차로부근,승용,여,29세,상해없음,승용,남,63세,상해없음
2014051100100072,2014년 5월 11일 03시,일요일,경상남도 창원시 성산구 중앙동,경상사고,0,0,1,0,차대차 - 추돌 - 진행중,안전운전불이행,건조,맑음,교차로 - 교차로부근,승용,남,69세,상해없음,승용,여,47세,경상
2014051100100073,2014년 5월 11일 03시,일요일,경상남도 창원시 의창구 팔용동,중상사고,0,1,1,0,차대차 - 측면직각충돌,안전운전불이행,건조,맑음,교차로 - 교차로부근,화물,남,38세,상해없음,승용,남,23세,중상
2014051100100128,2014년 5월 11일 08시,일요일,경상남도 통영시 무전동,경상사고,0,0,4,1,차대차 - 측면직각충돌,교차로운행방법위반,건조,맑음,교차로 - 교차로안,승합,남,49세,상해없음,승용,남,65세,상해없음
2014051100100161,2014년 5월 11일 10시,일요일,경상남도 남해군 이동면,경상사고,0,0,2,0,차대차 - 정면충돌,안전운전불이행,건조,맑음,단일로 - 기타,이륜,남,71세,경상,농기계,남,70세,경상
2014051100100162,2014년 5월 11일 10시,일요일,경상남도 김해시 진영읍,중상사고,0,2,0,0,차대차 - 기타,안전운전불이행,건조,맑음,단일로 - 기타,승용,남,46세,상해없음,승용,남,54세,중상
2014051100100209,2014년 5월 11일 13시,일요일,경상남도 양산시 북부동,경상사고,0,0,1,0,차대차 - 측면직각충돌,교차로운행방법위반,건조,맑음,교차로 - 교차로안,승용,여,28세,상해없음,승용,여,49세,경상
2014051100100210,2014년 5월 11일 13시,일요일,경상남도 거제시 연초면,경상사고,0,0,1,0,차대차 - 추돌 - 진행중,안전운전불이행,건조,맑음,단일로 - 기타,화물,남,50세,상해없음,승용,남,50세,경상
2014051100100236,2014년 5월 11일 14시,일요일,경상남도 남해군 이동면,경상사고,0,0,2,0,차대차 - 기타,안전운전불이행,건조,맑음,단일로 - 기타,승용,남,42세,상해없음,승합,남,58세,상해없음
2014051100100237,2014년 5월 11일 14시,일요일,경상남도 창원시 의창구 동읍,중상사고,0,5,3,0,차대차 - 추돌 - 진행중,중앙선침범,건조,맑음,단일로 - 기타,승용,남,44세,상해없음,승용,여,59세,중상
2014051100100265,2014년 5월 11일 15시,일요일,경상남도 김해시 장유면,중상사고,0,2,1,0,차량단독 - 도로외이탈 - 추락,안전운전불이행,건조,맑음,단일로 - 기타,승용,여,50세,상해없음,,,,
2014051100100287,2014년 5월 11일 16시,일요일,경상남도 함안군 가야읍,사망사고,1,0,0,0,차대차 - 기타,과속,건조,흐림,미분류 - 미분류,승용,남,29세,상해없음,자전거,남,9세,사망
2014051100100325,2014년 5월 11일 17시,일요일,경상남도 김해시 한림면,중상사고,0,3,0,0,차대차 - 기타,신호위반,건조,맑음,교차로 - 교차로안,건설기계,남,53세,상해없음,승용,여,41세,중상
2014051100100366,2014년 5월 11일 18시,일요일,경상남도 창원시 마산합포구 장군동4가,경상사고,0,0,1,0,차대사람 - 길가장자리구역통행중,안전운전불이행,건조,흐림,단일로 - 기타,승용,남,40세,상해없음,보행자,남,73세,경상
2014051100100367,2014년 5월 11일 18시,일요일,경상남도 창원시 마산합포구 중앙동2가,중상사고,0,1,0,0,차대차 - 측면직각충돌,안전운전불이행,건조,맑음,교차로 - 교차로부근,승용,기타불명,기타불명,기타불명,승용,남,26세,중상
2014051100100368,2014년 5월 11일 18시,일요일,경상남도 밀양시 무안면,중상사고,0,2,0,0,차대차 - 정면충돌,중앙선침범,건조,맑음,단일로 - 기타,승용,남,27세,상해없음,승용,남,55세,중상
2014051100100408,2014년 5월 11일 19시,일요일,경상남도 함양군 함양읍,경상사고,0,0,2,0,차대차 - 추돌 - 진행중,안전운전불이행,건조,맑음,단일로 - 기타,승용,여,49세,상해없음,자전거,여,73세,경상
2014051100100452,2014년 5월 11일 20시,일요일,경상남도 창원시 진해구 자은동,경상사고,0,0,2,0,차대차 - 측면직각충돌,신호위반,건조,기타,교차로 - 교차로안,승용,남,25세,상해없음,승용,남,29세,경상
2014051100100453,2014년 5월 11일 20시,일요일,경상남도 고성군 마암면,경상사고,0,0,1,0,차대차 - 측면직각충돌,차로위반,습기,맑음,단일로 - 기타,승용,여,29세,상해없음,승용,여,59세,경상
2014051100100488,2014년 5월 11일 21시,일요일,경상남도 진주시 계동,경상사고,0,0,1,0,차대차 - 기타,안전거리미확보,습기,비,교차로 - 교차로안,승용,남,71세,상해없음,승용,남,39세,상해없음
2014051100100489,2014년 5월 11일 21시,일요일,경상남도 통영시 미수동,경상사고,0,0,1,0,차대사람 - 보도통행중,보행자보호의무위반,습기,비,단일로 - 횡단보도상,기타불명,기타불명,기타불명,기타불명,보행자,남,54세,경상
2014051100100525,2014년 5월 11일 22시,일요일,경상남도 창원시 성산구 대방동,경상사고,0,0,1,0,차대차 - 기타,신호위반,건조,맑음,교차로 - 교차로안,승용,여,50세,상해없음,승용,남,39세,경상
2014051100100556,2014년 5월 11일 23시,일요일,경상남도 창원시 의창구 팔용동,경상사고,0,0,1,0,차대차 - 추돌 - 주정차중,안전운전불이행,습기,비,교차로 - 교차로안,승용,남,30세,상해없음,승용,여,30세,경상
2014051200100021,2014년 5월 12일 00시,월요일,경상남도 창원시 진해구 자은동,경상사고,0,0,1,0,차대사람 - 횡단중,신호위반,습기,비,교차로 - 교차로부근,승용,남,50세,상해없음,보행자,남,16세,경상
2014051200100022,2014년 5월 12일 00시,월요일,경상남도 김해시 내동,경상사고,0,0,1,0,차량단독 - 공작물충돌,안전운전불이행,습기,비,단일로 - 기타,승용,남,27세,상해없음,,,,
2014051200100023,2014년 5월 12일 00시,월요일,경상남도 거제시 사등면,경상사고,0,0,1,0,차대차 - 추돌 - 주정차중,안전운전불이행,습기,비,단일로 - 기타,승용,남,48세,상해없음,승용,남,44세,경상
2014051200100024,2014년 5월 12일 00시,월요일,경상남도 거제시 상동동,경상사고,0,0,1,0,차대차 - 측면직각충돌,중앙선침범,습기,비,단일로 - 기타,승용,여,41세,상해없음,승용,남,42세,경상
2014051200100025,2014년 5월 12일 00시,월요일,경상남도 창원시 의창구 신월동,경상사고,0,0,1,0,차대차 - 기타,안전운전불이행,건조,맑음,단일로 - 기타,승용,남,56세,상해없음,승용,남,31세,경상
2014051200100026,2014년 5월 12일 00시,월요일,경상남도 창원시 의창구 도계동,경상사고,0,0,2,0,차대차 - 추돌 - 주정차중,안전운전불이행,습기,비,단일로 - 기타,승용,남,57세,상해없음,승용,여,57세,경상
2014051200100071,2014년 5월 12일 05시,월요일,경상남도 거창군 마리면,부상신고사고,0,0,0,1,차대차 - 추돌 - 주정차중,안전운전불이행,습기,비,단일로 - 기타,화물,남,68세,부상신고,화물,남,49세,상해없음
2014051200100080,2014년 5월 12일 06시,월요일,경상남도 합천군 쌍백면,경상사고,0,0,1,0,차량단독 - 공작물충돌,안전운전불이행,습기,비,단일로 - 기타,화물,남,53세,경상,,,,
2014051200100081,2014년 5월 12일 06시,월요일,경상남도 남해군 서면,중상사고,0,1,0,0,차량단독 - 전도전복,안전운전불이행,건조,맑음,기타 - 기타,농기계,남,60세,중상,,,,
2014051200100101,2014년 5월 12일 07시,월요일,경상남도 거제시 장평동,중상사고,0,1,0,0,차대차 - 정면충돌,중앙선침범,건조,맑음,단일로 - 기타,승용,남,44세,상해없음,이륜,남,35세,중상
2014051200100102,2014년 5월 12일 07시,월요일,경상남도 김해시 장유면,중상사고,0,1,0,0,차대차 - 기타,안전운전불이행,건조,맑음,교차로 - 교차로안,승용,남,32세,상해없음,승용,여,44세,중상
2014051200100128,2014년 5월 12일 08시,월요일,경상남도 함양군 유림면,사망사고,1,0,0,0,차량단독 - 전도전복,안전거리미확보,습기,흐림,단일로 - 기타,화물,남,56세,사망,,,,
2014051200100129,2014년 5월 12일 08시,월요일,경상남도 창원시 의창구 북면,중상사고,0,1,0,0,차대차 - 기타,차로위반,습기,흐림,단일로 - 기타,승용,여,47세,상해없음,승용,남,54세,중상
2014051200100158,2014년 5월 12일 09시,월요일,경상남도 사천시 좌룡동,경상사고,0,0,1,1,차대차 - 추돌 - 진행중,안전거리미확보,건조,맑음,단일로 - 기타,승용,남,22세,상해없음,승용,남,54세,경상
2014051200100159,2014년 5월 12일 09시,월요일,경상남도 김해시 내동,중상사고,0,1,0,0,차대차 - 기타,안전운전불이행,습기,비,기타 - 기타,기타불명,기타불명,기타불명,기타불명,자전거,여,49세,중상
2014051200100160,2014년 5월 12일 09시,월요일,경상남도 창원시 마산회원구 석전동,경상사고,0,0,1,0,차대차 - 측면직각충돌,안전운전불이행,건조,맑음,교차로 - 교차로부근,승용,여,34세,상해없음,승용,남,29세,경상
2014051200100194,2014년 5월 12일 10시,월요일,경상남도 거창군 위천면,경상사고,0,0,1,0,차대차 - 추돌 - 진행중,중앙선침범,건조,맑음,단일로 - 기타,농기계,남,57세,상해없음,건설기계,남,47세,경상
2014051200100195,2014년 5월 12일 10시,월요일,경상남도 고성군 개천면,중상사고,0,1,0,0,차대차 - 추돌 - 주정차중,안전운전불이행,건조,맑음,단일로 - 기타,승용,남,67세,상해없음,원동기,남,53세,중상
2014051200100196,2014년 5월 12일 10시,월요일,경상남도 하동군 금남면,경상사고,0,0,1,0,차대차 - 측면직각충돌,안전운전불이행,건조,맑음,단일로 - 기타,화물,남,66세,상해없음,승용,남,24세,경상
2014051200100223,2014년 5월 12일 11시,월요일,경상남도 창원시 마산합포구 중성동,중상사고,0,1,0,0,차대사람 - 보도통행중,신호위반,건조,맑음,단일로 - 횡단보도상,승용,남,23세,상해없음,보행자,여,63세,중상
2014051200100224,2014년 5월 12일 11시,월요일,경상남도 사천시 축동면,경상사고,0,0,1,0,차대차 - 측면직각충돌,교차로운행방법위반,건조,맑음,교차로 - 교차로안,승용,남,28세,상해없음,화물,남,56세,경상
2014051200100232,2014년 5월 12일 12시,월요일,경상남도 양산시 하북면,중상사고,0,2,0,0,차대차 - 추돌 - 주정차중,안전운전불이행,건조,맑음,단일로 - 기타,화물,남,45세,기타불명,화물,남,38세,중상
2014051200100247,2014년 5월 12일 12시,월요일,경상남도 창원시 마산합포구 중성동,중상사고,0,1,0,0,차대차 - 측면직각충돌,신호위반,건조,맑음,단일로 - 횡단보도상,이륜,남,58세,상해없음,이륜,남,41세,중상
2014051200100248,2014년 5월 12일 12시,월요일,경상남도 창원시 진해구 덕산동,경상사고,0,0,1,0,차대차 - 기타,안전운전불이행,건조,맑음,교차로 - 교차로안,승용,여,30세,상해없음,자전거,남,57세,경상
2014051200100249,2014년 5월 12일 12시,월요일,경상남도 통영시 광도면,경상사고,0,0,3,0,차대차 - 추돌 - 주정차중,안전운전불이행,건조,맑음,단일로 - 기타,승용,여,53세,상해없음,승용,여,46세,경상
2014051200100250,2014년 5월 12일 12시,월요일,경상남도 김해시 삼방동,경상사고,0,0,1,0,차대사람 - 길가장자리구역통행중,안전운전불이행,건조,맑음,단일로 - 기타,원동기,남,37세,상해없음,보행자,여,84세,경상
2014051200100251,2014년 5월 12일 12시,월요일,경상남도 김해시 진영읍,경상사고,0,0,1,0,차대차 - 측면직각충돌,교차로운행방법위반,건조,맑음,교차로 - 교차로안,화물,남,33세,상해없음,승용,남,36세,경상
2014051200100308,2014년 5월 12일 14시,월요일,경상남도 양산시 삼호동,부상신고사고,0,0,0,1,차대차 - 추돌 - 주정차중,안전운전불이행,건조,맑음,기타 - 기타,화물,남,64세,상해없음,승용,여,48세,부상신고
2014051200100343,2014년 5월 12일 15시,월요일,경상남도 사천시 송포동,경상사고,0,0,1,0,차량단독 - 기타,안전운전불이행,건조,맑음,단일로 - 기타,원동기,남,71세,경상,,,,
2014051200100344,2014년 5월 12일 15시,월요일,경상남도 합천군 청덕면,경상사고,0,0,1,0,차대차 - 추돌 - 진행중,안전거리미확보,건조,맑음,단일로 - 기타,화물,남,43세,상해없음,승용,여,67세,경상
2014051200100384,2014년 5월 12일 16시,월요일,경상남도 창원시 마산합포구 교원동,경상사고,0,0,2,0,차대차 - 측면직각충돌,안전운전불이행,건조,맑음,교차로 - 교차로안,승용,남,61세,상해없음,승용,남,59세,경상