사고번호,사고일시,요일,시군구,사고내용,사망자수,중상자수,경상자수,부상신고자수,사고유형,법규위반,노면상태,기상상태,도로형태,가해운전자 차종,가해운전자 성별,가해운전자 연령,가해운전자 상해정도,피해운전자 차종,피해운전자 성별,피해운전자 연령,피해운전자 상해정도
2014051200100385,2014년 5월 12일 16시,월요일,경상남도 함안군 대산면,중상사고,0,1,1,0,차대차 - 정면충돌,중앙선침범,건조,맑음,단일로 - 기타,화물,남,67세,상해없음,화물,남,50세,경상
2014051200100386,2014년 5월 12일 16시,월요일,경상남도 의령군 용덕면,중상사고,0,1,0,0,차대차 - 측면직각충돌,중앙선침범,건조,맑음,단일로 - 기타,승합,남,58세,상해없음,화물,남,56세,중상
2014051200100387,2014년 5월 12일 16시,월요일,경상남도 창원시 성산구 남양동,중상사고,0,1,1,0,차대사람 - 횡단중,신호위반,기타,맑음,단일로 - 횡단보도상,승용,남,57세,상해없음,보행자,여,31세,경상
2014051200100429,2014년 5월 12일 17시,월요일,경상남도 밀양시 내이동,중상사고,0,1,0,0,차대차 - 측면직각충돌,안전운전불이행,건조,맑음,단일로 - 기타,승용,여,33세,상해없음,원동기,남,49세,중상
2014051200100468,2014년 5월 12일 18시,월요일,경상남도 양산시 하북면,부상신고사고,0,0,0,1,차량단독 - 공작물충돌,안전운전불이행,건조,맑음,단일로 - 기타,승용,여,57세,상해없음,,,,
2014051200100469,2014년 5월 12일 18시,월요일,경상남도 고성군 고성읍,중상사고,0,1,0,0,차대차 - 추돌 - 진행중,안전운전불이행,건조,맑음,단일로 - 기타,화물,남,58세,상해없음,농기계,남,71세,중상
2014051200100502,2014년 5월 12일 19시,월요일,경상남도 진주시 신안동,중상사고,0,1,0,0,차대차 - 측면직각충돌,신호위반,건조,맑음,교차로 - 교차로안,화물,남,45세,상해없음,이륜,남,18세,중상
2014051200100503,2014년 5월 12일 19시,월요일,경상남도 창원시 진해구 청안동,경상사고,0,0,1,0,차대사람 - 차도통행중,안전운전불이행,건조,맑음,교차로 - 교차로부근,승용,여,55세,상해없음,보행자,남,5세,경상
2014051200100504,2014년 5월 12일 19시,월요일,경상남도 김해시 한림면,경상사고,0,0,1,0,차대사람 - 횡단중,안전운전불이행,건조,맑음,단일로 - 기타,승용,남,29세,상해없음,보행자,남,8세,경상
2014051200100533,2014년 5월 12일 20시,월요일,경상남도 양산시 평산동,중상사고,0,1,0,0,차대사람 - 횡단중,안전운전불이행,건조,맑음,기타 - 기타,승용,여,55세,상해없음,보행자,여,40세,중상
2014051200100534,2014년 5월 12일 20시,월요일,경상남도 거제시 연초면,경상사고,0,0,2,0,차대차 - 기타,중앙선침범,건조,맑음,교차로 - 교차로부근,승용,여,54세,상해없음,승용,여,36세,경상
2014051200100535,2014년 5월 12일 20시,월요일,경상남도 거제시 고현동,경상사고,0,0,1,0,차대차 - 기타,중앙선침범,건조,맑음,교차로 - 교차로부근,이륜,남,50세,상해없음,이륜,남,32세,경상
2014051200100560,2014년 5월 12일 21시,월요일,경상남도 김해시 구산동,경상사고,0,0,1,0,차대사람 - 길가장자리구역통행중,안전운전불이행,건조,맑음,단일로 - 기타,승용,남,47세,상해없음,보행자,남,59세,경상
2014051200100561,2014년 5월 12일 21시,월요일,경상남도 산청군 산청읍,부상신고사고,0,0,0,1,차대차 - 측면직각충돌,중앙선침범,건조,맑음,단일로 - 기타,원동기,남,42세,부상신고,승용,남,49세,상해없음
2014051200100608,2014년 5월 12일 23시,월요일,경상남도 거제시 고현동,중상사고,0,1,1,0,차대차 - 기타,안전운전불이행,건조,맑음,교차로 - 교차로부근,이륜,남,23세,상해없음,승합,남,36세,상해없음
2014051300100012,2014년 5월 13일 00시,화요일,경상남도 양산시 물금읍,경상사고,0,0,3,0,차대차 - 측면직각충돌,직진우회전진행방해,건조,맑음,교차로 - 교차로안,승용,남,36세,상해없음,승용,여,23세,경상
2014051300100062,2014년 5월 13일 06시,화요일,경상남도 통영시 광도면,경상사고,0,0,1,1,차대차 - 측면직각충돌,안전운전불이행,건조,맑음,교차로 - 교차로안,승용,남,32세,상해없음,승용,남,51세,부상신고
2014051300100063,2014년 5월 13일 06시,화요일,경상남도 고성군 고성읍,사망사고,1,0,0,0,차대차 - 추돌 - 진행중,안전운전불이행,건조,맑음,단일로 - 기타,화물,남,51세,상해없음,자전거,남,61세,사망
2014051300100092,2014년 5월 13일 07시,화요일,경상남도 진주시 상대동,경상사고,0,0,1,0,차대사람 - 횡단중,안전운전불이행,건조,맑음,단일로 - 기타,기타불명,기타불명,기타불명,기타불명,보행자,여,22세,경상
2014051300100093,2014년 5월 13일 07시,화요일,경상남도 창녕군 영산면,경상사고,0,0,1,0,차대차 - 측면직각충돌,중앙선침범,건조,맑음,교차로 - 교차로부근,원동기,남,84세,경상,승용,여,54세,상해없음
2014051300100094,2014년 5월 13일 07시,화요일,경상남도 거제시 장평동,경상사고,0,0,1,0,차대사람 - 기타,안전운전불이행,건조,맑음,단일로 - 기타,자전거,기타불명,기타불명,기타불명,보행자,여,26세,경상
2014051300100095,2014년 5월 13일 07시,화요일,경상남도 창원시 마산회원구 합성동,중상사고,0,1,1,0,차대차 - 정면충돌,신호위반,건조,맑음,교차로 - 교차로안,화물,남,49세,상해없음,승용,여,31세,중상
2014051300100136,2014년 5월 13일 08시,화요일,경상남도 사천시 서동,경상사고,0,0,1,0,차대사람 - 길가장자리구역통행중,안전운전불이행,건조,맑음,단일로 - 기타,화물,남,65세,상해없음,보행자,여,58세,경상
2014051300100137,2014년 5월 13일 08시,화요일,경상남도 김해시 구산동,중상사고,0,1,0,0,차대사람 - 횡단중,신호위반,건조,맑음,단일로 - 횡단보도부근,원동기,남,24세,상해없음,보행자,여,16세,중상
2014051300100203,2014년 5월 13일 10시,화요일,경상남도 창원시 마산합포구 해운동,중상사고,0,1,0,0,차대사람 - 기타,안전운전불이행,건조,맑음,기타 - 기타,승용,남,55세,상해없음,보행자,여,78세,중상
2014051300100204,2014년 5월 13일 10시,화요일,경상남도 사천시 사남면,중상사고,0,1,0,0,차대차 - 측면직각충돌,신호위반,건조,맑음,교차로 - 교차로안,이륜,남,54세,중상,화물,남,22세,상해없음
2014051300100205,2014년 5월 13일 10시,화요일,경상남도 양산시 물금읍,중상사고,0,1,1,0,차대차 - 추돌 - 주정차중,안전운전불이행,건조,맑음,단일로 - 기타,승용,남,50세,상해없음,승용,남,53세,중상
2014051300100236,2014년 5월 13일 11시,화요일,경상남도 창원시 진해구 여좌동,경상사고,0,0,1,0,차대사람 - 차도통행중,안전운전불이행,건조,맑음,단일로 - 기타,승용,남,82세,기타불명,보행자,남,75세,경상
2014051300100237,2014년 5월 13일 11시,화요일,경상남도 거창군 거창읍,중상사고,0,1,0,0,차대차 - 기타,교차로운행방법위반,건조,맑음,교차로 - 교차로안,화물,남,48세,상해없음,이륜,남,52세,중상
2014051300100238,2014년 5월 13일 11시,화요일,경상남도 함안군 가야읍,경상사고,0,0,1,0,차대차 - 측면직각충돌,교차로운행방법위반,건조,맑음,교차로 - 교차로안,승용,남,27세,상해없음,승용,여,25세,경상
2014051300100260,2014년 5월 13일 12시,화요일,경상남도 창원시 마산회원구 회원동,경상사고,0,0,2,0,차대차 - 추돌 - 주정차중,안전운전불이행,건조,맑음,단일로 - 기타,승용,남,44세,상해없음,화물,남,43세,경상
2014051300100284,2014년 5월 13일 13시,화요일,경상남도 남해군 이동면,중상사고,0,1,0,0,차대차 - 측면직각충돌,교차로운행방법위반,건조,맑음,교차로 - 교차로안,화물,여,58세,상해없음,승합,남,40세,상해없음
2014051300100324,2014년 5월 13일 14시,화요일,경상남도 통영시 미수동,경상사고,0,0,1,0,차대사람 - 횡단중,안전운전불이행,건조,맑음,단일로 - 횡단보도부근,승용,여,32세,상해없음,보행자,남,8세,경상
2014051300100364,2014년 5월 13일 15시,화요일,경상남도 진주시 대안동,경상사고,0,0,1,0,차대사람 - 횡단중,안전운전불이행,건조,맑음,교차로 - 교차로안,승용,남,26세,상해없음,보행자,여,78세,경상
2014051300100365,2014년 5월 13일 15시,화요일,경상남도 의령군 의령읍,경상사고,0,0,1,0,차대차 - 추돌 - 주정차중,안전운전불이행,건조,맑음,교차로 - 교차로안,화물,남,63세,경상,승용,남,43세,기타불명
2014051300100411,2014년 5월 13일 16시,화요일,경상남도 밀양시 내이동,중상사고,0,1,0,0,차대차 - 측면직각충돌,안전운전불이행,건조,맑음,교차로 - 교차로안,승합,여,35세,상해없음,이륜,남,62세,중상
2014051300100433,2014년 5월 13일 17시,화요일,경상남도 통영시 도산면,경상사고,0,0,1,0,차대차 - 측면직각충돌,신호위반,건조,맑음,교차로 - 교차로안,승용,남,59세,상해없음,승용,남,49세,경상
2014051300100477,2014년 5월 13일 18시,화요일,경상남도 진주시 이현동,중상사고,0,1,0,1,차대차 - 추돌 - 주정차중,안전운전불이행,건조,맑음,단일로 - 기타,승용,남,51세,부상신고,화물,남,33세,기타불명
2014051300100478,2014년 5월 13일 18시,화요일,경상남도 합천군 쌍책면,경상사고,0,0,1,0,차량단독 - 공작물충돌,안전운전불이행,건조,맑음,단일로 - 기타,승용,여,57세,경상,,,,
2014051300100479,2014년 5월 13일 18시,화요일,경상남도 양산시 물금읍,중상사고,0,1,0,0,차대차 - 측면직각충돌,안전운전불이행,건조,맑음,단일로 - 횡단보도상,승용,여,41세,상해없음,자전거,여,53세,중상
2014051300100514,2014년 5월 13일 19시,화요일,경상남도 김해시 동상동,중상사고,0,1,0,0,차대사람 - 횡단중,안전운전불이행,건조,맑음,교차로 - 교차로안,승합,남,50세,상해없음,보행자,남,12세,중상
2014051300100515,2014년 5월 13일 19시,화요일,경상남도 양산시 북정동,중상사고,0,1,2,0,차대차 - 측면직각충돌,안전운전불이행,건조,맑음,단일로 - 기타,승용,남,55세,상해없음,승용,여,27세,중상
2014051300100546,2014년 5월 13일 20시,화요일,경상남도 사천시 사천읍,중상사고,0,1,1,0,차대차 - 추돌 - 진행중,안전거리미확보,건조,맑음,단일로 - 기타,화물,남,54세,상해없음,승용,남,25세,경상
2014051300100572,2014년 5월 13일 21시,화요일,경상남도 창원시 마산합포구 해운동,경상사고,0,0,1,0,차대차 - 기타,안전운전불이행,건조,맑음,단일로 - 기타,승용,남,59세,상해없음,승용,남,39세,경상
2014051300100573,2014년 5월 13일 21시,화요일,경상남도 진주시 하대동,경상사고,0,0,1,0,차대차 - 정면충돌,신호위반,건조,맑음,교차로 - 교차로안,승용,남,53세,상해없음,화물,남,45세,경상
2014051300100574,2014년 5월 13일 21시,화요일,경상남도 창원시 성산구 반지동,경상사고,0,0,1,0,차대사람 - 기타,안전운전불이행,건조,맑음,단일로 - 기타,승용,남,34세,상해없음,보행자,남,28세,경상
2014051300100575,2014년 5월 13일 21시,화요일,경상남도 김해시 장유면,중상사고,0,1,0,0,차대차 - 측면직각충돌,안전운전불이행,건조,맑음,교차로 - 교차로부근,승용,남,60세,상해없음,승용,남,28세,중상
2014051300100603,2014년 5월 13일 22시,화요일,경상남도 진주시 옥봉동,경상사고,0,0,2,0,차대차 - 추돌 - 주정차중,안전운전불이행,건조,맑음,단일로 - 기타,승용,남,37세,상해없음,승용,남,40세,경상
2014051300100604,2014년 5월 13일 22시,화요일,경상남도 창원시 진해구 안골동,경상사고,0,0,1,0,차대차 - 추돌 - 진행중,안전운전불이행,건조,맑음,교차로 - 교차로부근,승용,남,35세,기타불명,승용,여,31세,경상
2014051300100631,2014년 5월 13일 23시,화요일,경상남도 고성군 고성읍,경상사고,0,0,1,0,차대차 - 정면충돌,교차로운행방법위반,건조,맑음,교차로 - 교차로안,이륜,남,50세,상해없음,이륜,남,42세,경상
2014051400100015,2014년 5월 14일 00시,수요일,경상남도 통영시 산양읍,경상사고,0,0,1,0,차대차 - 측면직각충돌,안전운전불이행,건조,맑음,교차로 - 교차로안,승용,남,19세,상해없음,승용,남,46세,경상
2014051400100016,2014년 5월 14일 00시,수요일,경상남도 사천시 선구동,경상사고,0,0,1,0,차대차 - 측면직각충돌,교차로운행방법위반,건조,맑음,교차로 - 교차로안,승용,남,30세,상해없음,승용,남,32세,경상
2014051400100050,2014년 5월 14일 03시,수요일,경상남도 창원시 마산합포구 월남동5가,중상사고,0,2,0,0,차대차 - 측면직각충돌,신호위반,건조,맑음,교차로 - 교차로안,승용,남,20세,상해없음,승용,여,42세,중상
2014051400100141,2014년 5월 14일 08시,수요일,경상남도 산청군 금서면,중상사고,0,1,0,0,차대차 - 정면충돌,안전운전불이행,건조,맑음,교차로 - 교차로부근,원동기,남,84세,중상,승용,여,62세,상해없음
2014051400100142,2014년 5월 14일 08시,수요일,경상남도 함안군 산인면,경상사고,0,0,4,0,차대차 - 기타,안전운전불이행,건조,맑음,단일로 - 기타,화물,남,30세,상해없음,화물,남,54세,경상
2014051400100175,2014년 5월 14일 09시,수요일,경상남도 진주시 동성동,중상사고,0,2,0,0,차대차 - 측면직각충돌,신호위반,건조,맑음,교차로 - 교차로안,승용,여,52세,중상,승용,여,45세,중상
2014051400100199,2014년 5월 14일 10시,수요일,경상남도 진주시 상봉동,경상사고,0,0,1,0,차대차 - 측면직각충돌,직진우회전진행방해,습기,비,교차로 - 교차로안,이륜,남,44세,경상,승용,남,28세,상해없음
2014051400100236,2014년 5월 14일 11시,수요일,경상남도 하동군 금남면,중상사고,0,1,1,0,차대차 - 정면충돌,중앙선침범,습기,비,단일로 - 기타,화물,남,36세,중상,건설기계,남,32세,경상
2014051400100268,2014년 5월 14일 12시,수요일,경상남도 창원시 마산합포구 신포동1가,경상사고,0,0,2,0,차대차 - 기타,안전거리미확보,습기,비,단일로 - 기타,건설기계,남,59세,상해없음,승용,여,28세,경상
2014051400100269,2014년 5월 14일 12시,수요일,경상남도 함양군 휴천면,경상사고,0,0,1,0,차량단독 - 공작물충돌,안전운전불이행,습기,비,단일로 - 기타,화물,남,48세,경상,,,,
2014051400100270,2014년 5월 14일 12시,수요일,경상남도 창원시 성산구 남양동,중상사고,0,1,0,0,차대사람 - 횡단중,안전운전불이행,습기,비,단일로 - 기타,승용,남,66세,상해없음,보행자,여,55세,중상
2014051400100271,2014년 5월 14일 12시,수요일,경상남도 김해시 장유면,경상사고,0,0,1,0,차대사람 - 기타,안전운전불이행,건조,맑음,단일로 - 기타,승용,남,45세,상해없음,보행자,남,11세,경상
2014051400100306,2014년 5월 14일 13시,수요일,경상남도 진주시 대곡면,중상사고,0,1,0,0,차대차 - 측면직각충돌,직진우회전진행방해,건조,흐림,교차로 - 교차로안,화물,남,29세,상해없음,이륜,남,63세,중상
2014051400100307,2014년 5월 14일 13시,수요일,경상남도 창원시 진해구 장천동,경상사고,0,0,1,0,차대차 - 기타,안전운전불이행,습기,비,단일로 - 기타,화물,남,38세,상해없음,화물,남,60세,경상
2014051400100308,2014년 5월 14일 13시,수요일,경상남도 창원시 의창구 동읍,중상사고,0,1,0,0,차대차 - 측면직각충돌,안전거리미확보,건조,맑음,단일로 - 기타,특수,남,52세,상해없음,승용,여,44세,상해없음
2014051400100346,2014년 5월 14일 14시,수요일,경상남도 창원시 진해구 경화동,경상사고,0,0,2,0,차대차 - 추돌 - 진행중,안전거리미확보,건조,맑음,교차로 - 교차로부근,승용,남,64세,상해없음,승용,남,59세,경상
2014051400100347,2014년 5월 14일 14시,수요일,경상남도 창원시 진해구 석동,경상사고,0,0,1,0,차대사람 - 횡단중,보행자보호의무위반,건조,맑음,단일로 - 횡단보도상,승용,여,30세,상해없음,보행자,여,7세,경상
2014051400100348,2014년 5월 14일 14시,수요일,경상남도 김해시 대동면,중상사고,0,1,0,0,차대차 - 기타,직진우회전진행방해,건조,맑음,교차로 - 교차로안,화물,남,56세,기타불명,승용,남,64세,중상
2014051400100349,2014년 5월 14일 14시,수요일,경상남도 창녕군 계성면,경상사고,0,0,2,0,차대차 - 추돌 - 진행중,안전운전불이행,건조,흐림,교차로 - 교차로부근,화물,여,49세,상해없음,승용,여,43세,경상
2014051400100382,2014년 5월 14일 15시,수요일,경상남도 밀양시 내이동,경상사고,0,0,4,0,차대차 - 측면직각충돌,중앙선침범,건조,맑음,교차로 - 교차로안,승용,남,43세,경상,승용,남,55세,경상
2014051400100383,2014년 5월 14일 15시,수요일,경상남도 김해시 부원동,중상사고,0,1,0,0,차대사람 - 길가장자리구역통행중,안전운전불이행,건조,맑음,단일로 - 기타,승용,여,45세,상해없음,보행자,남,68세,중상
2014051400100384,2014년 5월 14일 15시,수요일,경상남도 김해시 삼계동,중상사고,0,2,1,0,차대차 - 기타,중앙선침범,습기,흐림,단일로 - 기타,화물,여,51세,경상,승용,남,60세,중상
2014051400100385,2014년 5월 14일 15시,수요일,경상남도 고성군 고성읍,중상사고,0,1,0,0,차대차 - 측면직각충돌,직진우회전진행방해,습기,비,교차로 - 교차로안,승용,남,27세,상해없음,승용,남,59세,중상
2014051400100386,2014년 5월 14일 15시,수요일,경상남도 거제시 아주동,경상사고,0,0,2,0,차대차 - 추돌 - 진행중,교차로운행방법위반,건조,맑음,교차로 - 교차로안,화물,남,46세,상해없음,승용,여,63세,상해없음
2014051400100420,2014년 5월 14일 16시,수요일,경상남도 통영시 북신동,경상사고,0,0,2,0,차대차 - 측면직각충돌,차로위반,습기,비,단일로 - 기타,승용,남,55세,상해없음,승용,남,37세,경상
2014051400100460,2014년 5월 14일 17시,수요일,경상남도 통영시 동호동,중상사고,0,1,0,0,차대사람 - 기타,안전운전불이행,습기,비,교차로 - 교차로안,승용,여,29세,상해없음,보행자,여,59세,중상
2014051400100461,2014년 5월 14일 17시,수요일,경상남도 밀양시 내이동,경상사고,0,0,2,0,차대차 - 측면직각충돌,안전거리미확보,건조,맑음,단일로 - 기타,승용,남,72세,상해없음,원동기,남,18세,경상
2014051400100462,2014년 5월 14일 17시,수요일,경상남도 하동군 하동읍,경상사고,0,0,2,0,차대차 - 추돌 - 주정차중,안전운전불이행,건조,맑음,단일로 - 기타,승용,남,68세,상해없음,승용,여,52세,상해없음
2014051400100463,2014년 5월 14일 17시,수요일,경상남도 김해시 장유면,경상사고,0,0,1,0,차대사람 - 횡단중,보행자보호의무위반,건조,맑음,단일로 - 횡단보도상,승용,여,36세,상해없음,보행자,여,10세,경상
2014051400100504,2014년 5월 14일 18시,수요일,경상남도 사천시 사천읍,사망사고,1,0,0,0,차대차 - 기타,안전운전불이행,건조,맑음,단일로 - 기타,승용,남,53세,상해없음,승용,여,41세,사망
2014051400100505,2014년 5월 14일 18시,수요일,경상남도 양산시 중부동,부상신고사고,0,0,0,2,차대차 - 추돌 - 진행중,안전거리미확보,건조,맑음,기타 - 기타,승용,남,28세,상해없음,승용,남,36세,부상신고
2014051400100535,2014년 5월 14일 19시,수요일,경상남도 창원시 마산합포구 창포동2가,경상사고,0,0,1,0,차대차 - 기타,안전운전불이행,건조,맑음,단일로 - 기타,승용,남,67세,상해없음,승용,여,49세,기타불명
2014051400100536,2014년 5월 14일 19시,수요일,경상남도 창원시 진해구 자은동,경상사고,0,0,1,0,차량단독 - 기타,안전운전불이행,건조,맑음,교차로 - 교차로부근,기타불명,기타불명,14세,기타불명,,,,
2014051400100537,2014년 5월 14일 19시,수요일,경상남도 거제시 연초면,중상사고,0,2,3,0,차대차 - 기타,안전운전불이행,건조,맑음,단일로 - 기타,승용,여,51세,상해없음,승용,남,47세,상해없음
2014051400100538,2014년 5월 14일 19시,수요일,경상남도 산청군 생비량면,중상사고,0,1,0,0,차량단독 - 도로외이탈 - 추락,안전운전불이행,건조,맑음,단일로 - 기타,화물,남,50세,중상,,,,
2014051400100578,2014년 5월 14일 20시,수요일,경상남도 창녕군 남지읍,경상사고,0,0,2,0,차대차 - 측면직각충돌,불법유턴,건조,맑음,단일로 - 기타,승용,남,28세,상해없음,승용,남,39세,경상
2014051400100579,2014년 5월 14일 20시,수요일,경상남도 거제시 장평동,중상사고,0,1,0,0,차대사람 - 기타,안전운전불이행,건조,맑음,교차로 - 교차로부근,승용,남,33세,상해없음,보행자,남,28세,중상
2014051400100580,2014년 5월 14일 20시,수요일,경상남도 함안군 산인면,중상사고,0,1,0,0,차대차 - 측면직각충돌,안전운전불이행,건조,맑음,교차로 - 교차로부근,승용,남,63세,상해없음,승용,남,22세,중상
2014051400100627,2014년 5월 14일 21시,수요일,경상남도 창원시 진해구 태백동,경상사고,0,0,1,0,차대사람 - 기타,안전운전불이행,건조,맑음,단일로 - 기타,기타불명,기타불명,기타불명,기타불명,보행자,남,26세,경상
2014051400100628,2014년 5월 14일 21시,수요일,경상남도 창원시 의창구 동읍,중상사고,0,1,0,0,차대차 - 기타,안전운전불이행,건조,맑음,단일로 - 기타,화물,남,59세,상해없음,승용,남,25세,중상
2014051500100013,2014년 5월 15일 00시,목요일,경상남도 거제시 고현동,경상사고,0,0,1,0,차대차 - 기타,안전운전불이행,건조,맑음,교차로 - 교차로부근,승용,남,59세,상해없음,승용,여,36세,경상
2014051500100014,2014년 5월 15일 00시,목요일,경상남도 창원시 성산구 중앙동,중상사고,0,1,0,0,차대사람 - 기타,안전운전불이행,건조,맑음,단일로 - 기타,승용,남,50세,상해없음,보행자,여,45세,중상
2014051500100080,2014년 5월 15일 05시,목요일,경상남도 양산시 교동,중상사고,0,1,0,0,차대차 - 측면직각충돌,신호위반,건조,맑음,교차로 - 교차로안,화물,남,57세,상해없음,승합,남,41세,중상
2014051500100156,2014년 5월 15일 08시,목요일,경상남도 사천시 축동면,중상사고,0,1,0,0,차대차 - 측면직각충돌,교차로운행방법위반,건조,맑음,교차로 - 교차로안,화물,남,54세,상해없음,화물,남,30세,중상
2014051500100157,2014년 5월 15일 08시,목요일,경상남도 하동군 횡천면,경상사고,0,0,2,0,차대차 - 측면직각충돌,교차로운행방법위반,건조,맑음,교차로 - 교차로안,화물,남,46세,상해없음,화물,남,65세,경상
2014051500100158,2014년 5월 15일 08시,목요일,경상남도 의령군 의령읍,중상사고,0,1,0,0,차대차 - 기타,안전운전불이행,건조,맑음,단일로 - 기타,승용,남,66세,상해없음,원동기,여,69세,중상
2014051500100176,2014년 5월 15일 09시,목요일,경상남도 김해시 부원동,경상사고,0,0,1,0,차대차 - 기타,안전운전불이행,건조,맑음,단일로 - 기타,기타불명,기타불명,기타불명,기타불명,승용,남,24세,경상
2014051500100193,2014년 5월 15일 09시,목요일,경상남도 진주시 중안동,경상사고,0,0,2,0,차대차 - 추돌 - 주정차중,안전운전불이행,건조,맑음,교차로 - 교차로부근,승용,남,65세,상해없음,승용,남,64세,경상
2014051500100194,2014년 5월 15일 09시,목요일,경상남도 창원시 진해구 경화동,경상사고,0,0,2,0,차대차 - 기타,안전운전불이행,건조,맑음,단일로 - 기타,승용,남,28세,상해없음,승합,남,53세,상해없음
2014051500100195,2014년 5월 15일 09시,목요일,경상남도 남해군 고현면,중상사고,0,1,1,0,차대차 - 측면직각충돌,교차로운행방법위반,건조,맑음,교차로 - 교차로안,화물,남,55세,상해없음,승용,여,29세,경상
2014051500100230,2014년 5월 15일 10시,목요일,경상남도 창원시 마산합포구 월영동,경상사고,0,0,2,0,차대차 - 추돌 - 주정차중,안전운전불이행,건조,맑음,교차로 - 교차로부근,승용,남,62세,상해없음,승용,여,54세,경상
2014051500100231,2014년 5월 15일 10시,목요일,경상남도 통영시 서호동,중상사고,0,1,0,0,차대사람 - 기타,안전운전불이행,건조,맑음,기타 - 기타,승용,남,76세,상해없음,보행자,남,88세,중상
2014051500100232,2014년 5월 15일 10시,목요일,경상남도 밀양시 내이동,경상사고,0,0,1,0,차대차 - 측면직각충돌,안전운전불이행,건조,맑음,교차로 - 교차로안,승용,여,33세,상해없음,이륜,남,62세,경상
2014051500100233,2014년 5월 15일 10시,목요일,경상남도 양산시 중부동,부상신고사고,0,0,0,2,차대차 - 측면직각충돌,안전운전불이행,건조,맑음,교차로 - 교차로부근,승용,여,43세,상해없음,승용,남,52세,부상신고
2014051500100234,2014년 5월 15일 10시,목요일,경상남도 창원시 마산회원구 내서읍,경상사고,0,0,1,0,차대차 - 측면직각충돌,신호위반,건조,맑음,교차로 - 교차로안,이륜,남,67세,경상,승용,남,72세,상해없음
2014051500100259,2014년 5월 15일 11시,목요일,경상남도 창원시 마산합포구 상남동,경상사고,0,0,1,0,차대차 - 추돌 - 진행중,안전운전불이행,건조,맑음,교차로 - 교차로부근,승용,여,31세,상해없음,승용,여,31세,경상
2014051500100260,2014년 5월 15일 11시,목요일,경상남도 창원시 진해구 경화동,중상사고,0,1,0,0,차대차 - 측면직각충돌,안전운전불이행,건조,맑음,단일로 - 기타,화물,남,48세,상해없음,승용,남,36세,중상
2014051500100353,2014년 5월 15일 14시,목요일,경상남도 합천군 합천읍,중상사고,0,1,0,0,차대차 - 측면직각충돌,교차로운행방법위반,건조,맑음,교차로 - 교차로안,화물,남,67세,상해없음,자전거,여,47세,중상
2014051500100354,2014년 5월 15일 14시,목요일,경상남도 양산시 주진동,부상신고사고,0,0,0,3,차대차 - 측면직각충돌,안전거리미확보,건조,맑음,단일로 - 기타,승용,여,52세,상해없음,승용,남,32세,부상신고
2014051500100404,2014년 5월 15일 15시,목요일,경상남도 김해시 부원동,경상사고,0,0,1,0,차대사람 - 기타,안전운전불이행,건조,맑음,단일로 - 기타,화물,남,39세,상해없음,보행자,남,52세,경상
2014051500100405,2014년 5월 15일 15시,목요일,경상남도 김해시 한림면,경상사고,0,0,1,0,차대차 - 기타,교차로운행방법위반,건조,맑음,교차로 - 교차로안,화물,남,48세,상해없음,화물,남,42세,경상
2014051500100452,2014년 5월 15일 16시,목요일,경상남도 밀양시 내이동,중상사고,0,1,0,0,차대사람 - 횡단중,안전운전불이행,건조,맑음,단일로 - 기타,이륜,남,19세,상해없음,보행자,남,63세,중상
2014051500100453,2014년 5월 15일 16시,목요일,경상남도 거창군 거창읍,경상사고,0,0,1,0,차대차 - 측면직각충돌,교차로운행방법위반,건조,맑음,교차로 - 교차로안,화물,남,18세,상해없음,승용,여,52세,경상
2014051500100454,2014년 5월 15일 16시,목요일,경상남도 양산시 중부동,중상사고,0,1,0,0,차대사람 - 횡단중,안전운전불이행,건조,맑음,단일로 - 기타,승용,여,46세,상해없음,보행자,남,89세,중상
2014051500100455,2014년 5월 15일 16시,목요일,경상남도 산청군 차황면,사망사고,1,0,0,0,차대사람 - 길가장자리구역통행중,안전운전불이행,건조,맑음,단일로 - 기타,승용,남,42세,상해없음,보행자,여,74세,사망
2014051500100456,2014년 5월 15일 16시,목요일,경상남도 의령군 의령읍,중상사고,0,1,2,0,차대차 - 측면직각충돌,안전운전불이행,건조,맑음,교차로 - 교차로안,승용,남,23세,경상,승용,남,40세,경상
2014051500100520,2014년 5월 15일 17시,목요일,경상남도 진주시 상평동,중상사고,0,1,1,0,차대차 - 추돌 - 주정차중,안전운전불이행,건조,맑음,단일로 - 기타,승용,남,55세,상해없음,화물,여,46세,중상
2014051500100521,2014년 5월 15일 17시,목요일,경상남도 김해시 구산동,경상사고,0,0,1,0,차대사람 - 횡단중,안전운전불이행,건조,맑음,교차로 - 교차로안,원동기,남,20세,상해없음,보행자,남,9세,경상
2014051500100522,2014년 5월 15일 17시,목요일,경상남도 창원시 마산회원구 내서읍,경상사고,0,0,1,0,차대차 - 측면직각충돌,안전운전불이행,건조,맑음,교차로 - 교차로안,승용,여,60세,상해없음,승용,남,26세,경상
2014051500100614,2014년 5월 15일 19시,목요일,경상남도 창원시 마산합포구 완월동,중상사고,0,1,1,0,차대차 - 측면직각충돌,신호위반,건조,맑음,교차로 - 교차로안,승용,남,52세,상해없음,승용,남,56세,경상
2014051500100724,2014년 5월 15일 22시,목요일,경상남도 거제시 옥포동,중상사고,0,1,0,0,차대사람 - 횡단중,안전운전불이행,건조,맑음,단일로 - 횡단보도상,이륜,남,39세,상해없음,보행자,남,32세,중상