사고번호,사고일시,요일,시군구,사고내용,사망자수,중상자수,경상자수,부상신고자수,사고유형,법규위반,노면상태,기상상태,도로형태,가해운전자 차종,가해운전자 성별,가해운전자 연령,가해운전자 상해정도,피해운전자 차종,피해운전자 성별,피해운전자 연령,피해운전자 상해정도
2014052200100556,2014년 5월 22일 19시,목요일,경상남도 의령군 의령읍,중상사고,0,1,0,0,차량단독 - 도로외이탈 - 추락,안전운전불이행,건조,맑음,단일로 - 기타,농기계,남,43세,중상,,,,
2014052200100601,2014년 5월 22일 20시,목요일,경상남도 창원시 진해구 풍호동,경상사고,0,0,1,0,차대사람 - 기타,안전운전불이행,건조,맑음,교차로 - 교차로안,승용,남,52세,상해없음,보행자,여,54세,경상
2014052200100602,2014년 5월 22일 20시,목요일,경상남도 김해시 동상동,경상사고,0,0,2,0,차대차 - 측면직각충돌,중앙선침범,건조,맑음,교차로 - 교차로부근,승용,남,20세,상해없음,승용,남,36세,경상
2014052200100603,2014년 5월 22일 20시,목요일,경상남도 김해시 풍유동,경상사고,0,0,1,0,차대차 - 추돌 - 진행중,안전운전불이행,건조,맑음,단일로 - 기타,승용,남,56세,상해없음,승용,남,58세,경상
2014052200100636,2014년 5월 22일 21시,목요일,경상남도 창원시 마산합포구 신포동1가,경상사고,0,0,1,0,차대사람 - 기타,안전운전불이행,건조,흐림,교차로 - 교차로부근,승용,남,61세,상해없음,보행자,남,43세,경상
2014052200100661,2014년 5월 22일 22시,목요일,경상남도 창원시 진해구 여좌동,중상사고,0,1,0,0,차대사람 - 기타,안전운전불이행,건조,맑음,단일로 - 기타,원동기,남,31세,상해없음,보행자,남,49세,중상
2014052200100662,2014년 5월 22일 22시,목요일,경상남도 거창군 거창읍,경상사고,0,0,1,0,차대차 - 추돌 - 진행중,안전운전불이행,건조,기타,단일로 - 기타,승용,여,41세,경상,화물,남,51세,상해없음
2014052300100013,2014년 5월 23일 00시,금요일,경상남도 김해시 외동,중상사고,0,1,0,0,차량단독 - 기타,안전운전불이행,건조,맑음,기타 - 기타,승용,여,44세,기타불명,,,,
2014052300100073,2014년 5월 23일 06시,금요일,경상남도 거제시 장평동,경상사고,0,0,1,0,차대차 - 기타,안전운전불이행,건조,맑음,교차로 - 교차로안,원동기,기타불명,기타불명,기타불명,자전거,남,22세,경상
2014052300100098,2014년 5월 23일 07시,금요일,경상남도 양산시 중부동,경상사고,0,0,1,0,차대차 - 기타,안전운전불이행,건조,맑음,단일로 - 기타,승용,남,52세,기타불명,자전거,여,16세,경상
2014052300100133,2014년 5월 23일 08시,금요일,경상남도 창원시 마산합포구 월남동2가,경상사고,0,0,1,0,차대차 - 측면직각충돌,안전운전불이행,건조,맑음,단일로 - 기타,승합,남,61세,상해없음,이륜,여,27세,경상
2014052300100134,2014년 5월 23일 08시,금요일,경상남도 창원시 마산합포구 완월동,경상사고,0,0,3,0,차대차 - 기타,안전운전불이행,건조,맑음,단일로 - 기타,승용,남,55세,상해없음,승용,여,43세,경상
2014052300100135,2014년 5월 23일 08시,금요일,경상남도 거제시 연초면,중상사고,0,1,0,0,차대사람 - 횡단중,보행자보호의무위반,건조,맑음,단일로 - 기타,승용,여,33세,상해없음,보행자,여,14세,중상
2014052300100163,2014년 5월 23일 09시,금요일,경상남도 창원시 진해구 석동,중상사고,0,3,3,0,차대차 - 추돌 - 진행중,안전거리미확보,건조,맑음,단일로 - 터널,화물,남,27세,상해없음,승용,남,51세,중상
2014052300100246,2014년 5월 23일 11시,금요일,경상남도 밀양시 내이동,경상사고,0,0,3,0,차대차 - 측면직각충돌,기타,건조,맑음,교차로 - 교차로안,승용,남,41세,상해없음,승용,남,50세,경상
2014052300100247,2014년 5월 23일 11시,금요일,경상남도 양산시 하북면,부상신고사고,0,0,0,1,차대차 - 측면직각충돌,신호위반,건조,흐림,교차로 - 교차로안,승용,남,65세,상해없음,승용,남,24세,부상신고
2014052300100248,2014년 5월 23일 11시,금요일,경상남도 김해시 주촌면,사망사고,1,0,0,0,차대사람 - 기타,안전운전불이행,건조,맑음,단일로 - 기타,승용,남,43세,상해없음,보행자,여,39세,사망
2014052300100267,2014년 5월 23일 12시,금요일,경상남도 거제시 장평동,중상사고,0,1,0,0,차대차 - 추돌 - 진행중,안전운전불이행,건조,맑음,단일로 - 기타,승용,남,21세,상해없음,승용,남,28세,중상
2014052300100268,2014년 5월 23일 12시,금요일,경상남도 함안군 함안면,경상사고,0,0,1,0,차대차 - 측면직각충돌,직진우회전진행방해,건조,맑음,교차로 - 교차로안,승용,여,43세,상해없음,승용,남,37세,경상
2014052300100297,2014년 5월 23일 13시,금요일,경상남도 사천시 사천읍,중상사고,0,1,0,0,차대차 - 추돌 - 진행중,안전운전불이행,건조,맑음,단일로 - 기타,승용,여,53세,상해없음,이륜,남,52세,중상
2014052300100298,2014년 5월 23일 13시,금요일,경상남도 사천시 사남면,중상사고,0,1,0,0,차대차 - 측면직각충돌,직진우회전진행방해,건조,맑음,교차로 - 교차로안,자전거,여,55세,중상,화물,남,53세,상해없음
2014052300100299,2014년 5월 23일 13시,금요일,경상남도 김해시 상동면,경상사고,0,0,2,0,차대차 - 측면직각충돌,안전운전불이행,건조,맑음,단일로 - 기타,화물,남,23세,경상,화물,남,59세,경상
2014052300100300,2014년 5월 23일 13시,금요일,경상남도 양산시 하북면,경상사고,0,0,3,2,차대차 - 정면충돌,중앙선침범,건조,맑음,교차로 - 교차로부근,승합,여,23세,상해없음,승합,남,59세,부상신고
2014052300100301,2014년 5월 23일 13시,금요일,경상남도 창원시 마산회원구 석전동,경상사고,0,0,3,0,차대차 - 추돌 - 주정차중,안전운전불이행,건조,맑음,단일로 - 기타,승용,여,53세,상해없음,승용,남,21세,경상
2014052300100325,2014년 5월 23일 14시,금요일,경상남도 밀양시 삼랑진읍,중상사고,0,1,0,0,차대차 - 정면충돌,안전운전불이행,건조,맑음,단일로 - 기타,화물,남,53세,중상,화물,남,47세,상해없음
2014052300100326,2014년 5월 23일 14시,금요일,경상남도 김해시 어방동,중상사고,0,2,0,0,차대차 - 측면직각충돌,직진우회전진행방해,건조,맑음,교차로 - 교차로안,이륜,남,14세,중상,화물,남,48세,상해없음
2014052300100327,2014년 5월 23일 14시,금요일,경상남도 김해시 상동면,중상사고,0,1,0,0,차량단독 - 공작물충돌,안전운전불이행,건조,맑음,단일로 - 기타,승용,여,63세,중상,,,,
2014052300100328,2014년 5월 23일 14시,금요일,경상남도 하동군 옥종면,경상사고,0,0,1,1,차대차 - 측면직각충돌,안전운전불이행,건조,맑음,교차로 - 교차로안,승용,여,58세,부상신고,승용,남,45세,경상
2014052300100363,2014년 5월 23일 15시,금요일,경상남도 창원시 마산합포구 월영동,경상사고,0,0,1,0,차대사람 - 기타,기타,건조,맑음,단일로 - 기타,승합,남,41세,상해없음,보행자,여,14세,경상
2014052300100438,2014년 5월 23일 17시,금요일,경상남도 함안군 칠서면,경상사고,0,0,1,0,차대차 - 추돌 - 주정차중,안전운전불이행,건조,맑음,교차로 - 교차로부근,화물,남,71세,상해없음,승용,여,48세,경상
2014052300100569,2014년 5월 23일 20시,금요일,경상남도 김해시 삼방동,경상사고,0,0,1,0,차대사람 - 횡단중,보행자보호의무위반,건조,맑음,교차로 - 교차로부근,승용,남,57세,상해없음,보행자,남,59세,경상
2014052300100597,2014년 5월 23일 21시,금요일,경상남도 진주시 상평동,중상사고,0,1,0,0,차대차 - 기타,안전운전불이행,건조,맑음,단일로 - 기타,화물,남,52세,상해없음,승용,남,33세,중상
2014052300100598,2014년 5월 23일 21시,금요일,경상남도 거제시 고현동,경상사고,0,0,1,0,차대차 - 측면직각충돌,안전운전불이행,건조,맑음,교차로 - 교차로안,승용,남,19세,상해없음,자전거,남,33세,경상
2014052300100630,2014년 5월 23일 22시,금요일,경상남도 밀양시 단장면,중상사고,0,1,0,0,차량단독 - 전도전복,안전운전불이행,건조,맑음,단일로 - 기타,승용,남,54세,상해없음,,,,
2014052300100631,2014년 5월 23일 22시,금요일,경상남도 양산시 삼호동,부상신고사고,0,0,0,1,차대사람 - 기타,안전운전불이행,건조,맑음,단일로 - 기타,자전거,남,18세,상해없음,보행자,남,19세,부상신고
2014052300100645,2014년 5월 23일 23시,금요일,경상남도 김해시 부원동,중상사고,0,1,1,0,차대차 - 추돌 - 주정차중,안전운전불이행,건조,맑음,단일로 - 기타,승용,여,26세,상해없음,승용,남,39세,중상
2014052300100665,2014년 5월 23일 23시,금요일,경상남도 거제시 상동동,중상사고,0,1,1,1,차대차 - 추돌 - 주정차중,안전운전불이행,건조,맑음,교차로 - 교차로부근,승용,남,46세,상해없음,승용,여,55세,부상신고
2014052400100043,2014년 5월 24일 01시,토요일,경상남도 창원시 성산구 신촌동,경상사고,0,0,1,0,차대차 - 기타,안전운전불이행,건조,맑음,교차로 - 교차로부근,승용,남,27세,상해없음,화물,남,27세,기타불명
2014052400100064,2014년 5월 24일 02시,토요일,경상남도 양산시 북부동,부상신고사고,0,0,0,1,차대사람 - 기타,안전운전불이행,건조,맑음,단일로 - 기타,승용,남,27세,상해없음,보행자,남,52세,부상신고
2014052400100080,2014년 5월 24일 03시,토요일,경상남도 창원시 의창구 도계동,경상사고,0,0,2,0,차대차 - 측면직각충돌,신호위반,건조,맑음,교차로 - 교차로안,승용,남,57세,상해없음,승용,남,64세,경상
2014052400100132,2014년 5월 24일 06시,토요일,경상남도 창녕군 남지읍,중상사고,0,1,0,0,차대차 - 기타,중앙선침범,건조,맑음,단일로 - 기타,건설기계,남,37세,상해없음,화물,남,72세,중상
2014052400100179,2014년 5월 24일 08시,토요일,경상남도 창원시 마산합포구 오동동,중상사고,0,1,0,0,차대차 - 추돌 - 진행중,안전거리미확보,건조,맑음,단일로 - 기타,승용,남,26세,상해없음,원동기,남,76세,중상
2014052400100180,2014년 5월 24일 08시,토요일,경상남도 함안군 칠서면,중상사고,0,1,0,0,차량단독 - 기타,안전운전불이행,건조,맑음,단일로 - 기타,이륜,남,79세,중상,,,,
2014052400100211,2014년 5월 24일 09시,토요일,경상남도 창원시 마산합포구 남성동,경상사고,0,0,2,0,차대차 - 정면충돌,안전운전불이행,건조,맑음,교차로 - 교차로안,승용,여,49세,경상,화물,남,65세,경상
2014052400100241,2014년 5월 24일 10시,토요일,경상남도 창원시 진해구 용원동,경상사고,0,0,1,0,차대차 - 기타,안전운전불이행,건조,맑음,교차로 - 교차로부근,승용,남,37세,상해없음,승용,남,59세,경상
2014052400100242,2014년 5월 24일 10시,토요일,경상남도 양산시 평산동,경상사고,0,0,1,0,차대차 - 측면직각충돌,직진우회전진행방해,건조,맑음,교차로 - 교차로안,승용,남,60세,상해없음,원동기,남,66세,경상
2014052400100271,2014년 5월 24일 11시,토요일,경상남도 창원시 진해구 이동,중상사고,0,1,0,0,차대차 - 기타,안전운전불이행,건조,맑음,단일로 - 기타,화물,남,37세,상해없음,승용,여,50세,중상
2014052400100272,2014년 5월 24일 11시,토요일,경상남도 양산시 상북면,중상사고,0,1,0,0,차대차 - 측면직각충돌,신호위반,건조,맑음,교차로 - 교차로안,화물,남,56세,상해없음,화물,남,35세,중상
2014052400100273,2014년 5월 24일 11시,토요일,경상남도 의령군 부림면,중상사고,0,2,0,0,차대사람 - 횡단중,안전운전불이행,건조,맑음,단일로 - 기타,이륜,남,79세,중상,보행자,여,74세,중상
2014052400100274,2014년 5월 24일 11시,토요일,경상남도 창원시 성산구 외동,경상사고,0,0,2,0,차대차 - 기타,안전운전불이행,건조,맑음,단일로 - 기타,승용,여,36세,상해없음,승용,남,72세,경상
2014052400100298,2014년 5월 24일 12시,토요일,경상남도 진주시 가좌동,경상사고,0,0,1,0,차대차 - 추돌 - 주정차중,안전운전불이행,건조,맑음,단일로 - 기타,화물,남,56세,상해없음,승용,남,53세,경상
2014052400100299,2014년 5월 24일 12시,토요일,경상남도 밀양시 하남읍,중상사고,0,1,0,0,차대차 - 측면직각충돌,안전운전불이행,건조,맑음,교차로 - 교차로안,승용,남,52세,상해없음,이륜,남,80세,중상
2014052400100300,2014년 5월 24일 12시,토요일,경상남도 김해시 부원동,경상사고,0,0,1,1,차대차 - 기타,안전거리미확보,건조,맑음,단일로 - 기타,승용,남,74세,부상신고,승용,남,37세,경상
2014052400100301,2014년 5월 24일 12시,토요일,경상남도 함안군 칠원면,중상사고,0,1,0,0,차대사람 - 기타,안전운전불이행,건조,맑음,단일로 - 기타,화물,남,48세,상해없음,보행자,남,57세,중상
2014052400100302,2014년 5월 24일 12시,토요일,경상남도 창원시 의창구 명서동,중상사고,0,1,0,0,차대차 - 측면직각충돌,안전운전불이행,건조,맑음,교차로 - 교차로부근,자전거,남,82세,중상,승용,여,50세,상해없음
2014052400100333,2014년 5월 24일 13시,토요일,경상남도 진주시 수정동,중상사고,0,1,0,0,차대차 - 추돌 - 주정차중,안전운전불이행,건조,맑음,교차로 - 교차로부근,승합,남,45세,상해없음,승용,남,58세,중상
2014052400100334,2014년 5월 24일 13시,토요일,경상남도 양산시 북정동,중상사고,0,1,0,0,차대차 - 추돌 - 진행중,안전운전불이행,건조,맑음,교차로 - 교차로안,승용,남,50세,상해없음,이륜,남,39세,중상
2014052400100406,2014년 5월 24일 15시,토요일,경상남도 진주시 상대동,중상사고,0,2,0,0,차대차 - 추돌 - 주정차중,안전운전불이행,건조,맑음,단일로 - 기타,화물,남,55세,상해없음,승용,남,31세,중상
2014052400100407,2014년 5월 24일 15시,토요일,경상남도 김해시 서상동,경상사고,0,0,1,0,차대사람 - 횡단중,안전운전불이행,건조,맑음,단일로 - 기타,승합,남,52세,상해없음,보행자,여,5세,경상
2014052400100408,2014년 5월 24일 15시,토요일,경상남도 김해시 부원동,경상사고,0,0,1,0,차대차 - 추돌 - 진행중,안전운전불이행,건조,맑음,단일로 - 기타,원동기,남,31세,경상,승용,여,26세,상해없음
2014052400100409,2014년 5월 24일 15시,토요일,경상남도 거제시 아주동,경상사고,0,0,1,0,차대사람 - 기타,안전운전불이행,건조,맑음,단일로 - 기타,승용,여,46세,상해없음,보행자,남,54세,경상
2014052400100450,2014년 5월 24일 16시,토요일,경상남도 창원시 진해구 석동,경상사고,0,0,1,0,차대차 - 기타,안전운전불이행,건조,맑음,교차로 - 교차로안,자전거,남,12세,경상,승용,여,56세,기타불명
2014052400100451,2014년 5월 24일 16시,토요일,경상남도 김해시 대동면,경상사고,0,0,2,0,차대차 - 정면충돌,중앙선침범,건조,맑음,단일로 - 기타,승용,남,56세,기타불명,승용,남,33세,경상
2014052400100489,2014년 5월 24일 17시,토요일,경상남도 창원시 마산합포구 우산동,중상사고,0,1,0,0,차대차 - 측면직각충돌,안전운전불이행,건조,맑음,단일로 - 기타,이륜,남,24세,중상,승용,남,44세,상해없음
2014052400100490,2014년 5월 24일 17시,토요일,경상남도 김해시 내동,경상사고,0,0,1,0,차대차 - 기타,중앙선침범,건조,맑음,단일로 - 기타,승용,기타불명,기타불명,기타불명,이륜,여,35세,경상
2014052400100491,2014년 5월 24일 17시,토요일,경상남도 거제시 연초면,중상사고,0,1,0,0,차대차 - 기타,안전운전불이행,건조,맑음,교차로 - 교차로안,화물,남,40세,상해없음,이륜,남,52세,중상
2014052400100492,2014년 5월 24일 17시,토요일,경상남도 거제시 능포동,경상사고,0,0,1,0,차대차 - 측면직각충돌,안전운전불이행,건조,맑음,단일로 - 기타,승용,여,26세,상해없음,승용,여,45세,경상
2014052400100571,2014년 5월 24일 19시,토요일,경상남도 통영시 광도면,경상사고,0,0,2,0,차대차 - 측면직각충돌,신호위반,건조,맑음,교차로 - 교차로안,승용,여,56세,상해없음,승용,남,29세,경상
2014052400100572,2014년 5월 24일 19시,토요일,경상남도 거제시 장평동,경상사고,0,0,1,0,차대사람 - 횡단중,중앙선침범,건조,맑음,단일로 - 기타,자전거,남,32세,상해없음,보행자,여,78세,경상
2014052400100573,2014년 5월 24일 19시,토요일,경상남도 창원시 마산회원구 합성동,중상사고,0,1,0,0,차대차 - 측면직각충돌,신호위반,습기,비,교차로 - 교차로안,승용,남,65세,상해없음,이륜,남,25세,중상
2014052400100604,2014년 5월 24일 20시,토요일,경상남도 통영시 미수동,사망사고,1,0,0,0,차대사람 - 횡단중,보행자보호의무위반,건조,맑음,교차로 - 교차로부근,승용,여,47세,상해없음,보행자,여,69세,사망
2014052400100634,2014년 5월 24일 21시,토요일,경상남도 거창군 거창읍,중상사고,0,1,1,0,차대차 - 정면충돌,중앙선침범,건조,맑음,단일로 - 기타,원동기,남,43세,중상,승용,남,54세,경상
2014052400100635,2014년 5월 24일 21시,토요일,경상남도 양산시 남부동,중상사고,0,1,0,0,차대차 - 측면직각충돌,안전운전불이행,건조,맑음,교차로 - 교차로부근,승용,남,50세,상해없음,승용,남,24세,중상
2014052400100636,2014년 5월 24일 21시,토요일,경상남도 창원시 의창구 용호동,경상사고,0,0,1,0,차대사람 - 기타,신호위반,건조,맑음,교차로 - 교차로안,승용,여,67세,상해없음,보행자,여,12세,경상
2014052400100659,2014년 5월 24일 22시,토요일,경상남도 김해시 내동,중상사고,0,1,0,0,차대사람 - 횡단중,보행자보호의무위반,건조,맑음,단일로 - 기타,승용,남,62세,상해없음,보행자,여,55세,중상
2014052400100687,2014년 5월 24일 23시,토요일,경상남도 진주시 이현동,경상사고,0,0,2,0,차대차 - 추돌 - 주정차중,안전운전불이행,건조,맑음,단일로 - 기타,승용,남,52세,상해없음,승용,여,30세,상해없음
2014052400100688,2014년 5월 24일 23시,토요일,경상남도 창원시 마산회원구 합성동,경상사고,0,0,1,0,차대차 - 기타,안전운전불이행,건조,맑음,교차로 - 교차로부근,승용,남,59세,상해없음,이륜,남,45세,경상
2014052400100689,2014년 5월 24일 23시,토요일,경상남도 김해시 장유면,중상사고,0,2,0,0,차대차 - 측면직각충돌,교차로운행방법위반,건조,맑음,교차로 - 교차로안,승용,남,52세,상해없음,승용,남,48세,중상
2014052500100022,2014년 5월 25일 00시,일요일,경상남도 거제시 덕포동,중상사고,0,1,1,0,차대사람 - 기타,안전운전불이행,건조,맑음,교차로 - 교차로부근,승용,남,43세,상해없음,보행자,남,51세,경상
2014052500100041,2014년 5월 25일 01시,일요일,경상남도 진주시 가좌동,사망사고,1,0,0,0,차대차 - 기타,안전운전불이행,건조,맑음,단일로 - 기타,승용,남,27세,상해없음,승용,남,25세,사망
2014052500100042,2014년 5월 25일 01시,일요일,경상남도 합천군 대양면,경상사고,0,0,2,0,차대차 - 기타,안전운전불이행,건조,맑음,단일로 - 기타,승용,남,50세,경상,화물,남,36세,경상
2014052500100064,2014년 5월 25일 02시,일요일,경상남도 사천시 서포면,경상사고,0,0,1,0,차량단독 - 공작물충돌,안전운전불이행,건조,맑음,단일로 - 기타,승용,남,21세,경상,,,,
2014052500100071,2014년 5월 25일 03시,일요일,경상남도 사천시 동금동,경상사고,0,0,1,0,차대차 - 측면직각충돌,신호위반,건조,맑음,교차로 - 교차로안,승용,남,46세,상해없음,승용,여,46세,경상
2014052500100072,2014년 5월 25일 03시,일요일,경상남도 창원시 성산구 중앙동,경상사고,0,0,1,0,차대사람 - 기타,안전운전불이행,건조,맑음,기타 - 기타,승용,남,28세,기타불명,보행자,남,55세,경상
2014052500100115,2014년 5월 25일 07시,일요일,경상남도 밀양시 삼랑진읍,중상사고,0,1,0,0,차대차 - 측면직각충돌,안전운전불이행,건조,맑음,교차로 - 교차로안,이륜,남,67세,중상,화물,남,50세,상해없음
2014052500100116,2014년 5월 25일 07시,일요일,경상남도 김해시 외동,중상사고,0,1,0,0,차대차 - 기타,기타,건조,맑음,교차로 - 교차로안,화물,남,54세,상해없음,승용,여,29세,중상
2014052500100130,2014년 5월 25일 08시,일요일,경상남도 창원시 진해구 경화동,경상사고,0,0,1,0,차대사람 - 기타,안전운전불이행,건조,맑음,교차로 - 교차로부근,승용,여,54세,상해없음,보행자,남,23세,경상
2014052500100131,2014년 5월 25일 08시,일요일,경상남도 함양군 서상면,경상사고,0,0,1,0,차대차 - 정면충돌,중앙선침범,건조,맑음,교차로 - 교차로안,화물,남,51세,상해없음,승용,여,38세,상해없음
2014052500100132,2014년 5월 25일 08시,일요일,경상남도 양산시 물금읍,중상사고,0,1,1,0,차대차 - 기타,직진우회전진행방해,건조,맑음,교차로 - 교차로안,승용,남,59세,상해없음,승용,여,45세,중상
2014052500100189,2014년 5월 25일 11시,일요일,경상남도 창원시 마산합포구 신포동2가,경상사고,0,0,2,0,차대차 - 추돌 - 진행중,안전운전불이행,건조,맑음,교차로 - 교차로안,화물,남,25세,상해없음,화물,남,43세,상해없음
2014052500100260,2014년 5월 25일 13시,일요일,경상남도 함안군 대산면,경상사고,0,0,1,0,차대차 - 정면충돌,중앙선침범,건조,맑음,단일로 - 기타,승용,남,34세,상해없음,승용,남,44세,경상
2014052500100287,2014년 5월 25일 14시,일요일,경상남도 함안군 산인면,중상사고,0,1,0,0,차대차 - 기타,중앙선침범,건조,맑음,단일로 - 기타,자전거,남,10세,중상,화물,남,61세,상해없음
2014052500100288,2014년 5월 25일 14시,일요일,경상남도 창원시 성산구 중앙동,중상사고,0,1,0,0,차대차 - 기타,신호위반,건조,맑음,교차로 - 교차로안,승용,남,37세,상해없음,승용,남,32세,중상
2014052500100320,2014년 5월 25일 15시,일요일,경상남도 밀양시 상남면,경상사고,0,0,2,0,차대차 - 측면직각충돌,교차로운행방법위반,건조,맑음,교차로 - 교차로부근,화물,남,62세,상해없음,승용,여,62세,경상
2014052500100362,2014년 5월 25일 16시,일요일,경상남도 김해시 외동,중상사고,0,2,0,0,차대차 - 추돌 - 주정차중,안전운전불이행,건조,맑음,교차로 - 교차로안,승용,여,41세,상해없음,승용,남,24세,중상
2014052500100363,2014년 5월 25일 16시,일요일,경상남도 함양군 함양읍,경상사고,0,0,2,0,차대차 - 측면직각충돌,교차로운행방법위반,습기,비,교차로 - 교차로안,승용,여,64세,경상,승용,남,48세,경상
2014052500100364,2014년 5월 25일 16시,일요일,경상남도 양산시 명동,중상사고,0,1,0,0,차대차 - 기타,안전운전불이행,건조,맑음,교차로 - 교차로안,자전거,남,14세,중상,승용,남,46세,상해없음
2014052500100365,2014년 5월 25일 16시,일요일,경상남도 창원시 의창구 북면,경상사고,0,0,1,0,차대차 - 측면직각충돌,교차로운행방법위반,건조,맑음,교차로 - 교차로안,승용,여,41세,상해없음,화물,남,75세,경상
2014052500100401,2014년 5월 25일 17시,일요일,경상남도 김해시 한림면,중상사고,0,1,0,0,차대차 - 측면직각충돌,중앙선침범,건조,맑음,단일로 - 기타,승용,여,29세,중상,승용,남,25세,상해없음
2014052500100431,2014년 5월 25일 18시,일요일,경상남도 창원시 마산합포구 월남동1가,중상사고,0,1,0,0,차대차 - 측면직각충돌,안전운전불이행,건조,맑음,단일로 - 기타,승용,여,38세,상해없음,승용,남,34세,상해없음
2014052500100432,2014년 5월 25일 18시,일요일,경상남도 진주시 일반성면,사망사고,1,0,0,0,차량단독 - 전도전복,안전운전불이행,습기,비,교차로 - 교차로안,이륜,기타불명,61세,사망,,,,
2014052500100433,2014년 5월 25일 18시,일요일,경상남도 밀양시 내이동,경상사고,0,0,2,0,차대차 - 추돌 - 주정차중,안전운전불이행,습기,흐림,교차로 - 교차로부근,승용,남,50세,상해없음,승용,남,44세,경상
2014052500100434,2014년 5월 25일 18시,일요일,경상남도 창원시 마산회원구 회성동,경상사고,0,0,1,0,차대차 - 추돌 - 주정차중,안전운전불이행,습기,비,단일로 - 기타,승용,기타불명,30세,기타불명,승용,남,22세,경상
2014052500100435,2014년 5월 25일 18시,일요일,경상남도 김해시 한림면,경상사고,0,0,2,0,차대차 - 추돌 - 주정차중,안전운전불이행,건조,맑음,단일로 - 기타,화물,남,56세,상해없음,승용,남,22세,경상
2014052500100468,2014년 5월 25일 19시,일요일,경상남도 진주시 평거동,중상사고,0,1,0,1,차대차 - 기타,신호위반,습기,비,교차로 - 교차로안,승용,남,57세,부상신고,승합,남,51세,중상
2014052500100523,2014년 5월 25일 20시,일요일,경상남도 창원시 마산합포구 자산동,경상사고,0,0,1,0,차대차 - 측면직각충돌,안전운전불이행,건조,맑음,교차로 - 교차로안,승용,남,55세,상해없음,승용,여,45세,경상
2014052500100524,2014년 5월 25일 20시,일요일,경상남도 창원시 진해구 대천동,중상사고,0,1,0,0,차대사람 - 횡단중,보행자보호의무위반,습기,비,단일로 - 기타,화물,남,57세,상해없음,보행자,여,56세,중상
2014052500100525,2014년 5월 25일 20시,일요일,경상남도 통영시 광도면,경상사고,0,0,1,0,차대차 - 추돌 - 진행중,안전운전불이행,습기,비,단일로 - 기타,승용,여,43세,상해없음,농기계,남,78세,경상
2014052500100526,2014년 5월 25일 20시,일요일,경상남도 창원시 성산구 상남동,경상사고,0,0,3,0,차대차 - 추돌 - 진행중,안전운전불이행,건조,맑음,단일로 - 기타,승용,남,44세,상해없음,승용,남,44세,경상
2014052500100527,2014년 5월 25일 20시,일요일,경상남도 창원시 마산회원구 구암동,중상사고,0,1,0,0,차대사람 - 횡단중,안전운전불이행,습기,비,단일로 - 기타,승합,여,49세,상해없음,보행자,남,44세,중상
2014052500100528,2014년 5월 25일 20시,일요일,경상남도 김해시 진영읍,경상사고,0,0,2,0,차대차 - 추돌 - 주정차중,안전운전불이행,건조,맑음,교차로 - 교차로부근,승용,남,46세,기타불명,승용,여,40세,경상
2014052500100619,2014년 5월 25일 22시,일요일,경상남도 진주시 평거동,중상사고,0,1,0,0,차대차 - 기타,신호위반,습기,비,교차로 - 교차로안,승합,남,49세,상해없음,원동기,남,16세,중상
2014052500100620,2014년 5월 25일 22시,일요일,경상남도 밀양시 가곡동,중상사고,0,2,0,0,차대사람 - 횡단중,안전운전불이행,습기,비,교차로 - 교차로안,승용,남,38세,상해없음,보행자,여,53세,중상
2014052500100621,2014년 5월 25일 22시,일요일,경상남도 창원시 마산회원구 석전동,경상사고,0,0,1,0,차대차 - 기타,신호위반,습기,비,교차로 - 교차로부근,승용,여,46세,상해없음,승용,남,25세,경상
2014052500100647,2014년 5월 25일 23시,일요일,경상남도 창원시 진해구 석동,경상사고,0,0,1,0,차대사람 - 차도통행중,안전운전불이행,습기,비,교차로 - 교차로안,승용,남,42세,상해없음,보행자,여,21세,경상
2014052500100648,2014년 5월 25일 23시,일요일,경상남도 양산시 동면,부상신고사고,0,0,0,3,차량단독 - 전도전복,안전운전불이행,습기,비,단일로 - 기타,승용,남,65세,상해없음,,,,
2014052600100015,2014년 5월 26일 00시,월요일,경상남도 진주시 상평동,경상사고,0,0,1,0,차대차 - 측면직각충돌,교차로운행방법위반,건조,맑음,교차로 - 교차로안,승용,기타불명,기타불명,기타불명,승용,여,49세,경상
2014052600100029,2014년 5월 26일 01시,월요일,경상남도 창원시 성산구 내동,경상사고,0,0,1,0,차대차 - 기타,신호위반,건조,맑음,교차로 - 교차로안,승용,남,35세,상해없음,승용,남,35세,경상
2014052600100059,2014년 5월 26일 04시,월요일,경상남도 창원시 진해구 용원동,중상사고,0,1,0,0,차량단독 - 전도전복,안전운전불이행,습기,흐림,단일로 - 기타,이륜,남,61세,중상,,,,
2014052600100066,2014년 5월 26일 05시,월요일,경상남도 김해시 내동,중상사고,0,1,1,0,차대차 - 측면직각충돌,신호위반,건조,맑음,교차로 - 교차로안,승용,남,53세,상해없음,승합,남,56세,경상
2014052600100142,2014년 5월 26일 08시,월요일,경상남도 함안군 가야읍,경상사고,0,0,2,0,차대차 - 정면충돌,안전운전불이행,건조,맑음,교차로 - 교차로부근,승용,여,57세,경상,승합,남,53세,경상