사고번호,사고일시,요일,시군구,사고내용,사망자수,중상자수,경상자수,부상신고자수,사고유형,법규위반,노면상태,기상상태,도로형태,가해운전자 차종,가해운전자 성별,가해운전자 연령,가해운전자 상해정도,피해운전자 차종,피해운전자 성별,피해운전자 연령,피해운전자 상해정도
2014061000100088,2014년 6월 10일 07시,화요일,경상남도 거제시 아양동,경상사고,0,0,1,0,차대차 - 기타,신호위반,건조,맑음,교차로 - 교차로부근,승용,남,34세,상해없음,승용,남,41세,경상
2014061000100089,2014년 6월 10일 07시,화요일,경상남도 창원시 성산구 가음정동,경상사고,0,0,1,0,차대사람 - 기타,안전운전불이행,건조,맑음,교차로 - 교차로부근,승용,남,31세,상해없음,보행자,남,55세,경상
2014061000100123,2014년 6월 10일 08시,화요일,경상남도 남해군 남해읍,중상사고,0,1,0,0,차대차 - 기타,안전운전불이행,건조,맑음,기타 - 기타,화물,남,69세,상해없음,원동기,남,17세,중상
2014061000100124,2014년 6월 10일 08시,화요일,경상남도 창원시 의창구 소계동,경상사고,0,0,1,0,차대차 - 측면직각충돌,안전운전불이행,건조,맑음,단일로 - 기타,화물,남,25세,상해없음,승용,남,40세,경상
2014061000100125,2014년 6월 10일 08시,화요일,경상남도 김해시 진영읍,경상사고,0,0,2,0,차대차 - 추돌 - 주정차중,안전거리미확보,건조,흐림,단일로 - 기타,승용,여,47세,상해없음,승용,남,40세,상해없음
2014061000100156,2014년 6월 10일 09시,화요일,경상남도 김해시 삼계동,중상사고,0,1,0,0,차대차 - 측면직각충돌,중앙선침범,건조,맑음,단일로 - 기타,화물,남,47세,상해없음,화물,남,37세,중상
2014061000100186,2014년 6월 10일 10시,화요일,경상남도 진주시 금곡면,중상사고,0,1,0,0,차대차 - 기타,안전운전불이행,건조,맑음,교차로 - 교차로안,승용,남,62세,상해없음,원동기,남,77세,중상
2014061000100187,2014년 6월 10일 10시,화요일,경상남도 창원시 진해구 이동,경상사고,0,0,1,0,차대사람 - 차도통행중,안전운전불이행,건조,맑음,교차로 - 교차로안,승용,남,66세,상해없음,보행자,여,82세,경상
2014061000100212,2014년 6월 10일 11시,화요일,경상남도 김해시 구산동,경상사고,0,0,2,0,차대차 - 기타,안전운전불이행,건조,맑음,교차로 - 교차로부근,승용,여,49세,경상,화물,남,53세,경상
2014061000100278,2014년 6월 10일 13시,화요일,경상남도 통영시 광도면,중상사고,0,1,0,0,차대사람 - 횡단중,신호위반,건조,맑음,교차로 - 교차로부근,화물,남,56세,상해없음,보행자,여,57세,중상
2014061000100332,2014년 6월 10일 15시,화요일,경상남도 김해시 삼계동,중상사고,0,1,0,0,차대차 - 기타,교차로운행방법위반,건조,맑음,교차로 - 교차로안,승용,여,51세,상해없음,자전거,남,9세,중상
2014061000100333,2014년 6월 10일 15시,화요일,경상남도 거창군 남상면,부상신고사고,0,0,0,1,차대차 - 기타,중앙선침범,건조,맑음,단일로 - 기타,이륜,남,61세,부상신고,승용,남,26세,상해없음
2014061000100334,2014년 6월 10일 15시,화요일,경상남도 양산시 동면,중상사고,0,1,1,0,차대차 - 추돌 - 주정차중,안전거리미확보,건조,맑음,단일로 - 기타,화물,남,42세,상해없음,승용,여,56세,중상
2014061000100335,2014년 6월 10일 15시,화요일,경상남도 김해시 장유면,중상사고,0,1,0,0,차대차 - 추돌 - 주정차중,안전운전불이행,건조,맑음,교차로 - 교차로부근,승용,남,74세,상해없음,승용,여,45세,중상
2014061000100367,2014년 6월 10일 16시,화요일,경상남도 거창군 남상면,사망사고,1,1,0,0,차량단독 - 공작물충돌,안전운전불이행,건조,맑음,교차로 - 교차로부근,농기계,남,75세,사망,,,,
2014061000100368,2014년 6월 10일 16시,화요일,경상남도 양산시 북부동,경상사고,0,0,1,0,차대차 - 기타,안전운전불이행,건조,맑음,단일로 - 기타,화물,남,34세,상해없음,승용,남,33세,경상
2014061000100415,2014년 6월 10일 17시,화요일,경상남도 진주시 신안동,중상사고,0,1,0,0,차대사람 - 기타,안전운전불이행,건조,맑음,교차로 - 교차로안,승용,여,38세,상해없음,보행자,남,55세,중상
2014061000100416,2014년 6월 10일 17시,화요일,경상남도 창원시 진해구 경화동,중상사고,0,1,0,0,차대차 - 기타,안전운전불이행,건조,맑음,단일로 - 기타,승용,남,63세,상해없음,자전거,남,10세,중상
2014061000100417,2014년 6월 10일 17시,화요일,경상남도 김해시 삼계동,경상사고,0,0,2,0,차대차 - 추돌 - 진행중,안전거리미확보,건조,맑음,교차로 - 교차로부근,건설기계,남,30세,상해없음,승용,여,67세,경상
2014061000100418,2014년 6월 10일 17시,화요일,경상남도 양산시 평산동,중상사고,0,1,1,0,차대사람 - 기타,안전운전불이행,건조,맑음,단일로 - 기타,승용,남,67세,상해없음,보행자,여,37세,중상
2014061000100419,2014년 6월 10일 17시,화요일,경상남도 의령군 용덕면,중상사고,0,1,0,0,차대차 - 측면직각충돌,안전운전불이행,건조,맑음,교차로 - 교차로안,화물,남,44세,상해없음,이륜,남,79세,중상
2014061000100460,2014년 6월 10일 18시,화요일,경상남도 통영시 광도면,중상사고,0,1,0,0,차대사람 - 기타,안전운전불이행,건조,맑음,교차로 - 교차로안,승용,남,34세,상해없음,보행자,남,7세,중상
2014061000100461,2014년 6월 10일 18시,화요일,경상남도 합천군 야로면,경상사고,0,0,1,0,차대차 - 측면직각충돌,교차로운행방법위반,건조,맑음,교차로 - 교차로안,화물,남,61세,상해없음,승용,여,39세,경상
2014061000100462,2014년 6월 10일 18시,화요일,경상남도 양산시 삼호동,중상사고,0,1,0,0,차대차 - 추돌 - 주정차중,안전거리미확보,건조,맑음,단일로 - 기타,승용,여,46세,상해없음,승용,남,56세,상해없음
2014061000100494,2014년 6월 10일 19시,화요일,경상남도 진주시 호탄동,경상사고,0,0,1,0,차대차 - 추돌 - 진행중,안전운전불이행,건조,흐림,단일로 - 기타,승용,남,24세,상해없음,원동기,남,19세,경상
2014061000100495,2014년 6월 10일 19시,화요일,경상남도 통영시 북신동,중상사고,0,1,0,0,차대사람 - 횡단중,보행자보호의무위반,건조,맑음,단일로 - 기타,이륜,남,30세,상해없음,보행자,남,35세,중상
2014061000100527,2014년 6월 10일 20시,화요일,경상남도 진주시 상대동,중상사고,0,1,0,0,차대차 - 추돌 - 주정차중,안전운전불이행,건조,맑음,단일로 - 기타,승용,남,51세,상해없음,승용,남,35세,중상
2014061000100528,2014년 6월 10일 20시,화요일,경상남도 밀양시 내이동,경상사고,0,0,1,2,차대차 - 측면직각충돌,차로위반,건조,맑음,교차로 - 교차로안,화물,남,46세,상해없음,승용,남,19세,경상
2014061000100529,2014년 6월 10일 20시,화요일,경상남도 김해시 삼방동,중상사고,0,2,0,0,차대사람 - 횡단중,안전운전불이행,건조,맑음,교차로 - 교차로부근,승용,남,59세,상해없음,보행자,남,59세,중상
2014061000100530,2014년 6월 10일 20시,화요일,경상남도 양산시 용당동,부상신고사고,0,0,0,1,차대차 - 측면직각충돌,안전운전불이행,습기,비,단일로 - 기타,이륜,남,56세,부상신고,승용,남,46세,상해없음
2014061000100531,2014년 6월 10일 20시,화요일,경상남도 창원시 마산합포구 산호동,경상사고,0,0,1,2,차대차 - 측면직각충돌,신호위반,습기,비,교차로 - 교차로안,승용,남,57세,상해없음,승용,남,59세,경상
2014061000100579,2014년 6월 10일 21시,화요일,경상남도 김해시 외동,경상사고,0,0,1,0,차대사람 - 기타,중앙선침범,건조,맑음,교차로 - 교차로안,자전거,기타불명,기타불명,기타불명,보행자,여,47세,경상
2014061000100580,2014년 6월 10일 21시,화요일,경상남도 김해시 진영읍,경상사고,0,0,1,0,차대차 - 측면직각충돌,중앙선침범,건조,맑음,단일로 - 기타,승용,여,48세,상해없음,이륜,남,52세,경상
2014061000100627,2014년 6월 10일 22시,화요일,경상남도 창원시 마산합포구 자산동,경상사고,0,0,1,0,차대차 - 측면직각충돌,직진우회전진행방해,건조,맑음,교차로 - 교차로안,승용,여,45세,상해없음,승용,여,32세,경상
2014061000100669,2014년 6월 10일 23시,화요일,경상남도 김해시 부원동,중상사고,0,2,0,0,차대차 - 기타,교차로운행방법위반,건조,맑음,교차로 - 교차로부근,승용,남,24세,상해없음,승합,여,53세,중상
2014061100100032,2014년 6월 11일 01시,수요일,경상남도 진주시 상대동,경상사고,0,0,1,0,차대사람 - 횡단중,안전운전불이행,습기,비,단일로 - 기타,승용,남,43세,상해없음,보행자,남,39세,경상
2014061100100033,2014년 6월 11일 01시,수요일,경상남도 거제시 사등면,경상사고,0,0,1,0,차대차 - 추돌 - 주정차중,안전거리미확보,건조,맑음,단일로 - 기타,승용,남,57세,상해없음,승용,남,18세,경상
2014061100100034,2014년 6월 11일 01시,수요일,경상남도 창원시 마산회원구 구암동,중상사고,0,1,0,0,차대사람 - 기타,안전운전불이행,건조,맑음,교차로 - 교차로안,승용,남,64세,상해없음,보행자,남,44세,중상
2014061100100106,2014년 6월 11일 06시,수요일,경상남도 창원시 진해구 용원동,중상사고,0,1,0,0,차대차 - 측면직각충돌,직진우회전진행방해,건조,맑음,교차로 - 교차로안,승용,남,51세,상해없음,자전거,남,42세,중상
2014061100100130,2014년 6월 11일 07시,수요일,경상남도 밀양시 청도면,중상사고,0,1,1,0,차대차 - 측면직각충돌,중앙선침범,건조,흐림,단일로 - 기타,승용,여,36세,상해없음,승용,남,56세,상해없음
2014061100100131,2014년 6월 11일 07시,수요일,경상남도 김해시 어방동,경상사고,0,0,1,0,차대차 - 추돌 - 주정차중,중앙선침범,건조,맑음,교차로 - 교차로부근,승용,남,23세,상해없음,승용,남,27세,경상
2014061100100159,2014년 6월 11일 08시,수요일,경상남도 사천시 정동면,경상사고,0,0,5,0,차대차 - 측면직각충돌,직진우회전진행방해,건조,맑음,교차로 - 교차로안,승용,여,38세,경상,승용,여,44세,경상
2014061100100160,2014년 6월 11일 08시,수요일,경상남도 함양군 서상면,경상사고,0,0,1,0,차대차 - 추돌 - 진행중,안전운전불이행,건조,맑음,교차로 - 교차로부근,승용,남,51세,상해없음,이륜,여,61세,경상
2014061100100161,2014년 6월 11일 08시,수요일,경상남도 거제시 아주동,중상사고,0,1,2,0,차대차 - 추돌 - 진행중,안전거리미확보,습기,비,미분류 - 미분류,승용,남,31세,상해없음,승용,여,53세,상해없음
2014061100100192,2014년 6월 11일 09시,수요일,경상남도 창원시 마산합포구 월영동,경상사고,0,0,1,0,차대차 - 기타,안전운전불이행,건조,맑음,단일로 - 기타,화물,남,63세,상해없음,승용,여,45세,경상
2014061100100193,2014년 6월 11일 09시,수요일,경상남도 통영시 도천동,중상사고,0,1,0,0,차대차 - 측면직각충돌,교차로운행방법위반,건조,맑음,교차로 - 교차로안,승용,여,53세,상해없음,이륜,남,58세,중상
2014061100100194,2014년 6월 11일 09시,수요일,경상남도 통영시 서호동,경상사고,0,0,1,0,차대차 - 측면직각충돌,안전운전불이행,건조,맑음,단일로 - 기타,승용,남,55세,상해없음,이륜,남,30세,경상
2014061100100195,2014년 6월 11일 09시,수요일,경상남도 거제시 옥포동,중상사고,0,1,1,0,차대차 - 추돌 - 진행중,교차로운행방법위반,건조,맑음,교차로 - 교차로안,승용,남,45세,경상,승용,여,35세,중상
2014061100100196,2014년 6월 11일 09시,수요일,경상남도 산청군 산청읍,부상신고사고,0,0,0,1,차대차 - 추돌 - 진행중,안전운전불이행,건조,맑음,교차로 - 교차로부근,화물,남,32세,상해없음,화물,남,42세,부상신고
2014061100100197,2014년 6월 11일 09시,수요일,경상남도 창원시 성산구 상남동,경상사고,0,0,1,0,차대사람 - 횡단중,보행자보호의무위반,건조,맑음,단일로 - 횡단보도상,승용,남,63세,상해없음,보행자,여,46세,경상
2014061100100216,2014년 6월 11일 10시,수요일,경상남도 창녕군 대지면,경상사고,0,0,1,0,차대차 - 정면충돌,안전운전불이행,건조,맑음,단일로 - 기타,원동기,여,68세,경상,화물,남,47세,상해없음
2014061100100217,2014년 6월 11일 10시,수요일,경상남도 함양군 수동면,중상사고,0,1,0,0,차대차 - 측면직각충돌,신호위반,건조,맑음,교차로 - 교차로안,자전거,남,20세,중상,화물,남,43세,상해없음
2014061100100242,2014년 6월 11일 11시,수요일,경상남도 함양군 함양읍,중상사고,0,1,0,0,차대차 - 측면직각충돌,교차로운행방법위반,건조,맑음,교차로 - 교차로안,화물,남,46세,상해없음,자전거,남,61세,중상
2014061100100272,2014년 6월 11일 12시,수요일,경상남도 진주시 신안동,경상사고,0,0,1,0,차대차 - 측면직각충돌,신호위반,건조,맑음,교차로 - 교차로부근,자전거,남,75세,경상,승용,남,60세,상해없음
2014061100100274,2014년 6월 11일 12시,수요일,경상남도 창원시 마산회원구 양덕동,경상사고,0,0,1,0,차대차 - 측면직각충돌,안전운전불이행,건조,맑음,단일로 - 기타,승용,남,56세,상해없음,승용,남,55세,경상
2014061100100295,2014년 6월 11일 13시,수요일,경상남도 사천시 사천읍,경상사고,0,0,1,0,차대차 - 추돌 - 진행중,안전운전불이행,건조,맑음,교차로 - 교차로안,승용,여,49세,기타불명,승용,남,43세,경상
2014061100100296,2014년 6월 11일 13시,수요일,경상남도 밀양시 무안면,중상사고,0,1,0,0,차대차 - 측면직각충돌,안전운전불이행,건조,맑음,단일로 - 기타,이륜,남,81세,상해없음,자전거,남,78세,중상
2014061100100297,2014년 6월 11일 13시,수요일,경상남도 밀양시 삼랑진읍,중상사고,0,1,0,0,차량단독 - 공작물충돌,안전운전불이행,건조,맑음,단일로 - 기타,이륜,남,71세,중상,,,,
2014061100100315,2014년 6월 11일 14시,수요일,경상남도 창원시 마산회원구 내서읍,경상사고,0,0,1,0,차량단독 - 기타,안전운전불이행,건조,맑음,단일로 - 기타,승용,남,48세,경상,,,,
2014061100100316,2014년 6월 11일 14시,수요일,경상남도 김해시 진영읍,경상사고,0,0,2,0,차대차 - 측면직각충돌,안전운전불이행,건조,맑음,교차로 - 교차로부근,화물,남,57세,상해없음,승용,남,29세,경상
2014061100100341,2014년 6월 11일 15시,수요일,경상남도 창원시 진해구 석동,부상신고사고,0,0,0,1,차대사람 - 기타,안전운전불이행,건조,맑음,단일로 - 기타,승합,남,59세,기타불명,보행자,남,46세,부상신고
2014061100100342,2014년 6월 11일 15시,수요일,경상남도 양산시 소주동,부상신고사고,0,0,0,1,차량단독 - 기타,안전운전불이행,건조,맑음,단일로 - 기타,농기계,남,72세,부상신고,,,,
2014061100100343,2014년 6월 11일 15시,수요일,경상남도 양산시 동면,경상사고,0,0,1,0,차대차 - 기타,교차로운행방법위반,건조,맑음,교차로 - 교차로안,화물,남,54세,상해없음,특수,남,43세,경상
2014061100100344,2014년 6월 11일 15시,수요일,경상남도 김해시 장유면,경상사고,0,0,2,0,차대차 - 정면충돌,안전운전불이행,건조,맑음,단일로 - 기타,화물,남,25세,상해없음,승용,남,49세,경상
2014061100100385,2014년 6월 11일 16시,수요일,경상남도 창원시 진해구 경화동,중상사고,0,2,1,0,차대차 - 추돌 - 주정차중,안전운전불이행,건조,맑음,단일로 - 기타,승용,여,50세,상해없음,승용,남,27세,중상
2014061100100386,2014년 6월 11일 16시,수요일,경상남도 통영시 광도면,경상사고,0,0,1,0,차대사람 - 횡단중,보행자보호의무위반,건조,맑음,단일로 - 횡단보도상,승합,남,40세,기타불명,보행자,여,10세,경상
2014061100100387,2014년 6월 11일 16시,수요일,경상남도 남해군 남해읍,경상사고,0,0,1,1,차대사람 - 기타,안전운전불이행,건조,맑음,교차로 - 교차로부근,자전거,남,14세,경상,보행자,남,38세,부상신고
2014061100100388,2014년 6월 11일 16시,수요일,경상남도 남해군 창선면,중상사고,0,1,1,0,차량단독 - 공작물충돌,안전운전불이행,건조,맑음,단일로 - 기타,승용,남,72세,경상,,,,
2014061100100389,2014년 6월 11일 16시,수요일,경상남도 창원시 마산합포구 산호동,중상사고,0,1,0,0,차대사람 - 보도통행중,보행자보호의무위반,건조,맑음,단일로 - 횡단보도상,승합,여,42세,상해없음,보행자,여,9세,중상
2014061100100453,2014년 6월 11일 18시,수요일,경상남도 양산시 북정동,경상사고,0,0,1,0,차대차 - 기타,안전운전불이행,건조,맑음,교차로 - 교차로안,승용,남,26세,상해없음,자전거,남,8세,경상
2014061100100454,2014년 6월 11일 18시,수요일,경상남도 양산시 북부동,중상사고,0,2,0,0,차량단독 - 공작물충돌,안전운전불이행,건조,맑음,교차로 - 교차로부근,승합,남,57세,상해없음,,,,
2014061100100455,2014년 6월 11일 18시,수요일,경상남도 하동군 횡천면,경상사고,0,0,1,0,차대차 - 기타,중앙선침범,습기,흐림,단일로 - 기타,화물,남,51세,상해없음,승용,여,66세,경상
2014061100100456,2014년 6월 11일 18시,수요일,경상남도 창원시 성산구 신촌동,중상사고,0,1,0,0,차대차 - 측면직각충돌,안전운전불이행,건조,맑음,단일로 - 기타,승용,여,41세,상해없음,이륜,남,32세,중상
2014061100100487,2014년 6월 11일 19시,수요일,경상남도 양산시 중부동,경상사고,0,0,1,0,차대차 - 기타,안전운전불이행,건조,맑음,단일로 - 기타,승용,남,45세,상해없음,승합,남,31세,상해없음
2014061100100526,2014년 6월 11일 20시,수요일,경상남도 김해시 삼방동,경상사고,0,0,1,0,차대사람 - 횡단중,안전운전불이행,건조,맑음,교차로 - 교차로안,승합,여,58세,상해없음,보행자,남,44세,경상
2014061100100527,2014년 6월 11일 20시,수요일,경상남도 창녕군 창녕읍,경상사고,0,0,1,0,차대사람 - 기타,불법유턴,건조,흐림,기타 - 기타,화물,남,59세,상해없음,보행자,남,33세,경상
2014061100100528,2014년 6월 11일 20시,수요일,경상남도 창원시 마산회원구 봉암동,경상사고,0,0,3,0,차대차 - 측면직각충돌,신호위반,건조,맑음,교차로 - 교차로안,승용,남,47세,상해없음,승용,남,63세,경상
2014061100100557,2014년 6월 11일 21시,수요일,경상남도 창원시 마산합포구 자산동,중상사고,0,1,0,0,차대사람 - 횡단중,안전운전불이행,건조,맑음,단일로 - 횡단보도상,승용,여,61세,상해없음,보행자,남,56세,중상
2014061100100558,2014년 6월 11일 21시,수요일,경상남도 진주시 강남동,경상사고,0,0,1,0,차대차 - 추돌 - 진행중,안전운전불이행,습기,비,단일로 - 기타,승용,남,39세,기타불명,자전거,남,46세,경상
2014061100100559,2014년 6월 11일 21시,수요일,경상남도 창원시 마산회원구 구암동,경상사고,0,0,1,0,차대차 - 추돌 - 진행중,안전운전불이행,건조,맑음,단일로 - 기타,승용,남,46세,상해없음,승용,남,31세,경상
2014061100100560,2014년 6월 11일 21시,수요일,경상남도 창원시 마산회원구 내서읍,중상사고,0,1,1,0,차량단독 - 기타,안전운전불이행,건조,맑음,단일로 - 기타,원동기,남,16세,경상,,,,
2014061100100561,2014년 6월 11일 21시,수요일,경상남도 김해시 장유면,경상사고,0,0,1,0,차대차 - 추돌 - 진행중,안전거리미확보,건조,맑음,단일로 - 기타,승용,남,28세,상해없음,승용,남,31세,경상
2014061100100627,2014년 6월 11일 23시,수요일,경상남도 거제시 옥포동,경상사고,0,0,1,0,차대사람 - 기타,안전운전불이행,건조,맑음,교차로 - 교차로부근,승용,남,48세,상해없음,보행자,남,19세,경상
2014061200100021,2014년 6월 12일 00시,목요일,경상남도 거제시 장평동,중상사고,0,2,0,0,차대차 - 기타,중앙선침범,건조,맑음,기타 - 기타,승용,남,26세,상해없음,승용,남,62세,중상
2014061200100065,2014년 6월 12일 04시,목요일,경상남도 창원시 마산합포구 월영동,경상사고,0,0,2,0,차대차 - 추돌 - 주정차중,안전운전불이행,습기,비,단일로 - 기타,승용,남,45세,상해없음,승용,남,39세,경상
2014061200100104,2014년 6월 12일 07시,목요일,경상남도 창원시 의창구 소계동,경상사고,0,0,1,0,차대차 - 정면충돌,안전운전불이행,습기,비,교차로 - 교차로안,승용,여,45세,경상,승합,남,57세,상해없음
2014061200100128,2014년 6월 12일 08시,목요일,경상남도 사천시 동금동,경상사고,0,0,1,0,차대차 - 측면직각충돌,교차로운행방법위반,습기,비,교차로 - 교차로안,승용,여,58세,상해없음,승용,남,49세,경상
2014061200100129,2014년 6월 12일 08시,목요일,경상남도 밀양시 삼문동,경상사고,0,0,2,0,차대차 - 측면직각충돌,교차로운행방법위반,습기,흐림,교차로 - 교차로안,승용,남,46세,상해없음,화물,남,56세,경상
2014061200100130,2014년 6월 12일 08시,목요일,경상남도 김해시 내동,중상사고,0,1,0,0,차대차 - 측면직각충돌,안전운전불이행,건조,맑음,단일로 - 기타,원동기,남,33세,중상,승용,남,65세,상해없음
2014061200100166,2014년 6월 12일 09시,목요일,경상남도 합천군 합천읍,중상사고,0,1,0,0,차대차 - 추돌 - 진행중,안전운전불이행,건조,맑음,교차로 - 교차로안,승용,남,30세,상해없음,이륜,남,65세,중상
2014061200100194,2014년 6월 12일 10시,목요일,경상남도 창원시 진해구 이동,중상사고,0,1,0,0,차대차 - 기타,안전운전불이행,건조,맑음,단일로 - 기타,승용,여,41세,상해없음,자전거,남,78세,중상
2014061200100225,2014년 6월 12일 11시,목요일,경상남도 창원시 마산합포구 중앙동3가,경상사고,0,0,1,0,차대차 - 측면직각충돌,중앙선침범,건조,맑음,단일로 - 기타,화물,남,45세,상해없음,승용,여,41세,경상
2014061200100252,2014년 6월 12일 12시,목요일,경상남도 밀양시 하남읍,중상사고,0,1,1,0,차대차 - 측면직각충돌,교차로운행방법위반,건조,맑음,교차로 - 교차로안,승용,남,67세,상해없음,이륜,남,42세,중상
2014061200100278,2014년 6월 12일 13시,목요일,경상남도 진주시 초전동,중상사고,0,1,5,0,차대차 - 추돌 - 주정차중,안전운전불이행,건조,흐림,단일로 - 기타,화물,남,57세,중상,화물,남,36세,경상
2014061200100312,2014년 6월 12일 14시,목요일,경상남도 진주시 봉곡동,중상사고,0,1,0,0,차대차 - 측면직각충돌,직진우회전진행방해,건조,흐림,교차로 - 교차로안,승용,여,60세,상해없음,이륜,남,27세,중상
2014061200100335,2014년 6월 12일 15시,목요일,경상남도 창녕군 남지읍,중상사고,0,1,0,0,차대차 - 측면직각충돌,직진우회전진행방해,건조,맑음,교차로 - 교차로안,승용,여,36세,상해없음,이륜,남,75세,중상
2014061200100364,2014년 6월 12일 16시,목요일,경상남도 창원시 마산합포구 우산동,경상사고,0,0,3,0,차대차 - 추돌 - 진행중,안전운전불이행,건조,맑음,단일로 - 기타,화물,남,54세,상해없음,승용,남,54세,경상
2014061200100365,2014년 6월 12일 16시,목요일,경상남도 남해군 창선면,중상사고,0,1,3,0,차대차 - 정면충돌,중앙선침범,건조,맑음,교차로 - 교차로부근,승용,남,62세,상해없음,화물,남,38세,경상
2014061200100405,2014년 6월 12일 17시,목요일,경상남도 고성군 회화면,중상사고,0,2,0,0,차대차 - 측면직각충돌,안전운전불이행,건조,맑음,교차로 - 교차로안,화물,남,60세,상해없음,이륜,남,75세,중상
2014061200100406,2014년 6월 12일 17시,목요일,경상남도 하동군 진교면,경상사고,0,0,1,0,차대차 - 측면직각충돌,안전운전불이행,건조,맑음,교차로 - 교차로안,화물,남,49세,상해없음,승합,여,42세,경상
2014061200100407,2014년 6월 12일 17시,목요일,경상남도 거제시 옥포동,경상사고,0,0,1,0,차대차 - 기타,안전운전불이행,건조,맑음,단일로 - 기타,승용,남,42세,상해없음,승용,남,47세,경상
2014061200100408,2014년 6월 12일 17시,목요일,경상남도 거제시 장평동,경상사고,0,0,1,0,차대차 - 추돌 - 진행중,안전운전불이행,습기,비,단일로 - 기타,기타불명,기타불명,기타불명,기타불명,이륜,남,18세,경상
2014061200100409,2014년 6월 12일 17시,목요일,경상남도 창원시 성산구 상남동,중상사고,0,1,0,0,차대사람 - 횡단중,보행자보호의무위반,건조,맑음,교차로 - 교차로부근,승용,남,57세,상해없음,보행자,여,14세,중상
2014061200100410,2014년 6월 12일 17시,목요일,경상남도 창원시 의창구 두대동,경상사고,0,0,1,0,차대차 - 측면직각충돌,안전거리미확보,건조,맑음,단일로 - 기타,승용,여,46세,상해없음,승용,남,52세,경상
2014061200100411,2014년 6월 12일 17시,목요일,경상남도 김해시 진영읍,중상사고,0,1,0,0,차대차 - 추돌 - 주정차중,안전운전불이행,건조,맑음,단일로 - 기타,화물,남,51세,상해없음,승용,여,34세,중상
2014061200100412,2014년 6월 12일 17시,목요일,경상남도 김해시 풍유동,중상사고,0,2,0,0,차대차 - 추돌 - 주정차중,안전운전불이행,건조,맑음,단일로 - 기타,승합,남,58세,상해없음,승용,남,42세,중상
2014061200100467,2014년 6월 12일 18시,목요일,경상남도 창원시 마산합포구 자산동,경상사고,0,0,1,0,차대차 - 추돌 - 주정차중,안전운전불이행,습기,비,단일로 - 기타,화물,남,23세,상해없음,승용,여,42세,경상
2014061200100468,2014년 6월 12일 18시,목요일,경상남도 창원시 진해구 마천동,중상사고,0,1,0,0,차대차 - 기타,안전운전불이행,건조,맑음,교차로 - 교차로부근,승용,남,43세,상해없음,원동기,남,77세,중상
2014061200100469,2014년 6월 12일 18시,목요일,경상남도 김해시 삼방동,중상사고,0,1,0,0,차대차 - 측면직각충돌,중앙선침범,건조,흐림,단일로 - 기타,승용,여,54세,상해없음,이륜,남,41세,중상
2014061200100502,2014년 6월 12일 19시,목요일,경상남도 고성군 거류면,경상사고,0,0,2,0,차대차 - 정면충돌,중앙선침범,습기,비,단일로 - 기타,화물,남,52세,상해없음,승용,남,30세,경상
2014061200100503,2014년 6월 12일 19시,목요일,경상남도 남해군 고현면,중상사고,0,1,1,0,차대차 - 측면직각충돌,신호위반,건조,맑음,교차로 - 교차로안,승용,여,56세,경상,승용,여,49세,중상
2014061200100566,2014년 6월 12일 21시,목요일,경상남도 진주시 신안동,중상사고,0,1,0,0,차대차 - 측면직각충돌,교차로운행방법위반,건조,맑음,교차로 - 교차로안,승용,여,30세,상해없음,자전거,여,48세,중상
2014061200100567,2014년 6월 12일 21시,목요일,경상남도 창원시 마산회원구 내서읍,중상사고,0,1,0,0,차대차 - 추돌 - 진행중,안전운전불이행,건조,맑음,단일로 - 기타,승용,남,29세,상해없음,승용,남,43세,중상
2014061200100598,2014년 6월 12일 22시,목요일,경상남도 양산시 남부동,경상사고,0,0,1,0,차대차 - 기타,교차로운행방법위반,건조,맑음,교차로 - 교차로안,승용,남,52세,상해없음,승용,여,36세,경상
2014061200100618,2014년 6월 12일 23시,목요일,경상남도 창원시 마산합포구 서성동,경상사고,0,0,1,1,차대차 - 측면직각충돌,신호위반,건조,맑음,교차로 - 교차로안,승용,남,58세,상해없음,승용,남,57세,경상
2014061200100619,2014년 6월 12일 23시,목요일,경상남도 김해시 대동면,사망사고,1,0,0,0,차대차 - 추돌 - 주정차중,과속,건조,맑음,교차로 - 교차로부근,승용,남,47세,사망,화물,남,43세,기타불명
2014061200100620,2014년 6월 12일 23시,목요일,경상남도 김해시 생림면,경상사고,0,0,1,0,차량단독 - 공작물충돌,안전운전불이행,건조,흐림,교차로 - 교차로부근,승용,여,58세,경상,,,,
2014061200100621,2014년 6월 12일 23시,목요일,경상남도 양산시 평산동,경상사고,0,0,3,0,차대차 - 기타,안전거리미확보,건조,맑음,단일로 - 기타,승용,여,44세,상해없음,승용,남,27세,경상
2014061300100023,2014년 6월 13일 00시,금요일,경상남도 진주시 문산읍,경상사고,0,0,3,0,차대차 - 기타,안전운전불이행,건조,맑음,단일로 - 기타,승용,남,23세,상해없음,승용,남,60세,경상
2014061300100024,2014년 6월 13일 00시,금요일,경상남도 통영시 광도면,경상사고,0,0,1,0,차대차 - 추돌 - 주정차중,안전운전불이행,건조,맑음,단일로 - 기타,승용,남,36세,상해없음,승용,남,33세,기타불명
2014061300100025,2014년 6월 13일 00시,금요일,경상남도 거제시 고현동,중상사고,0,2,1,0,차대차 - 기타,직진우회전진행방해,건조,맑음,교차로 - 교차로안,승용,여,47세,상해없음,승용,남,21세,중상