사고번호,사고일시,요일,시군구,사고내용,사망자수,중상자수,경상자수,부상신고자수,사고유형,법규위반,노면상태,기상상태,도로형태,가해운전자 차종,가해운전자 성별,가해운전자 연령,가해운전자 상해정도,피해운전자 차종,피해운전자 성별,피해운전자 연령,피해운전자 상해정도
2014061300100051,2014년 6월 13일 03시,금요일,경상남도 함안군 산인면,중상사고,0,1,0,0,차량단독 - 공작물충돌,안전운전불이행,건조,맑음,단일로 - 기타,승용,남,37세,중상,,,,
2014061300100107,2014년 6월 13일 07시,금요일,경상남도 합천군 율곡면,중상사고,0,1,2,0,차대차 - 기타,중앙선침범,건조,맑음,단일로 - 기타,승용,남,57세,상해없음,승합,남,46세,상해없음
2014061300100163,2014년 6월 13일 09시,금요일,경상남도 고성군 회화면,경상사고,0,0,1,0,차대차 - 측면직각충돌,차로위반,건조,맑음,단일로 - 기타,화물,남,49세,상해없음,승용,여,55세,경상
2014061300100189,2014년 6월 13일 10시,금요일,경상남도 사천시 선구동,중상사고,0,1,0,0,차대사람 - 기타,불법유턴,건조,맑음,기타 - 기타,승용,남,57세,상해없음,보행자,남,49세,중상
2014061300100190,2014년 6월 13일 10시,금요일,경상남도 김해시 부원동,중상사고,0,2,0,0,차대차 - 측면직각충돌,신호위반,건조,맑음,교차로 - 교차로안,화물,남,63세,중상,승용,여,41세,중상
2014061300100191,2014년 6월 13일 10시,금요일,경상남도 창원시 의창구 용호동,경상사고,0,0,1,0,차대사람 - 기타,안전운전불이행,건조,맑음,기타 - 기타,승용,남,18세,상해없음,보행자,남,25세,경상
2014061300100216,2014년 6월 13일 11시,금요일,경상남도 사천시 축동면,중상사고,0,1,1,0,차대차 - 측면직각충돌,신호위반,건조,맑음,교차로 - 교차로안,승용,남,36세,상해없음,승용,남,66세,중상
2014061300100244,2014년 6월 13일 12시,금요일,경상남도 거제시 수월동,경상사고,0,0,1,0,차대사람 - 기타,신호위반,건조,맑음,교차로 - 교차로안,화물,남,47세,상해없음,보행자,여,6세,경상
2014061300100300,2014년 6월 13일 14시,금요일,경상남도 진주시 가좌동,경상사고,0,0,1,0,차대차 - 측면직각충돌,기타,건조,맑음,단일로 - 기타,화물,남,30세,상해없음,승용,여,37세,경상
2014061300100301,2014년 6월 13일 14시,금요일,경상남도 거제시 장평동,중상사고,0,1,0,0,차대사람 - 기타,안전운전불이행,건조,맑음,교차로 - 교차로부근,승합,남,46세,상해없음,보행자,남,3세,중상
2014061300100328,2014년 6월 13일 15시,금요일,경상남도 양산시 하북면,부상신고사고,0,0,0,2,차대차 - 측면직각충돌,신호위반,건조,맑음,교차로 - 교차로안,승용,남,55세,상해없음,승용,여,42세,부상신고
2014061300100329,2014년 6월 13일 15시,금요일,경상남도 창원시 마산회원구 내서읍,경상사고,0,0,1,0,차대차 - 측면직각충돌,신호위반,건조,맑음,교차로 - 교차로안,승용,남,69세,상해없음,승용,여,48세,경상
2014061300100351,2014년 6월 13일 16시,금요일,경상남도 김해시 부원동,경상사고,0,0,1,0,차대차 - 추돌 - 진행중,안전운전불이행,건조,맑음,단일로 - 기타,승용,남,53세,상해없음,승용,남,28세,경상
2014061300100366,2014년 6월 13일 16시,금요일,경상남도 산청군 생초면,중상사고,0,1,0,0,차대차 - 측면직각충돌,안전운전불이행,건조,맑음,단일로 - 기타,승용,남,34세,상해없음,자전거,여,60세,중상
2014061300100367,2014년 6월 13일 16시,금요일,경상남도 김해시 장유면,경상사고,0,0,1,0,차대사람 - 기타,안전운전불이행,건조,맑음,단일로 - 기타,자전거,남,18세,상해없음,보행자,남,2세,경상
2014061300100412,2014년 6월 13일 17시,금요일,경상남도 진주시 인사동,경상사고,0,0,1,0,차대사람 - 횡단중,신호위반,건조,맑음,교차로 - 교차로부근,승용,여,64세,상해없음,보행자,남,11세,경상
2014061300100465,2014년 6월 13일 18시,금요일,경상남도 김해시 삼방동,경상사고,0,0,1,0,차대사람 - 기타,안전운전불이행,건조,맑음,단일로 - 기타,승합,남,40세,상해없음,보행자,여,6세,경상
2014061300100466,2014년 6월 13일 18시,금요일,경상남도 김해시 삼계동,경상사고,0,0,1,0,차대차 - 추돌 - 주정차중,안전거리미확보,건조,맑음,단일로 - 기타,승용,여,44세,상해없음,승용,남,38세,경상
2014061300100467,2014년 6월 13일 18시,금요일,경상남도 양산시 평산동,경상사고,0,0,1,0,차량단독 - 기타,기타,건조,맑음,단일로 - 기타,승합,남,51세,상해없음,,,,
2014061300100530,2014년 6월 13일 20시,금요일,경상남도 창원시 마산합포구 가포동,중상사고,0,1,0,0,차대사람 - 횡단중,안전운전불이행,건조,흐림,단일로 - 기타,승용,남,41세,상해없음,보행자,남,69세,중상
2014061300100531,2014년 6월 13일 20시,금요일,경상남도 진주시 강남동,중상사고,0,1,0,0,차대사람 - 횡단중,안전운전불이행,건조,맑음,단일로 - 횡단보도상,승용,남,43세,상해없음,보행자,여,32세,중상
2014061300100532,2014년 6월 13일 20시,금요일,경상남도 창원시 마산회원구 석전동,경상사고,0,0,1,0,차대차 - 추돌 - 주정차중,안전운전불이행,건조,맑음,교차로 - 교차로부근,화물,남,46세,상해없음,승용,남,54세,경상
2014061300100568,2014년 6월 13일 21시,금요일,경상남도 진주시 대안동,중상사고,0,1,0,0,차대사람 - 횡단중,안전운전불이행,건조,맑음,교차로 - 교차로안,화물,남,53세,상해없음,보행자,여,27세,중상
2014061300100569,2014년 6월 13일 21시,금요일,경상남도 진주시 상평동,중상사고,0,1,0,0,차대사람 - 횡단중,안전운전불이행,건조,맑음,단일로 - 기타,승용,남,27세,상해없음,보행자,여,42세,중상
2014061300100597,2014년 6월 13일 22시,금요일,경상남도 창원시 마산합포구 동성동,부상신고사고,0,0,0,1,차대사람 - 횡단중,안전운전불이행,건조,맑음,단일로 - 기타,승용,남,61세,상해없음,보행자,남,61세,부상신고
2014061300100598,2014년 6월 13일 22시,금요일,경상남도 진주시 평거동,경상사고,0,0,1,0,차대차 - 기타,차로위반,건조,맑음,교차로 - 교차로부근,승용,남,61세,상해없음,승용,여,60세,경상
2014061300100599,2014년 6월 13일 22시,금요일,경상남도 김해시 삼방동,중상사고,0,2,0,0,차대차 - 측면직각충돌,교차로운행방법위반,건조,맑음,교차로 - 교차로안,승용,남,32세,상해없음,승용,여,33세,중상
2014061300100628,2014년 6월 13일 23시,금요일,경상남도 김해시 삼계동,중상사고,0,1,1,0,차대차 - 측면직각충돌,안전운전불이행,건조,맑음,단일로 - 기타,승용,여,19세,상해없음,승용,남,28세,경상
2014061300100629,2014년 6월 13일 23시,금요일,경상남도 거제시 장평동,중상사고,0,1,0,0,차대차 - 기타,중앙선침범,건조,맑음,단일로 - 기타,승용,남,46세,상해없음,이륜,남,34세,중상
2014061400100020,2014년 6월 14일 00시,토요일,경상남도 창원시 진해구 장천동,경상사고,0,0,2,0,차대차 - 기타,안전운전불이행,건조,맑음,단일로 - 기타,승용,남,47세,상해없음,승용,남,66세,경상
2014061400100072,2014년 6월 14일 02시,토요일,경상남도 창원시 진해구 경화동,경상사고,0,0,1,0,차대차 - 측면직각충돌,안전운전불이행,건조,흐림,교차로 - 교차로안,승용,남,39세,상해없음,승용,여,56세,상해없음
2014061400100073,2014년 6월 14일 02시,토요일,경상남도 거제시 아주동,경상사고,0,0,1,0,차대차 - 기타,안전운전불이행,건조,맑음,교차로 - 교차로부근,승용,남,35세,상해없음,승용,남,51세,경상
2014061400100097,2014년 6월 14일 03시,토요일,경상남도 진주시 평거동,중상사고,0,1,0,0,차대사람 - 횡단중,안전운전불이행,건조,맑음,교차로 - 교차로안,승용,여,42세,상해없음,보행자,남,44세,중상
2014061400100133,2014년 6월 14일 06시,토요일,경상남도 진주시 문산읍,중상사고,0,1,0,0,차대차 - 정면충돌,교차로운행방법위반,건조,맑음,교차로 - 교차로안,건설기계,남,45세,상해없음,화물,남,44세,중상
2014061400100134,2014년 6월 14일 06시,토요일,경상남도 김해시 풍유동,경상사고,0,0,1,0,차대차 - 측면직각충돌,불법유턴,건조,맑음,단일로 - 기타,이륜,남,43세,경상,승용,남,43세,상해없음
2014061400100152,2014년 6월 14일 07시,토요일,경상남도 사천시 사천읍,중상사고,0,1,1,0,차대차 - 기타,중앙선침범,습기,비,단일로 - 기타,승용,남,42세,경상,승용,남,37세,중상
2014061400100166,2014년 6월 14일 08시,토요일,경상남도 진주시 장대동,중상사고,0,1,0,0,차대사람 - 횡단중,안전운전불이행,건조,맑음,단일로 - 기타,화물,남,24세,상해없음,보행자,여,17세,중상
2014061400100229,2014년 6월 14일 10시,토요일,경상남도 진주시 상대동,중상사고,0,1,0,1,차대사람 - 횡단중,안전운전불이행,건조,맑음,단일로 - 기타,이륜,남,49세,부상신고,보행자,남,46세,중상
2014061400100271,2014년 6월 14일 11시,토요일,경상남도 김해시 불암동,중상사고,0,1,0,0,차대사람 - 횡단중,안전운전불이행,건조,맑음,교차로 - 교차로안,화물,남,41세,상해없음,보행자,남,78세,중상
2014061400100272,2014년 6월 14일 11시,토요일,경상남도 양산시 물금읍,경상사고,0,0,1,0,차대차 - 측면직각충돌,직진우회전진행방해,건조,맑음,교차로 - 교차로안,화물,남,70세,상해없음,자전거,여,50세,경상
2014061400100273,2014년 6월 14일 11시,토요일,경상남도 양산시 덕계동,중상사고,0,1,0,0,차대사람 - 기타,안전운전불이행,건조,맑음,기타 - 기타,승합,남,42세,상해없음,보행자,여,71세,중상
2014061400100274,2014년 6월 14일 11시,토요일,경상남도 거제시 고현동,경상사고,0,0,1,0,차대사람 - 기타,안전운전불이행,건조,맑음,교차로 - 교차로부근,승용,여,39세,상해없음,보행자,여,32세,경상
2014061400100275,2014년 6월 14일 11시,토요일,경상남도 김해시 전하동,중상사고,0,1,0,0,차대차 - 측면직각충돌,안전운전불이행,건조,맑음,교차로 - 교차로안,이륜,남,47세,중상,승용,남,61세,상해없음
2014061400100289,2014년 6월 14일 12시,토요일,경상남도 김해시 대동면,경상사고,0,0,2,0,차대차 - 추돌 - 주정차중,안전운전불이행,건조,맑음,단일로 - 기타,승용,여,58세,상해없음,승용,남,41세,경상
2014061400100311,2014년 6월 14일 12시,토요일,경상남도 통영시 광도면,중상사고,0,1,0,0,차대차 - 추돌 - 진행중,안전운전불이행,건조,맑음,단일로 - 기타,승용,여,43세,상해없음,승용,남,50세,중상
2014061400100312,2014년 6월 14일 12시,토요일,경상남도 통영시 당동,경상사고,0,0,6,2,차대차 - 추돌 - 진행중,안전거리미확보,건조,맑음,단일로 - 교량,화물,남,60세,상해없음,승용,남,35세,경상
2014061400100313,2014년 6월 14일 12시,토요일,경상남도 사천시 동림동,경상사고,0,0,1,0,차대차 - 측면직각충돌,안전운전불이행,건조,맑음,교차로 - 교차로부근,승용,남,66세,상해없음,승용,남,77세,경상
2014061400100314,2014년 6월 14일 12시,토요일,경상남도 사천시 이홀동,중상사고,0,2,1,0,차대차 - 측면직각충돌,안전운전불이행,건조,맑음,단일로 - 기타,이륜,남,55세,중상,이륜,남,70세,중상
2014061400100315,2014년 6월 14일 12시,토요일,경상남도 거창군 거창읍,중상사고,0,1,0,0,차대차 - 기타,안전운전불이행,건조,맑음,단일로 - 기타,승용,남,44세,상해없음,승용,여,39세,상해없음
2014061400100316,2014년 6월 14일 12시,토요일,경상남도 고성군 하이면,경상사고,0,0,3,0,차대차 - 측면직각충돌,기타,건조,맑음,단일로 - 기타,화물,남,60세,기타불명,승용,남,26세,경상
2014061400100346,2014년 6월 14일 13시,토요일,경상남도 통영시 미수동,경상사고,0,0,2,0,차대차 - 추돌 - 진행중,안전거리미확보,건조,맑음,단일로 - 교량,승용,여,55세,상해없음,승용,남,48세,경상
2014061400100347,2014년 6월 14일 13시,토요일,경상남도 사천시 서포면,경상사고,0,0,2,0,차대차 - 측면직각충돌,안전운전불이행,건조,맑음,교차로 - 교차로안,승용,여,53세,경상,승용,여,23세,경상
2014061400100348,2014년 6월 14일 13시,토요일,경상남도 김해시 구산동,경상사고,0,0,1,0,차대차 - 측면직각충돌,안전운전불이행,건조,맑음,단일로 - 기타,원동기,남,47세,경상,승용,여,53세,상해없음
2014061400100349,2014년 6월 14일 13시,토요일,경상남도 창원시 의창구 명서동,경상사고,0,0,1,0,차대차 - 측면직각충돌,안전운전불이행,건조,맑음,교차로 - 교차로안,승용,남,35세,상해없음,승용,남,48세,경상
2014061400100390,2014년 6월 14일 14시,토요일,경상남도 밀양시 가곡동,경상사고,0,0,1,0,차대차 - 측면직각충돌,안전운전불이행,건조,맑음,단일로 - 기타,승용,남,60세,상해없음,승용,여,26세,경상
2014061400100391,2014년 6월 14일 14시,토요일,경상남도 밀양시 가곡동,경상사고,0,0,1,0,차대차 - 추돌 - 진행중,교차로운행방법위반,건조,맑음,교차로 - 교차로부근,승용,남,60세,상해없음,승용,여,26세,경상
2014061400100392,2014년 6월 14일 14시,토요일,경상남도 양산시 원동면,경상사고,0,0,2,0,차대차 - 추돌 - 주정차중,안전거리미확보,건조,맑음,단일로 - 기타,승용,여,31세,상해없음,승용,남,66세,경상
2014061400100393,2014년 6월 14일 14시,토요일,경상남도 함안군 가야읍,경상사고,0,0,3,0,차대차 - 측면직각충돌,신호위반,건조,맑음,교차로 - 교차로안,승용,남,48세,상해없음,승용,여,39세,경상
2014061400100394,2014년 6월 14일 14시,토요일,경상남도 김해시 진영읍,중상사고,0,1,0,0,차대차 - 추돌 - 진행중,안전운전불이행,건조,맑음,단일로 - 기타,건설기계,남,55세,상해없음,승용,여,48세,중상
2014061400100435,2014년 6월 14일 15시,토요일,경상남도 진주시 가좌동,경상사고,0,0,1,0,차대사람 - 횡단중,보행자보호의무위반,건조,맑음,교차로 - 교차로부근,화물,남,40세,상해없음,보행자,여,18세,경상
2014061400100436,2014년 6월 14일 15시,토요일,경상남도 밀양시 부북면,경상사고,0,0,1,0,차대차 - 측면직각충돌,중앙선침범,건조,맑음,단일로 - 기타,이륜,여,65세,상해없음,승용,남,55세,경상
2014061400100437,2014년 6월 14일 15시,토요일,경상남도 거제시 둔덕면,경상사고,0,0,3,0,차대차 - 기타,기타,건조,맑음,단일로 - 기타,승합,남,55세,경상,승용,남,31세,경상
2014061400100474,2014년 6월 14일 16시,토요일,경상남도 창원시 진해구 용원동,경상사고,0,0,1,0,차대차 - 기타,안전운전불이행,건조,맑음,교차로 - 교차로안,승합,여,51세,상해없음,화물,남,35세,경상
2014061400100475,2014년 6월 14일 16시,토요일,경상남도 양산시 삼호동,경상사고,0,0,1,0,차대차 - 측면직각충돌,안전운전불이행,건조,맑음,교차로 - 교차로안,승용,남,61세,상해없음,승용,여,62세,경상
2014061400100476,2014년 6월 14일 16시,토요일,경상남도 남해군 미조면,경상사고,0,0,1,0,차대사람 - 기타,안전운전불이행,건조,맑음,기타 - 기타,승용,여,42세,상해없음,보행자,여,53세,경상
2014061400100520,2014년 6월 14일 17시,토요일,경상남도 통영시 무전동,경상사고,0,0,1,0,차대차 - 측면직각충돌,교차로운행방법위반,건조,맑음,교차로 - 교차로안,승용,여,57세,상해없음,자전거,남,70세,경상
2014061400100521,2014년 6월 14일 17시,토요일,경상남도 양산시 물금읍,경상사고,0,0,1,0,차대차 - 측면직각충돌,안전운전불이행,건조,맑음,단일로 - 기타,승용,남,59세,상해없음,자전거,남,14세,경상
2014061400100559,2014년 6월 14일 18시,토요일,경상남도 사천시 용현면,경상사고,0,0,1,0,차대차 - 측면직각충돌,신호위반,건조,맑음,교차로 - 교차로안,자전거,남,23세,경상,승용,남,30세,상해없음
2014061400100560,2014년 6월 14일 18시,토요일,경상남도 사천시 사남면,부상신고사고,0,0,0,1,차대차 - 측면직각충돌,안전운전불이행,건조,맑음,단일로 - 기타,화물,남,56세,상해없음,승용,남,58세,상해없음
2014061400100561,2014년 6월 14일 18시,토요일,경상남도 김해시 삼계동,경상사고,0,0,1,0,차대사람 - 횡단중,안전운전불이행,건조,맑음,단일로 - 기타,승용,여,36세,상해없음,보행자,남,8세,경상
2014061400100562,2014년 6월 14일 18시,토요일,경상남도 거제시 덕포동,중상사고,0,1,0,0,차대차 - 기타,직진우회전진행방해,건조,맑음,교차로 - 교차로안,화물,남,58세,상해없음,승합,남,45세,중상
2014061400100604,2014년 6월 14일 19시,토요일,경상남도 사천시 벌리동,경상사고,0,0,1,0,차대차 - 측면직각충돌,안전운전불이행,건조,맑음,단일로 - 기타,화물,남,58세,상해없음,승용,남,18세,경상
2014061400100605,2014년 6월 14일 19시,토요일,경상남도 창원시 의창구 명서동,경상사고,0,0,1,0,차대차 - 기타,안전운전불이행,건조,맑음,교차로 - 교차로안,승용,남,52세,상해없음,기타불명,기타불명,기타불명,기타불명
2014061400100669,2014년 6월 14일 21시,토요일,경상남도 진주시 칠암동,중상사고,0,1,2,0,차대차 - 추돌 - 주정차중,안전운전불이행,건조,맑음,교차로 - 교차로부근,승용,남,55세,상해없음,승용,남,53세,경상
2014061400100670,2014년 6월 14일 21시,토요일,경상남도 고성군 고성읍,중상사고,0,1,1,0,차대차 - 추돌 - 주정차중,안전거리미확보,건조,맑음,단일로 - 기타,화물,남,61세,상해없음,승용,여,41세,경상
2014061400100738,2014년 6월 14일 23시,토요일,경상남도 창원시 마산합포구 해운동,경상사고,0,0,1,0,차대차 - 기타,안전운전불이행,건조,맑음,교차로 - 교차로안,승용,남,54세,상해없음,자전거,남,25세,경상
2014061500100011,2014년 6월 15일 00시,일요일,경상남도 김해시 장유면,사망사고,1,3,0,0,차량단독 - 공작물충돌,안전운전불이행,건조,맑음,단일로 - 기타,승용,남,41세,중상,,,,
2014061500100025,2014년 6월 15일 00시,일요일,경상남도 거창군 거창읍,부상신고사고,0,0,0,1,차대차 - 기타,안전운전불이행,건조,맑음,단일로 - 기타,승용,남,62세,상해없음,이륜,남,16세,부상신고
2014061500100092,2014년 6월 15일 05시,일요일,경상남도 거제시 동부면,중상사고,0,1,0,0,차대차 - 정면충돌,중앙선침범,건조,맑음,단일로 - 기타,승용,남,28세,상해없음,승용,남,43세,중상
2014061500100117,2014년 6월 15일 07시,일요일,경상남도 사천시 사남면,중상사고,0,3,1,0,차대차 - 측면직각충돌,교차로운행방법위반,건조,맑음,교차로 - 교차로안,승용,남,52세,중상,승용,남,46세,중상
2014061500100118,2014년 6월 15일 07시,일요일,경상남도 거제시 옥포동,경상사고,0,0,1,0,차대차 - 추돌 - 진행중,신호위반,건조,맑음,교차로 - 교차로부근,승용,남,48세,상해없음,승용,남,39세,경상
2014061500100167,2014년 6월 15일 10시,일요일,경상남도 창녕군 부곡면,중상사고,0,3,0,0,차대차 - 측면직각충돌,직진우회전진행방해,건조,맑음,교차로 - 교차로안,승용,남,72세,중상,승용,남,32세,중상
2014061500100181,2014년 6월 15일 11시,일요일,경상남도 김해시 대동면,중상사고,0,1,0,0,차대차 - 측면직각충돌,안전거리미확보,건조,맑음,단일로 - 기타,화물,남,52세,상해없음,승용,남,63세,중상
2014061500100193,2014년 6월 15일 11시,일요일,경상남도 밀양시 가곡동,중상사고,0,1,0,0,차대사람 - 기타,안전운전불이행,건조,맑음,단일로 - 기타,승합,남,55세,상해없음,보행자,여,73세,중상
2014061500100214,2014년 6월 15일 12시,일요일,경상남도 거제시 장평동,경상사고,0,0,2,0,차대차 - 측면직각충돌,교차로운행방법위반,건조,맑음,교차로 - 교차로안,승용,여,41세,기타불명,승용,여,31세,경상
2014061500100236,2014년 6월 15일 13시,일요일,경상남도 거제시 장평동,중상사고,0,1,0,0,차대차 - 추돌 - 주정차중,안전거리미확보,건조,맑음,단일로 - 횡단보도부근,승용,남,40세,상해없음,승용,남,45세,중상
2014061500100237,2014년 6월 15일 13시,일요일,경상남도 창원시 마산회원구 석전동,경상사고,0,0,1,0,차대차 - 측면직각충돌,안전운전불이행,건조,맑음,단일로 - 기타,승용,여,50세,상해없음,이륜,남,18세,경상
2014061500100278,2014년 6월 15일 14시,일요일,경상남도 창원시 마산합포구 진동면,중상사고,0,1,0,0,차대사람 - 횡단중,안전운전불이행,건조,맑음,단일로 - 기타,승용,여,58세,상해없음,보행자,여,53세,중상
2014061500100279,2014년 6월 15일 14시,일요일,경상남도 진주시 신안동,중상사고,0,1,0,0,차대차 - 측면직각충돌,신호위반,건조,맑음,교차로 - 교차로안,화물,남,65세,상해없음,승용,여,42세,중상
2014061500100280,2014년 6월 15일 14시,일요일,경상남도 의령군 의령읍,경상사고,0,0,1,0,차대차 - 측면직각충돌,안전운전불이행,건조,맑음,단일로 - 횡단보도부근,승용,남,41세,상해없음,자전거,남,10세,경상
2014061500100304,2014년 6월 15일 15시,일요일,경상남도 창원시 진해구 자은동,경상사고,0,0,1,0,차대차 - 기타,안전운전불이행,건조,맑음,교차로 - 교차로부근,원동기,남,26세,경상,승용,남,36세,상해없음
2014061500100339,2014년 6월 15일 16시,일요일,경상남도 통영시 무전동,경상사고,0,0,2,0,차대차 - 측면직각충돌,직진우회전진행방해,건조,맑음,교차로 - 교차로안,승용,남,26세,상해없음,승용,남,28세,경상
2014061500100374,2014년 6월 15일 17시,일요일,경상남도 진주시 망경동,중상사고,0,1,0,0,차대사람 - 기타,안전운전불이행,건조,맑음,단일로 - 기타,승용,남,21세,상해없음,보행자,여,71세,중상
2014061500100375,2014년 6월 15일 17시,일요일,경상남도 김해시 구산동,경상사고,0,0,1,0,차대차 - 정면충돌,중앙선침범,건조,맑음,교차로 - 교차로안,승용,남,32세,기타불명,이륜,남,29세,경상
2014061500100406,2014년 6월 15일 18시,일요일,경상남도 창원시 마산합포구 교방동,경상사고,0,0,3,0,차대차 - 추돌 - 주정차중,안전거리미확보,건조,맑음,교차로 - 교차로부근,승합,남,59세,상해없음,승용,남,39세,경상
2014061500100407,2014년 6월 15일 18시,일요일,경상남도 창원시 진해구 경화동,경상사고,0,0,1,0,차대차 - 측면직각충돌,안전운전불이행,건조,맑음,교차로 - 교차로안,승용,여,32세,기타불명,승용,남,23세,경상
2014061500100408,2014년 6월 15일 18시,일요일,경상남도 사천시 사천읍,중상사고,0,1,0,0,차대차 - 기타,안전운전불이행,건조,맑음,단일로 - 기타,이륜,남,18세,중상,승용,남,46세,상해없음
2014061500100409,2014년 6월 15일 18시,일요일,경상남도 김해시 서상동,중상사고,0,1,0,0,차대사람 - 기타,안전운전불이행,건조,맑음,교차로 - 교차로부근,승합,여,32세,상해없음,보행자,남,53세,중상
2014061500100410,2014년 6월 15일 18시,일요일,경상남도 거제시 능포동,중상사고,0,1,0,0,차대사람 - 기타,안전운전불이행,건조,맑음,단일로 - 기타,승용,남,51세,기타불명,보행자,남,60세,중상
2014061500100435,2014년 6월 15일 19시,일요일,경상남도 김해시 삼방동,중상사고,0,1,0,0,차대사람 - 차도통행중,안전운전불이행,건조,맑음,단일로 - 기타,승용,여,39세,상해없음,보행자,남,6세,중상
2014061500100466,2014년 6월 15일 20시,일요일,경상남도 창원시 마산회원구 내서읍,중상사고,0,1,3,0,차대차 - 추돌 - 주정차중,안전운전불이행,건조,맑음,단일로 - 기타,승용,남,53세,상해없음,승용,남,37세,경상
2014061500100490,2014년 6월 15일 21시,일요일,경상남도 함안군 군북면,경상사고,0,0,1,0,차대차 - 측면직각충돌,신호위반,건조,맑음,교차로 - 교차로안,승용,남,58세,상해없음,농기계,남,45세,경상
2014061600100011,2014년 6월 16일 00시,월요일,경상남도 거제시 장목면,중상사고,0,2,1,0,차대차 - 정면충돌,중앙선침범,건조,맑음,단일로 - 기타,승용,여,22세,기타불명,승용,남,27세,상해없음
2014061600100025,2014년 6월 16일 01시,월요일,경상남도 창원시 마산합포구 상남동,경상사고,0,0,1,0,차대차 - 추돌 - 주정차중,안전운전불이행,건조,맑음,단일로 - 기타,승용,남,47세,상해없음,승용,여,24세,경상
2014061600100026,2014년 6월 16일 01시,월요일,경상남도 창원시 마산회원구 회성동,경상사고,0,0,1,0,차대사람 - 횡단중,과속,건조,맑음,단일로 - 횡단보도부근,승용,남,63세,상해없음,보행자,여,40세,경상
2014061600100080,2014년 6월 16일 07시,월요일,경상남도 진주시 문산읍,경상사고,0,0,2,0,차대차 - 측면직각충돌,신호위반,건조,맑음,교차로 - 교차로안,승용,남,61세,상해없음,승용,여,46세,경상
2014061600100081,2014년 6월 16일 07시,월요일,경상남도 통영시 광도면,경상사고,0,0,3,0,차대차 - 추돌 - 주정차중,안전거리미확보,건조,맑음,단일로 - 기타,승용,남,51세,상해없음,화물,남,57세,상해없음
2014061600100082,2014년 6월 16일 07시,월요일,경상남도 함안군 함안면,경상사고,0,0,1,0,차대차 - 측면직각충돌,안전운전불이행,건조,맑음,교차로 - 교차로안,원동기,여,72세,경상,승용,남,50세,상해없음
2014061600100154,2014년 6월 16일 09시,월요일,경상남도 창원시 진해구 이동,중상사고,0,1,0,0,차대차 - 측면직각충돌,교차로운행방법위반,건조,맑음,교차로 - 교차로부근,승용,남,43세,상해없음,자전거,남,67세,중상
2014061600100155,2014년 6월 16일 09시,월요일,경상남도 창원시 진해구 경화동,중상사고,0,1,0,0,차대차 - 기타,신호위반,건조,맑음,교차로 - 교차로안,화물,남,65세,상해없음,승용,여,56세,중상
2014061600100186,2014년 6월 16일 10시,월요일,경상남도 김해시 삼정동,중상사고,0,1,0,0,차대사람 - 보도통행중,보행자보호의무위반,건조,맑음,단일로 - 기타,승용,여,41세,상해없음,보행자,여,72세,중상
2014061600100187,2014년 6월 16일 10시,월요일,경상남도 양산시 북부동,중상사고,0,3,0,0,차대차 - 기타,중앙선침범,건조,맑음,기타 - 기타,화물,남,58세,중상,승용,남,32세,중상
2014061600100188,2014년 6월 16일 10시,월요일,경상남도 거제시 장승포동,경상사고,0,0,4,0,차대차 - 추돌 - 진행중,신호위반,건조,맑음,교차로 - 교차로부근,승용,남,66세,상해없음,승용,남,56세,경상
2014061600100189,2014년 6월 16일 10시,월요일,경상남도 김해시 흥동,중상사고,0,1,0,0,차대차 - 추돌 - 주정차중,안전운전불이행,건조,맑음,단일로 - 기타,화물,남,59세,상해없음,승용,남,38세,중상
2014061600100233,2014년 6월 16일 12시,월요일,경상남도 진주시 칠암동,중상사고,0,1,0,0,차대사람 - 횡단중,안전운전불이행,건조,맑음,교차로 - 교차로부근,승용,남,48세,상해없음,보행자,여,78세,중상
2014061600100234,2014년 6월 16일 12시,월요일,경상남도 김해시 삼방동,경상사고,0,0,1,0,차대차 - 측면직각충돌,직진우회전진행방해,건조,맑음,단일로 - 기타,승용,남,45세,상해없음,이륜,남,18세,경상
2014061600100235,2014년 6월 16일 12시,월요일,경상남도 창녕군 이방면,중상사고,0,2,0,0,차대차 - 측면직각충돌,직진우회전진행방해,건조,맑음,교차로 - 교차로안,이륜,남,52세,상해없음,승용,여,52세,중상
2014061600100236,2014년 6월 16일 12시,월요일,경상남도 양산시 물금읍,중상사고,0,1,1,2,차대차 - 기타,직진우회전진행방해,건조,맑음,교차로 - 교차로안,화물,남,57세,상해없음,승용,남,48세,부상신고
2014061600100263,2014년 6월 16일 13시,월요일,경상남도 양산시 물금읍,경상사고,0,0,2,0,차대차 - 기타,교차로운행방법위반,건조,맑음,교차로 - 교차로안,승용,여,36세,상해없음,특수,남,45세,경상
2014061600100299,2014년 6월 16일 14시,월요일,경상남도 양산시 물금읍,부상신고사고,0,0,0,1,차대차 - 기타,직진우회전진행방해,건조,맑음,교차로 - 교차로안,승용,남,44세,상해없음,승용,남,46세,부상신고
2014061600100300,2014년 6월 16일 14시,월요일,경상남도 양산시 물금읍,경상사고,0,0,2,1,차대차 - 측면직각충돌,직진우회전진행방해,건조,맑음,교차로 - 교차로안,승용,남,54세,상해없음,승용,남,39세,경상