사고번호,사고일시,요일,시군구,사고내용,사망자수,중상자수,경상자수,부상신고자수,사고유형,법규위반,노면상태,기상상태,도로형태,가해운전자 차종,가해운전자 성별,가해운전자 연령,가해운전자 상해정도,피해운전자 차종,피해운전자 성별,피해운전자 연령,피해운전자 상해정도
2014061600100301,2014년 6월 16일 14시,월요일,경상남도 거제시 고현동,중상사고,0,2,0,0,차대차 - 측면직각충돌,안전운전불이행,건조,맑음,교차로 - 교차로안,승용,남,30세,중상,화물,남,63세,중상
2014061600100340,2014년 6월 16일 15시,월요일,경상남도 밀양시 내이동,중상사고,0,1,0,0,차대사람 - 횡단중,보행자보호의무위반,건조,맑음,교차로 - 교차로안,이륜,남,61세,상해없음,보행자,여,52세,중상
2014061600100341,2014년 6월 16일 15시,월요일,경상남도 창녕군 이방면,사망사고,1,0,0,0,차량단독 - 공작물충돌,안전운전불이행,건조,맑음,단일로 - 기타,화물,남,68세,사망,,,,
2014061600100369,2014년 6월 16일 16시,월요일,경상남도 진주시 상봉동,중상사고,0,1,0,0,차대차 - 측면직각충돌,직진우회전진행방해,건조,맑음,교차로 - 교차로안,승용,여,34세,상해없음,자전거,여,51세,중상
2014061600100406,2014년 6월 16일 17시,월요일,경상남도 창원시 의창구 명서동,중상사고,0,1,0,0,차대차 - 기타,안전운전불이행,건조,맑음,교차로 - 교차로부근,승용,남,50세,상해없음,자전거,남,60세,중상
2014061600100407,2014년 6월 16일 17시,월요일,경상남도 창원시 의창구 팔용동,경상사고,0,0,1,0,차대사람 - 기타,안전운전불이행,건조,맑음,단일로 - 기타,승용,남,36세,상해없음,보행자,여,7세,경상
2014061600100408,2014년 6월 16일 17시,월요일,경상남도 김해시 한림면,부상신고사고,0,0,0,1,차량단독 - 공작물충돌,안전운전불이행,건조,맑음,단일로 - 기타,이륜,남,60세,부상신고,,,,
2014061600100443,2014년 6월 16일 18시,월요일,경상남도 김해시 대동면,중상사고,0,1,0,0,차대차 - 측면직각충돌,교차로운행방법위반,건조,맑음,교차로 - 교차로안,화물,남,57세,상해없음,원동기,남,59세,중상
2014061600100444,2014년 6월 16일 18시,월요일,경상남도 거제시 장평동,경상사고,0,0,1,0,차대사람 - 기타,안전운전불이행,건조,맑음,교차로 - 교차로부근,기타불명,기타불명,기타불명,기타불명,보행자,여,21세,경상
2014061600100445,2014년 6월 16일 18시,월요일,경상남도 함안군 가야읍,경상사고,0,0,1,0,차대차 - 기타,교차로운행방법위반,건조,맑음,교차로 - 교차로안,승용,남,60세,상해없음,승용,여,55세,경상
2014061600100446,2014년 6월 16일 18시,월요일,경상남도 김해시 진영읍,경상사고,0,0,2,0,차대차 - 기타,안전운전불이행,건조,맑음,단일로 - 기타,승용,남,48세,상해없음,승용,남,38세,경상
2014061600100502,2014년 6월 16일 20시,월요일,경상남도 남해군 삼동면,경상사고,0,0,1,0,차량단독 - 기타,안전운전불이행,건조,맑음,단일로 - 기타,이륜,남,70세,경상,,,,
2014061600100571,2014년 6월 16일 22시,월요일,경상남도 거제시 고현동,중상사고,0,1,0,0,차대차 - 측면직각충돌,안전거리미확보,건조,맑음,교차로 - 교차로부근,승용,여,53세,상해없음,승용,남,25세,중상
2014061600100572,2014년 6월 16일 22시,월요일,경상남도 김해시 장유면,사망사고,1,0,0,0,차량단독 - 공작물충돌,안전운전불이행,건조,맑음,단일로 - 기타,이륜,남,29세,사망,,,,
2014061600100600,2014년 6월 16일 23시,월요일,경상남도 양산시 동면,중상사고,0,1,0,0,차대사람 - 기타,안전운전불이행,건조,맑음,기타 - 기타,승합,남,42세,기타불명,보행자,여,54세,중상
2014061600100601,2014년 6월 16일 23시,월요일,경상남도 거제시 사등면,경상사고,0,0,1,0,차량단독 - 공작물충돌,안전운전불이행,건조,맑음,교차로 - 교차로부근,승합,여,42세,상해없음,,,,
2014061700100016,2014년 6월 17일 00시,화요일,경상남도 통영시 광도면,중상사고,0,1,0,0,차대차 - 정면충돌,중앙선침범,건조,맑음,단일로 - 기타,승용,남,40세,상해없음,승용,남,29세,중상
2014061700100036,2014년 6월 17일 02시,화요일,경상남도 창원시 마산합포구 신포동2가,중상사고,0,1,0,0,차대차 - 기타,안전거리미확보,건조,맑음,단일로 - 기타,화물,남,35세,상해없음,원동기,남,42세,중상
2014061700100070,2014년 6월 17일 06시,화요일,경상남도 진주시 진성면,경상사고,0,0,1,0,차대사람 - 길가장자리구역통행중,안전운전불이행,건조,맑음,단일로 - 기타,화물,남,49세,상해없음,보행자,남,69세,경상
2014061700100071,2014년 6월 17일 06시,화요일,경상남도 김해시 내동,경상사고,0,0,1,0,차대차 - 측면직각충돌,신호위반,건조,맑음,교차로 - 교차로안,승용,남,39세,경상,승용,남,53세,상해없음
2014061700100072,2014년 6월 17일 06시,화요일,경상남도 김해시 대성동,중상사고,0,1,0,0,차대사람 - 횡단중,안전운전불이행,건조,흐림,단일로 - 기타,승용,남,33세,상해없음,보행자,여,76세,중상
2014061700100099,2014년 6월 17일 07시,화요일,경상남도 사천시 사남면,경상사고,0,0,1,0,차대차 - 측면직각충돌,교차로운행방법위반,습기,비,교차로 - 교차로안,승용,여,49세,상해없음,승용,남,28세,경상
2014061700100100,2014년 6월 17일 07시,화요일,경상남도 양산시 물금읍,경상사고,0,0,1,0,차대차 - 기타,안전거리미확보,건조,맑음,교차로 - 교차로부근,승합,남,52세,상해없음,승용,여,65세,경상
2014061700100101,2014년 6월 17일 07시,화요일,경상남도 거제시 사등면,경상사고,0,0,2,0,차대차 - 추돌 - 진행중,안전운전불이행,습기,비,단일로 - 기타,승용,여,58세,상해없음,승용,여,29세,경상
2014061700100102,2014년 6월 17일 07시,화요일,경상남도 창원시 성산구 천선동,중상사고,0,2,1,0,차대차 - 기타,신호위반,건조,맑음,단일로 - 기타,승합,여,54세,상해없음,승용,남,51세,경상
2014061700100137,2014년 6월 17일 08시,화요일,경상남도 밀양시 삼문동,경상사고,0,0,1,0,차대차 - 측면직각충돌,안전운전불이행,건조,맑음,교차로 - 교차로안,화물,남,72세,상해없음,자전거,남,40세,경상
2014061700100177,2014년 6월 17일 09시,화요일,경상남도 진주시 평안동,중상사고,0,1,0,0,차대사람 - 차도통행중,안전운전불이행,습기,비,교차로 - 교차로안,화물,남,33세,상해없음,보행자,여,47세,중상
2014061700100202,2014년 6월 17일 10시,화요일,경상남도 통영시 명정동,중상사고,0,2,1,0,차대차 - 추돌 - 진행중,안전운전불이행,습기,비,교차로 - 교차로부근,화물,남,37세,상해없음,화물,남,35세,경상
2014061700100203,2014년 6월 17일 10시,화요일,경상남도 양산시 상북면,경상사고,0,0,2,0,차대차 - 측면직각충돌,기타,건조,맑음,기타 - 기타,화물,남,54세,상해없음,승용,여,30세,경상
2014061700100204,2014년 6월 17일 10시,화요일,경상남도 창원시 마산회원구 양덕동,중상사고,0,1,0,0,차대사람 - 횡단중,보행자보호의무위반,건조,맑음,단일로 - 횡단보도상,승용,여,38세,상해없음,보행자,남,60세,중상
2014061700100236,2014년 6월 17일 11시,화요일,경상남도 김해시 구산동,중상사고,0,1,0,0,차대차 - 측면직각충돌,차로위반,건조,맑음,교차로 - 교차로부근,건설기계,남,48세,상해없음,승용,여,28세,중상
2014061700100237,2014년 6월 17일 11시,화요일,경상남도 거제시 아주동,중상사고,0,1,0,0,차량단독 - 기타,안전운전불이행,습기,비,단일로 - 기타,승용,남,53세,상해없음,,,,
2014061700100238,2014년 6월 17일 11시,화요일,경상남도 김해시 장유면,경상사고,0,0,2,0,차대차 - 추돌 - 주정차중,불법유턴,건조,맑음,단일로 - 기타,승합,남,66세,상해없음,승용,남,50세,상해없음
2014061700100265,2014년 6월 17일 12시,화요일,경상남도 양산시 원동면,중상사고,0,1,0,0,차대차 - 측면직각충돌,안전운전불이행,건조,흐림,교차로 - 교차로안,원동기,남,65세,중상,승합,남,60세,상해없음
2014061700100325,2014년 6월 17일 14시,화요일,경상남도 양산시 명동,부상신고사고,0,0,0,2,차대차 - 기타,직진우회전진행방해,건조,맑음,교차로 - 교차로안,승용,남,56세,상해없음,승용,남,52세,상해없음
2014061700100326,2014년 6월 17일 14시,화요일,경상남도 남해군 창선면,부상신고사고,0,0,0,1,차량단독 - 전도전복,안전운전불이행,습기,비,기타 - 기타,승용,여,65세,부상신고,,,,
2014061700100358,2014년 6월 17일 15시,화요일,경상남도 의령군 지정면,중상사고,0,2,0,0,차량단독 - 공작물충돌,안전운전불이행,건조,맑음,단일로 - 기타,화물,남,68세,중상,,,,
2014061700100383,2014년 6월 17일 16시,화요일,경상남도 진주시 하대동,중상사고,0,1,0,0,차대사람 - 차도통행중,안전운전불이행,건조,맑음,교차로 - 교차로안,화물,남,31세,상해없음,보행자,남,74세,중상
2014061700100384,2014년 6월 17일 16시,화요일,경상남도 창원시 진해구 두동,경상사고,0,0,1,0,차대차 - 기타,안전운전불이행,건조,맑음,단일로 - 기타,화물,남,48세,상해없음,승용,여,37세,경상
2014061700100385,2014년 6월 17일 16시,화요일,경상남도 밀양시 내일동,경상사고,0,0,2,0,차대차 - 측면직각충돌,교차로운행방법위반,건조,맑음,교차로 - 교차로안,승용,여,49세,상해없음,원동기,여,62세,경상
2014061700100413,2014년 6월 17일 17시,화요일,경상남도 진주시 문산읍,중상사고,0,1,0,0,차대차 - 측면직각충돌,안전거리미확보,건조,맑음,단일로 - 기타,승용,여,41세,상해없음,원동기,남,61세,중상
2014061700100414,2014년 6월 17일 17시,화요일,경상남도 김해시 삼계동,경상사고,0,0,1,0,차대차 - 추돌 - 진행중,안전운전불이행,건조,맑음,단일로 - 기타,승용,남,67세,상해없음,승용,여,32세,경상
2014061700100415,2014년 6월 17일 17시,화요일,경상남도 김해시 장유면,중상사고,0,1,0,0,차대차 - 측면직각충돌,신호위반,건조,맑음,단일로 - 기타,승용,남,45세,상해없음,자전거,남,10세,중상
2014061700100454,2014년 6월 17일 18시,화요일,경상남도 진주시 상봉동,중상사고,0,1,0,0,차대차 - 기타,교차로운행방법위반,건조,맑음,교차로 - 교차로안,승용,남,54세,상해없음,자전거,남,7세,중상
2014061700100455,2014년 6월 17일 18시,화요일,경상남도 통영시 무전동,경상사고,0,0,2,0,차대차 - 추돌 - 주정차중,안전운전불이행,습기,맑음,단일로 - 기타,승용,여,32세,상해없음,승용,남,47세,경상
2014061700100456,2014년 6월 17일 18시,화요일,경상남도 고성군 하일면,사망사고,1,0,0,0,차대차 - 추돌 - 진행중,안전운전불이행,건조,맑음,단일로 - 기타,원동기,남,61세,사망,화물,남,63세,상해없음
2014061700100492,2014년 6월 17일 19시,화요일,경상남도 창원시 마산합포구 창동,경상사고,0,0,1,0,차대차 - 측면직각충돌,안전운전불이행,건조,맑음,교차로 - 교차로부근,승용,남,63세,상해없음,이륜,남,17세,경상
2014061700100493,2014년 6월 17일 19시,화요일,경상남도 창원시 의창구 동읍,경상사고,0,0,1,0,차대차 - 기타,안전운전불이행,건조,흐림,단일로 - 기타,승용,남,58세,상해없음,승용,여,30세,경상
2014061700100523,2014년 6월 17일 20시,화요일,경상남도 김해시 부원동,중상사고,0,1,2,0,차량단독 - 공작물충돌,안전운전불이행,건조,맑음,교차로 - 교차로안,승용,남,39세,상해없음,,,,
2014061700100524,2014년 6월 17일 20시,화요일,경상남도 창원시 의창구 북면,중상사고,0,1,0,0,차대차 - 추돌 - 진행중,안전거리미확보,건조,흐림,교차로 - 교차로부근,승용,남,51세,상해없음,승합,여,45세,중상
2014061700100559,2014년 6월 17일 21시,화요일,경상남도 진주시 상대동,경상사고,0,0,3,0,차대차 - 추돌 - 주정차중,안전운전불이행,건조,맑음,단일로 - 기타,승용,남,32세,상해없음,승용,여,30세,경상
2014061700100560,2014년 6월 17일 21시,화요일,경상남도 창녕군 창녕읍,중상사고,0,1,0,0,차대차 - 추돌 - 진행중,안전운전불이행,건조,맑음,단일로 - 기타,승용,남,37세,상해없음,원동기,남,46세,중상
2014061700100561,2014년 6월 17일 21시,화요일,경상남도 창원시 성산구 외동,경상사고,0,0,2,0,차대차 - 기타,안전운전불이행,건조,맑음,기타 - 기타,승용,남,34세,상해없음,자전거,남,26세,경상
2014061700100562,2014년 6월 17일 21시,화요일,경상남도 창원시 마산회원구 양덕동,경상사고,0,0,1,0,차대차 - 측면직각충돌,안전운전불이행,건조,맑음,단일로 - 기타,승용,남,34세,상해없음,승용,남,62세,경상
2014061700100563,2014년 6월 17일 21시,화요일,경상남도 창원시 의창구 봉곡동,중상사고,0,1,0,0,차대차 - 정면충돌,신호위반,건조,맑음,교차로 - 교차로안,기타불명,기타불명,기타불명,기타불명,이륜,남,17세,중상
2014061700100588,2014년 6월 17일 22시,화요일,경상남도 창원시 진해구 화천동,경상사고,0,0,1,0,차대차 - 기타,안전운전불이행,건조,맑음,교차로 - 교차로부근,승용,남,25세,상해없음,승용,남,67세,경상
2014061700100589,2014년 6월 17일 22시,화요일,경상남도 밀양시 가곡동,중상사고,0,1,0,0,차대차 - 추돌 - 진행중,안전거리미확보,건조,맑음,교차로 - 교차로부근,승용,남,54세,상해없음,이륜,남,37세,중상
2014061700100590,2014년 6월 17일 22시,화요일,경상남도 거제시 옥포동,중상사고,0,1,0,0,차대사람 - 횡단중,안전운전불이행,습기,흐림,교차로 - 교차로부근,승용,남,36세,상해없음,보행자,남,25세,중상
2014061700100591,2014년 6월 17일 22시,화요일,경상남도 창원시 의창구 용지동,중상사고,0,1,0,0,차대사람 - 기타,안전운전불이행,건조,맑음,기타 - 기타,승용,남,27세,상해없음,보행자,남,63세,중상
2014061700100614,2014년 6월 17일 23시,화요일,경상남도 김해시 어방동,경상사고,0,0,1,0,차대차 - 기타,안전운전불이행,건조,맑음,교차로 - 교차로부근,승용,남,41세,상해없음,이륜,남,56세,경상
2014061700100615,2014년 6월 17일 23시,화요일,경상남도 양산시 덕계동,중상사고,0,1,0,0,차대사람 - 기타,안전운전불이행,건조,맑음,교차로 - 교차로부근,승용,남,38세,상해없음,보행자,남,51세,중상
2014061800100008,2014년 6월 18일 00시,수요일,경상남도 사천시 사천읍,경상사고,0,0,1,1,차대차 - 기타,신호위반,건조,맑음,교차로 - 교차로안,승용,여,20세,부상신고,승용,남,45세,경상
2014061800100009,2014년 6월 18일 00시,수요일,경상남도 창원시 마산회원구 양덕동,경상사고,0,0,1,0,차대사람 - 길가장자리구역통행중,안전운전불이행,습기,비,단일로 - 기타,화물,남,37세,상해없음,보행자,남,35세,경상
2014061800100033,2014년 6월 18일 02시,수요일,경상남도 함안군 가야읍,경상사고,0,0,1,0,차량단독 - 전도전복,안전운전불이행,건조,맑음,교차로 - 교차로부근,승용,남,29세,경상,,,,
2014061800100034,2014년 6월 18일 02시,수요일,경상남도 창원시 성산구 신촌동,중상사고,0,1,0,0,차대사람 - 기타,안전운전불이행,기타,흐림,기타 - 기타,기타불명,기타불명,기타불명,기타불명,보행자,남,45세,중상
2014061800100047,2014년 6월 18일 03시,수요일,경상남도 김해시 부원동,중상사고,0,1,0,0,차량단독 - 공작물충돌,안전운전불이행,습기,흐림,단일로 - 기타,이륜,남,18세,중상,,,,
2014061800100056,2014년 6월 18일 04시,수요일,경상남도 양산시 물금읍,중상사고,0,1,0,0,차대차 - 측면직각충돌,안전운전불이행,습기,비,교차로 - 교차로부근,화물,남,51세,상해없음,승용,남,57세,중상
2014061800100059,2014년 6월 18일 05시,수요일,경상남도 김해시 내동,경상사고,0,0,1,0,차대차 - 측면직각충돌,교차로운행방법위반,건조,맑음,교차로 - 교차로안,이륜,남,67세,경상,승용,남,58세,상해없음
2014061800100060,2014년 6월 18일 05시,수요일,경상남도 김해시 주촌면,중상사고,0,1,0,0,차대차 - 측면직각충돌,안전운전불이행,건조,맑음,단일로 - 기타,승용,남,25세,중상,승용,남,75세,상해없음
2014061800100074,2014년 6월 18일 06시,수요일,경상남도 통영시 무전동,중상사고,0,1,0,0,차대차 - 측면직각충돌,직진우회전진행방해,건조,맑음,교차로 - 교차로안,승용,남,52세,상해없음,승용,남,38세,중상
2014061800100085,2014년 6월 18일 07시,수요일,경상남도 김해시 대동면,경상사고,0,0,1,0,차대차 - 기타,안전운전불이행,건조,맑음,단일로 - 기타,건설기계,남,29세,상해없음,승용,남,34세,경상
2014061800100097,2014년 6월 18일 07시,수요일,경상남도 통영시 광도면,경상사고,0,0,1,0,차대차 - 측면직각충돌,안전거리미확보,습기,비,단일로 - 기타,승용,남,29세,상해없음,원동기,남,29세,경상
2014061800100132,2014년 6월 18일 08시,수요일,경상남도 창원시 성산구 가음동,중상사고,0,1,0,0,차대사람 - 보도통행중,기타,건조,맑음,단일로 - 기타,승합,여,40세,상해없음,보행자,남,6세,중상
2014061800100133,2014년 6월 18일 08시,수요일,경상남도 김해시 화목동,중상사고,0,1,0,0,차대차 - 측면직각충돌,교차로운행방법위반,건조,맑음,교차로 - 교차로안,자전거,남,48세,중상,승용,여,45세,상해없음
2014061800100176,2014년 6월 18일 09시,수요일,경상남도 사천시 대방동,경상사고,0,0,1,0,차대차 - 추돌 - 주정차중,안전운전불이행,건조,맑음,단일로 - 기타,승용,남,41세,상해없음,화물,남,53세,경상
2014061800100206,2014년 6월 18일 10시,수요일,경상남도 진주시 사봉면,중상사고,0,1,0,0,차대차 - 추돌 - 주정차중,안전운전불이행,건조,맑음,교차로 - 교차로부근,이륜,남,74세,중상,화물,남,63세,기타불명
2014061800100207,2014년 6월 18일 10시,수요일,경상남도 거창군 거창읍,경상사고,0,0,1,0,차대차 - 기타,기타,건조,맑음,교차로 - 교차로안,승용,남,34세,상해없음,화물,남,37세,경상
2014061800100208,2014년 6월 18일 10시,수요일,경상남도 거창군 거창읍,중상사고,0,1,1,0,차대차 - 측면직각충돌,교차로운행방법위반,건조,맑음,교차로 - 교차로안,승용,여,53세,중상,승용,남,56세,상해없음
2014061800100233,2014년 6월 18일 11시,수요일,경상남도 합천군 야로면,경상사고,0,0,2,0,차대차 - 추돌 - 진행중,안전운전불이행,건조,맑음,교차로 - 교차로부근,화물,남,38세,상해없음,승용,남,60세,경상
2014061800100234,2014년 6월 18일 11시,수요일,경상남도 합천군 삼가면,경상사고,0,0,1,0,차대차 - 추돌 - 진행중,안전운전불이행,건조,맑음,단일로 - 기타,원동기,남,74세,경상,화물,여,61세,상해없음
2014061800100267,2014년 6월 18일 12시,수요일,경상남도 창원시 진해구 덕산동,경상사고,0,0,1,0,차대차 - 측면직각충돌,직진우회전진행방해,건조,맑음,교차로 - 교차로안,승용,남,67세,상해없음,승용,남,72세,경상
2014061800100268,2014년 6월 18일 12시,수요일,경상남도 밀양시 내이동,중상사고,0,1,0,0,차대차 - 측면직각충돌,신호위반,건조,맑음,교차로 - 교차로안,승용,남,70세,상해없음,원동기,남,58세,중상
2014061800100269,2014년 6월 18일 12시,수요일,경상남도 고성군 동해면,중상사고,0,1,2,0,차대차 - 측면직각충돌,불법유턴,건조,맑음,교차로 - 교차로부근,승용,남,55세,상해없음,특수,남,58세,중상
2014061800100270,2014년 6월 18일 12시,수요일,경상남도 거제시 수월동,경상사고,0,0,1,0,차대차 - 추돌 - 진행중,안전거리미확보,건조,맑음,교차로 - 교차로부근,승용,남,31세,상해없음,화물,남,25세,상해없음
2014061800100329,2014년 6월 18일 14시,수요일,경상남도 창원시 진해구 용원동,경상사고,0,0,1,0,차대차 - 기타,직진우회전진행방해,건조,맑음,교차로 - 교차로안,특수,남,51세,경상,특수,남,39세,상해없음
2014061800100330,2014년 6월 18일 14시,수요일,경상남도 거제시 아주동,경상사고,0,0,1,0,차대사람 - 기타,안전운전불이행,건조,맑음,단일로 - 기타,승용,남,47세,상해없음,보행자,남,60세,경상
2014061800100331,2014년 6월 18일 14시,수요일,경상남도 거제시 장목면,중상사고,0,1,0,0,차대차 - 기타,기타,건조,맑음,단일로 - 기타,화물,남,45세,상해없음,승용,여,53세,중상
2014061800100366,2014년 6월 18일 15시,수요일,경상남도 창원시 마산합포구 교방동,중상사고,0,1,0,0,차대사람 - 기타,안전운전불이행,건조,맑음,단일로 - 기타,승용,여,52세,상해없음,보행자,남,10세,중상
2014061800100367,2014년 6월 18일 15시,수요일,경상남도 창원시 마산합포구 구산면,경상사고,0,0,2,0,차대차 - 추돌 - 진행중,직진우회전진행방해,건조,맑음,교차로 - 교차로안,승용,남,49세,기타불명,승용,여,61세,경상
2014061800100368,2014년 6월 18일 15시,수요일,경상남도 진주시 신안동,중상사고,0,2,0,0,차대차 - 정면충돌,신호위반,건조,맑음,교차로 - 교차로안,승용,남,26세,상해없음,승용,여,49세,중상
2014061800100413,2014년 6월 18일 16시,수요일,경상남도 창원시 마산회원구 내서읍,중상사고,0,1,0,0,차대사람 - 횡단중,안전운전불이행,건조,맑음,단일로 - 기타,승용,여,56세,상해없음,보행자,여,10세,중상
2014061800100454,2014년 6월 18일 17시,수요일,경상남도 의령군 유곡면,중상사고,0,1,0,0,차대차 - 기타,안전운전불이행,건조,맑음,교차로 - 교차로부근,화물,남,62세,상해없음,이륜,여,68세,중상
2014061800100455,2014년 6월 18일 17시,수요일,경상남도 창원시 의창구 도계동,경상사고,0,0,1,0,차대차 - 추돌 - 진행중,안전운전불이행,건조,맑음,교차로 - 교차로안,승용,남,31세,상해없음,승용,남,56세,경상
2014061800100497,2014년 6월 18일 18시,수요일,경상남도 밀양시 부북면,중상사고,0,2,0,0,차대사람 - 기타,기타,건조,맑음,단일로 - 기타,승용,남,44세,상해없음,보행자,여,81세,중상
2014061800100498,2014년 6월 18일 18시,수요일,경상남도 김해시 불암동,중상사고,0,2,1,0,차대차 - 추돌 - 진행중,안전거리미확보,건조,맑음,단일로 - 기타,특수,남,51세,상해없음,화물,남,57세,중상
2014061800100499,2014년 6월 18일 18시,수요일,경상남도 거제시 사등면,경상사고,0,0,2,0,차대차 - 기타,안전거리미확보,건조,맑음,단일로 - 기타,승용,남,51세,상해없음,승용,남,46세,상해없음
2014061800100531,2014년 6월 18일 19시,수요일,경상남도 양산시 동면,경상사고,0,0,1,0,차대사람 - 기타,안전운전불이행,건조,맑음,기타 - 기타,승용,남,34세,상해없음,보행자,여,44세,경상
2014061800100532,2014년 6월 18일 19시,수요일,경상남도 의령군 의령읍,부상신고사고,0,0,0,1,차량단독 - 전도전복,안전운전불이행,건조,맑음,단일로 - 기타,승용,남,24세,부상신고,,,,
2014061800100533,2014년 6월 18일 19시,수요일,경상남도 창원시 성산구 사파동,중상사고,0,1,0,0,차대사람 - 기타,안전운전불이행,건조,맑음,단일로 - 기타,자전거,여,25세,상해없음,보행자,여,71세,중상
2014061800100563,2014년 6월 18일 20시,수요일,경상남도 진주시 남성동,경상사고,0,0,2,0,차대차 - 추돌 - 주정차중,안전운전불이행,건조,맑음,교차로 - 교차로부근,화물,남,52세,상해없음,화물,남,45세,경상
2014061800100564,2014년 6월 18일 20시,수요일,경상남도 사천시 사천읍,경상사고,0,0,2,0,차대차 - 추돌 - 주정차중,안전운전불이행,건조,맑음,단일로 - 기타,승용,남,28세,상해없음,승용,남,47세,경상
2014061800100565,2014년 6월 18일 20시,수요일,경상남도 사천시 벌리동,경상사고,0,0,2,0,차대차 - 측면직각충돌,안전운전불이행,건조,맑음,단일로 - 기타,화물,남,56세,상해없음,승용,남,26세,경상
2014061800100566,2014년 6월 18일 20시,수요일,경상남도 김해시 삼방동,중상사고,0,1,0,0,차대차 - 측면직각충돌,신호위반,건조,맑음,교차로 - 교차로안,기타불명,기타불명,기타불명,기타불명,원동기,남,25세,중상
2014061800100636,2014년 6월 18일 22시,수요일,경상남도 양산시 남부동,경상사고,0,0,1,0,차대사람 - 길가장자리구역통행중,안전운전불이행,건조,맑음,단일로 - 기타,승용,남,35세,상해없음,보행자,남,51세,경상
2014061900100031,2014년 6월 19일 01시,목요일,경상남도 거제시 고현동,중상사고,0,1,0,0,차대사람 - 기타,안전운전불이행,건조,맑음,단일로 - 기타,승용,여,52세,상해없음,보행자,남,46세,중상
2014061900100061,2014년 6월 19일 04시,목요일,경상남도 사천시 선구동,중상사고,0,1,0,0,차량단독 - 기타,안전운전불이행,건조,맑음,단일로 - 기타,원동기,여,40세,중상,,,,
2014061900100062,2014년 6월 19일 04시,목요일,경상남도 창원시 성산구 대방동,중상사고,0,1,0,0,차대차 - 측면직각충돌,신호위반,건조,맑음,교차로 - 교차로안,승용,남,52세,상해없음,화물,남,57세,중상
2014061900100147,2014년 6월 19일 08시,목요일,경상남도 양산시 물금읍,사망사고,1,0,0,0,차대차 - 기타,교차로운행방법위반,건조,맑음,교차로 - 교차로부근,원동기,남,56세,사망,승용,남,28세,상해없음
2014061900100148,2014년 6월 19일 08시,목요일,경상남도 김해시 진영읍,중상사고,0,1,0,0,차대차 - 추돌 - 진행중,안전운전불이행,건조,맑음,단일로 - 기타,화물,남,37세,상해없음,화물,남,65세,중상
2014061900100182,2014년 6월 19일 09시,목요일,경상남도 양산시 명동,경상사고,0,0,1,0,차대차 - 기타,신호위반,건조,맑음,교차로 - 교차로부근,승용,남,46세,상해없음,승용,남,41세,경상
2014061900100206,2014년 6월 19일 10시,목요일,경상남도 통영시 욕지면,중상사고,0,1,0,0,차대사람 - 기타,안전운전불이행,건조,맑음,단일로 - 기타,건설기계,남,51세,상해없음,보행자,여,75세,중상
2014061900100207,2014년 6월 19일 10시,목요일,경상남도 남해군 이동면,중상사고,0,1,0,0,차대차 - 측면직각충돌,안전운전불이행,건조,맑음,교차로 - 교차로안,화물,남,55세,상해없음,화물,남,50세,중상
2014061900100208,2014년 6월 19일 10시,목요일,경상남도 김해시 진영읍,경상사고,0,0,1,0,차대차 - 추돌 - 진행중,안전거리미확보,건조,맑음,교차로 - 교차로부근,승용,여,61세,상해없음,화물,남,43세,경상
2014061900100239,2014년 6월 19일 11시,목요일,경상남도 통영시 용남면,경상사고,0,0,2,0,차대차 - 측면직각충돌,안전운전불이행,건조,맑음,단일로 - 기타,승용,남,52세,상해없음,승용,남,43세,경상
2014061900100240,2014년 6월 19일 11시,목요일,경상남도 함안군 칠원면,경상사고,0,0,3,0,차대차 - 추돌 - 주정차중,안전거리미확보,건조,맑음,교차로 - 교차로안,승합,남,63세,상해없음,승용,여,40세,경상
2014061900100257,2014년 6월 19일 12시,목요일,경상남도 거제시 수월동,중상사고,0,1,0,0,차대사람 - 기타,중앙선침범,건조,맑음,교차로 - 교차로부근,승용,여,33세,상해없음,보행자,남,38세,중상
2014061900100276,2014년 6월 19일 13시,목요일,경상남도 창원시 진해구 덕산동,경상사고,0,0,1,0,차대차 - 측면직각충돌,교차로운행방법위반,건조,맑음,교차로 - 교차로안,이륜,남,18세,경상,승용,여,22세,상해없음
2014061900100277,2014년 6월 19일 13시,목요일,경상남도 양산시 삼호동,경상사고,0,0,1,0,차대차 - 기타,안전운전불이행,건조,맑음,단일로 - 기타,승용,여,50세,상해없음,승용,여,40세,경상
2014061900100278,2014년 6월 19일 13시,목요일,경상남도 창원시 마산회원구 석전동,경상사고,0,0,1,0,차대차 - 측면직각충돌,안전운전불이행,건조,맑음,단일로 - 기타,승용,남,73세,경상,건설기계,남,31세,상해없음
2014061900100309,2014년 6월 19일 14시,목요일,경상남도 진주시 상대동,경상사고,0,0,1,0,차대차 - 기타,안전운전불이행,건조,맑음,교차로 - 교차로안,승용,남,54세,상해없음,화물,남,23세,경상
2014061900100310,2014년 6월 19일 14시,목요일,경상남도 창원시 진해구 두동,경상사고,0,0,1,0,차대차 - 추돌 - 진행중,안전거리미확보,건조,맑음,단일로 - 기타,승용,남,43세,상해없음,건설기계,남,60세,경상
2014061900100311,2014년 6월 19일 14시,목요일,경상남도 통영시 광도면,중상사고,0,1,0,0,차대사람 - 횡단중,보행자보호의무위반,건조,맑음,교차로 - 교차로부근,승용,남,34세,상해없음,보행자,남,8세,중상