사고번호,사고일시,요일,시군구,사고내용,사망자수,중상자수,경상자수,부상신고자수,사고유형,법규위반,노면상태,기상상태,도로형태,가해운전자 차종,가해운전자 성별,가해운전자 연령,가해운전자 상해정도,피해운전자 차종,피해운전자 성별,피해운전자 연령,피해운전자 상해정도
2014061900100326,2014년 6월 19일 15시,목요일,경상남도 밀양시 활성동,사망사고,1,0,0,0,차대차 - 기타,안전운전불이행,건조,맑음,단일로 - 기타,화물,남,48세,상해없음,승용,남,45세,사망
2014061900100341,2014년 6월 19일 15시,목요일,경상남도 창원시 진해구 용원동,중상사고,0,1,1,0,차대차 - 측면직각충돌,안전운전불이행,건조,맑음,교차로 - 교차로안,특수,남,42세,경상,특수,남,46세,중상
2014061900100342,2014년 6월 19일 15시,목요일,경상남도 사천시 선구동,경상사고,0,0,1,0,차대차 - 기타,교차로운행방법위반,건조,맑음,교차로 - 교차로안,승합,남,48세,상해없음,이륜,남,67세,경상
2014061900100343,2014년 6월 19일 15시,목요일,경상남도 김해시 대성동,중상사고,0,1,0,0,차대사람 - 횡단중,안전운전불이행,건조,맑음,교차로 - 교차로부근,승용,남,61세,상해없음,보행자,남,16세,중상
2014061900100426,2014년 6월 19일 17시,목요일,경상남도 창원시 마산합포구 진동면,사망사고,1,0,0,0,차대차 - 추돌 - 진행중,안전운전불이행,건조,맑음,단일로 - 기타,승합,남,49세,상해없음,자전거,남,69세,사망
2014061900100427,2014년 6월 19일 17시,목요일,경상남도 창원시 진해구 두동,경상사고,0,0,2,0,차대차 - 추돌 - 주정차중,안전운전불이행,건조,맑음,단일로 - 기타,승용,남,51세,상해없음,승용,여,38세,경상
2014061900100428,2014년 6월 19일 17시,목요일,경상남도 사천시 정동면,중상사고,0,1,0,0,차대차 - 측면직각충돌,안전운전불이행,건조,맑음,교차로 - 교차로안,원동기,남,72세,중상,승용,남,36세,상해없음
2014061900100429,2014년 6월 19일 17시,목요일,경상남도 양산시 물금읍,경상사고,0,0,1,0,차대사람 - 기타,신호위반,건조,맑음,교차로 - 교차로부근,승용,남,38세,상해없음,보행자,남,9세,경상
2014061900100430,2014년 6월 19일 17시,목요일,경상남도 거제시 아주동,경상사고,0,0,1,0,차대차 - 기타,안전운전불이행,건조,맑음,기타 - 기타,승용,남,30세,상해없음,자전거,여,8세,경상
2014061900100431,2014년 6월 19일 17시,목요일,경상남도 함안군 칠북면,중상사고,0,1,1,0,차대차 - 추돌 - 진행중,안전거리미확보,건조,맑음,단일로 - 기타,승용,남,30세,경상,승용,여,34세,중상
2014061900100555,2014년 6월 19일 20시,목요일,경상남도 진주시 상대동,중상사고,0,1,0,0,차대사람 - 횡단중,신호위반,건조,맑음,교차로 - 교차로부근,원동기,남,18세,상해없음,보행자,남,7세,중상
2014061900100556,2014년 6월 19일 20시,목요일,경상남도 밀양시 내일동,중상사고,0,1,0,0,차대차 - 기타,안전운전불이행,습기,비,단일로 - 기타,승용,남,35세,상해없음,원동기,남,50세,중상
2014061900100557,2014년 6월 19일 20시,목요일,경상남도 김해시 대성동,중상사고,0,1,0,0,차대사람 - 횡단중,안전운전불이행,건조,맑음,단일로 - 기타,승용,남,35세,상해없음,보행자,남,57세,중상
2014061900100558,2014년 6월 19일 20시,목요일,경상남도 창원시 마산회원구 내서읍,중상사고,0,1,1,0,차대차 - 정면충돌,안전운전불이행,건조,맑음,단일로 - 기타,승용,여,38세,경상,승용,여,53세,중상
2014061900100583,2014년 6월 19일 21시,목요일,경상남도 양산시 다방동,경상사고,0,0,2,0,차대차 - 기타,안전운전불이행,건조,맑음,단일로 - 기타,승용,여,45세,상해없음,승용,남,63세,경상
2014061900100584,2014년 6월 19일 21시,목요일,경상남도 거제시 아주동,중상사고,0,1,0,0,차대차 - 기타,교차로운행방법위반,건조,맑음,교차로 - 교차로안,승용,남,21세,상해없음,자전거,남,22세,중상
2014061900100585,2014년 6월 19일 21시,목요일,경상남도 창원시 의창구 명서동,경상사고,0,0,1,0,차대사람 - 기타,안전운전불이행,건조,맑음,단일로 - 기타,승용,남,26세,상해없음,보행자,여,59세,경상
2014061900100642,2014년 6월 19일 23시,목요일,경상남도 양산시 교동,중상사고,0,1,0,0,차대사람 - 기타,보행자보호의무위반,건조,맑음,교차로 - 교차로안,승용,남,63세,상해없음,보행자,남,44세,중상
2014061900100643,2014년 6월 19일 23시,목요일,경상남도 창원시 성산구 웅남동,중상사고,0,1,0,0,차대차 - 기타,중앙선침범,건조,맑음,단일로 - 기타,기타불명,기타불명,기타불명,기타불명,승용,남,52세,중상
2014062000100034,2014년 6월 20일 01시,금요일,경상남도 거제시 고현동,중상사고,0,1,0,0,차대사람 - 기타,기타,건조,맑음,기타 - 기타,자전거,남,38세,상해없음,보행자,남,32세,중상
2014062000100056,2014년 6월 20일 03시,금요일,경상남도 진주시 가좌동,경상사고,0,0,2,0,차대차 - 기타,중앙선침범,건조,맑음,단일로 - 기타,승용,남,63세,상해없음,승용,남,48세,경상
2014062000100057,2014년 6월 20일 03시,금요일,경상남도 김해시 봉황동,중상사고,0,1,0,0,차대사람 - 횡단중,신호위반,건조,맑음,교차로 - 교차로안,승용,남,49세,상해없음,보행자,남,64세,중상
2014062000100075,2014년 6월 20일 05시,금요일,경상남도 창원시 마산회원구 봉암동,중상사고,0,1,1,0,차대차 - 측면직각충돌,신호위반,건조,맑음,교차로 - 교차로부근,원동기,남,17세,상해없음,승용,남,63세,경상
2014062000100111,2014년 6월 20일 07시,금요일,경상남도 김해시 내동,중상사고,0,1,0,0,차대차 - 기타,차로위반,건조,맑음,단일로 - 기타,승용,남,49세,상해없음,승용,여,31세,중상
2014062000100112,2014년 6월 20일 07시,금요일,경상남도 함안군 칠서면,경상사고,0,0,3,0,차대차 - 측면직각충돌,신호위반,건조,맑음,교차로 - 교차로안,승용,남,48세,상해없음,승용,남,64세,경상
2014062000100145,2014년 6월 20일 08시,금요일,경상남도 하동군 하동읍,경상사고,0,0,2,0,차대차 - 기타,기타,건조,맑음,단일로 - 기타,화물,남,43세,상해없음,화물,남,46세,경상
2014062000100146,2014년 6월 20일 08시,금요일,경상남도 거제시 상동동,중상사고,0,1,0,0,차대사람 - 기타,안전운전불이행,건조,맑음,기타 - 기타,승용,여,40세,상해없음,보행자,여,66세,중상
2014062000100173,2014년 6월 20일 09시,금요일,경상남도 창원시 마산회원구 회원동,중상사고,0,1,1,0,차대차 - 측면직각충돌,안전운전불이행,건조,맑음,단일로 - 기타,이륜,남,75세,경상,승용,남,62세,상해없음
2014062000100225,2014년 6월 20일 11시,금요일,경상남도 통영시 정량동,중상사고,0,1,0,0,차대차 - 측면직각충돌,안전운전불이행,건조,맑음,단일로 - 기타,승용,남,72세,상해없음,이륜,남,46세,중상
2014062000100254,2014년 6월 20일 12시,금요일,경상남도 김해시 내동,경상사고,0,0,2,0,차대차 - 추돌 - 진행중,교차로운행방법위반,건조,흐림,교차로 - 교차로안,승용,남,21세,경상,승용,남,51세,경상
2014062000100255,2014년 6월 20일 12시,금요일,경상남도 함양군 안의면,부상신고사고,0,0,0,1,차대차 - 측면직각충돌,교차로운행방법위반,건조,맑음,교차로 - 교차로안,화물,남,69세,부상신고,화물,남,45세,상해없음
2014062000100256,2014년 6월 20일 12시,금요일,경상남도 양산시 주진동,중상사고,0,1,2,0,차대차 - 측면직각충돌,안전운전불이행,건조,맑음,기타 - 기타,승합,남,74세,중상,승용,남,48세,경상
2014062000100257,2014년 6월 20일 12시,금요일,경상남도 거제시 덕포동,중상사고,0,1,0,0,차대차 - 추돌 - 진행중,안전운전불이행,건조,맑음,단일로 - 교량,승용,남,62세,상해없음,승용,남,56세,중상
2014062000100258,2014년 6월 20일 12시,금요일,경상남도 창원시 의창구 팔용동,경상사고,0,0,1,0,차대차 - 기타,안전운전불이행,건조,맑음,교차로 - 교차로안,승용,여,31세,상해없음,자전거,남,53세,경상
2014062000100314,2014년 6월 20일 14시,금요일,경상남도 창원시 마산합포구 동성동,경상사고,0,0,1,0,차대차 - 측면직각충돌,신호위반,건조,맑음,교차로 - 교차로안,승용,여,66세,상해없음,승용,남,35세,경상
2014062000100315,2014년 6월 20일 14시,금요일,경상남도 창원시 의창구 도계동,부상신고사고,0,0,0,1,차대사람 - 기타,안전운전불이행,건조,맑음,단일로 - 기타,승용,여,22세,상해없음,보행자,남,10세,부상신고
2014062000100354,2014년 6월 20일 15시,금요일,경상남도 통영시 광도면,경상사고,0,0,1,0,차대차 - 추돌 - 진행중,교차로운행방법위반,건조,맑음,교차로 - 교차로안,승용,남,47세,상해없음,승합,남,48세,경상
2014062000100355,2014년 6월 20일 15시,금요일,경상남도 김해시 외동,경상사고,0,0,1,0,차대차 - 기타,차로위반,건조,맑음,단일로 - 기타,기타불명,기타불명,기타불명,기타불명,승합,남,51세,상해없음
2014062000100356,2014년 6월 20일 15시,금요일,경상남도 합천군 묘산면,중상사고,0,1,0,0,차대차 - 측면직각충돌,안전운전불이행,건조,맑음,단일로 - 기타,이륜,남,75세,중상,화물,남,36세,상해없음
2014062000100357,2014년 6월 20일 15시,금요일,경상남도 남해군 고현면,중상사고,0,1,1,0,차량단독 - 공작물충돌,안전운전불이행,건조,맑음,단일로 - 기타,승용,남,56세,경상,,,,
2014062000100358,2014년 6월 20일 15시,금요일,경상남도 함안군 산인면,중상사고,0,1,0,0,차대차 - 추돌 - 주정차중,안전운전불이행,건조,맑음,단일로 - 기타,화물,남,59세,상해없음,승용,남,44세,중상
2014062000100395,2014년 6월 20일 16시,금요일,경상남도 밀양시 내이동,경상사고,0,0,2,0,차대차 - 측면직각충돌,신호위반,건조,맑음,단일로 - 횡단보도상,승용,여,48세,상해없음,자전거,여,27세,경상
2014062000100435,2014년 6월 20일 17시,금요일,경상남도 김해시 외동,경상사고,0,0,2,0,차대차 - 추돌 - 진행중,안전운전불이행,건조,맑음,단일로 - 기타,승용,여,57세,경상,승용,여,31세,경상
2014062000100436,2014년 6월 20일 17시,금요일,경상남도 거창군 거창읍,경상사고,0,0,1,1,차대차 - 측면직각충돌,안전운전불이행,건조,맑음,교차로 - 교차로안,원동기,남,36세,부상신고,자전거,남,10세,경상
2014062000100489,2014년 6월 20일 18시,금요일,경상남도 고성군 회화면,경상사고,0,0,1,0,차대차 - 측면직각충돌,신호위반,건조,맑음,교차로 - 교차로안,승용,여,64세,상해없음,이륜,남,73세,경상
2014062000100490,2014년 6월 20일 18시,금요일,경상남도 거제시 장평동,경상사고,0,0,2,0,차대차 - 기타,안전운전불이행,건조,맑음,교차로 - 교차로안,승용,남,44세,상해없음,원동기,남,26세,경상
2014062000100491,2014년 6월 20일 18시,금요일,경상남도 창원시 의창구 봉곡동,경상사고,0,0,1,0,차대사람 - 횡단중,안전운전불이행,건조,맑음,단일로 - 횡단보도상,특수,남,40세,상해없음,보행자,남,58세,경상
2014062000100529,2014년 6월 20일 19시,금요일,경상남도 창원시 의창구 대원동,경상사고,0,0,1,0,차대차 - 기타,신호위반,기타,맑음,교차로 - 교차로안,승용,여,25세,상해없음,승용,남,35세,경상
2014062000100565,2014년 6월 20일 20시,금요일,경상남도 창원시 진해구 대죽동,부상신고사고,0,0,0,1,차대차 - 기타,안전운전불이행,건조,맑음,기타 - 기타,승용,남,52세,기타불명,자전거,남,64세,부상신고
2014062000100566,2014년 6월 20일 20시,금요일,경상남도 창원시 마산회원구 회성동,중상사고,0,1,0,0,차대차 - 측면직각충돌,안전운전불이행,건조,흐림,단일로 - 기타,화물,남,45세,상해없음,승용,남,68세,중상
2014062000100615,2014년 6월 20일 21시,금요일,경상남도 창원시 마산회원구 합성동,중상사고,0,1,0,0,차대사람 - 기타,안전운전불이행,건조,맑음,단일로 - 기타,승용,여,32세,상해없음,보행자,남,51세,중상
2014062000100656,2014년 6월 20일 22시,금요일,경상남도 창원시 마산합포구 창포동2가,중상사고,0,1,0,0,차대차 - 측면직각충돌,불법유턴,건조,흐림,교차로 - 교차로부근,화물,남,55세,상해없음,승용,여,33세,중상
2014062000100657,2014년 6월 20일 22시,금요일,경상남도 김해시 어방동,중상사고,0,1,0,0,차대차 - 추돌 - 진행중,안전운전불이행,건조,맑음,교차로 - 교차로안,승합,남,21세,상해없음,이륜,남,17세,중상
2014062000100658,2014년 6월 20일 22시,금요일,경상남도 거제시 상동동,중상사고,0,2,0,0,차대차 - 추돌 - 진행중,교차로운행방법위반,건조,맑음,교차로 - 교차로부근,승용,여,30세,상해없음,승용,남,57세,상해없음
2014062000100706,2014년 6월 20일 23시,금요일,경상남도 거제시 아주동,경상사고,0,0,3,0,차대차 - 기타,안전운전불이행,건조,맑음,교차로 - 교차로부근,승용,남,47세,상해없음,승용,여,46세,경상
2014062000100707,2014년 6월 20일 23시,금요일,경상남도 창원시 마산회원구 구암동,경상사고,0,0,1,0,차대차 - 추돌 - 진행중,안전운전불이행,건조,맑음,단일로 - 기타,승합,남,42세,상해없음,승용,남,36세,경상
2014062100100028,2014년 6월 21일 00시,토요일,경상남도 통영시 용남면,사망사고,1,0,0,0,차량단독 - 기타,안전운전불이행,건조,맑음,단일로 - 기타,화물,남,48세,사망,,,,
2014062100100029,2014년 6월 21일 00시,토요일,경상남도 통영시 명정동,경상사고,0,0,1,0,차대사람 - 길가장자리구역통행중,안전운전불이행,건조,맑음,단일로 - 기타,화물,남,48세,상해없음,보행자,여,62세,경상
2014062100100062,2014년 6월 21일 01시,토요일,경상남도 창원시 의창구 도계동,경상사고,0,0,1,0,차대사람 - 기타,신호위반,건조,맑음,교차로 - 교차로안,승용,남,30세,상해없음,보행자,남,16세,경상
2014062100100146,2014년 6월 21일 05시,토요일,경상남도 창원시 성산구 가음정동,중상사고,0,1,2,0,차대차 - 추돌 - 진행중,안전운전불이행,건조,맑음,교차로 - 교차로부근,승용,남,29세,상해없음,승용,남,63세,경상
2014062100100172,2014년 6월 21일 07시,토요일,경상남도 창원시 마산합포구 진동면,중상사고,0,1,0,0,차대사람 - 횡단중,안전운전불이행,건조,맑음,단일로 - 횡단보도상,승용,남,27세,상해없음,보행자,남,47세,중상
2014062100100241,2014년 6월 21일 10시,토요일,경상남도 진주시 평거동,중상사고,0,2,0,0,차대차 - 측면직각충돌,신호위반,건조,맑음,교차로 - 교차로안,화물,남,66세,상해없음,승용,남,64세,중상
2014062100100243,2014년 6월 21일 10시,토요일,경상남도 김해시 한림면,중상사고,0,1,1,0,차대차 - 측면직각충돌,직진우회전진행방해,건조,흐림,교차로 - 교차로안,화물,남,52세,상해없음,화물,남,33세,경상
2014062100100277,2014년 6월 21일 11시,토요일,경상남도 진주시 내동면,중상사고,0,1,2,0,차대차 - 측면직각충돌,신호위반,건조,맑음,교차로 - 교차로안,승용,여,48세,상해없음,승용,남,35세,중상
2014062100100279,2014년 6월 21일 11시,토요일,경상남도 거제시 고현동,중상사고,0,1,0,0,차대사람 - 기타,안전운전불이행,건조,흐림,단일로 - 기타,승용,남,47세,상해없음,보행자,여,78세,중상
2014062100100280,2014년 6월 21일 11시,토요일,경상남도 창원시 성산구 신촌동,경상사고,0,0,1,0,차대차 - 기타,안전운전불이행,건조,맑음,기타 - 기타,화물,남,54세,상해없음,자전거,남,56세,경상
2014062100100300,2014년 6월 21일 12시,토요일,경상남도 남해군 남해읍,경상사고,0,0,1,0,차대차 - 측면직각충돌,안전운전불이행,건조,맑음,기타 - 기타,승용,남,76세,상해없음,승용,남,30세,경상
2014062100100356,2014년 6월 21일 14시,토요일,경상남도 창원시 의창구 대원동,중상사고,0,1,0,0,차대차 - 기타,안전운전불이행,습기,비,교차로 - 교차로안,승용,남,55세,상해없음,화물,남,39세,중상
2014062100100357,2014년 6월 21일 14시,토요일,경상남도 김해시 진영읍,중상사고,0,1,0,0,차대차 - 추돌 - 주정차중,안전운전불이행,습기,비,교차로 - 교차로부근,화물,남,54세,상해없음,승용,여,56세,중상
2014062100100423,2014년 6월 21일 16시,토요일,경상남도 통영시 용남면,중상사고,0,2,6,0,차대차 - 추돌 - 주정차중,안전운전불이행,습기,비,단일로 - 기타,승용,남,31세,경상,승용,남,30세,경상
2014062100100464,2014년 6월 21일 17시,토요일,경상남도 함안군 가야읍,중상사고,0,1,0,0,차대차 - 기타,안전운전불이행,습기,흐림,교차로 - 교차로안,승용,남,45세,상해없음,이륜,남,67세,중상
2014062100100465,2014년 6월 21일 17시,토요일,경상남도 창원시 의창구 대산면,경상사고,0,0,1,0,차대사람 - 기타,안전운전불이행,건조,맑음,기타 - 기타,승합,여,51세,상해없음,보행자,여,80세,경상
2014062100100499,2014년 6월 21일 18시,토요일,경상남도 창원시 진해구 석동,중상사고,0,2,3,0,차대차 - 추돌 - 주정차중,안전운전불이행,습기,비,단일로 - 터널,승용,남,43세,상해없음,승용,여,38세,경상
2014062100100500,2014년 6월 21일 18시,토요일,경상남도 양산시 하북면,부상신고사고,0,0,0,1,차대차 - 추돌 - 주정차중,안전거리미확보,건조,맑음,단일로 - 기타,승용,여,31세,상해없음,승용,남,42세,부상신고
2014062100100501,2014년 6월 21일 18시,토요일,경상남도 김해시 진영읍,경상사고,0,0,2,0,차대차 - 측면직각충돌,중앙선침범,습기,비,교차로 - 교차로안,승용,여,44세,상해없음,승용,남,25세,경상
2014062100100534,2014년 6월 21일 19시,토요일,경상남도 밀양시 가곡동,부상신고사고,0,0,0,1,차대차 - 기타,교차로운행방법위반,건조,맑음,교차로 - 교차로안,승합,여,53세,상해없음,자전거,남,19세,부상신고
2014062100100535,2014년 6월 21일 19시,토요일,경상남도 창원시 마산합포구 산호동,중상사고,0,1,0,0,차대사람 - 기타,안전운전불이행,건조,맑음,단일로 - 기타,승용,여,47세,상해없음,보행자,여,28세,중상
2014062100100565,2014년 6월 21일 20시,토요일,경상남도 함양군 안의면,중상사고,0,1,0,0,차대차 - 기타,중앙선침범,건조,맑음,단일로 - 기타,원동기,남,74세,중상,승용,남,47세,상해없음
2014062100100623,2014년 6월 21일 21시,토요일,경상남도 거제시 고현동,중상사고,0,1,0,0,차대차 - 측면직각충돌,안전거리미확보,건조,맑음,교차로 - 교차로부근,승용,남,29세,상해없음,승용,남,34세,상해없음
2014062100100657,2014년 6월 21일 22시,토요일,경상남도 진주시 상대동,중상사고,0,1,0,0,차대차 - 추돌 - 진행중,안전운전불이행,건조,맑음,교차로 - 교차로부근,승용,남,55세,상해없음,승용,남,26세,중상
2014062100100658,2014년 6월 21일 22시,토요일,경상남도 김해시 생림면,경상사고,0,0,2,0,차대차 - 추돌 - 진행중,차로위반,습기,흐림,단일로 - 기타,승용,남,45세,상해없음,승용,남,37세,경상
2014062100100659,2014년 6월 21일 22시,토요일,경상남도 고성군 고성읍,경상사고,0,0,2,0,차대사람 - 길가장자리구역통행중,안전운전불이행,건조,맑음,단일로 - 기타,승용,남,46세,상해없음,보행자,남,44세,경상
2014062100100660,2014년 6월 21일 22시,토요일,경상남도 거제시 장목면,중상사고,0,1,2,0,차대차 - 추돌 - 진행중,안전거리미확보,건조,흐림,단일로 - 기타,승용,남,46세,상해없음,승용,남,29세,경상
2014062100100694,2014년 6월 21일 23시,토요일,경상남도 창원시 진해구 용원동,경상사고,0,0,1,0,차대차 - 측면직각충돌,안전운전불이행,건조,맑음,단일로 - 기타,승합,남,26세,경상,특수,남,33세,상해없음
2014062200100017,2014년 6월 22일 00시,일요일,경상남도 창원시 마산회원구 내서읍,경상사고,0,0,1,0,차대차 - 기타,안전운전불이행,건조,맑음,교차로 - 교차로부근,승용,남,41세,상해없음,이륜,남,17세,상해없음
2014062200100056,2014년 6월 22일 02시,일요일,경상남도 김해시 서상동,중상사고,0,1,2,0,차대차 - 추돌 - 진행중,안전거리미확보,건조,맑음,단일로 - 기타,승용,남,21세,상해없음,승용,남,62세,중상
2014062200100057,2014년 6월 22일 02시,일요일,경상남도 김해시 불암동,중상사고,0,1,0,0,차대차 - 측면직각충돌,신호위반,건조,맑음,교차로 - 교차로안,승용,남,51세,상해없음,승용,남,23세,중상
2014062200100069,2014년 6월 22일 03시,일요일,경상남도 김해시 전하동,중상사고,0,1,0,0,차대사람 - 횡단중,안전운전불이행,기타,흐림,교차로 - 교차로부근,승용,여,51세,상해없음,보행자,남,25세,중상
2014062200100081,2014년 6월 22일 04시,일요일,경상남도 김해시 장유면,경상사고,0,0,1,0,차대차 - 추돌 - 진행중,안전운전불이행,건조,맑음,단일로 - 기타,승용,남,56세,상해없음,승용,남,51세,경상
2014062200100116,2014년 6월 22일 07시,일요일,경상남도 창원시 진해구 죽곡동,경상사고,0,0,1,0,차대차 - 기타,안전운전불이행,건조,맑음,단일로 - 기타,자전거,남,54세,경상,승용,남,45세,상해없음
2014062200100129,2014년 6월 22일 08시,일요일,경상남도 김해시 한림면,중상사고,0,1,0,0,차대차 - 측면직각충돌,안전운전불이행,건조,흐림,교차로 - 교차로안,원동기,남,42세,중상,승용,남,39세,상해없음
2014062200100143,2014년 6월 22일 09시,일요일,경상남도 통영시 정량동,경상사고,0,0,1,0,차대차 - 추돌 - 진행중,안전거리미확보,건조,맑음,교차로 - 교차로안,승용,남,57세,상해없음,승용,여,45세,경상
2014062200100179,2014년 6월 22일 11시,일요일,경상남도 양산시 물금읍,부상신고사고,0,0,0,1,차대차 - 측면직각충돌,안전운전불이행,건조,맑음,단일로 - 기타,승용,남,33세,부상신고,화물,기타불명,기타불명,기타불명
2014062200100207,2014년 6월 22일 12시,일요일,경상남도 김해시 생림면,경상사고,0,0,1,0,차대차 - 측면직각충돌,안전운전불이행,건조,맑음,단일로 - 기타,승용,남,40세,상해없음,농기계,남,76세,경상
2014062200100230,2014년 6월 22일 13시,일요일,경상남도 창원시 마산합포구 진동면,경상사고,0,0,2,0,차대차 - 기타,안전거리미확보,건조,맑음,단일로 - 기타,승용,남,48세,상해없음,승용,여,47세,경상
2014062200100231,2014년 6월 22일 13시,일요일,경상남도 김해시 외동,중상사고,0,1,0,0,차대차 - 정면충돌,중앙선침범,건조,흐림,교차로 - 교차로부근,이륜,남,17세,상해없음,이륜,남,38세,중상
2014062200100283,2014년 6월 22일 15시,일요일,경상남도 김해시 안동,경상사고,0,0,2,0,차대차 - 측면직각충돌,교차로운행방법위반,건조,맑음,교차로 - 교차로안,화물,남,43세,상해없음,승용,남,33세,경상
2014062200100284,2014년 6월 22일 15시,일요일,경상남도 거제시 장평동,부상신고사고,0,0,0,1,차대사람 - 기타,안전운전불이행,건조,맑음,교차로 - 교차로안,화물,남,47세,상해없음,보행자,남,23세,부상신고
2014062200100285,2014년 6월 22일 15시,일요일,경상남도 의령군 유곡면,중상사고,0,1,0,0,차량단독 - 공작물충돌,안전운전불이행,건조,맑음,단일로 - 기타,승용,남,47세,중상,,,,
2014062200100286,2014년 6월 22일 15시,일요일,경상남도 김해시 진례면,경상사고,0,0,5,0,차대차 - 측면직각충돌,신호위반,건조,흐림,교차로 - 교차로안,승용,남,29세,상해없음,승용,남,42세,경상
2014062200100321,2014년 6월 22일 16시,일요일,경상남도 사천시 정동면,경상사고,0,0,2,0,차대사람 - 횡단중,안전운전불이행,건조,맑음,단일로 - 기타,승용,여,28세,상해없음,보행자,여,12세,경상
2014062200100322,2014년 6월 22일 16시,일요일,경상남도 거창군 신원면,중상사고,0,1,0,0,차량단독 - 도로외이탈 - 기타,안전운전불이행,건조,맑음,단일로 - 기타,승용,남,75세,상해없음,,,,
2014062200100323,2014년 6월 22일 16시,일요일,경상남도 양산시 삼호동,경상사고,0,0,1,0,차대사람 - 길가장자리구역통행중,안전운전불이행,건조,맑음,단일로 - 기타,승용,남,31세,상해없음,보행자,남,42세,경상
2014062200100356,2014년 6월 22일 17시,일요일,경상남도 진주시 동성동,중상사고,0,1,0,0,차대차 - 측면직각충돌,안전운전불이행,건조,맑음,교차로 - 교차로부근,승용,남,50세,상해없음,자전거,남,23세,중상
2014062200100410,2014년 6월 22일 19시,일요일,경상남도 창원시 의창구 명서동,경상사고,0,0,4,0,차대차 - 기타,안전거리미확보,건조,맑음,단일로 - 기타,승용,남,60세,상해없음,승용,남,57세,경상
2014062200100435,2014년 6월 22일 20시,일요일,경상남도 합천군 합천읍,중상사고,0,1,0,0,차대차 - 측면직각충돌,교차로운행방법위반,건조,맑음,교차로 - 교차로안,승용,남,53세,상해없음,이륜,남,46세,중상
2014062200100436,2014년 6월 22일 20시,일요일,경상남도 창녕군 이방면,중상사고,0,1,0,0,차대차 - 추돌 - 진행중,안전운전불이행,건조,맑음,단일로 - 기타,화물,남,47세,상해없음,자전거,여,54세,중상
2014062200100470,2014년 6월 22일 21시,일요일,경상남도 김해시 부원동,중상사고,0,1,1,0,차대차 - 측면직각충돌,안전운전불이행,건조,맑음,교차로 - 교차로부근,승용,여,57세,상해없음,승용,남,35세,중상
2014062200100489,2014년 6월 22일 22시,일요일,경상남도 창원시 의창구 도계동,중상사고,0,4,0,0,차대차 - 측면직각충돌,안전운전불이행,건조,맑음,교차로 - 교차로부근,승용,여,52세,상해없음,승용,남,26세,중상
2014062200100503,2014년 6월 22일 23시,일요일,경상남도 김해시 진영읍,경상사고,0,0,5,0,차대차 - 추돌 - 주정차중,안전운전불이행,건조,맑음,교차로 - 교차로부근,승용,남,51세,상해없음,승용,남,44세,경상
2014062300100011,2014년 6월 23일 00시,월요일,경상남도 진주시 계동,경상사고,0,0,1,0,차대차 - 측면직각충돌,신호위반,건조,맑음,교차로 - 교차로안,이륜,남,18세,경상,승용,남,44세,상해없음
2014062300100012,2014년 6월 23일 00시,월요일,경상남도 진주시 내동면,중상사고,0,1,0,0,차대사람 - 기타,안전운전불이행,습기,비,단일로 - 기타,승용,남,63세,상해없음,보행자,남,71세,중상
2014062300100074,2014년 6월 23일 06시,월요일,경상남도 창원시 의창구 대원동,경상사고,0,0,1,0,차대차 - 기타,신호위반,건조,흐림,교차로 - 교차로안,승용,남,66세,상해없음,승용,남,35세,경상
2014062300100097,2014년 6월 23일 07시,월요일,경상남도 거제시 장평동,중상사고,0,1,0,0,차대차 - 추돌 - 진행중,안전운전불이행,건조,맑음,교차로 - 교차로안,기타불명,기타불명,기타불명,기타불명,이륜,남,24세,중상
2014062300100128,2014년 6월 23일 08시,월요일,경상남도 창원시 진해구 용원동,경상사고,0,0,2,0,차대차 - 추돌 - 주정차중,안전운전불이행,건조,맑음,교차로 - 교차로부근,승용,여,39세,상해없음,승용,여,32세,경상
2014062300100129,2014년 6월 23일 08시,월요일,경상남도 양산시 물금읍,중상사고,0,1,1,0,차대차 - 측면직각충돌,신호위반,건조,흐림,교차로 - 교차로안,승용,여,34세,상해없음,승용,여,56세,중상
2014062300100130,2014년 6월 23일 08시,월요일,경상남도 거제시 아주동,경상사고,0,0,1,0,차대사람 - 기타,안전운전불이행,건조,맑음,단일로 - 기타,승용,여,35세,상해없음,보행자,여,8세,경상
2014062300100131,2014년 6월 23일 08시,월요일,경상남도 김해시 주촌면,경상사고,0,0,1,0,차대사람 - 기타,안전운전불이행,건조,맑음,단일로 - 기타,화물,남,36세,상해없음,보행자,남,54세,경상
2014062300100156,2014년 6월 23일 09시,월요일,경상남도 김해시 상동면,중상사고,0,1,0,0,차대사람 - 기타,안전운전불이행,습기,맑음,기타 - 기타,화물,남,56세,상해없음,보행자,여,71세,중상
2014062300100157,2014년 6월 23일 09시,월요일,경상남도 거제시 거제면,중상사고,0,7,2,0,차대차 - 정면충돌,중앙선침범,건조,맑음,단일로 - 기타,승용,남,28세,상해없음,승용,남,55세,중상