사고번호,사고일시,요일,시군구,사고내용,사망자수,중상자수,경상자수,부상신고자수,사고유형,법규위반,노면상태,기상상태,도로형태,가해운전자 차종,가해운전자 성별,가해운전자 연령,가해운전자 상해정도,피해운전자 차종,피해운전자 성별,피해운전자 연령,피해운전자 상해정도
2014062300100184,2014년 6월 23일 10시,월요일,경상남도 산청군 삼장면,중상사고,0,1,0,0,차대사람 - 기타,기타,건조,맑음,단일로 - 기타,승합,남,54세,상해없음,보행자,여,71세,중상
2014062300100185,2014년 6월 23일 10시,월요일,경상남도 김해시 진영읍,경상사고,0,0,1,0,차대차 - 기타,안전운전불이행,건조,맑음,단일로 - 기타,화물,남,52세,상해없음,원동기,남,74세,경상
2014062300100219,2014년 6월 23일 11시,월요일,경상남도 함안군 가야읍,경상사고,0,0,1,0,차대차 - 측면직각충돌,안전운전불이행,건조,맑음,단일로 - 기타,승용,여,45세,상해없음,이륜,남,81세,경상
2014062300100230,2014년 6월 23일 12시,월요일,경상남도 창원시 마산합포구 진동면,경상사고,0,0,1,0,차량단독 - 전도전복,안전운전불이행,건조,맑음,단일로 - 기타,이륜,남,30세,경상,,,,
2014062300100231,2014년 6월 23일 12시,월요일,경상남도 사천시 사천읍,중상사고,0,1,1,0,차대차 - 정면충돌,교차로운행방법위반,건조,맑음,교차로 - 교차로안,승용,여,51세,경상,승용,남,57세,중상
2014062300100232,2014년 6월 23일 12시,월요일,경상남도 밀양시 삼문동,경상사고,0,0,1,0,차대차 - 정면충돌,중앙선침범,건조,맑음,단일로 - 기타,승합,여,35세,상해없음,화물,남,54세,경상
2014062300100233,2014년 6월 23일 12시,월요일,경상남도 창원시 의창구 소답동,부상신고사고,0,0,0,1,차대차 - 추돌 - 진행중,안전거리미확보,건조,흐림,교차로 - 교차로부근,승용,남,34세,상해없음,승용,남,49세,부상신고
2014062300100260,2014년 6월 23일 13시,월요일,경상남도 사천시 사천읍,중상사고,0,1,0,0,차대사람 - 보도통행중,보행자보호의무위반,건조,맑음,단일로 - 횡단보도상,승용,남,73세,상해없음,보행자,남,8세,중상
2014062300100288,2014년 6월 23일 14시,월요일,경상남도 통영시 광도면,중상사고,0,1,2,0,차대차 - 측면직각충돌,직진우회전진행방해,건조,맑음,교차로 - 교차로안,승용,여,31세,상해없음,승용,여,51세,중상
2014062300100289,2014년 6월 23일 14시,월요일,경상남도 밀양시 내이동,중상사고,0,1,0,0,차대차 - 측면직각충돌,신호위반,건조,맑음,교차로 - 교차로안,화물,남,58세,상해없음,이륜,여,73세,중상
2014062300100326,2014년 6월 23일 15시,월요일,경상남도 창원시 의창구 동읍,중상사고,0,1,0,0,차량단독 - 공작물충돌,안전운전불이행,건조,흐림,교차로 - 교차로부근,이륜,남,16세,중상,,,,
2014062300100360,2014년 6월 23일 16시,월요일,경상남도 거창군 가조면,중상사고,0,1,0,0,차대차 - 정면충돌,중앙선침범,습기,비,단일로 - 기타,승용,남,51세,상해없음,승용,여,55세,중상
2014062300100361,2014년 6월 23일 16시,월요일,경상남도 거제시 아주동,중상사고,0,1,0,0,차대사람 - 기타,교차로운행방법위반,건조,맑음,교차로 - 교차로부근,승용,남,33세,상해없음,보행자,여,78세,중상
2014062300100407,2014년 6월 23일 17시,월요일,경상남도 창원시 진해구 자은동,경상사고,0,0,1,0,차대사람 - 차도통행중,안전운전불이행,건조,맑음,기타 - 기타,승합,남,64세,상해없음,보행자,여,2세,경상
2014062300100408,2014년 6월 23일 17시,월요일,경상남도 김해시 삼계동,중상사고,0,2,4,0,차대차 - 측면직각충돌,중앙선침범,습기,비,단일로 - 기타,화물,남,72세,경상,승합,여,48세,중상
2014062300100409,2014년 6월 23일 17시,월요일,경상남도 거창군 거창읍,중상사고,0,1,1,0,차대차 - 측면직각충돌,교차로운행방법위반,건조,맑음,교차로 - 교차로안,승용,남,60세,경상,승용,남,61세,상해없음
2014062300100410,2014년 6월 23일 17시,월요일,경상남도 창원시 의창구 봉곡동,중상사고,0,1,0,0,차대차 - 측면직각충돌,교차로운행방법위반,건조,흐림,교차로 - 교차로안,승용,여,48세,상해없음,자전거,여,49세,중상
2014062300100411,2014년 6월 23일 17시,월요일,경상남도 김해시 진영읍,중상사고,0,1,0,0,차대차 - 기타,교차로운행방법위반,건조,맑음,교차로 - 교차로안,화물,남,66세,상해없음,자전거,여,60세,중상
2014062300100447,2014년 6월 23일 18시,월요일,경상남도 남해군 미조면,사망사고,1,0,0,0,차량단독 - 전도전복,안전운전불이행,습기,비,단일로 - 기타,이륜,남,65세,사망,,,,
2014062300100448,2014년 6월 23일 18시,월요일,경상남도 창원시 성산구 가음동,경상사고,0,0,1,0,차대차 - 기타,신호위반,습기,흐림,교차로 - 교차로안,화물,남,51세,상해없음,승용,여,42세,경상
2014062300100449,2014년 6월 23일 18시,월요일,경상남도 김해시 전하동,중상사고,0,1,0,0,차대차 - 측면직각충돌,신호위반,건조,맑음,교차로 - 교차로안,승용,남,27세,상해없음,화물,남,42세,중상
2014062300100481,2014년 6월 23일 19시,월요일,경상남도 창원시 마산합포구 서성동,경상사고,0,0,2,0,차대차 - 기타,안전거리미확보,습기,비,교차로 - 교차로안,승용,남,53세,상해없음,승용,남,56세,경상
2014062300100482,2014년 6월 23일 19시,월요일,경상남도 사천시 사천읍,경상사고,0,0,1,0,차대차 - 기타,안전운전불이행,습기,비,단일로 - 기타,승합,남,41세,상해없음,자전거,남,13세,경상
2014062300100483,2014년 6월 23일 19시,월요일,경상남도 함안군 산인면,경상사고,0,0,2,0,차대차 - 측면직각충돌,중앙선침범,습기,비,교차로 - 교차로부근,승용,여,52세,상해없음,승용,남,41세,경상
2014062300100516,2014년 6월 23일 20시,월요일,경상남도 창원시 마산합포구 상남동,중상사고,0,1,1,0,차대차 - 기타,기타,습기,비,단일로 - 기타,승용,남,55세,상해없음,이륜,남,28세,중상
2014062300100517,2014년 6월 23일 20시,월요일,경상남도 사천시 정동면,경상사고,0,0,1,0,차대사람 - 보도통행중,보행자보호의무위반,습기,비,단일로 - 횡단보도상,승용,남,27세,상해없음,보행자,여,25세,경상
2014062300100518,2014년 6월 23일 20시,월요일,경상남도 창원시 마산회원구 회원동,중상사고,0,1,0,0,차대사람 - 횡단중,안전운전불이행,건조,맑음,교차로 - 교차로안,승용,남,66세,상해없음,보행자,남,57세,중상
2014062300100557,2014년 6월 23일 21시,월요일,경상남도 양산시 삼호동,중상사고,0,1,0,0,차대사람 - 기타,안전운전불이행,건조,맑음,단일로 - 기타,승용,남,42세,상해없음,보행자,여,51세,중상
2014062300100581,2014년 6월 23일 22시,월요일,경상남도 함양군 함양읍,경상사고,0,0,2,1,차대차 - 측면직각충돌,신호위반,습기,비,교차로 - 교차로안,승용,남,19세,부상신고,승용,여,36세,상해없음
2014062300100604,2014년 6월 23일 23시,월요일,경상남도 창원시 마산회원구 회성동,경상사고,0,0,3,0,차대차 - 추돌 - 진행중,안전운전불이행,건조,흐림,교차로 - 교차로안,승용,남,40세,상해없음,승용,남,62세,경상
2014062400100021,2014년 6월 24일 00시,화요일,경상남도 김해시 풍유동,중상사고,0,2,0,0,차대차 - 추돌 - 주정차중,안전거리미확보,건조,맑음,단일로 - 기타,승용,여,53세,상해없음,승용,남,46세,중상
2014062400100066,2014년 6월 24일 06시,화요일,경상남도 거제시 장평동,경상사고,0,0,1,0,차대차 - 추돌 - 진행중,안전거리미확보,건조,맑음,교차로 - 교차로부근,승용,남,54세,상해없음,승용,남,27세,경상
2014062400100123,2014년 6월 24일 08시,화요일,경상남도 함양군 함양읍,중상사고,0,1,0,0,차대사람 - 기타,안전운전불이행,건조,맑음,단일로 - 기타,승용,여,49세,상해없음,보행자,여,76세,중상
2014062400100124,2014년 6월 24일 08시,화요일,경상남도 남해군 삼동면,중상사고,0,1,0,0,차량단독 - 공작물충돌,안전운전불이행,건조,맑음,단일로 - 기타,승용,여,51세,상해없음,,,,
2014062400100149,2014년 6월 24일 09시,화요일,경상남도 창원시 진해구 가주동,중상사고,0,1,1,0,차대차 - 추돌 - 진행중,안전거리미확보,건조,맑음,단일로 - 터널,화물,남,36세,상해없음,화물,남,40세,중상
2014062400100150,2014년 6월 24일 09시,화요일,경상남도 창원시 진해구 안골동,중상사고,0,1,0,0,차대차 - 측면직각충돌,안전운전불이행,건조,맑음,단일로 - 기타,특수,남,43세,상해없음,화물,남,43세,중상
2014062400100151,2014년 6월 24일 09시,화요일,경상남도 거창군 가조면,중상사고,0,1,0,0,차대차 - 측면직각충돌,교차로운행방법위반,건조,맑음,교차로 - 교차로안,화물,남,39세,상해없음,원동기,여,70세,중상
2014062400100231,2014년 6월 24일 12시,화요일,경상남도 창원시 마산합포구 창포동1가,중상사고,0,1,0,0,차대사람 - 횡단중,보행자보호의무위반,건조,맑음,교차로 - 교차로부근,승용,여,49세,상해없음,보행자,여,18세,중상
2014062400100232,2014년 6월 24일 12시,화요일,경상남도 진주시 상봉동,중상사고,0,1,0,0,차대사람 - 보도통행중,기타,건조,맑음,단일로 - 기타,화물,남,49세,상해없음,보행자,여,81세,중상
2014062400100233,2014년 6월 24일 12시,화요일,경상남도 사천시 동금동,경상사고,0,0,1,0,차대사람 - 기타,안전운전불이행,건조,맑음,단일로 - 기타,승용,남,63세,기타불명,보행자,여,59세,경상
2014062400100234,2014년 6월 24일 12시,화요일,경상남도 합천군 삼가면,사망사고,1,0,0,0,차대차 - 추돌 - 진행중,안전거리미확보,건조,맑음,단일로 - 기타,원동기,남,60세,사망,화물,남,57세,상해없음
2014062400100235,2014년 6월 24일 12시,화요일,경상남도 산청군 단성면,경상사고,0,0,3,0,차대차 - 측면직각충돌,안전운전불이행,습기,비,단일로 - 기타,승합,남,78세,상해없음,승용,남,27세,경상
2014062400100260,2014년 6월 24일 13시,화요일,경상남도 밀양시 상남면,중상사고,0,2,0,0,차대차 - 추돌 - 진행중,안전운전불이행,건조,맑음,단일로 - 횡단보도부근,승용,남,69세,상해없음,승용,남,36세,중상
2014062400100261,2014년 6월 24일 13시,화요일,경상남도 거창군 거창읍,경상사고,0,0,1,0,차대차 - 측면직각충돌,신호위반,건조,맑음,교차로 - 교차로안,원동기,여,43세,경상,승용,남,77세,상해없음
2014062400100262,2014년 6월 24일 13시,화요일,경상남도 양산시 신기동,사망사고,1,0,0,0,차대차 - 측면직각충돌,신호위반,건조,맑음,교차로 - 교차로안,원동기,남,60세,사망,승용,남,34세,상해없음
2014062400100291,2014년 6월 24일 14시,화요일,경상남도 창원시 진해구 안골동,중상사고,0,2,0,0,차량단독 - 공작물충돌,안전운전불이행,건조,맑음,단일로 - 기타,승용,남,31세,중상,,,,
2014062400100292,2014년 6월 24일 14시,화요일,경상남도 거제시 상동동,부상신고사고,0,0,0,1,차대차 - 측면직각충돌,차로위반,건조,맑음,단일로 - 기타,승용,남,40세,상해없음,승합,남,64세,상해없음
2014062400100331,2014년 6월 24일 15시,화요일,경상남도 창원시 진해구 용원동,경상사고,0,0,1,0,차대차 - 추돌 - 진행중,안전거리미확보,건조,맑음,교차로 - 교차로부근,승용,여,57세,상해없음,승용,여,39세,경상
2014062400100332,2014년 6월 24일 15시,화요일,경상남도 밀양시 상남면,경상사고,0,0,1,0,차대차 - 측면직각충돌,안전운전불이행,건조,맑음,교차로 - 교차로안,기타불명,기타불명,기타불명,기타불명,승합,여,39세,경상
2014062400100333,2014년 6월 24일 15시,화요일,경상남도 밀양시 삼랑진읍,중상사고,0,1,2,0,차대차 - 측면직각충돌,기타,건조,맑음,교차로 - 교차로안,화물,남,52세,상해없음,승용,남,71세,경상
2014062400100366,2014년 6월 24일 16시,화요일,경상남도 김해시 삼방동,중상사고,0,1,0,0,차대사람 - 횡단중,보행자보호의무위반,건조,맑음,단일로 - 횡단보도상,승용,여,45세,상해없음,보행자,남,85세,중상
2014062400100367,2014년 6월 24일 16시,화요일,경상남도 하동군 하동읍,경상사고,0,0,1,0,차대차 - 기타,안전운전불이행,건조,맑음,교차로 - 교차로안,화물,남,27세,상해없음,자전거,여,26세,경상
2014062400100407,2014년 6월 24일 17시,화요일,경상남도 창원시 마산합포구 해운동,경상사고,0,0,1,1,차대차 - 기타,중앙선침범,건조,맑음,단일로 - 기타,승용,남,58세,부상신고,승용,남,59세,경상
2014062400100408,2014년 6월 24일 17시,화요일,경상남도 사천시 사천읍,중상사고,0,1,3,0,차대차 - 측면직각충돌,교차로운행방법위반,습기,비,교차로 - 교차로안,승합,여,53세,상해없음,승용,여,30세,중상
2014062400100409,2014년 6월 24일 17시,화요일,경상남도 사천시 사천읍,경상사고,0,0,2,0,차대차 - 추돌 - 주정차중,안전운전불이행,습기,비,교차로 - 교차로부근,승합,남,56세,상해없음,승용,여,44세,경상
2014062400100410,2014년 6월 24일 17시,화요일,경상남도 합천군 야로면,경상사고,0,0,1,0,차량단독 - 공작물충돌,안전운전불이행,습기,비,교차로 - 교차로부근,승용,여,35세,경상,,,,
2014062400100411,2014년 6월 24일 17시,화요일,경상남도 함안군 함안면,중상사고,0,1,0,0,차대차 - 기타,중앙선침범,건조,맑음,단일로 - 기타,화물,남,27세,중상,화물,남,47세,상해없음
2014062400100465,2014년 6월 24일 19시,화요일,경상남도 함양군 함양읍,경상사고,0,0,1,1,차대차 - 측면직각충돌,교차로운행방법위반,건조,맑음,교차로 - 교차로안,화물,남,57세,부상신고,승용,남,36세,상해없음
2014062400100466,2014년 6월 24일 19시,화요일,경상남도 창원시 마산회원구 구암동,중상사고,0,1,0,0,차대사람 - 기타,안전운전불이행,건조,맑음,단일로 - 기타,승용,여,28세,상해없음,보행자,여,8세,중상
2014062400100499,2014년 6월 24일 20시,화요일,경상남도 창원시 진해구 안골동,중상사고,0,1,0,0,차대사람 - 차도통행중,안전운전불이행,건조,맑음,교차로 - 교차로안,승용,여,53세,상해없음,보행자,남,54세,중상
2014062400100500,2014년 6월 24일 20시,화요일,경상남도 창원시 의창구 북면,경상사고,0,0,2,0,차대차 - 정면충돌,중앙선침범,습기,비,단일로 - 기타,승용,남,33세,상해없음,승용,여,51세,경상
2014062400100532,2014년 6월 24일 21시,화요일,경상남도 김해시 외동,중상사고,0,1,2,0,차대차 - 추돌 - 주정차중,안전운전불이행,건조,맑음,교차로 - 교차로부근,승용,남,59세,상해없음,승용,남,48세,경상
2014062400100564,2014년 6월 24일 22시,화요일,경상남도 창원시 진해구 석동,경상사고,0,0,4,0,차대차 - 추돌 - 진행중,안전거리미확보,건조,맑음,단일로 - 기타,승용,남,31세,경상,승용,남,58세,경상
2014062400100591,2014년 6월 24일 23시,화요일,경상남도 사천시 축동면,중상사고,0,2,0,0,차대차 - 측면직각충돌,신호위반,건조,맑음,교차로 - 교차로안,승용,남,36세,중상,승용,남,30세,중상
2014062500100015,2014년 6월 25일 00시,수요일,경상남도 창원시 성산구 가음정동,경상사고,0,0,1,0,차대차 - 추돌 - 주정차중,안전운전불이행,건조,맑음,단일로 - 기타,승용,남,52세,상해없음,승용,남,56세,경상
2014062500100079,2014년 6월 25일 06시,수요일,경상남도 진주시 신안동,경상사고,0,0,1,0,차대차 - 측면직각충돌,중앙선침범,건조,맑음,단일로 - 기타,승용,남,33세,상해없음,승용,남,57세,경상
2014062500100080,2014년 6월 25일 06시,수요일,경상남도 고성군 마암면,중상사고,0,1,0,0,차량단독 - 공작물충돌,안전운전불이행,건조,맑음,단일로 - 기타,화물,남,59세,상해없음,,,,
2014062500100081,2014년 6월 25일 06시,수요일,경상남도 거제시 고현동,중상사고,0,1,1,0,차대차 - 측면직각충돌,안전운전불이행,건조,맑음,교차로 - 교차로부근,화물,남,48세,상해없음,화물,남,31세,경상
2014062500100082,2014년 6월 25일 06시,수요일,경상남도 거제시 연초면,사망사고,1,0,0,0,차대차 - 측면직각충돌,신호위반,건조,맑음,교차로 - 교차로부근,이륜,남,48세,사망,승용,남,42세,상해없음
2014062500100099,2014년 6월 25일 07시,수요일,경상남도 창원시 마산합포구 완월동,경상사고,0,0,1,0,차대사람 - 횡단중,안전운전불이행,건조,맑음,교차로 - 교차로안,승용,남,55세,상해없음,보행자,여,24세,경상
2014062500100100,2014년 6월 25일 07시,수요일,경상남도 밀양시 내이동,중상사고,0,1,3,0,차대차 - 측면직각충돌,교차로운행방법위반,건조,맑음,교차로 - 교차로안,승용,남,29세,상해없음,승합,남,34세,중상
2014062500100101,2014년 6월 25일 07시,수요일,경상남도 창원시 마산회원구 내서읍,중상사고,0,1,0,1,차대차 - 측면직각충돌,안전운전불이행,기타,안개,교차로 - 교차로부근,원동기,남,41세,부상신고,자전거,남,57세,중상
2014062500100166,2014년 6월 25일 09시,수요일,경상남도 창원시 마산합포구 월포동,중상사고,0,1,1,0,차대차 - 추돌 - 진행중,안전운전불이행,건조,맑음,단일로 - 기타,승용,남,60세,상해없음,이륜,남,76세,중상
2014062500100167,2014년 6월 25일 09시,수요일,경상남도 산청군 산청읍,중상사고,0,1,0,0,차대차 - 정면충돌,중앙선침범,건조,맑음,단일로 - 기타,화물,남,59세,중상,건설기계,남,39세,상해없음
2014062500100196,2014년 6월 25일 10시,수요일,경상남도 창녕군 영산면,중상사고,0,1,0,0,차대차 - 추돌 - 진행중,안전운전불이행,건조,맑음,단일로 - 기타,화물,남,68세,상해없음,원동기,남,75세,중상
2014062500100197,2014년 6월 25일 10시,수요일,경상남도 양산시 북부동,중상사고,0,2,0,0,차대차 - 기타,안전운전불이행,건조,맑음,단일로 - 기타,승용,남,54세,상해없음,승용,여,32세,중상
2014062500100198,2014년 6월 25일 10시,수요일,경상남도 김해시 장유면,중상사고,0,1,2,0,차대차 - 추돌 - 진행중,안전운전불이행,건조,맑음,미분류 - 미분류,화물,남,63세,상해없음,화물,남,27세,경상
2014062500100199,2014년 6월 25일 10시,수요일,경상남도 김해시 장유면,중상사고,0,1,0,0,차대차 - 추돌 - 주정차중,안전운전불이행,건조,맑음,교차로 - 교차로안,승용,남,75세,상해없음,승합,남,37세,중상
2014062500100228,2014년 6월 25일 11시,수요일,경상남도 진주시 상대동,경상사고,0,0,1,0,차대차 - 추돌 - 진행중,안전거리미확보,건조,맑음,단일로 - 기타,승용,남,54세,상해없음,승용,여,25세,경상
2014062500100229,2014년 6월 25일 11시,수요일,경상남도 함양군 휴천면,부상신고사고,0,0,0,1,차대차 - 정면충돌,안전운전불이행,건조,맑음,단일로 - 기타,이륜,남,52세,부상신고,승용,여,51세,상해없음
2014062500100230,2014년 6월 25일 11시,수요일,경상남도 양산시 상북면,경상사고,0,0,2,0,차대차 - 기타,직진우회전진행방해,건조,맑음,교차로 - 교차로안,승용,여,36세,기타불명,승용,남,28세,경상
2014062500100292,2014년 6월 25일 13시,수요일,경상남도 창원시 마산합포구 자산동,중상사고,0,1,0,0,차대차 - 측면직각충돌,신호위반,건조,맑음,교차로 - 교차로안,승용,여,65세,상해없음,이륜,남,75세,중상
2014062500100322,2014년 6월 25일 14시,수요일,경상남도 창원시 진해구 마천동,경상사고,0,0,1,0,차대차 - 기타,안전운전불이행,건조,맑음,교차로 - 교차로안,원동기,남,56세,경상,승용,남,33세,기타불명
2014062500100323,2014년 6월 25일 14시,수요일,경상남도 산청군 신안면,경상사고,0,0,1,0,차대차 - 측면직각충돌,안전운전불이행,건조,맑음,단일로 - 기타,승용,여,50세,상해없음,승합,여,47세,경상
2014062500100350,2014년 6월 25일 15시,수요일,경상남도 사천시 축동면,경상사고,0,0,1,0,차대차 - 기타,안전운전불이행,건조,맑음,교차로 - 교차로안,승용,남,55세,상해없음,승용,여,24세,경상
2014062500100351,2014년 6월 25일 15시,수요일,경상남도 김해시 동상동,경상사고,0,0,1,0,차대사람 - 기타,보행자보호의무위반,건조,맑음,교차로 - 교차로부근,원동기,남,61세,기타불명,보행자,남,6세,경상
2014062500100386,2014년 6월 25일 16시,수요일,경상남도 김해시 대동면,중상사고,0,1,0,0,차대차 - 기타,교차로운행방법위반,건조,맑음,교차로 - 교차로안,승합,여,50세,기타불명,승용,남,72세,중상
2014062500100387,2014년 6월 25일 16시,수요일,경상남도 거제시 옥포동,경상사고,0,0,1,0,차대차 - 측면직각충돌,안전거리미확보,건조,맑음,단일로 - 기타,승용,남,65세,상해없음,이륜,남,36세,경상
2014062500100421,2014년 6월 25일 17시,수요일,경상남도 김해시 불암동,부상신고사고,0,0,0,1,차대차 - 기타,안전운전불이행,건조,맑음,단일로 - 기타,화물,남,49세,상해없음,승용,여,35세,부상신고
2014062500100457,2014년 6월 25일 18시,수요일,경상남도 양산시 남부동,부상신고사고,0,0,0,1,차대차 - 기타,안전거리미확보,건조,맑음,기타 - 기타,승용,남,51세,상해없음,원동기,남,24세,부상신고
2014062500100458,2014년 6월 25일 18시,수요일,경상남도 양산시 남부동,중상사고,0,1,0,0,차대차 - 기타,안전운전불이행,건조,맑음,단일로 - 기타,승용,남,42세,상해없음,자전거,남,17세,중상
2014062500100459,2014년 6월 25일 18시,수요일,경상남도 창원시 성산구 성주동,부상신고사고,0,0,0,1,차대사람 - 보도통행중,안전운전불이행,건조,맑음,기타 - 기타,자전거,기타불명,32세,기타불명,보행자,남,45세,부상신고
2014062500100460,2014년 6월 25일 18시,수요일,경상남도 창원시 마산회원구 양덕동,경상사고,0,0,2,0,차대차 - 측면직각충돌,중앙선침범,건조,맑음,단일로 - 기타,승용,남,53세,상해없음,승용,여,33세,경상
2014062500100496,2014년 6월 25일 19시,수요일,경상남도 진주시 판문동,경상사고,0,0,1,0,차대차 - 추돌 - 진행중,안전운전불이행,건조,맑음,단일로 - 기타,원동기,남,19세,경상,승용,남,53세,상해없음
2014062500100526,2014년 6월 25일 20시,수요일,경상남도 창원시 진해구 덕산동,중상사고,0,1,0,0,차대사람 - 기타,안전운전불이행,건조,맑음,교차로 - 교차로부근,승용,남,38세,상해없음,보행자,남,82세,중상
2014062500100527,2014년 6월 25일 20시,수요일,경상남도 사천시 사남면,경상사고,0,0,1,0,차대사람 - 기타,기타,건조,맑음,단일로 - 기타,승용,남,56세,상해없음,보행자,남,51세,경상
2014062500100528,2014년 6월 25일 20시,수요일,경상남도 창녕군 창녕읍,중상사고,0,1,0,0,차대사람 - 기타,안전운전불이행,건조,맑음,단일로 - 기타,승용,여,34세,상해없음,보행자,여,9세,중상
2014062500100529,2014년 6월 25일 20시,수요일,경상남도 양산시 동면,경상사고,0,0,1,0,차대차 - 측면직각충돌,안전거리미확보,건조,맑음,단일로 - 기타,승용,남,57세,상해없음,승용,여,33세,경상
2014062500100530,2014년 6월 25일 20시,수요일,경상남도 거제시 장평동,경상사고,0,0,1,0,차대차 - 기타,안전운전불이행,건조,맑음,단일로 - 기타,승용,남,41세,상해없음,승용,여,41세,경상
2014062500100531,2014년 6월 25일 20시,수요일,경상남도 창원시 의창구 대산면,사망사고,1,0,0,0,차대차 - 추돌 - 진행중,안전운전불이행,건조,맑음,단일로 - 기타,화물,남,32세,상해없음,자전거,여,81세,사망
2014062500100568,2014년 6월 25일 21시,수요일,경상남도 김해시 지내동,중상사고,0,2,3,0,차대차 - 추돌 - 진행중,안전거리미확보,건조,맑음,단일로 - 기타,승용,남,34세,경상,승용,남,34세,중상
2014062500100598,2014년 6월 25일 22시,수요일,경상남도 김해시 안동,중상사고,0,1,0,0,차대사람 - 기타,기타,건조,맑음,기타 - 기타,승용,여,35세,상해없음,보행자,남,66세,중상
2014062500100599,2014년 6월 25일 22시,수요일,경상남도 고성군 고성읍,경상사고,0,0,2,0,차대차 - 측면직각충돌,신호위반,건조,맑음,교차로 - 교차로안,승용,여,49세,상해없음,승용,남,60세,경상
2014062500100627,2014년 6월 25일 23시,수요일,경상남도 창원시 진해구 용원동,경상사고,0,0,2,0,차대차 - 기타,안전운전불이행,건조,맑음,교차로 - 교차로안,승용,남,45세,상해없음,승용,여,52세,경상
2014062600100017,2014년 6월 26일 00시,목요일,경상남도 김해시 부원동,중상사고,0,1,1,0,차대차 - 추돌 - 진행중,안전거리미확보,건조,맑음,단일로 - 기타,승용,여,47세,상해없음,승용,남,51세,경상
2014062600100039,2014년 6월 26일 02시,목요일,경상남도 통영시 도남동,중상사고,0,1,0,0,차량단독 - 공작물충돌,안전운전불이행,건조,맑음,단일로 - 기타,승용,남,29세,상해없음,,,,
2014062600100048,2014년 6월 26일 03시,목요일,경상남도 통영시 광도면,중상사고,0,1,0,0,차량단독 - 공작물충돌,안전운전불이행,건조,맑음,단일로 - 기타,승용,남,39세,중상,,,,
2014062600100049,2014년 6월 26일 03시,목요일,경상남도 양산시 하북면,경상사고,0,0,1,0,차량단독 - 전도전복,안전운전불이행,건조,맑음,단일로 - 기타,원동기,남,17세,경상,,,,
2014062600100053,2014년 6월 26일 04시,목요일,경상남도 의령군 의령읍,중상사고,0,1,0,0,차량단독 - 공작물충돌,안전운전불이행,습기,맑음,단일로 - 기타,승용,남,27세,중상,,,,
2014062600100060,2014년 6월 26일 05시,목요일,경상남도 김해시 전하동,경상사고,0,0,1,0,차대차 - 측면직각충돌,안전거리미확보,건조,맑음,단일로 - 기타,승용,남,23세,기타불명,화물,남,58세,경상
2014062600100089,2014년 6월 26일 07시,목요일,경상남도 남해군 설천면,중상사고,0,1,1,0,차량단독 - 전도전복,안전운전불이행,건조,맑음,기타 - 기타,승용,남,46세,상해없음,,,,
2014062600100090,2014년 6월 26일 07시,목요일,경상남도 김해시 진영읍,경상사고,0,0,1,0,차대차 - 측면직각충돌,중앙선침범,건조,맑음,단일로 - 기타,승용,남,45세,상해없음,승합,남,55세,상해없음
2014062600100126,2014년 6월 26일 08시,목요일,경상남도 창원시 진해구 경화동,중상사고,0,1,0,0,차대차 - 측면직각충돌,중앙선침범,건조,맑음,단일로 - 기타,이륜,남,28세,중상,승용,남,40세,상해없음
2014062600100127,2014년 6월 26일 08시,목요일,경상남도 창원시 마산회원구 양덕동,경상사고,0,0,2,0,차대차 - 기타,안전운전불이행,건조,맑음,교차로 - 교차로부근,승용,남,37세,상해없음,승용,남,26세,경상
2014062600100156,2014년 6월 26일 09시,목요일,경상남도 진주시 칠암동,경상사고,0,0,1,0,차대차 - 기타,기타,건조,맑음,단일로 - 기타,화물,남,45세,상해없음,자전거,남,63세,경상
2014062600100157,2014년 6월 26일 09시,목요일,경상남도 사천시 서포면,경상사고,0,0,2,0,차대차 - 추돌 - 주정차중,안전운전불이행,건조,맑음,단일로 - 기타,건설기계,남,39세,상해없음,승합,남,58세,상해없음
2014062600100158,2014년 6월 26일 09시,목요일,경상남도 양산시 삼호동,중상사고,0,1,0,2,차대차 - 측면직각충돌,직진우회전진행방해,건조,맑음,교차로 - 교차로안,승용,여,44세,부상신고,승용,남,55세,중상
2014062600100159,2014년 6월 26일 09시,목요일,경상남도 남해군 창선면,경상사고,0,0,2,0,차대차 - 기타,중앙선침범,건조,맑음,기타 - 기타,승용,남,40세,상해없음,승용,남,76세,경상
2014062600100189,2014년 6월 26일 10시,목요일,경상남도 진주시 중안동,부상신고사고,0,0,0,1,차대사람 - 길가장자리구역통행중,안전운전불이행,건조,맑음,교차로 - 교차로부근,승용,남,34세,상해없음,보행자,남,46세,부상신고
2014062600100190,2014년 6월 26일 10시,목요일,경상남도 통영시 광도면,경상사고,0,0,1,0,차대차 - 정면충돌,안전운전불이행,건조,맑음,교차로 - 교차로안,승용,남,31세,상해없음,승용,여,34세,경상
2014062600100191,2014년 6월 26일 10시,목요일,경상남도 김해시 구산동,부상신고사고,0,0,0,1,차대차 - 측면직각충돌,신호위반,건조,맑음,교차로 - 교차로안,이륜,여,65세,부상신고,승용,여,57세,상해없음
2014062600100192,2014년 6월 26일 10시,목요일,경상남도 합천군 합천읍,경상사고,0,0,1,0,차대차 - 추돌 - 진행중,안전운전불이행,건조,맑음,단일로 - 기타,승용,여,66세,상해없음,이륜,남,72세,경상