사고번호,사고일시,요일,시군구,사고내용,사망자수,중상자수,경상자수,부상신고자수,사고유형,법규위반,노면상태,기상상태,도로형태,가해운전자 차종,가해운전자 성별,가해운전자 연령,가해운전자 상해정도,피해운전자 차종,피해운전자 성별,피해운전자 연령,피해운전자 상해정도
2014062600100193,2014년 6월 26일 10시,목요일,경상남도 함안군 대산면,중상사고,0,1,0,0,차대사람 - 기타,안전운전불이행,건조,맑음,단일로 - 기타,승용,여,64세,상해없음,보행자,남,58세,중상
2014062600100194,2014년 6월 26일 10시,목요일,경상남도 창원시 성산구 가음정동,경상사고,0,0,1,0,차대차 - 기타,안전거리미확보,건조,맑음,단일로 - 기타,승용,여,36세,상해없음,승용,남,42세,경상
2014062600100223,2014년 6월 26일 11시,목요일,경상남도 진주시 문산읍,중상사고,0,1,0,0,차대차 - 측면직각충돌,안전운전불이행,건조,맑음,교차로 - 교차로안,화물,여,60세,상해없음,이륜,남,20세,중상
2014062600100224,2014년 6월 26일 11시,목요일,경상남도 진주시 대평면,경상사고,0,0,2,0,차대차 - 측면직각충돌,안전운전불이행,건조,맑음,교차로 - 교차로안,화물,남,59세,상해없음,화물,남,71세,상해없음
2014062600100225,2014년 6월 26일 11시,목요일,경상남도 진주시 상대동,중상사고,0,1,0,0,차대사람 - 기타,안전운전불이행,건조,맑음,교차로 - 교차로안,화물,남,58세,상해없음,보행자,남,72세,중상
2014062600100226,2014년 6월 26일 11시,목요일,경상남도 김해시 진영읍,경상사고,0,0,3,0,차대차 - 측면직각충돌,안전거리미확보,건조,맑음,교차로 - 교차로부근,승용,여,52세,상해없음,승용,남,53세,경상
2014062600100267,2014년 6월 26일 13시,목요일,경상남도 창녕군 부곡면,중상사고,0,1,0,1,차대차 - 정면충돌,중앙선침범,건조,맑음,교차로 - 교차로부근,승용,남,52세,부상신고,승용,여,48세,중상
2014062600100268,2014년 6월 26일 13시,목요일,경상남도 고성군 회화면,중상사고,0,1,0,0,차대사람 - 차도통행중,안전운전불이행,건조,맑음,단일로 - 기타,승용,남,38세,상해없음,보행자,여,33세,중상
2014062600100269,2014년 6월 26일 13시,목요일,경상남도 거제시 장목면,중상사고,0,2,1,0,차대차 - 기타,안전운전불이행,건조,맑음,단일로 - 기타,승용,남,23세,상해없음,승용,여,34세,중상
2014062600100270,2014년 6월 26일 13시,목요일,경상남도 거제시 능포동,경상사고,0,0,1,0,차대사람 - 기타,안전운전불이행,건조,맑음,단일로 - 기타,승용,남,30세,상해없음,보행자,남,73세,경상
2014062600100302,2014년 6월 26일 14시,목요일,경상남도 산청군 산청읍,경상사고,0,0,1,0,차대사람 - 길가장자리구역통행중,신호위반,건조,맑음,단일로 - 기타,승용,남,50세,상해없음,보행자,여,47세,경상
2014062600100322,2014년 6월 26일 15시,목요일,경상남도 거창군 위천면,중상사고,0,1,0,0,차대차 - 기타,안전운전불이행,건조,맑음,단일로 - 기타,화물,남,62세,상해없음,이륜,남,44세,중상
2014062600100323,2014년 6월 26일 15시,목요일,경상남도 산청군 신등면,중상사고,0,1,0,0,차량단독 - 도로외이탈 - 기타,안전운전불이행,건조,맑음,단일로 - 기타,화물,남,70세,상해없음,,,,
2014062600100363,2014년 6월 26일 16시,목요일,경상남도 밀양시 삼랑진읍,중상사고,0,1,0,0,차대차 - 정면충돌,중앙선침범,건조,맑음,단일로 - 기타,화물,남,26세,상해없음,승용,남,32세,중상
2014062600100364,2014년 6월 26일 16시,목요일,경상남도 김해시 외동,사망사고,1,0,0,0,차대사람 - 기타,안전운전불이행,건조,맑음,교차로 - 교차로안,승합,여,49세,상해없음,보행자,남,3세,사망
2014062600100365,2014년 6월 26일 16시,목요일,경상남도 김해시 한림면,경상사고,0,0,1,0,차대차 - 측면직각충돌,신호위반,건조,맑음,교차로 - 교차로안,승용,남,27세,상해없음,승용,여,38세,경상
2014062600100410,2014년 6월 26일 17시,목요일,경상남도 창원시 진해구 용원동,중상사고,0,1,0,0,차대차 - 측면직각충돌,안전운전불이행,건조,맑음,교차로 - 교차로안,승용,남,30세,상해없음,자전거,남,62세,중상
2014062600100411,2014년 6월 26일 17시,목요일,경상남도 창원시 의창구 북면,중상사고,0,1,0,0,차대사람 - 기타,안전운전불이행,건조,맑음,단일로 - 기타,승용,남,70세,기타불명,보행자,여,84세,중상
2014062600100453,2014년 6월 26일 18시,목요일,경상남도 거창군 거창읍,부상신고사고,0,0,0,1,차대차 - 기타,중앙선침범,건조,맑음,단일로 - 기타,자전거,남,10세,부상신고,승용,남,45세,상해없음
2014062600100454,2014년 6월 26일 18시,목요일,경상남도 함양군 병곡면,부상신고사고,0,0,0,1,차대차 - 기타,안전운전불이행,건조,맑음,단일로 - 기타,자전거,여,60세,부상신고,화물,남,49세,상해없음
2014062600100486,2014년 6월 26일 19시,목요일,경상남도 창녕군 창녕읍,경상사고,0,0,2,0,차대차 - 정면충돌,중앙선침범,건조,맑음,교차로 - 교차로안,승용,남,46세,상해없음,승용,여,29세,경상
2014062600100517,2014년 6월 26일 20시,목요일,경상남도 거제시 장평동,중상사고,0,1,0,0,차대차 - 기타,안전운전불이행,건조,맑음,교차로 - 교차로안,승용,남,20세,상해없음,자전거,남,37세,중상
2014062600100580,2014년 6월 26일 22시,목요일,경상남도 거제시 능포동,경상사고,0,0,1,0,차대차 - 기타,중앙선침범,건조,맑음,단일로 - 기타,승용,남,28세,상해없음,자전거,남,25세,경상
2014062600100605,2014년 6월 26일 23시,목요일,경상남도 거창군 거창읍,경상사고,0,0,1,0,차대차 - 기타,교차로운행방법위반,건조,맑음,교차로 - 교차로안,이륜,남,20세,경상,승용,남,47세,상해없음
2014062700100013,2014년 6월 27일 00시,금요일,경상남도 김해시 외동,사망사고,1,0,0,0,차대사람 - 횡단중,안전운전불이행,건조,맑음,교차로 - 교차로안,승용,여,62세,상해없음,보행자,남,37세,사망
2014062700100060,2014년 6월 27일 05시,금요일,경상남도 창녕군 남지읍,중상사고,0,2,0,0,차대차 - 측면직각충돌,직진우회전진행방해,건조,맑음,교차로 - 교차로안,화물,남,71세,상해없음,화물,남,50세,중상
2014062700100061,2014년 6월 27일 05시,금요일,경상남도 창원시 성산구 상남동,경상사고,0,0,2,0,차대차 - 기타,신호위반,건조,맑음,교차로 - 교차로안,승용,여,51세,상해없음,승용,남,59세,경상
2014062700100077,2014년 6월 27일 06시,금요일,경상남도 거제시 일운면,중상사고,0,1,0,0,차대차 - 기타,중앙선침범,건조,맑음,단일로 - 기타,승합,남,45세,상해없음,이륜,남,45세,중상
2014062700100101,2014년 6월 27일 07시,금요일,경상남도 통영시 광도면,경상사고,0,0,1,0,차대차 - 측면직각충돌,신호위반,건조,맑음,교차로 - 교차로안,승용,여,42세,상해없음,승용,여,27세,경상
2014062700100102,2014년 6월 27일 07시,금요일,경상남도 창원시 마산회원구 양덕동,경상사고,0,0,2,0,차대차 - 기타,안전운전불이행,건조,맑음,단일로 - 기타,승용,남,39세,상해없음,승용,남,33세,경상
2014062700100153,2014년 6월 27일 08시,금요일,경상남도 김해시 삼정동,중상사고,0,1,0,0,차대차 - 측면직각충돌,직진우회전진행방해,건조,맑음,교차로 - 교차로안,원동기,남,31세,중상,승용,남,44세,상해없음
2014062700100179,2014년 6월 27일 09시,금요일,경상남도 밀양시 상남면,중상사고,0,1,0,0,차량단독 - 기타,기타,건조,맑음,교차로 - 교차로부근,승합,남,43세,상해없음,,,,
2014062700100180,2014년 6월 27일 09시,금요일,경상남도 양산시 북부동,경상사고,0,0,1,0,차대차 - 추돌 - 주정차중,안전운전불이행,건조,맑음,교차로 - 교차로부근,승용,여,43세,상해없음,승용,여,56세,경상
2014062700100208,2014년 6월 27일 10시,금요일,경상남도 진주시 호탄동,부상신고사고,0,0,0,3,차대차 - 추돌 - 주정차중,안전운전불이행,건조,맑음,단일로 - 기타,승용,남,25세,상해없음,승용,남,38세,부상신고
2014062700100209,2014년 6월 27일 10시,금요일,경상남도 창원시 성산구 가음동,중상사고,0,1,0,0,차대차 - 기타,교차로운행방법위반,건조,맑음,교차로 - 교차로안,화물,남,41세,상해없음,자전거,여,61세,중상
2014062700100220,2014년 6월 27일 11시,금요일,경상남도 양산시 물금읍,중상사고,0,1,1,0,차대차 - 추돌 - 진행중,안전운전불이행,건조,맑음,교차로 - 교차로부근,승용,남,41세,상해없음,승용,남,26세,경상
2014062700100233,2014년 6월 27일 11시,금요일,경상남도 창녕군 남지읍,중상사고,0,1,0,0,차대차 - 측면직각충돌,신호위반,건조,맑음,교차로 - 교차로안,화물,남,58세,상해없음,원동기,남,82세,중상
2014062700100235,2014년 6월 27일 11시,금요일,경상남도 하동군 하동읍,중상사고,0,1,0,0,차대차 - 측면직각충돌,교차로운행방법위반,건조,맑음,교차로 - 교차로안,승용,남,57세,상해없음,이륜,남,72세,중상
2014062700100273,2014년 6월 27일 13시,금요일,경상남도 함양군 함양읍,경상사고,0,0,1,0,차대사람 - 횡단중,안전운전불이행,건조,맑음,단일로 - 기타,화물,남,38세,상해없음,보행자,여,73세,경상
2014062700100274,2014년 6월 27일 13시,금요일,경상남도 의령군 의령읍,경상사고,0,0,1,0,차대차 - 기타,교차로운행방법위반,건조,맑음,교차로 - 교차로안,승용,남,39세,상해없음,승용,여,25세,상해없음
2014062700100275,2014년 6월 27일 13시,금요일,경상남도 창원시 마산회원구 봉암동,경상사고,0,0,3,0,차대차 - 추돌 - 진행중,안전운전불이행,건조,맑음,단일로 - 기타,건설기계,남,48세,상해없음,승용,여,24세,경상
2014062700100304,2014년 6월 27일 14시,금요일,경상남도 창원시 마산합포구 월남동1가,경상사고,0,0,1,0,차대사람 - 횡단중,보행자보호의무위반,건조,맑음,교차로 - 교차로안,승용,남,54세,상해없음,보행자,남,46세,경상
2014062700100305,2014년 6월 27일 14시,금요일,경상남도 함안군 칠원면,경상사고,0,0,1,0,차대사람 - 횡단중,보행자보호의무위반,건조,맑음,교차로 - 교차로부근,화물,남,32세,상해없음,보행자,남,72세,경상
2014062700100340,2014년 6월 27일 15시,금요일,경상남도 남해군 창선면,경상사고,0,0,1,0,차대차 - 기타,중앙선침범,건조,맑음,기타 - 기타,승용,여,52세,상해없음,승용,남,27세,경상
2014062700100374,2014년 6월 27일 16시,금요일,경상남도 김해시 상동면,경상사고,0,0,1,0,차대차 - 추돌 - 주정차중,안전운전불이행,건조,맑음,단일로 - 기타,화물,남,55세,상해없음,승용,남,48세,경상
2014062700100375,2014년 6월 27일 16시,금요일,경상남도 창원시 성산구 웅남동,사망사고,1,0,0,0,차대차 - 추돌 - 진행중,안전운전불이행,건조,맑음,교차로 - 교차로부근,원동기,남,30세,사망,화물,남,44세,상해없음
2014062700100376,2014년 6월 27일 16시,금요일,경상남도 창원시 성산구 가음동,중상사고,0,1,0,0,차대차 - 기타,안전운전불이행,건조,흐림,교차로 - 교차로안,승용,남,29세,상해없음,자전거,여,64세,중상
2014062700100414,2014년 6월 27일 17시,금요일,경상남도 창원시 마산합포구 신포동1가,경상사고,0,0,1,0,차대차 - 측면직각충돌,안전거리미확보,건조,맑음,단일로 - 기타,승용,여,40세,상해없음,승용,남,55세,경상
2014062700100415,2014년 6월 27일 17시,금요일,경상남도 통영시 미수동,중상사고,0,1,0,0,차대사람 - 횡단중,안전운전불이행,건조,맑음,단일로 - 기타,승용,남,71세,상해없음,보행자,남,55세,중상
2014062700100416,2014년 6월 27일 17시,금요일,경상남도 사천시 벌리동,경상사고,0,0,1,0,차대차 - 기타,안전운전불이행,건조,맑음,단일로 - 기타,원동기,여,10세,경상,승용,남,67세,상해없음
2014062700100417,2014년 6월 27일 17시,금요일,경상남도 거제시 거제면,경상사고,0,0,1,0,차대사람 - 기타,기타,건조,맑음,단일로 - 기타,승합,남,48세,상해없음,보행자,남,17세,경상
2014062700100418,2014년 6월 27일 17시,금요일,경상남도 창원시 의창구 봉곡동,경상사고,0,0,1,0,차대차 - 추돌 - 진행중,안전운전불이행,건조,맑음,단일로 - 기타,화물,남,47세,상해없음,화물,남,30세,경상
2014062700100461,2014년 6월 27일 18시,금요일,경상남도 진주시 상대동,중상사고,0,1,0,0,차대사람 - 차도통행중,안전운전불이행,건조,맑음,단일로 - 기타,승용,남,37세,상해없음,보행자,여,12세,중상
2014062700100493,2014년 6월 27일 19시,금요일,경상남도 양산시 삼호동,중상사고,0,1,0,0,차대차 - 측면직각충돌,안전운전불이행,건조,맑음,교차로 - 교차로부근,승용,여,54세,상해없음,자전거,남,16세,중상
2014062700100494,2014년 6월 27일 19시,금요일,경상남도 창원시 의창구 봉곡동,중상사고,0,1,0,0,차대차 - 추돌 - 진행중,안전거리미확보,건조,맑음,교차로 - 교차로부근,승용,남,44세,상해없음,승용,여,49세,중상
2014062700100531,2014년 6월 27일 20시,금요일,경상남도 김해시 봉황동,중상사고,0,4,2,0,차대차 - 추돌 - 주정차중,안전운전불이행,건조,맑음,단일로 - 기타,승용,남,58세,상해없음,승용,남,45세,중상
2014062700100532,2014년 6월 27일 20시,금요일,경상남도 거창군 가북면,경상사고,0,0,1,0,차대차 - 측면직각충돌,중앙선침범,건조,맑음,단일로 - 기타,승용,남,48세,상해없음,화물,남,62세,경상
2014062700100533,2014년 6월 27일 20시,금요일,경상남도 양산시 동면,경상사고,0,0,1,0,차대차 - 기타,안전운전불이행,건조,맑음,교차로 - 교차로부근,승용,남,68세,상해없음,승용,남,35세,경상
2014062700100568,2014년 6월 27일 21시,금요일,경상남도 사천시 향촌동,부상신고사고,0,0,0,1,차대차 - 측면직각충돌,안전운전불이행,건조,맑음,교차로 - 교차로부근,승용,남,47세,상해없음,자전거,남,41세,부상신고
2014062700100569,2014년 6월 27일 21시,금요일,경상남도 김해시 동상동,경상사고,0,0,4,0,차대차 - 측면직각충돌,안전거리미확보,건조,맑음,교차로 - 교차로안,승용,남,29세,상해없음,승용,남,57세,경상
2014062700100570,2014년 6월 27일 21시,금요일,경상남도 창녕군 남지읍,경상사고,0,0,1,0,차대차 - 추돌 - 진행중,안전운전불이행,건조,맑음,교차로 - 교차로부근,승용,남,69세,상해없음,승용,남,37세,경상
2014062700100571,2014년 6월 27일 21시,금요일,경상남도 양산시 동면,경상사고,0,0,1,0,차대차 - 측면직각충돌,안전운전불이행,건조,맑음,교차로 - 교차로부근,승용,남,54세,상해없음,승용,남,28세,경상
2014062700100572,2014년 6월 27일 21시,금요일,경상남도 거제시 연초면,사망사고,1,0,0,0,차대차 - 기타,안전운전불이행,건조,맑음,기타 - 기타,승용,남,41세,상해없음,승합,남,44세,상해없음
2014062700100573,2014년 6월 27일 21시,금요일,경상남도 창원시 마산회원구 구암동,경상사고,0,0,6,0,차대차 - 측면직각충돌,안전운전불이행,건조,맑음,단일로 - 기타,승용,남,66세,상해없음,승용,남,52세,경상
2014062700100612,2014년 6월 27일 22시,금요일,경상남도 창원시 성산구 성산동,중상사고,0,2,0,0,차대차 - 기타,신호위반,건조,맑음,교차로 - 교차로안,승용,남,26세,상해없음,승용,남,66세,중상
2014062700100639,2014년 6월 27일 23시,금요일,경상남도 김해시 장유면,경상사고,0,0,2,0,차대차 - 측면직각충돌,신호위반,건조,맑음,교차로 - 교차로안,승합,남,30세,상해없음,승용,남,40세,경상
2014062800100020,2014년 6월 28일 00시,토요일,경상남도 창원시 성산구 가음동,중상사고,0,1,0,0,차대사람 - 기타,안전운전불이행,건조,맑음,교차로 - 교차로안,승용,남,40세,상해없음,보행자,남,25세,중상
2014062800100044,2014년 6월 28일 01시,토요일,경상남도 창원시 마산합포구 산호동,중상사고,0,1,0,0,차대사람 - 횡단중,안전운전불이행,건조,맑음,단일로 - 기타,승용,남,56세,상해없음,보행자,남,59세,중상
2014062800100090,2014년 6월 28일 04시,토요일,경상남도 통영시 북신동,사망사고,1,1,0,0,차대차 - 측면직각충돌,안전운전불이행,건조,맑음,교차로 - 교차로안,승용,남,22세,상해없음,이륜,남,17세,중상
2014062800100091,2014년 6월 28일 04시,토요일,경상남도 양산시 중부동,경상사고,0,0,1,0,차대차 - 기타,안전운전불이행,건조,맑음,단일로 - 기타,승용,남,27세,기타불명,화물,남,49세,상해없음
2014062800100154,2014년 6월 28일 08시,토요일,경상남도 사천시 사남면,경상사고,0,0,2,0,차대차 - 기타,과속,건조,맑음,교차로 - 교차로안,승합,남,21세,경상,승합,남,56세,상해없음
2014062800100155,2014년 6월 28일 08시,토요일,경상남도 거제시 연초면,중상사고,0,3,2,0,차대차 - 추돌 - 주정차중,안전거리미확보,건조,맑음,교차로 - 교차로부근,화물,남,46세,기타불명,승용,남,40세,중상
2014062800100156,2014년 6월 28일 08시,토요일,경상남도 의령군 정곡면,경상사고,0,0,1,0,차대차 - 기타,안전운전불이행,건조,맑음,단일로 - 기타,자전거,여,75세,경상,승용,남,51세,상해없음
2014062800100186,2014년 6월 28일 09시,토요일,경상남도 양산시 물금읍,중상사고,0,1,0,0,차대차 - 기타,교차로운행방법위반,건조,맑음,교차로 - 교차로부근,건설기계,남,59세,상해없음,승용,여,42세,중상
2014062800100187,2014년 6월 28일 09시,토요일,경상남도 창원시 성산구 상남동,중상사고,0,1,2,0,차대차 - 기타,신호위반,기타,맑음,교차로 - 교차로안,승용,남,61세,상해없음,승용,남,66세,경상
2014062800100246,2014년 6월 28일 11시,토요일,경상남도 김해시 동상동,중상사고,0,1,0,0,차대차 - 측면직각충돌,안전운전불이행,건조,맑음,단일로 - 기타,자전거,여,69세,중상,승용,남,39세,상해없음
2014062800100247,2014년 6월 28일 11시,토요일,경상남도 거창군 가조면,사망사고,1,0,0,0,차대사람 - 차도통행중,안전운전불이행,건조,맑음,교차로 - 교차로안,승용,여,53세,상해없음,보행자,여,61세,사망
2014062800100248,2014년 6월 28일 11시,토요일,경상남도 양산시 물금읍,중상사고,0,1,1,0,차대차 - 기타,신호위반,건조,맑음,교차로 - 교차로안,화물,남,26세,상해없음,승용,남,66세,상해없음
2014062800100249,2014년 6월 28일 11시,토요일,경상남도 함안군 칠서면,중상사고,0,1,0,0,차대차 - 측면직각충돌,안전거리미확보,건조,맑음,단일로 - 기타,승용,남,51세,상해없음,화물,남,36세,중상
2014062800100277,2014년 6월 28일 12시,토요일,경상남도 창원시 진해구 자은동,중상사고,0,1,0,0,차대차 - 측면직각충돌,교차로운행방법위반,건조,맑음,교차로 - 교차로안,승용,남,27세,중상,승용,남,40세,상해없음
2014062800100278,2014년 6월 28일 12시,토요일,경상남도 김해시 주촌면,중상사고,0,1,0,0,차대차 - 기타,신호위반,건조,맑음,교차로 - 교차로안,승용,남,55세,상해없음,승용,남,27세,중상
2014062800100289,2014년 6월 28일 13시,토요일,경상남도 김해시 대동면,경상사고,0,0,1,1,차대차 - 기타,안전운전불이행,건조,맑음,단일로 - 기타,승용,남,42세,상해없음,승용,남,43세,부상신고
2014062800100313,2014년 6월 28일 13시,토요일,경상남도 진주시 상대동,중상사고,0,1,1,0,차대차 - 측면직각충돌,중앙선침범,건조,맑음,단일로 - 기타,승용,남,22세,상해없음,승용,남,36세,중상
2014062800100314,2014년 6월 28일 13시,토요일,경상남도 통영시 북신동,경상사고,0,0,2,0,차대차 - 측면직각충돌,신호위반,건조,맑음,교차로 - 교차로안,승용,남,25세,상해없음,화물,남,29세,경상
2014062800100315,2014년 6월 28일 13시,토요일,경상남도 함양군 함양읍,경상사고,0,0,1,0,차대사람 - 횡단중,보행자보호의무위반,건조,맑음,교차로 - 교차로부근,승용,남,36세,상해없음,보행자,여,11세,경상
2014062800100377,2014년 6월 28일 15시,토요일,경상남도 밀양시 하남읍,부상신고사고,0,0,0,1,차대차 - 측면직각충돌,교차로운행방법위반,건조,맑음,교차로 - 교차로안,화물,남,68세,상해없음,화물,여,45세,상해없음
2014062800100378,2014년 6월 28일 15시,토요일,경상남도 함안군 군북면,사망사고,1,0,0,0,차대차 - 측면직각충돌,안전운전불이행,건조,맑음,교차로 - 교차로안,이륜,남,83세,사망,화물,남,31세,상해없음
2014062800100416,2014년 6월 28일 16시,토요일,경상남도 밀양시 상동면,경상사고,0,0,1,0,차대차 - 측면직각충돌,안전운전불이행,건조,맑음,교차로 - 교차로부근,승용,남,47세,상해없음,이륜,남,82세,경상
2014062800100454,2014년 6월 28일 17시,토요일,경상남도 창원시 마산합포구 남성동,경상사고,0,0,4,0,차대차 - 추돌 - 진행중,안전운전불이행,건조,맑음,단일로 - 기타,승용,여,37세,상해없음,승용,여,32세,경상
2014062800100455,2014년 6월 28일 17시,토요일,경상남도 진주시 상대동,경상사고,0,0,1,0,차대사람 - 횡단중,안전운전불이행,건조,맑음,단일로 - 기타,승용,남,60세,상해없음,보행자,여,10세,경상
2014062800100456,2014년 6월 28일 17시,토요일,경상남도 양산시 물금읍,중상사고,0,1,0,0,차대차 - 기타,기타,건조,맑음,단일로 - 기타,승용,남,73세,상해없음,자전거,남,15세,중상
2014062800100457,2014년 6월 28일 17시,토요일,경상남도 거제시 고현동,중상사고,0,1,2,0,차대차 - 기타,안전운전불이행,건조,맑음,미분류 - 미분류,승용,남,53세,상해없음,승용,여,28세,중상
2014062800100458,2014년 6월 28일 17시,토요일,경상남도 창원시 마산회원구 회성동,경상사고,0,0,1,0,차대사람 - 횡단중,보행자보호의무위반,건조,맑음,교차로 - 교차로부근,화물,남,46세,상해없음,보행자,여,53세,경상
2014062800100459,2014년 6월 28일 17시,토요일,경상남도 창원시 의창구 동정동,중상사고,0,1,0,0,차량단독 - 기타,안전운전불이행,건조,맑음,단일로 - 기타,승합,남,40세,상해없음,,,,
2014062800100485,2014년 6월 28일 18시,토요일,경상남도 양산시 덕계동,부상신고사고,0,0,0,1,차대차 - 기타,신호위반,건조,맑음,교차로 - 교차로안,승용,여,48세,상해없음,승용,남,63세,상해없음
2014062800100540,2014년 6월 28일 20시,토요일,경상남도 남해군 창선면,중상사고,0,2,1,0,차대차 - 정면충돌,중앙선침범,건조,맑음,단일로 - 교량,승용,남,50세,상해없음,화물,남,51세,중상
2014062800100637,2014년 6월 28일 23시,토요일,경상남도 사천시 사천읍,중상사고,0,1,0,0,차대사람 - 기타,안전운전불이행,건조,맑음,단일로 - 기타,원동기,남,19세,상해없음,보행자,남,38세,중상
2014062800100638,2014년 6월 28일 23시,토요일,경상남도 양산시 중부동,경상사고,0,0,3,0,차대차 - 추돌 - 주정차중,안전운전불이행,건조,맑음,교차로 - 교차로부근,승용,남,51세,상해없음,승용,남,46세,경상
2014062800100639,2014년 6월 28일 23시,토요일,경상남도 창원시 성산구 중앙동,중상사고,0,1,0,0,차대사람 - 횡단중,안전운전불이행,기타,맑음,단일로 - 기타,이륜,남,34세,상해없음,보행자,여,47세,중상
2014062800100640,2014년 6월 28일 23시,토요일,경상남도 진주시 금곡면,중상사고,0,1,1,0,차대차 - 추돌 - 진행중,안전운전불이행,건조,맑음,단일로 - 기타,화물,남,57세,상해없음,화물,남,32세,중상
2014062900100090,2014년 6월 29일 04시,일요일,경상남도 밀양시 초동면,중상사고,0,1,0,0,차량단독 - 공작물충돌,안전운전불이행,건조,맑음,단일로 - 기타,승용,남,26세,중상,,,,
2014062900100091,2014년 6월 29일 04시,일요일,경상남도 창원시 의창구 봉곡동,중상사고,0,1,0,0,차대사람 - 길가장자리구역통행중,안전운전불이행,건조,맑음,교차로 - 교차로안,승용,남,57세,상해없음,보행자,여,52세,중상
2014062900100106,2014년 6월 29일 05시,일요일,경상남도 창원시 마산회원구 석전동,중상사고,0,1,1,0,차대차 - 기타,신호위반,건조,맑음,교차로 - 교차로안,승용,남,30세,상해없음,승용,남,23세,경상
2014062900100111,2014년 6월 29일 06시,일요일,경상남도 창원시 마산회원구 양덕동,중상사고,0,1,0,0,차량단독 - 기타,안전운전불이행,건조,맑음,단일로 - 기타,승합,남,48세,상해없음,,,,
2014062900100112,2014년 6월 29일 06시,일요일,경상남도 김해시 풍유동,중상사고,0,1,0,0,차대차 - 정면충돌,중앙선침범,건조,맑음,단일로 - 기타,승용,남,35세,상해없음,화물,남,45세,중상
2014062900100189,2014년 6월 29일 10시,일요일,경상남도 창원시 마산합포구 구산면,중상사고,0,1,0,0,차대사람 - 기타,안전운전불이행,건조,맑음,단일로 - 기타,농기계,남,60세,상해없음,보행자,남,44세,중상
2014062900100190,2014년 6월 29일 10시,일요일,경상남도 거제시 사등면,중상사고,0,2,0,1,차대차 - 추돌 - 진행중,안전거리미확보,건조,맑음,단일로 - 기타,승용,남,49세,상해없음,승용,남,34세,상해없음
2014062900100191,2014년 6월 29일 10시,일요일,경상남도 거제시 연초면,중상사고,0,1,0,0,차대차 - 측면직각충돌,안전운전불이행,건조,맑음,단일로 - 터널,승용,남,33세,상해없음,화물,남,31세,중상
2014062900100255,2014년 6월 29일 13시,일요일,경상남도 양산시 물금읍,부상신고사고,0,0,0,1,차대차 - 측면직각충돌,신호위반,건조,맑음,교차로 - 교차로안,승용,남,45세,상해없음,승용,여,46세,부상신고
2014062900100320,2014년 6월 29일 15시,일요일,경상남도 진주시 수정동,부상신고사고,0,0,0,1,차대차 - 기타,신호위반,건조,맑음,교차로 - 교차로안,이륜,남,32세,부상신고,승용,남,57세,상해없음
2014062900100321,2014년 6월 29일 15시,일요일,경상남도 김해시 서상동,중상사고,0,1,0,0,차대사람 - 차도통행중,안전운전불이행,건조,맑음,교차로 - 교차로부근,화물,남,53세,상해없음,보행자,여,56세,중상
2014062900100322,2014년 6월 29일 15시,일요일,경상남도 창원시 성산구 대방동,중상사고,0,1,0,0,차대차 - 기타,안전운전불이행,건조,맑음,단일로 - 기타,승용,남,26세,상해없음,자전거,남,77세,중상
2014062900100354,2014년 6월 29일 16시,일요일,경상남도 함안군 칠원면,경상사고,0,0,3,0,차대차 - 추돌 - 주정차중,안전운전불이행,건조,맑음,단일로 - 기타,승용,남,26세,상해없음,승용,남,41세,경상
2014062900100391,2014년 6월 29일 17시,일요일,경상남도 통영시 용남면,경상사고,0,0,6,0,차대차 - 측면직각충돌,안전운전불이행,건조,맑음,교차로 - 교차로안,승용,남,53세,상해없음,승합,남,46세,경상
2014062900100420,2014년 6월 29일 18시,일요일,경상남도 창원시 마산합포구 신포동1가,경상사고,0,0,2,0,차대차 - 추돌 - 주정차중,안전운전불이행,건조,맑음,단일로 - 기타,승용,남,51세,상해없음,승용,남,56세,경상
2014062900100421,2014년 6월 29일 18시,일요일,경상남도 진주시 신안동,부상신고사고,0,0,0,1,차대차 - 기타,안전운전불이행,건조,맑음,단일로 - 기타,이륜,남,36세,부상신고,화물,남,51세,상해없음
2014062900100422,2014년 6월 29일 18시,일요일,경상남도 창원시 의창구 대원동,부상신고사고,0,0,0,1,차대차 - 기타,안전운전불이행,건조,맑음,기타 - 기타,승용,여,43세,상해없음,자전거,여,55세,부상신고
2014062900100447,2014년 6월 29일 19시,일요일,경상남도 창원시 마산합포구 교방동,경상사고,0,0,1,0,차대사람 - 횡단중,보행자보호의무위반,건조,맑음,단일로 - 기타,승용,남,73세,상해없음,보행자,남,7세,경상
2014062900100448,2014년 6월 29일 19시,일요일,경상남도 김해시 삼계동,중상사고,0,1,0,0,차대차 - 측면직각충돌,안전운전불이행,건조,맑음,교차로 - 교차로안,승용,남,56세,상해없음,원동기,남,16세,중상
2014062900100449,2014년 6월 29일 19시,일요일,경상남도 창녕군 부곡면,경상사고,0,0,5,0,차대차 - 측면직각충돌,신호위반,건조,맑음,교차로 - 교차로안,승용,남,29세,상해없음,승용,남,56세,경상
2014062900100466,2014년 6월 29일 20시,일요일,경상남도 김해시 구산동,중상사고,0,1,1,0,차대차 - 정면충돌,안전운전불이행,건조,맑음,교차로 - 교차로안,승용,남,35세,상해없음,승용,남,54세,경상