사고번호,사고일시,요일,시군구,사고내용,사망자수,중상자수,경상자수,부상신고자수,사고유형,법규위반,노면상태,기상상태,도로형태,가해운전자 차종,가해운전자 성별,가해운전자 연령,가해운전자 상해정도,피해운전자 차종,피해운전자 성별,피해운전자 연령,피해운전자 상해정도
2014070200100588,2014년 7월 2일 21시,수요일,경상남도 거제시 상동동,중상사고,0,1,1,0,차대차 - 추돌 - 진행중,안전운전불이행,습기,비,단일로 - 기타,승용,남,39세,상해없음,승용,남,46세,중상
2014070200100639,2014년 7월 2일 22시,수요일,경상남도 합천군 야로면,경상사고,0,0,1,0,차량단독 - 기타,안전운전불이행,습기,비,교차로 - 교차로부근,이륜,남,60세,경상,,,,
2014070200100640,2014년 7월 2일 22시,수요일,경상남도 창녕군 창녕읍,경상사고,0,0,1,0,차대차 - 추돌 - 주정차중,안전운전불이행,습기,비,교차로 - 교차로부근,승용,여,43세,상해없음,승용,여,51세,경상
2014070200100641,2014년 7월 2일 22시,수요일,경상남도 창녕군 남지읍,중상사고,0,2,0,0,차대차 - 기타,불법유턴,습기,비,단일로 - 기타,승용,남,43세,상해없음,승용,남,24세,중상
2014070200100642,2014년 7월 2일 22시,수요일,경상남도 창원시 성산구 상남동,중상사고,0,1,4,0,차대차 - 추돌 - 진행중,안전운전불이행,습기,비,단일로 - 기타,승용,남,31세,상해없음,승용,남,52세,경상
2014070200100643,2014년 7월 2일 22시,수요일,경상남도 창원시 마산회원구 양덕동,중상사고,0,1,0,0,차대차 - 측면직각충돌,신호위반,건조,맑음,교차로 - 교차로안,승용,남,49세,상해없음,승용,여,57세,중상
2014070200100644,2014년 7월 2일 22시,수요일,경상남도 창원시 의창구 봉곡동,사망사고,1,0,0,0,차량단독 - 공작물충돌,안전운전불이행,습기,비,단일로 - 기타,승용,남,41세,사망,,,,
2014070200100645,2014년 7월 2일 22시,수요일,경상남도 김해시 장유면,중상사고,0,1,0,0,차대차 - 추돌 - 주정차중,안전운전불이행,습기,비,단일로 - 기타,기타불명,기타불명,기타불명,기타불명,승용,여,44세,중상
2014070200100684,2014년 7월 2일 23시,수요일,경상남도 거제시 장목면,경상사고,0,0,4,0,차대차 - 정면충돌,교차로운행방법위반,습기,비,교차로 - 교차로부근,승용,남,29세,상해없음,승용,여,46세,경상
2014070200100685,2014년 7월 2일 23시,수요일,경상남도 거제시 고현동,중상사고,0,1,0,0,차대사람 - 횡단중,보행자보호의무위반,습기,비,교차로 - 교차로안,승용,남,53세,상해없음,보행자,남,24세,중상
2014070200100686,2014년 7월 2일 23시,수요일,경상남도 창원시 성산구 대방동,중상사고,0,1,2,0,차대차 - 기타,중앙선침범,습기,비,교차로 - 교차로부근,승용,남,54세,상해없음,승용,남,18세,경상
2014070200100687,2014년 7월 2일 23시,수요일,경상남도 창원시 성산구 가음동,중상사고,0,1,0,0,차대사람 - 차도통행중,안전운전불이행,습기,비,단일로 - 기타,원동기,남,16세,상해없음,보행자,남,54세,중상
2014070300100021,2014년 7월 3일 00시,목요일,경상남도 사천시 사남면,중상사고,0,1,0,0,차대차 - 기타,안전운전불이행,습기,비,단일로 - 기타,승용,남,34세,상해없음,승용,남,36세,중상
2014070300100022,2014년 7월 3일 00시,목요일,경상남도 양산시 명동,경상사고,0,0,1,1,차대차 - 기타,안전운전불이행,건조,맑음,단일로 - 기타,승합,남,57세,상해없음,승용,남,33세,부상신고
2014070300100041,2014년 7월 3일 01시,목요일,경상남도 진주시 봉곡동,중상사고,0,1,0,0,차대차 - 기타,안전운전불이행,습기,비,단일로 - 기타,기타불명,기타불명,기타불명,기타불명,원동기,여,65세,중상
2014070300100042,2014년 7월 3일 01시,목요일,경상남도 창원시 진해구 안골동,경상사고,0,0,1,0,차량단독 - 공작물충돌,안전운전불이행,습기,비,교차로 - 교차로부근,화물,남,44세,경상,,,,
2014070300100043,2014년 7월 3일 01시,목요일,경상남도 창원시 마산회원구 봉암동,경상사고,0,0,1,0,차량단독 - 기타,안전운전불이행,습기,비,단일로 - 기타,승용,여,45세,상해없음,,,,
2014070300100063,2014년 7월 3일 02시,목요일,경상남도 김해시 구산동,경상사고,0,0,3,0,차대차 - 측면직각충돌,교차로운행방법위반,습기,비,교차로 - 교차로안,승용,남,53세,경상,승합,남,24세,상해없음
2014070300100064,2014년 7월 3일 02시,목요일,경상남도 창원시 성산구 사파동,중상사고,0,1,0,0,차대차 - 추돌 - 주정차중,안전운전불이행,습기,비,단일로 - 기타,승용,여,28세,상해없음,승용,남,31세,중상
2014070300100073,2014년 7월 3일 03시,목요일,경상남도 창원시 마산합포구 해운동,경상사고,0,0,1,0,차대사람 - 기타,안전운전불이행,습기,비,단일로 - 기타,승용,남,28세,상해없음,보행자,남,57세,경상
2014070300100094,2014년 7월 3일 05시,목요일,경상남도 양산시 남부동,사망사고,1,2,0,0,차대차 - 기타,중앙선침범,습기,비,미분류 - 미분류,승용,남,29세,사망,승용,남,38세,중상
2014070300100103,2014년 7월 3일 06시,목요일,경상남도 밀양시 내이동,중상사고,0,2,0,0,차대차 - 추돌 - 진행중,안전운전불이행,습기,흐림,단일로 - 기타,승합,남,59세,상해없음,화물,남,66세,중상
2014070300100104,2014년 7월 3일 06시,목요일,경상남도 거제시 장평동,중상사고,0,1,0,0,차대차 - 측면직각충돌,신호위반,습기,비,교차로 - 교차로안,승합,남,64세,상해없음,이륜,남,50세,중상
2014070300100121,2014년 7월 3일 07시,목요일,경상남도 창원시 의창구 대원동,경상사고,0,0,1,0,차대차 - 추돌 - 주정차중,안전운전불이행,습기,비,단일로 - 기타,승용,남,42세,상해없음,화물,남,50세,경상
2014070300100190,2014년 7월 3일 09시,목요일,경상남도 김해시 삼방동,중상사고,0,2,3,0,차대차 - 추돌 - 주정차중,안전운전불이행,건조,흐림,교차로 - 교차로부근,화물,남,46세,상해없음,승용,여,44세,중상
2014070300100191,2014년 7월 3일 09시,목요일,경상남도 창녕군 고암면,경상사고,0,0,1,0,차대차 - 추돌 - 진행중,안전운전불이행,건조,맑음,교차로 - 교차로안,원동기,여,57세,경상,승용,여,49세,상해없음
2014070300100192,2014년 7월 3일 09시,목요일,경상남도 양산시 하북면,경상사고,0,0,2,0,차대차 - 기타,안전거리미확보,습기,비,교차로 - 교차로부근,승용,여,46세,상해없음,화물,여,40세,경상
2014070300100193,2014년 7월 3일 09시,목요일,경상남도 거제시 능포동,경상사고,0,0,1,0,차대차 - 기타,안전운전불이행,건조,맑음,단일로 - 기타,승용,남,51세,기타불명,승용,남,34세,경상
2014070300100217,2014년 7월 3일 10시,목요일,경상남도 양산시 어곡동,부상신고사고,0,0,0,1,차대차 - 기타,안전운전불이행,습기,비,교차로 - 교차로안,화물,남,54세,상해없음,화물,남,56세,부상신고
2014070300100218,2014년 7월 3일 10시,목요일,경상남도 창원시 마산회원구 내서읍,경상사고,0,0,1,0,차대차 - 측면직각충돌,안전운전불이행,건조,맑음,교차로 - 교차로부근,화물,남,51세,상해없음,승용,여,33세,경상
2014070300100245,2014년 7월 3일 11시,목요일,경상남도 사천시 동금동,경상사고,0,0,1,0,차대차 - 기타,안전운전불이행,습기,비,단일로 - 기타,승용,남,71세,상해없음,자전거,남,58세,경상
2014070300100246,2014년 7월 3일 11시,목요일,경상남도 밀양시 산내면,경상사고,0,0,3,0,차대차 - 측면직각충돌,신호위반,건조,맑음,교차로 - 교차로안,승용,남,56세,상해없음,승합,남,53세,경상
2014070300100308,2014년 7월 3일 13시,목요일,경상남도 김해시 내동,중상사고,0,1,1,0,차대차 - 측면직각충돌,교차로운행방법위반,건조,맑음,교차로 - 교차로안,승용,여,35세,중상,승용,남,64세,경상
2014070300100309,2014년 7월 3일 13시,목요일,경상남도 창원시 마산회원구 두척동,경상사고,0,0,1,0,차대차 - 기타,안전운전불이행,건조,맑음,단일로 - 기타,화물,남,53세,상해없음,승용,여,31세,경상
2014070300100338,2014년 7월 3일 14시,목요일,경상남도 고성군 고성읍,경상사고,0,0,1,0,차대차 - 추돌 - 진행중,안전운전불이행,건조,맑음,교차로 - 교차로부근,승용,남,42세,상해없음,승용,여,53세,경상
2014070300100339,2014년 7월 3일 14시,목요일,경상남도 거제시 옥포동,경상사고,0,0,3,0,차대차 - 기타,안전거리미확보,건조,맑음,교차로 - 교차로부근,승합,남,43세,상해없음,승용,남,34세,상해없음
2014070300100372,2014년 7월 3일 15시,목요일,경상남도 진주시 신안동,중상사고,0,1,0,0,차대사람 - 횡단중,보행자보호의무위반,습기,비,단일로 - 횡단보도상,승용,여,52세,상해없음,보행자,남,90세,중상
2014070300100373,2014년 7월 3일 15시,목요일,경상남도 창원시 진해구 이동,중상사고,0,1,0,0,차대차 - 기타,안전운전불이행,건조,맑음,교차로 - 교차로부근,승용,남,63세,상해없음,원동기,남,48세,중상
2014070300100374,2014년 7월 3일 15시,목요일,경상남도 김해시 삼계동,중상사고,0,1,1,0,차대차 - 측면직각충돌,직진우회전진행방해,건조,맑음,교차로 - 교차로안,승용,여,28세,경상,화물,남,48세,중상
2014070300100375,2014년 7월 3일 15시,목요일,경상남도 고성군 거류면,사망사고,1,0,0,0,차대차 - 추돌 - 진행중,안전운전불이행,건조,흐림,단일로 - 기타,승용,남,58세,상해없음,자전거,남,55세,사망
2014070300100376,2014년 7월 3일 15시,목요일,경상남도 거제시 장평동,중상사고,0,1,0,0,차대차 - 기타,교차로운행방법위반,건조,맑음,교차로 - 교차로안,승합,남,45세,상해없음,이륜,남,42세,중상
2014070300100377,2014년 7월 3일 15시,목요일,경상남도 창원시 의창구 명서동,경상사고,0,0,1,0,차대사람 - 기타,안전운전불이행,건조,맑음,단일로 - 기타,화물,남,44세,상해없음,보행자,남,8세,경상
2014070300100378,2014년 7월 3일 15시,목요일,경상남도 창원시 의창구 팔용동,경상사고,0,0,1,0,차대차 - 기타,교차로운행방법위반,건조,맑음,교차로 - 교차로안,화물,여,57세,상해없음,승용,남,33세,경상
2014070300100408,2014년 7월 3일 16시,목요일,경상남도 창원시 마산회원구 양덕동,경상사고,0,0,5,0,차대차 - 추돌 - 진행중,안전운전불이행,건조,맑음,교차로 - 교차로부근,승용,남,59세,상해없음,승용,남,26세,경상
2014070300100445,2014년 7월 3일 17시,목요일,경상남도 진주시 신안동,중상사고,0,1,0,0,차대사람 - 횡단중,신호위반,습기,비,교차로 - 교차로안,승용,여,59세,상해없음,보행자,여,33세,중상
2014070300100446,2014년 7월 3일 17시,목요일,경상남도 창원시 진해구 남문동,중상사고,0,1,0,0,차대사람 - 기타,안전운전불이행,건조,맑음,교차로 - 교차로안,화물,남,54세,상해없음,보행자,남,79세,중상
2014070300100447,2014년 7월 3일 17시,목요일,경상남도 창원시 진해구 경화동,경상사고,0,0,1,0,차대차 - 기타,안전운전불이행,건조,맑음,교차로 - 교차로부근,승용,여,41세,기타불명,승용,남,25세,상해없음
2014070300100448,2014년 7월 3일 17시,목요일,경상남도 통영시 정량동,경상사고,0,0,1,0,차대사람 - 횡단중,안전운전불이행,건조,맑음,교차로 - 교차로안,승용,여,56세,상해없음,보행자,여,14세,경상
2014070300100449,2014년 7월 3일 17시,목요일,경상남도 김해시 내동,중상사고,0,2,0,1,차대차 - 기타,안전운전불이행,건조,흐림,교차로 - 교차로안,승용,남,28세,부상신고,승용,여,55세,중상
2014070300100482,2014년 7월 3일 18시,목요일,경상남도 창원시 마산합포구 중앙동2가,중상사고,0,2,0,0,차대차 - 측면직각충돌,교차로운행방법위반,건조,맑음,교차로 - 교차로안,이륜,남,24세,중상,승용,남,34세,중상
2014070300100483,2014년 7월 3일 18시,목요일,경상남도 진주시 사봉면,중상사고,0,1,0,0,차대차 - 측면직각충돌,중앙선침범,습기,비,단일로 - 기타,이륜,남,66세,중상,승용,남,44세,상해없음
2014070300100484,2014년 7월 3일 18시,목요일,경상남도 거제시 장평동,중상사고,0,1,1,0,차대차 - 측면직각충돌,안전거리미확보,건조,맑음,교차로 - 교차로안,승용,여,47세,상해없음,이륜,여,54세,중상
2014070300100519,2014년 7월 3일 19시,목요일,경상남도 창원시 마산회원구 내서읍,경상사고,0,0,2,0,차대차 - 추돌 - 진행중,안전운전불이행,건조,맑음,단일로 - 기타,승용,남,35세,상해없음,승용,여,46세,경상
2014070300100520,2014년 7월 3일 19시,목요일,경상남도 김해시 장유면,경상사고,0,0,2,0,차대차 - 추돌 - 주정차중,안전거리미확보,습기,비,단일로 - 기타,승용,남,39세,상해없음,승용,남,65세,경상
2014070300100549,2014년 7월 3일 20시,목요일,경상남도 통영시 용남면,경상사고,0,0,1,0,차대차 - 측면직각충돌,안전운전불이행,습기,비,단일로 - 기타,승용,남,37세,상해없음,화물,여,54세,경상
2014070300100550,2014년 7월 3일 20시,목요일,경상남도 창녕군 영산면,사망사고,1,1,0,0,차대사람 - 횡단중,보행자보호의무위반,습기,비,교차로 - 교차로부근,승용,남,25세,상해없음,보행자,남,28세,중상
2014070300100551,2014년 7월 3일 20시,목요일,경상남도 창원시 의창구 동정동,중상사고,0,1,0,0,차대사람 - 기타,보행자보호의무위반,건조,맑음,교차로 - 교차로부근,승용,여,61세,상해없음,보행자,여,73세,중상
2014070300100584,2014년 7월 3일 21시,목요일,경상남도 함양군 함양읍,중상사고,0,2,0,1,차대차 - 정면충돌,교차로운행방법위반,습기,흐림,교차로 - 교차로안,화물,남,42세,부상신고,승용,남,41세,중상
2014070300100620,2014년 7월 3일 22시,목요일,경상남도 김해시 장유면,부상신고사고,0,0,0,1,차대차 - 측면직각충돌,기타,습기,비,교차로 - 교차로안,원동기,남,17세,부상신고,승용,남,40세,상해없음
2014070300100621,2014년 7월 3일 22시,목요일,경상남도 창녕군 영산면,경상사고,0,0,1,0,차대차 - 측면직각충돌,안전거리미확보,건조,흐림,단일로 - 기타,승용,기타불명,기타불명,기타불명,승용,여,29세,경상
2014070300100648,2014년 7월 3일 23시,목요일,경상남도 김해시 풍유동,중상사고,0,1,0,0,차대차 - 측면직각충돌,안전거리미확보,습기,비,교차로 - 교차로부근,승용,남,55세,상해없음,특수,남,50세,상해없음
2014070400100011,2014년 7월 4일 00시,금요일,경상남도 김해시 대동면,중상사고,0,1,0,0,차대차 - 기타,안전운전불이행,습기,비,단일로 - 기타,기타불명,기타불명,기타불명,기타불명,자전거,남,23세,중상
2014070400100028,2014년 7월 4일 01시,금요일,경상남도 거제시 고현동,경상사고,0,0,2,0,차대차 - 추돌 - 주정차중,안전거리미확보,습기,흐림,교차로 - 교차로부근,승용,여,32세,상해없음,승용,남,28세,경상
2014070400100029,2014년 7월 4일 01시,금요일,경상남도 김해시 진영읍,경상사고,0,0,2,0,차대차 - 추돌 - 주정차중,안전운전불이행,습기,비,단일로 - 기타,승용,남,44세,상해없음,승용,남,27세,경상
2014070400100046,2014년 7월 4일 02시,금요일,경상남도 거제시 장평동,경상사고,0,0,2,0,차대차 - 추돌 - 진행중,안전운전불이행,건조,맑음,단일로 - 기타,승용,남,63세,상해없음,승용,남,33세,경상
2014070400100053,2014년 7월 4일 03시,금요일,경상남도 통영시 당동,경상사고,0,0,1,0,차대차 - 기타,안전운전불이행,건조,맑음,교차로 - 교차로부근,승용,여,42세,상해없음,승용,남,41세,경상
2014070400100059,2014년 7월 4일 04시,금요일,경상남도 창원시 마산합포구 해운동,경상사고,0,0,2,0,차대차 - 추돌 - 주정차중,안전운전불이행,습기,비,교차로 - 교차로부근,승용,남,23세,경상,화물,남,48세,상해없음
2014070400100060,2014년 7월 4일 04시,금요일,경상남도 창원시 진해구 풍호동,경상사고,0,0,2,1,차대차 - 기타,안전운전불이행,건조,흐림,단일로 - 기타,승용,남,40세,경상,승합,남,38세,부상신고
2014070400100061,2014년 7월 4일 04시,금요일,경상남도 김해시 어방동,중상사고,0,1,1,0,차대차 - 측면직각충돌,신호위반,건조,흐림,교차로 - 교차로안,승용,남,48세,상해없음,승용,남,52세,경상
2014070400100062,2014년 7월 4일 04시,금요일,경상남도 창원시 성산구 중앙동,중상사고,0,1,1,0,차대차 - 기타,신호위반,습기,비,교차로 - 교차로안,화물,남,38세,상해없음,승용,남,53세,경상
2014070400100075,2014년 7월 4일 05시,금요일,경상남도 김해시 장유면,중상사고,0,1,0,0,차대차 - 기타,중앙선침범,습기,비,단일로 - 기타,승용,남,42세,상해없음,승용,남,61세,상해없음
2014070400100097,2014년 7월 4일 06시,금요일,경상남도 함양군 안의면,중상사고,0,1,0,0,차대차 - 측면직각충돌,교차로운행방법위반,건조,흐림,교차로 - 교차로안,승용,남,56세,상해없음,원동기,여,63세,중상
2014070400100098,2014년 7월 4일 06시,금요일,경상남도 거제시 옥포동,경상사고,0,0,1,0,차대차 - 측면직각충돌,교차로운행방법위반,습기,흐림,교차로 - 교차로안,승합,남,40세,상해없음,승용,남,63세,경상
2014070400100149,2014년 7월 4일 08시,금요일,경상남도 김해시 대동면,중상사고,0,1,0,0,차대차 - 측면직각충돌,직진우회전진행방해,건조,맑음,교차로 - 교차로안,화물,남,33세,상해없음,원동기,여,56세,중상
2014070400100173,2014년 7월 4일 09시,금요일,경상남도 김해시 안동,사망사고,1,0,0,0,차대차 - 기타,신호위반,건조,맑음,단일로 - 횡단보도상,승용,남,58세,상해없음,원동기,남,38세,사망
2014070400100174,2014년 7월 4일 09시,금요일,경상남도 김해시 어방동,중상사고,0,1,0,0,차대사람 - 기타,안전운전불이행,건조,맑음,교차로 - 교차로안,승합,남,61세,상해없음,보행자,여,81세,중상
2014070400100193,2014년 7월 4일 10시,금요일,경상남도 통영시 도남동,중상사고,0,1,0,0,차량단독 - 기타,안전운전불이행,건조,맑음,단일로 - 기타,승합,남,50세,상해없음,,,,
2014070400100220,2014년 7월 4일 11시,금요일,경상남도 거제시 고현동,중상사고,0,1,0,0,차대차 - 기타,안전운전불이행,건조,맑음,교차로 - 교차로안,승용,여,30세,상해없음,승용,여,43세,중상
2014070400100258,2014년 7월 4일 12시,금요일,경상남도 창원시 의창구 동정동,중상사고,0,1,0,0,차대사람 - 횡단중,신호위반,건조,맑음,교차로 - 교차로안,승용,남,35세,상해없음,보행자,여,51세,중상
2014070400100329,2014년 7월 4일 14시,금요일,경상남도 김해시 내동,사망사고,1,0,0,0,차대사람 - 횡단중,안전운전불이행,건조,맑음,단일로 - 기타,화물,남,63세,상해없음,보행자,여,69세,사망
2014070400100409,2014년 7월 4일 16시,금요일,경상남도 하동군 북천면,경상사고,0,0,1,0,차대차 - 측면직각충돌,교차로운행방법위반,건조,맑음,교차로 - 교차로안,승용,남,41세,상해없음,화물,남,47세,경상
2014070400100455,2014년 7월 4일 17시,금요일,경상남도 진주시 상봉동,중상사고,0,1,0,0,차대차 - 기타,안전운전불이행,건조,맑음,교차로 - 교차로안,승용,남,68세,상해없음,승용,여,36세,중상
2014070400100456,2014년 7월 4일 17시,금요일,경상남도 김해시 어방동,중상사고,0,2,0,0,차대차 - 추돌 - 주정차중,안전운전불이행,건조,맑음,교차로 - 교차로안,승용,남,55세,상해없음,승용,여,40세,중상
2014070400100520,2014년 7월 4일 18시,금요일,경상남도 사천시 향촌동,경상사고,0,0,4,0,차대차 - 정면충돌,안전운전불이행,습기,흐림,단일로 - 기타,승합,남,36세,상해없음,승용,남,35세,경상
2014070400100521,2014년 7월 4일 18시,금요일,경상남도 김해시 어방동,중상사고,0,2,0,0,차대차 - 측면직각충돌,교차로운행방법위반,건조,맑음,교차로 - 교차로안,화물,남,42세,상해없음,승용,남,49세,중상
2014070400100563,2014년 7월 4일 19시,금요일,경상남도 의령군 가례면,중상사고,0,1,0,0,차대차 - 기타,안전운전불이행,건조,맑음,단일로 - 기타,화물,남,49세,상해없음,농기계,남,77세,중상
2014070400100593,2014년 7월 4일 20시,금요일,경상남도 창원시 마산합포구 해운동,경상사고,0,0,1,0,차대사람 - 길가장자리구역통행중,안전운전불이행,습기,흐림,단일로 - 기타,승용,여,57세,상해없음,보행자,여,24세,경상
2014070400100637,2014년 7월 4일 21시,금요일,경상남도 창원시 마산합포구 월영동,부상신고사고,0,0,0,1,차대차 - 측면직각충돌,신호위반,건조,맑음,교차로 - 교차로안,자전거,남,15세,부상신고,승용,여,44세,상해없음
2014070400100638,2014년 7월 4일 21시,금요일,경상남도 통영시 도천동,중상사고,0,1,0,0,차대사람 - 횡단중,안전운전불이행,건조,맑음,단일로 - 기타,승합,남,42세,상해없음,보행자,남,33세,중상
2014070400100639,2014년 7월 4일 21시,금요일,경상남도 밀양시 삼문동,경상사고,0,0,1,0,차대사람 - 횡단중,보행자보호의무위반,건조,맑음,단일로 - 횡단보도상,승합,남,30세,상해없음,보행자,남,18세,경상
2014070400100640,2014년 7월 4일 21시,금요일,경상남도 함안군 군북면,경상사고,0,0,2,0,차대차 - 기타,중앙선침범,건조,맑음,단일로 - 기타,이륜,남,21세,상해없음,승용,남,64세,경상
2014070400100641,2014년 7월 4일 21시,금요일,경상남도 창원시 마산회원구 내서읍,경상사고,0,0,1,0,차대차 - 기타,안전운전불이행,건조,맑음,단일로 - 기타,승용,남,50세,상해없음,승용,남,26세,경상
2014070400100681,2014년 7월 4일 22시,금요일,경상남도 통영시 항남동,중상사고,0,1,0,0,차대사람 - 횡단중,안전운전불이행,건조,맑음,단일로 - 기타,승용,남,59세,상해없음,보행자,여,60세,중상
2014070400100682,2014년 7월 4일 22시,금요일,경상남도 양산시 중부동,부상신고사고,0,0,0,1,차대차 - 기타,안전운전불이행,건조,맑음,단일로 - 기타,원동기,기타불명,기타불명,기타불명,자전거,남,17세,부상신고
2014070400100726,2014년 7월 4일 23시,금요일,경상남도 창원시 성산구 가음정동,중상사고,0,2,1,0,차대차 - 측면직각충돌,교차로운행방법위반,건조,맑음,교차로 - 교차로안,승용,남,30세,상해없음,승용,남,36세,중상
2014070400100727,2014년 7월 4일 23시,금요일,경상남도 창원시 성산구 중앙동,경상사고,0,0,3,0,차대차 - 추돌 - 주정차중,안전운전불이행,건조,맑음,단일로 - 기타,승용,남,51세,상해없음,승용,남,31세,경상
2014070500100024,2014년 7월 5일 00시,토요일,경상남도 김해시 생림면,경상사고,0,0,3,0,차대차 - 기타,기타,건조,맑음,단일로 - 기타,화물,남,54세,상해없음,화물,남,45세,상해없음
2014070500100025,2014년 7월 5일 00시,토요일,경상남도 양산시 중부동,중상사고,0,1,1,0,차대차 - 기타,차로위반,건조,맑음,단일로 - 기타,승용,남,48세,경상,원동기,남,40세,중상
2014070500100058,2014년 7월 5일 02시,토요일,경상남도 거제시 옥포동,경상사고,0,0,2,0,차대차 - 기타,안전운전불이행,건조,맑음,단일로 - 기타,이륜,남,23세,경상,승용,여,32세,경상
2014070500100059,2014년 7월 5일 02시,토요일,경상남도 창원시 마산회원구 합성동,경상사고,0,0,1,0,차대차 - 추돌 - 진행중,안전운전불이행,건조,맑음,단일로 - 기타,승용,남,22세,상해없음,승용,남,58세,경상
2014070500100060,2014년 7월 5일 02시,토요일,경상남도 김해시 장유면,중상사고,0,3,0,0,차량단독 - 기타,안전운전불이행,건조,흐림,단일로 - 기타,원동기,남,18세,중상,,,,
2014070500100068,2014년 7월 5일 03시,토요일,경상남도 창원시 마산회원구 합성동,경상사고,0,0,4,0,차대차 - 기타,안전운전불이행,건조,맑음,단일로 - 기타,승용,남,21세,상해없음,승용,남,61세,경상
2014070500100098,2014년 7월 5일 05시,토요일,경상남도 김해시 외동,중상사고,0,2,1,0,차대차 - 추돌 - 진행중,안전운전불이행,건조,맑음,단일로 - 기타,승용,남,22세,상해없음,화물,남,38세,경상
2014070500100149,2014년 7월 5일 08시,토요일,경상남도 통영시 도천동,중상사고,0,1,1,0,차대차 - 추돌 - 주정차중,안전운전불이행,건조,맑음,단일로 - 기타,승합,남,51세,상해없음,화물,남,61세,상해없음
2014070500100197,2014년 7월 5일 10시,토요일,경상남도 거창군 거창읍,중상사고,0,2,0,0,차대차 - 측면직각충돌,중앙선침범,건조,맑음,단일로 - 기타,화물,남,69세,중상,화물,여,56세,중상
2014070500100256,2014년 7월 5일 12시,토요일,경상남도 창원시 의창구 동정동,중상사고,0,1,1,0,차대차 - 측면직각충돌,안전거리미확보,건조,맑음,단일로 - 기타,승용,남,58세,상해없음,승용,남,22세,경상
2014070500100286,2014년 7월 5일 13시,토요일,경상남도 사천시 곤명면,경상사고,0,0,1,0,차량단독 - 공작물충돌,안전운전불이행,건조,맑음,단일로 - 기타,승용,남,62세,경상,,,,
2014070500100287,2014년 7월 5일 13시,토요일,경상남도 합천군 묘산면,중상사고,0,1,0,0,차대차 - 추돌 - 진행중,안전운전불이행,건조,맑음,단일로 - 기타,승용,여,39세,상해없음,자전거,남,75세,중상
2014070500100321,2014년 7월 5일 14시,토요일,경상남도 창원시 진해구 남양동,경상사고,0,0,1,0,차량단독 - 전도전복,안전운전불이행,건조,맑음,단일로 - 기타,이륜,남,29세,경상,,,,
2014070500100322,2014년 7월 5일 14시,토요일,경상남도 김해시 외동,중상사고,0,2,0,0,차대사람 - 횡단중,보행자보호의무위반,건조,맑음,단일로 - 기타,승용,남,50세,상해없음,보행자,남,14세,중상
2014070500100345,2014년 7월 5일 15시,토요일,경상남도 사천시 벌리동,경상사고,0,0,1,0,차대차 - 기타,직진우회전진행방해,건조,맑음,교차로 - 교차로안,승용,남,69세,상해없음,승용,남,43세,경상
2014070500100346,2014년 7월 5일 15시,토요일,경상남도 양산시 중부동,부상신고사고,0,0,0,1,차대차 - 기타,안전운전불이행,건조,맑음,단일로 - 기타,기타불명,기타불명,기타불명,기타불명,자전거,여,51세,부상신고
2014070500100347,2014년 7월 5일 15시,토요일,경상남도 양산시 삼호동,부상신고사고,0,0,0,1,차대사람 - 기타,안전운전불이행,건조,맑음,교차로 - 교차로안,기타불명,기타불명,기타불명,기타불명,보행자,여,13세,부상신고
2014070500100379,2014년 7월 5일 16시,토요일,경상남도 밀양시 산내면,중상사고,0,2,0,0,차량단독 - 공작물충돌,안전운전불이행,건조,맑음,단일로 - 교량,승용,여,65세,중상,,,,
2014070500100421,2014년 7월 5일 17시,토요일,경상남도 사천시 사천읍,중상사고,0,1,0,0,차대사람 - 횡단중,보행자보호의무위반,건조,맑음,교차로 - 교차로안,승용,남,30세,상해없음,보행자,남,50세,중상
2014070500100422,2014년 7월 5일 17시,토요일,경상남도 거제시 장목면,중상사고,0,2,1,0,차대차 - 기타,교차로운행방법위반,건조,맑음,교차로 - 교차로안,승용,남,34세,상해없음,화물,남,58세,중상
2014070500100423,2014년 7월 5일 17시,토요일,경상남도 창원시 의창구 팔용동,경상사고,0,0,1,0,차대차 - 측면직각충돌,교차로운행방법위반,건조,흐림,교차로 - 교차로안,이륜,남,33세,경상,승용,남,28세,상해없음
2014070500100455,2014년 7월 5일 18시,토요일,경상남도 창원시 마산합포구 교방동,경상사고,0,0,1,0,차대사람 - 횡단중,보행자보호의무위반,건조,맑음,단일로 - 횡단보도상,승용,여,52세,상해없음,보행자,남,2세,경상
2014070500100456,2014년 7월 5일 18시,토요일,경상남도 김해시 구산동,중상사고,0,1,0,0,차대차 - 측면직각충돌,안전운전불이행,건조,맑음,교차로 - 교차로안,승용,여,27세,상해없음,원동기,남,18세,중상
2014070500100457,2014년 7월 5일 18시,토요일,경상남도 하동군 악양면,경상사고,0,0,1,0,차대차 - 기타,안전운전불이행,건조,맑음,교차로 - 교차로안,승용,여,55세,상해없음,승용,남,65세,상해없음
2014070500100458,2014년 7월 5일 18시,토요일,경상남도 함안군 칠원면,중상사고,0,1,0,0,차량단독 - 공작물충돌,안전운전불이행,건조,맑음,단일로 - 기타,이륜,남,64세,중상,,,,
2014070500100459,2014년 7월 5일 18시,토요일,경상남도 김해시 진영읍,경상사고,0,0,2,0,차대차 - 추돌 - 주정차중,안전거리미확보,건조,맑음,단일로 - 기타,승용,남,38세,상해없음,승용,남,26세,경상
2014070500100487,2014년 7월 5일 19시,토요일,경상남도 진주시 평거동,중상사고,0,1,0,0,차대사람 - 기타,안전운전불이행,건조,맑음,단일로 - 기타,승용,여,31세,상해없음,보행자,여,51세,중상