사고번호,사고일시,요일,시군구,사고내용,사망자수,중상자수,경상자수,부상신고자수,사고유형,법규위반,노면상태,기상상태,도로형태,가해운전자 차종,가해운전자 성별,가해운전자 연령,가해운전자 상해정도,피해운전자 차종,피해운전자 성별,피해운전자 연령,피해운전자 상해정도
2014070500100488,2014년 7월 5일 19시,토요일,경상남도 밀양시 부북면,경상사고,0,0,1,0,차대사람 - 횡단중,안전운전불이행,건조,맑음,교차로 - 교차로안,승용,여,58세,상해없음,보행자,남,6세,경상
2014070500100489,2014년 7월 5일 19시,토요일,경상남도 거제시 수월동,중상사고,0,2,0,0,차대차 - 기타,신호위반,건조,맑음,기타 - 기타,이륜,남,17세,중상,이륜,남,59세,중상
2014070500100515,2014년 7월 5일 20시,토요일,경상남도 함양군 함양읍,부상신고사고,0,0,0,1,차대차 - 추돌 - 진행중,안전운전불이행,건조,맑음,교차로 - 교차로안,승용,남,51세,상해없음,자전거,남,18세,부상신고
2014070500100516,2014년 7월 5일 20시,토요일,경상남도 남해군 삼동면,사망사고,1,0,0,0,차대사람 - 횡단중,신호위반,건조,맑음,기타 - 기타,화물,남,27세,상해없음,보행자,여,50세,사망
2014070500100554,2014년 7월 5일 21시,토요일,경상남도 진주시 초전동,경상사고,0,0,3,0,차대차 - 추돌 - 주정차중,안전운전불이행,건조,맑음,교차로 - 교차로부근,승용,남,65세,상해없음,승용,남,25세,경상
2014070500100583,2014년 7월 5일 22시,토요일,경상남도 창원시 마산합포구 신포동1가,중상사고,0,1,4,0,차대차 - 측면직각충돌,교차로운행방법위반,건조,맑음,교차로 - 교차로안,승용,남,51세,경상,승용,남,54세,상해없음
2014070500100584,2014년 7월 5일 22시,토요일,경상남도 함양군 수동면,중상사고,0,1,0,1,차량단독 - 공작물충돌,안전운전불이행,습기,흐림,단일로 - 기타,이륜,남,34세,부상신고,,,,
2014070500100585,2014년 7월 5일 22시,토요일,경상남도 거제시 고현동,경상사고,0,0,1,0,차대차 - 기타,안전운전불이행,건조,맑음,기타 - 기타,승용,기타불명,기타불명,기타불명,승용,남,35세,경상
2014070500100608,2014년 7월 5일 23시,토요일,경상남도 창원시 마산합포구 해운동,중상사고,0,1,0,0,차대차 - 추돌 - 진행중,차로위반,건조,흐림,단일로 - 기타,승용,남,33세,상해없음,승용,남,19세,중상
2014070600100033,2014년 7월 6일 01시,일요일,경상남도 양산시 북부동,경상사고,0,0,1,0,차대사람 - 기타,안전운전불이행,건조,맑음,단일로 - 기타,승용,남,19세,상해없음,보행자,남,46세,경상
2014070600100034,2014년 7월 6일 01시,일요일,경상남도 창원시 마산회원구 석전동,경상사고,0,0,3,0,차대차 - 측면직각충돌,신호위반,건조,맑음,교차로 - 교차로안,화물,남,57세,경상,승용,남,55세,경상
2014070600100047,2014년 7월 6일 02시,일요일,경상남도 진주시 망경동,경상사고,0,0,1,0,차대차 - 추돌 - 주정차중,안전운전불이행,건조,맑음,교차로 - 교차로부근,승용,여,40세,상해없음,승용,남,55세,상해없음
2014070600100073,2014년 7월 6일 04시,일요일,경상남도 밀양시 내이동,중상사고,0,1,0,0,차대사람 - 횡단중,안전운전불이행,건조,맑음,교차로 - 교차로안,승용,남,22세,상해없음,보행자,남,37세,중상
2014070600100074,2014년 7월 6일 04시,일요일,경상남도 창원시 마산회원구 석전동,중상사고,0,1,3,0,차대차 - 측면직각충돌,신호위반,건조,맑음,교차로 - 교차로안,승용,남,25세,경상,승용,남,45세,중상
2014070600100075,2014년 7월 6일 04시,일요일,경상남도 창원시 마산회원구 회원동,경상사고,0,0,2,0,차대차 - 측면직각충돌,안전운전불이행,건조,맑음,교차로 - 교차로안,승용,남,28세,상해없음,승용,남,58세,경상
2014070600100088,2014년 7월 6일 05시,일요일,경상남도 창원시 마산합포구 해운동,경상사고,0,0,1,0,차대사람 - 차도통행중,안전운전불이행,습기,비,단일로 - 횡단보도부근,승용,남,57세,상해없음,보행자,남,41세,경상
2014070600100101,2014년 7월 6일 06시,일요일,경상남도 통영시 광도면,경상사고,0,0,1,0,차대차 - 측면직각충돌,중앙선침범,습기,흐림,단일로 - 기타,승용,남,37세,상해없음,승용,여,48세,경상
2014070600100102,2014년 7월 6일 06시,일요일,경상남도 김해시 전하동,경상사고,0,0,1,0,차대차 - 정면충돌,신호위반,건조,맑음,교차로 - 교차로안,화물,남,63세,상해없음,승용,남,55세,경상
2014070600100113,2014년 7월 6일 07시,일요일,경상남도 거제시 연초면,경상사고,0,0,1,0,차대차 - 정면충돌,중앙선침범,건조,맑음,교차로 - 교차로부근,승용,남,79세,상해없음,승용,여,55세,상해없음
2014070600100130,2014년 7월 6일 08시,일요일,경상남도 양산시 물금읍,중상사고,0,1,0,0,차대차 - 측면직각충돌,신호위반,건조,맑음,교차로 - 교차로안,승용,여,46세,상해없음,승용,여,52세,중상
2014070600100131,2014년 7월 6일 08시,일요일,경상남도 고성군 고성읍,중상사고,0,4,0,0,차대차 - 측면직각충돌,불법유턴,습기,비,교차로 - 교차로안,승합,남,48세,상해없음,승용,남,53세,중상
2014070600100148,2014년 7월 6일 09시,일요일,경상남도 창원시 진해구 마천동,경상사고,0,0,2,0,차대차 - 추돌 - 주정차중,안전운전불이행,습기,비,교차로 - 교차로부근,승용,여,52세,상해없음,승용,여,33세,경상
2014070600100149,2014년 7월 6일 09시,일요일,경상남도 김해시 삼정동,중상사고,0,2,0,0,차대차 - 추돌 - 주정차중,안전운전불이행,습기,비,교차로 - 교차로안,승용,남,52세,상해없음,승용,여,47세,중상
2014070600100150,2014년 7월 6일 09시,일요일,경상남도 창녕군 창녕읍,중상사고,0,1,0,0,차대차 - 기타,안전운전불이행,습기,비,교차로 - 교차로안,승합,남,50세,상해없음,승용,남,53세,기타불명
2014070600100151,2014년 7월 6일 09시,일요일,경상남도 양산시 하북면,경상사고,0,0,1,0,차대차 - 측면직각충돌,신호위반,습기,비,교차로 - 교차로안,승용,남,52세,상해없음,승용,남,66세,경상
2014070600100197,2014년 7월 6일 11시,일요일,경상남도 창원시 마산합포구 진전면,경상사고,0,0,2,1,차대차 - 측면직각충돌,안전운전불이행,습기,비,단일로 - 기타,승용,남,44세,상해없음,승용,남,50세,경상
2014070600100198,2014년 7월 6일 11시,일요일,경상남도 통영시 용남면,중상사고,0,1,0,0,차대차 - 측면직각충돌,안전운전불이행,건조,맑음,단일로 - 기타,승용,남,33세,상해없음,승용,여,34세,중상
2014070600100199,2014년 7월 6일 11시,일요일,경상남도 창녕군 창녕읍,중상사고,0,2,0,0,차대차 - 측면직각충돌,중앙선침범,습기,흐림,단일로 - 기타,승용,남,49세,상해없음,승용,남,60세,중상
2014070600100226,2014년 7월 6일 12시,일요일,경상남도 진주시 명석면,사망사고,1,0,0,0,차량단독 - 전도전복,안전운전불이행,습기,비,단일로 - 기타,화물,남,56세,사망,,,,
2014070600100227,2014년 7월 6일 12시,일요일,경상남도 거제시 일운면,경상사고,0,0,1,0,차대차 - 정면충돌,중앙선침범,습기,흐림,단일로 - 기타,승용,남,36세,상해없음,승용,남,54세,경상
2014070600100228,2014년 7월 6일 12시,일요일,경상남도 거제시 장평동,경상사고,0,0,1,0,차대차 - 측면직각충돌,중앙선침범,습기,비,단일로 - 기타,승용,남,66세,상해없음,승용,남,32세,경상
2014070600100229,2014년 7월 6일 12시,일요일,경상남도 함안군 군북면,경상사고,0,0,3,0,차대차 - 정면충돌,중앙선침범,습기,비,단일로 - 기타,승용,여,65세,경상,승용,남,57세,경상
2014070600100230,2014년 7월 6일 12시,일요일,경상남도 창원시 의창구 대산면,중상사고,0,2,2,1,차대차 - 추돌 - 진행중,안전운전불이행,습기,비,단일로 - 횡단보도부근,승용,남,39세,상해없음,승용,남,61세,경상
2014070600100258,2014년 7월 6일 13시,일요일,경상남도 통영시 미수동,경상사고,0,0,1,0,차대차 - 기타,안전운전불이행,습기,흐림,교차로 - 교차로안,승용,여,33세,상해없음,원동기,남,17세,경상
2014070600100259,2014년 7월 6일 13시,일요일,경상남도 김해시 대동면,중상사고,0,1,0,0,차대차 - 기타,안전운전불이행,습기,비,단일로 - 기타,승용,남,53세,기타불명,이륜,남,72세,중상
2014070600100260,2014년 7월 6일 13시,일요일,경상남도 창원시 의창구 동읍,경상사고,0,0,6,0,차대차 - 측면직각충돌,안전거리미확보,습기,비,단일로 - 기타,승용,남,56세,경상,승용,여,22세,경상
2014070600100313,2014년 7월 6일 15시,일요일,경상남도 창원시 진해구 충무동,경상사고,0,0,1,0,차대차 - 추돌 - 주정차중,안전운전불이행,건조,맑음,단일로 - 기타,승용,남,36세,상해없음,승용,여,40세,경상
2014070600100314,2014년 7월 6일 15시,일요일,경상남도 거제시 장평동,경상사고,0,0,2,0,차대차 - 기타,안전거리미확보,습기,비,단일로 - 기타,승용,남,82세,상해없음,승용,남,60세,경상
2014070600100348,2014년 7월 6일 16시,일요일,경상남도 창원시 마산합포구 중앙동1가,경상사고,0,0,3,0,차대차 - 추돌 - 진행중,안전거리미확보,습기,비,교차로 - 교차로부근,승용,남,57세,상해없음,승용,남,61세,경상
2014070600100349,2014년 7월 6일 16시,일요일,경상남도 김해시 어방동,중상사고,0,5,1,0,차대차 - 측면직각충돌,직진우회전진행방해,습기,비,교차로 - 교차로안,승용,남,33세,경상,승용,남,45세,중상
2014070600100350,2014년 7월 6일 16시,일요일,경상남도 창원시 성산구 가음동,중상사고,0,1,0,0,차대차 - 기타,안전운전불이행,건조,맑음,교차로 - 교차로안,승용,남,28세,상해없음,자전거,남,69세,중상
2014070600100351,2014년 7월 6일 16시,일요일,경상남도 창원시 마산회원구 합성동,경상사고,0,0,2,0,차대차 - 추돌 - 주정차중,안전운전불이행,건조,맑음,단일로 - 기타,화물,남,42세,기타불명,승용,남,56세,경상
2014070600100387,2014년 7월 6일 17시,일요일,경상남도 창원시 마산합포구 월포동,중상사고,0,1,0,0,차대차 - 측면직각충돌,안전운전불이행,건조,흐림,단일로 - 기타,승용,남,57세,상해없음,승용,여,48세,중상
2014070600100388,2014년 7월 6일 17시,일요일,경상남도 진주시 문산읍,중상사고,0,1,0,0,차대차 - 정면충돌,중앙선침범,건조,흐림,단일로 - 기타,승용,남,44세,상해없음,승용,여,57세,중상
2014070600100389,2014년 7월 6일 17시,일요일,경상남도 창녕군 유어면,중상사고,0,1,1,1,차대차 - 측면직각충돌,직진우회전진행방해,습기,비,교차로 - 교차로안,화물,남,61세,부상신고,승합,여,40세,상해없음
2014070600100453,2014년 7월 6일 19시,일요일,경상남도 통영시 무전동,중상사고,0,2,0,0,차대사람 - 차도통행중,안전운전불이행,습기,흐림,교차로 - 교차로안,승용,남,58세,상해없음,보행자,여,6세,중상
2014070600100454,2014년 7월 6일 19시,일요일,경상남도 김해시 삼방동,중상사고,0,1,0,0,차대차 - 정면충돌,중앙선침범,습기,비,단일로 - 기타,원동기,남,17세,중상,승합,남,54세,상해없음
2014070600100455,2014년 7월 6일 19시,일요일,경상남도 창녕군 계성면,중상사고,0,1,0,0,차량단독 - 전도전복,안전운전불이행,습기,비,단일로 - 기타,승용,남,51세,중상,,,,
2014070700100021,2014년 7월 7일 01시,월요일,경상남도 밀양시 교동,중상사고,0,1,0,0,차대차 - 측면직각충돌,중앙선침범,건조,맑음,교차로 - 교차로안,이륜,남,38세,중상,승용,남,59세,상해없음
2014070700100022,2014년 7월 7일 01시,월요일,경상남도 거창군 거창읍,중상사고,0,1,0,0,차대차 - 추돌 - 주정차중,안전운전불이행,건조,맑음,단일로 - 기타,원동기,남,51세,중상,승용,남,57세,상해없음
2014070700100050,2014년 7월 7일 05시,월요일,경상남도 창원시 마산회원구 봉암동,경상사고,0,0,1,0,차대차 - 기타,안전운전불이행,습기,비,교차로 - 교차로부근,승용,남,21세,상해없음,승용,남,30세,경상
2014070700100097,2014년 7월 7일 07시,월요일,경상남도 밀양시 내이동,경상사고,0,0,1,0,차대차 - 측면직각충돌,교차로운행방법위반,건조,맑음,교차로 - 교차로안,승합,남,60세,상해없음,승용,남,64세,경상
2014070700100136,2014년 7월 7일 08시,월요일,경상남도 창원시 진해구 경화동,경상사고,0,0,2,0,차대차 - 정면충돌,중앙선침범,건조,맑음,단일로 - 기타,특수,남,20세,경상,화물,남,53세,경상
2014070700100137,2014년 7월 7일 08시,월요일,경상남도 김해시 외동,중상사고,0,3,0,0,차대사람 - 기타,기타,습기,흐림,단일로 - 기타,이륜,남,62세,중상,보행자,여,54세,중상
2014070700100138,2014년 7월 7일 08시,월요일,경상남도 김해시 삼정동,경상사고,0,0,1,0,차대차 - 추돌 - 주정차중,안전운전불이행,습기,비,단일로 - 기타,원동기,남,19세,경상,승용,여,46세,상해없음
2014070700100188,2014년 7월 7일 09시,월요일,경상남도 창원시 의창구 서상동,중상사고,0,1,1,0,차대차 - 측면직각충돌,신호위반,건조,맑음,교차로 - 교차로안,승용,남,61세,경상,승용,남,56세,중상
2014070700100211,2014년 7월 7일 10시,월요일,경상남도 밀양시 내이동,경상사고,0,0,2,0,차대차 - 추돌 - 진행중,안전운전불이행,건조,맑음,단일로 - 기타,화물,남,57세,경상,승용,남,47세,상해없음
2014070700100212,2014년 7월 7일 10시,월요일,경상남도 밀양시 내이동,중상사고,0,1,0,0,차대차 - 측면직각충돌,교차로운행방법위반,기타,맑음,교차로 - 교차로안,화물,남,42세,상해없음,승용,여,56세,중상
2014070700100244,2014년 7월 7일 11시,월요일,경상남도 통영시 무전동,중상사고,0,1,0,0,차대차 - 측면직각충돌,직진우회전진행방해,건조,맑음,교차로 - 교차로안,화물,남,53세,상해없음,승용,남,31세,중상
2014070700100274,2014년 7월 7일 12시,월요일,경상남도 김해시 삼계동,사망사고,1,0,0,0,차대사람 - 차도통행중,안전운전불이행,건조,흐림,교차로 - 교차로부근,승용,남,55세,상해없음,보행자,남,72세,사망
2014070700100303,2014년 7월 7일 13시,월요일,경상남도 사천시 서포면,경상사고,0,0,1,0,차대사람 - 길가장자리구역통행중,안전운전불이행,습기,비,교차로 - 교차로안,화물,남,41세,상해없음,보행자,여,92세,경상
2014070700100389,2014년 7월 7일 16시,월요일,경상남도 밀양시 내일동,경상사고,0,0,1,0,차대차 - 추돌 - 주정차중,안전운전불이행,건조,흐림,단일로 - 기타,승용,여,47세,상해없음,승용,남,42세,경상
2014070700100418,2014년 7월 7일 17시,월요일,경상남도 통영시 정량동,경상사고,0,0,2,0,차대차 - 추돌 - 주정차중,안전거리미확보,건조,맑음,단일로 - 기타,승합,남,43세,상해없음,승용,여,30세,경상
2014070700100419,2014년 7월 7일 17시,월요일,경상남도 밀양시 상남면,경상사고,0,0,1,0,차대사람 - 횡단중,안전운전불이행,건조,맑음,단일로 - 횡단보도부근,승용,남,54세,상해없음,보행자,여,11세,경상
2014070700100420,2014년 7월 7일 17시,월요일,경상남도 양산시 삼호동,경상사고,0,0,2,0,차대차 - 기타,중앙선침범,건조,맑음,교차로 - 교차로부근,화물,남,21세,상해없음,승용,여,43세,경상
2014070700100481,2014년 7월 7일 19시,월요일,경상남도 통영시 미수동,경상사고,0,0,3,0,차대차 - 측면직각충돌,교차로운행방법위반,건조,맑음,교차로 - 교차로부근,승용,여,44세,상해없음,승용,여,51세,경상
2014070700100482,2014년 7월 7일 19시,월요일,경상남도 거제시 사등면,부상신고사고,0,0,0,3,차대차 - 측면직각충돌,안전운전불이행,건조,맑음,단일로 - 기타,승용,남,26세,상해없음,승용,남,36세,부상신고
2014070700100483,2014년 7월 7일 19시,월요일,경상남도 창원시 성산구 가음정동,경상사고,0,0,1,0,차대사람 - 횡단중,보행자보호의무위반,건조,맑음,교차로 - 교차로부근,승용,남,61세,상해없음,보행자,남,48세,경상
2014070700100484,2014년 7월 7일 19시,월요일,경상남도 창원시 마산회원구 봉암동,중상사고,0,1,3,0,차대차 - 측면직각충돌,안전운전불이행,건조,맑음,교차로 - 교차로부근,승용,남,65세,상해없음,승용,남,43세,경상
2014070700100510,2014년 7월 7일 20시,월요일,경상남도 거제시 옥포동,중상사고,0,1,0,0,차대사람 - 기타,안전운전불이행,건조,맑음,단일로 - 기타,승용,남,37세,상해없음,보행자,여,52세,중상
2014070700100537,2014년 7월 7일 21시,월요일,경상남도 밀양시 상남면,중상사고,0,1,1,0,차대차 - 추돌 - 진행중,안전운전불이행,건조,맑음,단일로 - 기타,승용,남,32세,상해없음,화물,남,48세,경상
2014070700100538,2014년 7월 7일 21시,월요일,경상남도 진주시 금곡면,중상사고,0,5,3,0,차대차 - 추돌 - 진행중,안전운전불이행,건조,흐림,단일로 - 기타,승용,여,38세,기타불명,승용,남,41세,중상
2014070700100568,2014년 7월 7일 22시,월요일,경상남도 창원시 마산회원구 합성동,경상사고,0,0,2,0,차대차 - 측면직각충돌,안전운전불이행,습기,흐림,교차로 - 교차로부근,승용,남,62세,상해없음,승용,남,49세,경상
2014070700100569,2014년 7월 7일 22시,월요일,경상남도 김해시 장유면,중상사고,0,1,0,0,차대차 - 측면직각충돌,신호위반,건조,흐림,교차로 - 교차로안,이륜,남,21세,중상,승용,여,55세,상해없음
2014070800100018,2014년 7월 8일 00시,화요일,경상남도 양산시 삼호동,경상사고,0,0,1,0,차대차 - 기타,중앙선침범,건조,맑음,교차로 - 교차로부근,승용,남,22세,상해없음,화물,남,39세,경상
2014070800100061,2014년 7월 8일 04시,화요일,경상남도 창원시 마산합포구 동성동,중상사고,0,1,0,0,차대사람 - 횡단중,신호위반,습기,비,교차로 - 교차로부근,승용,남,51세,상해없음,보행자,남,58세,중상
2014070800100062,2014년 7월 8일 04시,화요일,경상남도 고성군 고성읍,중상사고,0,1,0,0,차대사람 - 차도통행중,안전운전불이행,습기,비,단일로 - 기타,승용,남,56세,상해없음,보행자,남,49세,중상
2014070800100112,2014년 7월 8일 07시,화요일,경상남도 창원시 의창구 도계동,중상사고,0,1,0,0,차대사람 - 차도통행중,안전운전불이행,건조,맑음,단일로 - 기타,화물,여,63세,상해없음,보행자,여,31세,중상
2014070800100157,2014년 7월 8일 08시,화요일,경상남도 창녕군 창녕읍,경상사고,0,0,2,0,차대차 - 측면직각충돌,직진우회전진행방해,습기,비,교차로 - 교차로안,승용,남,47세,경상,승용,남,33세,경상
2014070800100158,2014년 7월 8일 08시,화요일,경상남도 함안군 칠북면,중상사고,0,1,0,0,차대차 - 측면직각충돌,직진우회전진행방해,건조,맑음,교차로 - 교차로안,이륜,여,70세,중상,승용,남,31세,상해없음
2014070800100184,2014년 7월 8일 09시,화요일,경상남도 사천시 동금동,경상사고,0,0,1,0,차대차 - 기타,신호위반,습기,비,교차로 - 교차로안,승용,여,44세,상해없음,승용,남,56세,경상
2014070800100185,2014년 7월 8일 09시,화요일,경상남도 창원시 성산구 웅남동,경상사고,0,0,1,0,차대차 - 측면직각충돌,신호위반,습기,흐림,교차로 - 교차로안,화물,남,81세,상해없음,승용,남,38세,경상
2014070800100186,2014년 7월 8일 09시,화요일,경상남도 김해시 장유면,경상사고,0,0,1,0,차대사람 - 횡단중,안전운전불이행,습기,비,교차로 - 교차로부근,승용,여,36세,상해없음,보행자,여,46세,경상
2014070800100211,2014년 7월 8일 10시,화요일,경상남도 산청군 단성면,중상사고,0,1,2,0,차대차 - 정면충돌,안전운전불이행,건조,맑음,교차로 - 교차로안,화물,남,53세,상해없음,승용,남,31세,경상
2014070800100247,2014년 7월 8일 11시,화요일,경상남도 고성군 동해면,경상사고,0,0,1,0,차대사람 - 차도통행중,안전운전불이행,습기,비,교차로 - 교차로안,승용,여,42세,상해없음,보행자,남,75세,경상
2014070800100281,2014년 7월 8일 12시,화요일,경상남도 창녕군 도천면,경상사고,0,0,2,0,차대차 - 추돌 - 진행중,안전거리미확보,습기,비,단일로 - 기타,화물,남,58세,상해없음,승용,남,41세,경상
2014070800100313,2014년 7월 8일 13시,화요일,경상남도 사천시 동림동,경상사고,0,0,1,0,차대차 - 측면직각충돌,신호위반,건조,맑음,교차로 - 교차로안,승용,남,56세,상해없음,승용,남,67세,경상
2014070800100349,2014년 7월 8일 14시,화요일,경상남도 밀양시 초동면,부상신고사고,0,0,0,1,차량단독 - 전도전복,안전운전불이행,습기,비,단일로 - 기타,화물,남,60세,부상신고,,,,
2014070800100350,2014년 7월 8일 14시,화요일,경상남도 양산시 삼호동,경상사고,0,0,1,4,차대차 - 기타,안전운전불이행,건조,맑음,단일로 - 기타,특수,남,61세,상해없음,승용,남,55세,부상신고
2014070800100392,2014년 7월 8일 15시,화요일,경상남도 진주시 대안동,경상사고,0,0,1,0,차대사람 - 기타,안전운전불이행,건조,맑음,단일로 - 기타,승용,여,43세,상해없음,보행자,남,44세,경상
2014070800100393,2014년 7월 8일 15시,화요일,경상남도 거제시 고현동,경상사고,0,0,1,0,차대사람 - 기타,안전운전불이행,기타,비,단일로 - 기타,승용,남,38세,기타불명,보행자,여,81세,경상
2014070800100434,2014년 7월 8일 16시,화요일,경상남도 양산시 물금읍,중상사고,0,2,0,0,차대차 - 측면직각충돌,교차로운행방법위반,건조,맑음,교차로 - 교차로안,승용,여,51세,상해없음,승용,남,36세,중상
2014070800100462,2014년 7월 8일 17시,화요일,경상남도 진주시 하대동,중상사고,0,1,0,0,차대사람 - 횡단중,안전운전불이행,습기,흐림,단일로 - 기타,화물,남,47세,상해없음,보행자,여,63세,중상
2014070800100463,2014년 7월 8일 17시,화요일,경상남도 합천군 청덕면,중상사고,0,1,3,0,차대차 - 추돌 - 주정차중,안전거리미확보,습기,맑음,단일로 - 기타,승용,남,55세,경상,승합,남,54세,중상
2014070800100464,2014년 7월 8일 17시,화요일,경상남도 양산시 남부동,경상사고,0,0,1,0,차대사람 - 기타,안전운전불이행,건조,맑음,교차로 - 교차로안,기타불명,남,68세,상해없음,보행자,여,90세,경상
2014070800100465,2014년 7월 8일 17시,화요일,경상남도 하동군 적량면,경상사고,0,0,3,0,차대차 - 정면충돌,안전운전불이행,건조,맑음,교차로 - 교차로안,화물,남,66세,상해없음,화물,남,27세,경상
2014070800100466,2014년 7월 8일 17시,화요일,경상남도 창원시 마산회원구 봉암동,경상사고,0,0,5,0,차대차 - 측면직각충돌,신호위반,건조,흐림,교차로 - 교차로안,승용,남,44세,상해없음,화물,남,67세,경상
2014070800100508,2014년 7월 8일 18시,화요일,경상남도 사천시 사천읍,경상사고,0,0,1,0,차대차 - 기타,안전운전불이행,습기,흐림,단일로 - 기타,원동기,남,37세,경상,승용,남,51세,상해없음
2014070800100537,2014년 7월 8일 19시,화요일,경상남도 김해시 삼방동,중상사고,0,1,0,0,차대사람 - 길가장자리구역통행중,안전운전불이행,건조,흐림,단일로 - 기타,승용,남,42세,상해없음,보행자,여,37세,중상
2014070800100538,2014년 7월 8일 19시,화요일,경상남도 김해시 부원동,경상사고,0,0,1,1,차대차 - 기타,신호위반,건조,맑음,교차로 - 교차로안,승합,남,45세,부상신고,승용,남,61세,경상
2014070800100539,2014년 7월 8일 19시,화요일,경상남도 거제시 아주동,경상사고,0,0,1,0,차대차 - 기타,안전운전불이행,건조,맑음,단일로 - 기타,승용,남,32세,상해없음,원동기,남,29세,경상
2014070800100540,2014년 7월 8일 19시,화요일,경상남도 남해군 창선면,경상사고,0,0,1,0,차량단독 - 기타,안전운전불이행,건조,맑음,기타 - 기타,이륜,남,49세,경상,,,,
2014070800100541,2014년 7월 8일 19시,화요일,경상남도 김해시 진영읍,경상사고,0,0,1,0,차대차 - 측면직각충돌,신호위반,건조,맑음,교차로 - 교차로안,승용,여,26세,상해없음,승용,남,38세,경상
2014070800100582,2014년 7월 8일 20시,화요일,경상남도 양산시 주진동,경상사고,0,0,1,0,차대차 - 측면직각충돌,안전운전불이행,습기,비,단일로 - 기타,기타불명,기타불명,기타불명,기타불명,승용,여,47세,경상
2014070800100607,2014년 7월 8일 21시,화요일,경상남도 김해시 삼방동,중상사고,0,1,0,0,차대차 - 기타,교차로운행방법위반,건조,흐림,교차로 - 교차로안,승용,여,35세,상해없음,원동기,남,48세,상해없음
2014070800100669,2014년 7월 8일 23시,화요일,경상남도 창녕군 영산면,중상사고,0,2,0,0,차대차 - 측면직각충돌,신호위반,습기,흐림,교차로 - 교차로안,승용,남,31세,중상,승용,여,39세,중상
2014070800100670,2014년 7월 8일 23시,화요일,경상남도 거제시 장평동,경상사고,0,0,1,0,차대차 - 기타,안전운전불이행,기타,흐림,교차로 - 교차로부근,자전거,남,28세,상해없음,승용,남,27세,상해없음
2014070800100671,2014년 7월 8일 23시,화요일,경상남도 창원시 성산구 성주동,중상사고,0,1,0,0,차대차 - 추돌 - 주정차중,안전운전불이행,습기,흐림,기타 - 기타,승용,남,39세,상해없음,승용,남,53세,중상
2014070900100048,2014년 7월 9일 02시,수요일,경상남도 사천시 용현면,중상사고,0,1,0,0,차량단독 - 도로외이탈 - 추락,안전운전불이행,건조,맑음,단일로 - 기타,승용,남,39세,중상,,,,
2014070900100102,2014년 7월 9일 07시,수요일,경상남도 양산시 동면,경상사고,0,0,1,0,차대차 - 측면직각충돌,신호위반,건조,맑음,교차로 - 교차로안,승용,남,63세,상해없음,승용,여,58세,경상
2014070900100103,2014년 7월 9일 07시,수요일,경상남도 거제시 상동동,중상사고,0,1,0,0,차대차 - 기타,신호위반,건조,맑음,교차로 - 교차로안,승용,남,29세,상해없음,승용,남,48세,중상
2014070900100104,2014년 7월 9일 07시,수요일,경상남도 거제시 장평동,중상사고,0,1,0,0,차대차 - 기타,안전운전불이행,건조,맑음,기타 - 기타,자전거,남,34세,상해없음,자전거,남,33세,중상
2014070900100134,2014년 7월 9일 08시,수요일,경상남도 양산시 어곡동,부상신고사고,0,0,0,1,차대차 - 측면직각충돌,기타,건조,흐림,단일로 - 기타,화물,남,48세,상해없음,자전거,남,13세,부상신고
2014070900100191,2014년 7월 9일 10시,수요일,경상남도 거제시 거제면,중상사고,0,1,0,0,차대사람 - 차도통행중,교차로운행방법위반,건조,맑음,교차로 - 교차로안,승용,남,22세,상해없음,보행자,남,93세,중상
2014070900100192,2014년 7월 9일 10시,수요일,경상남도 거제시 고현동,경상사고,0,0,1,0,차대차 - 측면직각충돌,교차로운행방법위반,습기,비,교차로 - 교차로부근,화물,남,43세,상해없음,승용,여,36세,경상
2014070900100193,2014년 7월 9일 10시,수요일,경상남도 창원시 성산구 사파동,경상사고,0,0,2,0,차대차 - 측면직각충돌,안전거리미확보,건조,흐림,단일로 - 기타,승용,남,47세,상해없음,화물,남,54세,경상
2014070900100231,2014년 7월 9일 11시,수요일,경상남도 거제시 고현동,중상사고,0,1,0,0,차대차 - 측면직각충돌,신호위반,습기,비,교차로 - 교차로안,승용,남,52세,상해없음,승용,여,36세,중상
2014070900100311,2014년 7월 9일 14시,수요일,경상남도 통영시 광도면,경상사고,0,0,1,0,차대차 - 정면충돌,안전운전불이행,건조,맑음,교차로 - 교차로안,승용,여,21세,상해없음,승용,남,51세,경상
2014070900100348,2014년 7월 9일 15시,수요일,경상남도 통영시 명정동,중상사고,0,1,0,0,차대차 - 측면직각충돌,안전운전불이행,건조,맑음,단일로 - 기타,승용,남,56세,상해없음,승용,남,55세,중상
2014070900100385,2014년 7월 9일 16시,수요일,경상남도 양산시 교동,경상사고,0,0,1,0,차대차 - 기타,안전운전불이행,건조,맑음,단일로 - 기타,기타불명,기타불명,기타불명,기타불명,승용,여,42세,경상
2014070900100422,2014년 7월 9일 17시,수요일,경상남도 사천시 사천읍,부상신고사고,0,0,0,1,차대사람 - 횡단중,안전운전불이행,건조,맑음,교차로 - 교차로부근,승용,남,65세,상해없음,보행자,남,7세,부상신고
2014070900100423,2014년 7월 9일 17시,수요일,경상남도 거제시 고현동,부상신고사고,0,0,0,1,차대차 - 추돌 - 진행중,보행자보호의무위반,건조,맑음,교차로 - 교차로부근,기타불명,기타불명,기타불명,기타불명,자전거,남,28세,부상신고