사고번호,사고일시,요일,시군구,사고내용,사망자수,중상자수,경상자수,부상신고자수,사고유형,법규위반,노면상태,기상상태,도로형태,가해운전자 차종,가해운전자 성별,가해운전자 연령,가해운전자 상해정도,피해운전자 차종,피해운전자 성별,피해운전자 연령,피해운전자 상해정도
2014070900100424,2014년 7월 9일 17시,수요일,경상남도 창원시 마산회원구 회원동,중상사고,0,1,0,0,차대사람 - 횡단중,보행자보호의무위반,습기,비,단일로 - 횡단보도상,승용,남,28세,상해없음,보행자,남,11세,중상
2014070900100425,2014년 7월 9일 17시,수요일,경상남도 창원시 마산회원구 봉암동,경상사고,0,0,1,0,차대차 - 측면직각충돌,안전운전불이행,건조,맑음,단일로 - 기타,승합,남,52세,상해없음,자전거,남,29세,상해없음
2014070900100470,2014년 7월 9일 18시,수요일,경상남도 진주시 호탄동,중상사고,0,1,0,0,차대차 - 기타,신호위반,건조,맑음,교차로 - 교차로안,승용,남,52세,상해없음,승용,남,31세,중상
2014070900100471,2014년 7월 9일 18시,수요일,경상남도 김해시 삼정동,경상사고,0,0,1,0,차량단독 - 기타,안전운전불이행,건조,맑음,교차로 - 교차로부근,자전거,남,17세,경상,,,,
2014070900100472,2014년 7월 9일 18시,수요일,경상남도 양산시 명동,경상사고,0,0,1,0,차대사람 - 기타,안전운전불이행,건조,맑음,기타 - 기타,기타불명,기타불명,기타불명,기타불명,보행자,여,52세,경상
2014070900100473,2014년 7월 9일 18시,수요일,경상남도 고성군 동해면,경상사고,0,0,1,0,차대차 - 측면직각충돌,직진우회전진행방해,습기,비,교차로 - 교차로안,승용,남,51세,상해없음,이륜,남,51세,경상
2014070900100538,2014년 7월 9일 20시,수요일,경상남도 창원시 마산회원구 내서읍,중상사고,0,1,2,0,차대차 - 추돌 - 진행중,안전운전불이행,습기,비,단일로 - 기타,승용,남,34세,상해없음,승용,여,43세,경상
2014070900100576,2014년 7월 9일 21시,수요일,경상남도 진주시 가좌동,경상사고,0,0,2,0,차대차 - 기타,안전운전불이행,습기,비,단일로 - 기타,화물,남,46세,상해없음,승합,남,36세,상해없음
2014070900100577,2014년 7월 9일 21시,수요일,경상남도 사천시 축동면,중상사고,0,1,0,0,차량단독 - 공작물충돌,안전운전불이행,습기,비,교차로 - 교차로안,승용,남,28세,중상,,,,
2014070900100578,2014년 7월 9일 21시,수요일,경상남도 거제시 아주동,경상사고,0,0,1,0,차대차 - 기타,안전운전불이행,건조,맑음,단일로 - 기타,원동기,남,17세,상해없음,자전거,남,20세,경상
2014070900100606,2014년 7월 9일 22시,수요일,경상남도 진주시 칠암동,중상사고,0,1,0,0,차대사람 - 기타,안전운전불이행,건조,맑음,단일로 - 기타,승합,남,51세,상해없음,보행자,남,41세,중상
2014070900100607,2014년 7월 9일 22시,수요일,경상남도 통영시 무전동,경상사고,0,0,1,0,차대차 - 추돌 - 주정차중,안전운전불이행,습기,비,단일로 - 기타,승용,남,47세,상해없음,원동기,남,17세,경상
2014070900100608,2014년 7월 9일 22시,수요일,경상남도 사천시 사천읍,경상사고,0,0,1,0,차대사람 - 기타,안전운전불이행,습기,비,단일로 - 기타,이륜,남,17세,상해없음,보행자,남,31세,경상
2014070900100609,2014년 7월 9일 22시,수요일,경상남도 김해시 내동,중상사고,0,1,2,0,차대차 - 측면직각충돌,안전운전불이행,습기,맑음,단일로 - 기타,승합,남,57세,상해없음,화물,남,46세,중상
2014070900100610,2014년 7월 9일 22시,수요일,경상남도 창원시 마산회원구 구암동,중상사고,0,1,0,0,차대차 - 기타,안전운전불이행,습기,비,단일로 - 기타,승용,남,52세,기타불명,자전거,남,15세,중상
2014070900100638,2014년 7월 9일 23시,수요일,경상남도 김해시 불암동,중상사고,0,1,2,0,차대차 - 추돌 - 주정차중,안전운전불이행,습기,비,단일로 - 기타,승용,남,41세,상해없음,승용,여,34세,중상
2014070900100639,2014년 7월 9일 23시,수요일,경상남도 거제시 양정동,경상사고,0,0,1,0,차대사람 - 기타,보행자보호의무위반,습기,비,단일로 - 횡단보도상,승용,남,41세,상해없음,보행자,여,47세,경상
2014071000100028,2014년 7월 10일 00시,목요일,경상남도 거창군 거창읍,경상사고,0,0,1,0,차대차 - 측면직각충돌,신호위반,건조,기타,교차로 - 교차로안,이륜,남,43세,경상,승용,남,33세,상해없음
2014071000100029,2014년 7월 10일 00시,목요일,경상남도 남해군 이동면,경상사고,0,0,1,0,차대사람 - 기타,과속,건조,맑음,기타 - 기타,승용,남,57세,상해없음,보행자,남,17세,경상
2014071000100120,2014년 7월 10일 07시,목요일,경상남도 양산시 동면,중상사고,0,1,0,0,차대차 - 측면직각충돌,안전운전불이행,습기,흐림,교차로 - 교차로안,승용,남,45세,상해없음,자전거,여,55세,중상
2014071000100170,2014년 7월 10일 08시,목요일,경상남도 김해시 서상동,중상사고,0,2,0,0,차대차 - 추돌 - 진행중,안전거리미확보,건조,맑음,단일로 - 기타,승용,남,23세,상해없음,승용,여,46세,중상
2014071000100171,2014년 7월 10일 08시,목요일,경상남도 창녕군 성산면,중상사고,0,1,0,0,차대차 - 추돌 - 진행중,안전운전불이행,건조,맑음,단일로 - 기타,승용,남,37세,상해없음,농기계,남,71세,중상
2014071000100172,2014년 7월 10일 08시,목요일,경상남도 양산시 물금읍,경상사고,0,0,1,0,차대차 - 측면직각충돌,안전운전불이행,건조,맑음,교차로 - 교차로안,승용,남,60세,상해없음,승용,여,44세,경상
2014071000100173,2014년 7월 10일 08시,목요일,경상남도 창원시 의창구 팔용동,경상사고,0,0,1,0,차대사람 - 기타,안전운전불이행,건조,맑음,기타 - 기타,승합,남,54세,상해없음,보행자,남,55세,경상
2014071000100206,2014년 7월 10일 09시,목요일,경상남도 사천시 사천읍,중상사고,0,3,0,0,차대차 - 측면직각충돌,안전거리미확보,건조,맑음,단일로 - 기타,원동기,남,82세,중상,승용,여,56세,중상
2014071000100207,2014년 7월 10일 09시,목요일,경상남도 김해시 화목동,중상사고,0,1,0,0,차대사람 - 기타,안전운전불이행,건조,맑음,단일로 - 기타,화물,남,51세,상해없음,보행자,여,43세,중상
2014071000100268,2014년 7월 10일 11시,목요일,경상남도 창원시 마산합포구 진동면,경상사고,0,0,1,1,차대차 - 측면직각충돌,안전거리미확보,건조,맑음,단일로 - 기타,승용,여,58세,부상신고,화물,남,37세,경상
2014071000100269,2014년 7월 10일 11시,목요일,경상남도 창원시 마산회원구 내서읍,중상사고,0,1,1,0,차대차 - 측면직각충돌,안전운전불이행,건조,맑음,교차로 - 교차로안,승용,남,56세,중상,승용,여,61세,경상
2014071000100292,2014년 7월 10일 12시,목요일,경상남도 김해시 풍유동,중상사고,0,1,0,0,차대차 - 기타,안전운전불이행,건조,맑음,기타 - 기타,승용,남,58세,기타불명,승용,남,28세,중상
2014071000100312,2014년 7월 10일 13시,목요일,경상남도 함안군 산인면,중상사고,0,2,0,0,차대차 - 측면직각충돌,중앙선침범,건조,맑음,단일로 - 기타,승용,여,39세,상해없음,승용,남,67세,중상
2014071000100339,2014년 7월 10일 14시,목요일,경상남도 김해시 진영읍,부상신고사고,0,0,0,1,차대차 - 측면직각충돌,신호위반,건조,맑음,교차로 - 교차로안,자전거,남,45세,부상신고,승합,남,22세,상해없음
2014071000100409,2014년 7월 10일 16시,목요일,경상남도 합천군 삼가면,경상사고,0,0,1,0,차대차 - 기타,안전운전불이행,건조,맑음,단일로 - 기타,승용,남,25세,상해없음,이륜,남,79세,경상
2014071000100410,2014년 7월 10일 16시,목요일,경상남도 양산시 물금읍,중상사고,0,1,2,0,차대차 - 측면직각충돌,안전운전불이행,건조,맑음,교차로 - 교차로안,승용,여,46세,중상,승용,여,37세,경상
2014071000100450,2014년 7월 10일 17시,목요일,경상남도 창원시 마산합포구 오동동,중상사고,0,1,0,0,차대차 - 추돌 - 주정차중,안전운전불이행,건조,맑음,단일로 - 기타,승용,여,53세,상해없음,승용,여,38세,중상
2014071000100451,2014년 7월 10일 17시,목요일,경상남도 김해시 대동면,경상사고,0,0,3,0,차대차 - 기타,불법유턴,건조,맑음,기타 - 기타,화물,남,59세,상해없음,승용,남,18세,경상
2014071000100504,2014년 7월 10일 18시,목요일,경상남도 진주시 진성면,중상사고,0,1,0,0,차대사람 - 차도통행중,안전운전불이행,건조,맑음,교차로 - 교차로안,화물,남,50세,상해없음,보행자,여,81세,중상
2014071000100505,2014년 7월 10일 18시,목요일,경상남도 창원시 마산회원구 내서읍,경상사고,0,0,4,0,차대차 - 추돌 - 주정차중,안전운전불이행,건조,맑음,단일로 - 기타,승용,남,52세,상해없음,승용,여,41세,경상
2014071000100544,2014년 7월 10일 19시,목요일,경상남도 김해시 내동,중상사고,0,1,0,0,차량단독 - 기타,안전운전불이행,건조,맑음,단일로 - 기타,자전거,남,14세,기타불명,,,,
2014071000100575,2014년 7월 10일 20시,목요일,경상남도 김해시 내동,경상사고,0,0,1,0,차대차 - 추돌 - 주정차중,안전운전불이행,건조,맑음,단일로 - 기타,승용,남,28세,기타불명,승용,남,50세,경상
2014071000100576,2014년 7월 10일 20시,목요일,경상남도 합천군 대병면,사망사고,1,0,2,0,차대차 - 추돌 - 진행중,안전운전불이행,건조,맑음,단일로 - 기타,화물,남,54세,경상,농기계,남,51세,사망
2014071000100577,2014년 7월 10일 20시,목요일,경상남도 양산시 남부동,경상사고,0,0,1,0,차대차 - 측면직각충돌,신호위반,건조,맑음,교차로 - 교차로안,승용,남,57세,상해없음,승용,여,55세,경상
2014071000100578,2014년 7월 10일 20시,목요일,경상남도 양산시 물금읍,부상신고사고,0,0,0,1,차대차 - 기타,안전운전불이행,건조,맑음,교차로 - 교차로안,승용,남,66세,상해없음,자전거,남,13세,부상신고
2014071000100616,2014년 7월 10일 21시,목요일,경상남도 거제시 연초면,중상사고,0,1,0,0,차대차 - 측면직각충돌,안전운전불이행,습기,흐림,교차로 - 교차로부근,승용,남,28세,상해없음,이륜,남,44세,중상
2014071000100665,2014년 7월 10일 23시,목요일,경상남도 김해시 진례면,중상사고,0,3,0,0,차대차 - 정면충돌,중앙선침범,건조,맑음,단일로 - 기타,승용,여,31세,상해없음,승용,남,29세,중상
2014071100100030,2014년 7월 11일 01시,금요일,경상남도 창녕군 창녕읍,중상사고,0,1,1,0,차대사람 - 횡단중,안전운전불이행,건조,맑음,단일로 - 기타,승용,남,23세,상해없음,보행자,남,38세,중상
2014071100100065,2014년 7월 11일 04시,금요일,경상남도 사천시 선구동,경상사고,0,0,1,0,차대사람 - 횡단중,보행자보호의무위반,건조,맑음,교차로 - 교차로안,승용,여,44세,상해없음,보행자,남,71세,경상
2014071100100086,2014년 7월 11일 06시,금요일,경상남도 밀양시 내이동,중상사고,0,2,0,0,차대차 - 측면직각충돌,신호위반,건조,맑음,교차로 - 교차로안,승용,남,38세,상해없음,이륜,남,83세,중상
2014071100100087,2014년 7월 11일 06시,금요일,경상남도 김해시 진영읍,경상사고,0,0,1,0,차대차 - 기타,교차로운행방법위반,건조,맑음,교차로 - 교차로안,승용,남,68세,상해없음,이륜,남,27세,경상
2014071100100113,2014년 7월 11일 07시,금요일,경상남도 창원시 마산합포구 문화동,경상사고,0,0,1,0,차대사람 - 기타,안전운전불이행,건조,맑음,단일로 - 기타,승용,여,42세,상해없음,보행자,여,17세,경상
2014071100100114,2014년 7월 11일 07시,금요일,경상남도 창원시 성산구 상남동,부상신고사고,0,0,0,1,차대사람 - 기타,보행자보호의무위반,건조,맑음,교차로 - 교차로안,승용,기타불명,기타불명,기타불명,보행자,여,16세,부상신고
2014071100100155,2014년 7월 11일 08시,금요일,경상남도 통영시 광도면,경상사고,0,0,3,0,차대차 - 추돌 - 진행중,안전운전불이행,건조,맑음,교차로 - 교차로부근,특수,남,51세,상해없음,승용,여,37세,경상
2014071100100156,2014년 7월 11일 08시,금요일,경상남도 거제시 고현동,경상사고,0,0,1,0,차대차 - 추돌 - 진행중,안전운전불이행,건조,맑음,교차로 - 교차로부근,승용,여,38세,상해없음,화물,남,44세,경상
2014071100100157,2014년 7월 11일 08시,금요일,경상남도 창원시 의창구 봉곡동,경상사고,0,0,1,0,차대차 - 측면직각충돌,직진우회전진행방해,건조,맑음,교차로 - 교차로안,승용,남,62세,상해없음,승용,여,66세,경상
2014071100100184,2014년 7월 11일 09시,금요일,경상남도 김해시 서상동,중상사고,0,1,0,0,차대차 - 측면직각충돌,안전운전불이행,건조,맑음,교차로 - 교차로안,승합,남,35세,상해없음,원동기,남,60세,중상
2014071100100185,2014년 7월 11일 09시,금요일,경상남도 거제시 능포동,중상사고,0,1,0,0,차량단독 - 기타,기타,건조,맑음,단일로 - 기타,승합,남,62세,기타불명,,,,
2014071100100223,2014년 7월 11일 10시,금요일,경상남도 진주시 평거동,경상사고,0,0,1,0,차대차 - 추돌 - 주정차중,안전운전불이행,건조,맑음,교차로 - 교차로부근,승용,여,27세,상해없음,승용,남,49세,경상
2014071100100224,2014년 7월 11일 10시,금요일,경상남도 창원시 의창구 북면,중상사고,0,1,0,0,차대사람 - 횡단중,안전운전불이행,건조,맑음,단일로 - 기타,원동기,남,18세,상해없음,보행자,여,53세,중상
2014071100100256,2014년 7월 11일 11시,금요일,경상남도 밀양시 부북면,사망사고,1,0,0,0,차량단독 - 공작물충돌,안전운전불이행,건조,맑음,단일로 - 기타,승용,남,65세,사망,,,,
2014071100100308,2014년 7월 11일 13시,금요일,경상남도 통영시 서호동,경상사고,0,0,1,0,차대차 - 기타,안전운전불이행,건조,맑음,단일로 - 기타,화물,남,66세,상해없음,자전거,남,17세,경상
2014071100100309,2014년 7월 11일 13시,금요일,경상남도 함안군 칠서면,경상사고,0,0,3,0,차대차 - 추돌 - 진행중,기타,건조,맑음,단일로 - 기타,승용,남,28세,상해없음,승용,여,24세,경상
2014071100100355,2014년 7월 11일 14시,금요일,경상남도 통영시 광도면,중상사고,0,1,0,0,차대사람 - 횡단중,안전운전불이행,건조,맑음,교차로 - 교차로부근,화물,남,62세,상해없음,보행자,여,80세,중상
2014071100100356,2014년 7월 11일 14시,금요일,경상남도 양산시 매곡동,중상사고,0,1,0,0,차량단독 - 기타,안전운전불이행,건조,맑음,단일로 - 기타,화물,남,21세,중상,,,,
2014071100100389,2014년 7월 11일 15시,금요일,경상남도 양산시 동면,중상사고,0,1,0,1,차대차 - 기타,신호위반,건조,맑음,교차로 - 교차로안,승용,남,57세,부상신고,승용,남,54세,중상
2014071100100390,2014년 7월 11일 15시,금요일,경상남도 남해군 삼동면,경상사고,0,0,1,0,차대차 - 기타,안전운전불이행,건조,맑음,교차로 - 교차로부근,이륜,남,61세,경상,승합,남,39세,상해없음
2014071100100424,2014년 7월 11일 16시,금요일,경상남도 진주시 상평동,경상사고,0,0,1,0,차대차 - 측면직각충돌,안전운전불이행,건조,맑음,단일로 - 기타,자전거,남,32세,경상,승용,여,46세,상해없음
2014071100100481,2014년 7월 11일 17시,금요일,경상남도 진주시 인사동,경상사고,0,0,1,0,차대차 - 측면직각충돌,안전운전불이행,건조,맑음,교차로 - 교차로부근,화물,남,43세,상해없음,자전거,남,73세,경상
2014071100100503,2014년 7월 11일 18시,금요일,경상남도 김해시 장유면,중상사고,0,4,1,4,차대차 - 추돌 - 진행중,안전운전불이행,건조,흐림,단일로 - 기타,승합,남,55세,상해없음,승용,남,51세,상해없음
2014071100100540,2014년 7월 11일 18시,금요일,경상남도 김해시 내동,중상사고,0,1,0,0,차대차 - 측면직각충돌,신호위반,건조,맑음,교차로 - 교차로안,이륜,남,21세,중상,승용,여,46세,상해없음
2014071100100541,2014년 7월 11일 18시,금요일,경상남도 창녕군 계성면,중상사고,0,1,1,0,차대차 - 측면직각충돌,직진우회전진행방해,건조,맑음,교차로 - 교차로안,승용,남,26세,경상,승용,여,57세,중상
2014071100100542,2014년 7월 11일 18시,금요일,경상남도 거제시 고현동,경상사고,0,0,1,0,차대차 - 측면직각충돌,안전거리미확보,건조,맑음,단일로 - 기타,승합,남,56세,기타불명,원동기,남,29세,경상
2014071100100579,2014년 7월 11일 19시,금요일,경상남도 창원시 진해구 이동,경상사고,0,0,3,0,차대차 - 기타,안전운전불이행,건조,맑음,교차로 - 교차로안,승용,남,30세,기타불명,승용,남,62세,경상
2014071100100580,2014년 7월 11일 19시,금요일,경상남도 창녕군 남지읍,중상사고,0,1,0,0,차대차 - 측면직각충돌,안전운전불이행,건조,맑음,단일로 - 기타,승용,여,33세,상해없음,원동기,남,46세,중상
2014071100100629,2014년 7월 11일 20시,금요일,경상남도 진주시 신안동,중상사고,0,1,0,0,차대차 - 추돌 - 진행중,안전거리미확보,건조,맑음,단일로 - 기타,승용,남,53세,상해없음,이륜,남,36세,중상
2014071100100664,2014년 7월 11일 21시,금요일,경상남도 사천시 벌리동,경상사고,0,0,1,0,차대사람 - 기타,교차로운행방법위반,건조,맑음,교차로 - 교차로부근,승용,여,31세,상해없음,보행자,여,40세,경상
2014071100100665,2014년 7월 11일 21시,금요일,경상남도 창원시 성산구 대방동,경상사고,0,0,1,0,차대사람 - 기타,안전운전불이행,건조,맑음,단일로 - 기타,승용,남,45세,상해없음,보행자,여,5세,경상
2014071100100687,2014년 7월 11일 22시,금요일,경상남도 양산시 하북면,중상사고,0,2,1,0,차대차 - 추돌 - 진행중,안전운전불이행,건조,맑음,단일로 - 기타,승용,여,18세,상해없음,승합,남,64세,중상
2014071100100714,2014년 7월 11일 22시,금요일,경상남도 거창군 거창읍,경상사고,0,0,1,0,차대사람 - 보도통행중,교차로운행방법위반,건조,맑음,교차로 - 교차로안,승용,여,41세,상해없음,보행자,남,53세,경상
2014071100100715,2014년 7월 11일 22시,금요일,경상남도 창원시 의창구 팔용동,경상사고,0,0,1,0,차대차 - 측면직각충돌,안전거리미확보,건조,맑음,단일로 - 기타,화물,남,29세,상해없음,승용,남,57세,경상
2014071200100046,2014년 7월 12일 01시,토요일,경상남도 창원시 진해구 자은동,경상사고,0,0,1,0,차대차 - 기타,안전운전불이행,건조,맑음,교차로 - 교차로부근,승용,남,41세,상해없음,승용,남,49세,경상
2014071200100067,2014년 7월 12일 02시,토요일,경상남도 거제시 고현동,경상사고,0,0,1,0,차대차 - 기타,신호위반,건조,맑음,교차로 - 교차로안,이륜,남,18세,기타불명,승용,남,64세,경상
2014071200100086,2014년 7월 12일 03시,토요일,경상남도 창원시 성산구 상남동,경상사고,0,0,1,0,차대차 - 기타,안전운전불이행,건조,맑음,단일로 - 기타,승용,여,17세,상해없음,승용,남,24세,경상
2014071200100103,2014년 7월 12일 04시,토요일,경상남도 김해시 삼정동,중상사고,0,1,0,0,차대차 - 추돌 - 진행중,안전운전불이행,건조,맑음,단일로 - 기타,승용,여,42세,상해없음,승용,남,32세,중상
2014071200100104,2014년 7월 12일 04시,토요일,경상남도 김해시 외동,중상사고,0,1,0,0,차량단독 - 공작물충돌,안전운전불이행,건조,맑음,단일로 - 기타,승용,남,25세,중상,,,,
2014071200100198,2014년 7월 12일 09시,토요일,경상남도 사천시 동금동,중상사고,0,1,0,0,차대사람 - 횡단중,안전운전불이행,건조,맑음,교차로 - 교차로안,승용,남,36세,상해없음,보행자,여,67세,중상
2014071200100199,2014년 7월 12일 09시,토요일,경상남도 창녕군 대지면,중상사고,0,1,0,0,차대차 - 측면직각충돌,안전운전불이행,건조,맑음,교차로 - 교차로부근,원동기,여,75세,중상,승합,남,20세,상해없음
2014071200100235,2014년 7월 12일 10시,토요일,경상남도 양산시 북부동,경상사고,0,0,2,0,차대차 - 측면직각충돌,안전운전불이행,건조,맑음,단일로 - 기타,승용,여,27세,경상,화물,남,60세,상해없음
2014071200100267,2014년 7월 12일 11시,토요일,경상남도 김해시 구산동,중상사고,0,1,0,0,차대차 - 측면직각충돌,안전운전불이행,건조,맑음,단일로 - 기타,이륜,남,24세,중상,승용,남,37세,상해없음
2014071200100297,2014년 7월 12일 12시,토요일,경상남도 사천시 향촌동,중상사고,0,1,0,0,차대사람 - 횡단중,보행자보호의무위반,건조,맑음,단일로 - 횡단보도상,승용,남,56세,상해없음,보행자,여,69세,중상
2014071200100298,2014년 7월 12일 12시,토요일,경상남도 김해시 외동,중상사고,0,1,0,0,차대사람 - 기타,안전운전불이행,건조,맑음,기타 - 기타,화물,남,37세,상해없음,보행자,여,59세,중상
2014071200100299,2014년 7월 12일 12시,토요일,경상남도 양산시 삼호동,경상사고,0,0,1,1,차대차 - 측면직각충돌,기타,건조,맑음,교차로 - 교차로안,승용,여,65세,부상신고,승용,남,35세,경상
2014071200100300,2014년 7월 12일 12시,토요일,경상남도 거제시 고현동,중상사고,0,1,0,0,차대차 - 기타,안전거리미확보,건조,맑음,교차로 - 교차로안,승용,남,47세,상해없음,승용,남,53세,중상
2014071200100301,2014년 7월 12일 12시,토요일,경상남도 김해시 장유면,중상사고,0,1,0,0,차대차 - 측면직각충돌,안전운전불이행,건조,맑음,교차로 - 교차로부근,승용,남,34세,상해없음,승용,여,49세,중상
2014071200100326,2014년 7월 12일 13시,토요일,경상남도 창원시 마산합포구 진전면,중상사고,0,2,0,0,차량단독 - 공작물충돌,안전운전불이행,건조,맑음,단일로 - 기타,화물,남,50세,중상,,,,
2014071200100359,2014년 7월 12일 14시,토요일,경상남도 진주시 명석면,중상사고,0,3,0,0,차대차 - 추돌 - 진행중,안전운전불이행,건조,맑음,단일로 - 기타,승용,남,38세,중상,승용,남,60세,중상
2014071200100384,2014년 7월 12일 15시,토요일,경상남도 사천시 사천읍,경상사고,0,0,6,0,차대차 - 추돌 - 주정차중,안전운전불이행,건조,맑음,교차로 - 교차로부근,승용,남,66세,상해없음,승용,남,20세,경상
2014071200100409,2014년 7월 12일 16시,토요일,경상남도 거제시 덕포동,중상사고,0,1,0,0,차대사람 - 기타,안전운전불이행,건조,맑음,교차로 - 교차로안,승용,남,32세,상해없음,보행자,남,46세,중상
2014071200100410,2014년 7월 12일 16시,토요일,경상남도 창원시 의창구 명서동,경상사고,0,0,1,0,차대차 - 기타,안전거리미확보,건조,맑음,단일로 - 기타,화물,남,61세,상해없음,승합,남,52세,상해없음
2014071200100436,2014년 7월 12일 17시,토요일,경상남도 산청군 삼장면,경상사고,0,0,1,0,차대사람 - 길가장자리구역통행중,안전운전불이행,건조,맑음,단일로 - 기타,승용,남,69세,상해없음,보행자,남,57세,경상
2014071200100459,2014년 7월 12일 18시,토요일,경상남도 김해시 한림면,중상사고,0,1,0,0,차대차 - 정면충돌,안전운전불이행,건조,맑음,단일로 - 기타,화물,남,53세,상해없음,자전거,남,33세,중상
2014071200100484,2014년 7월 12일 19시,토요일,경상남도 진주시 금산면,경상사고,0,0,1,0,차대사람 - 횡단중,보행자보호의무위반,건조,맑음,교차로 - 교차로안,승용,여,34세,상해없음,보행자,남,19세,경상
2014071200100485,2014년 7월 12일 19시,토요일,경상남도 양산시 물금읍,중상사고,0,1,0,0,차대사람 - 기타,안전운전불이행,건조,맑음,교차로 - 교차로부근,원동기,남,31세,기타불명,보행자,남,46세,중상
2014071200100486,2014년 7월 12일 19시,토요일,경상남도 김해시 진영읍,중상사고,0,1,0,0,차대사람 - 횡단중,안전운전불이행,건조,맑음,단일로 - 기타,원동기,남,27세,상해없음,보행자,여,12세,중상
2014071200100523,2014년 7월 12일 20시,토요일,경상남도 진주시 가좌동,중상사고,0,1,0,0,차대사람 - 횡단중,안전운전불이행,건조,맑음,교차로 - 교차로안,승용,남,52세,상해없음,보행자,여,56세,중상
2014071200100557,2014년 7월 12일 21시,토요일,경상남도 진주시 신안동,중상사고,0,1,0,0,차대사람 - 횡단중,안전운전불이행,건조,맑음,단일로 - 기타,승용,여,43세,상해없음,보행자,남,54세,중상
2014071200100558,2014년 7월 12일 21시,토요일,경상남도 창원시 마산회원구 봉암동,중상사고,0,1,0,0,차대사람 - 횡단중,안전운전불이행,건조,맑음,교차로 - 교차로부근,승용,여,51세,상해없음,보행자,남,78세,중상
2014071200100583,2014년 7월 12일 22시,토요일,경상남도 진주시 봉래동,중상사고,0,1,0,0,차대사람 - 기타,안전운전불이행,건조,맑음,단일로 - 기타,승용,남,32세,상해없음,보행자,남,64세,중상
2014071200100584,2014년 7월 12일 22시,토요일,경상남도 양산시 삼호동,중상사고,0,1,0,1,차대차 - 측면직각충돌,안전운전불이행,건조,맑음,교차로 - 교차로안,승용,남,60세,부상신고,승용,여,53세,중상
2014071200100607,2014년 7월 12일 23시,토요일,경상남도 창원시 마산회원구 두척동,경상사고,0,0,1,0,차대차 - 기타,안전운전불이행,습기,비,단일로 - 기타,승용,남,24세,상해없음,승용,남,29세,상해없음
2014071300100019,2014년 7월 13일 00시,일요일,경상남도 창원시 성산구 중앙동,경상사고,0,0,3,0,차대차 - 기타,안전운전불이행,습기,비,기타 - 기타,승용,남,55세,상해없음,승용,남,25세,경상
2014071300100020,2014년 7월 13일 00시,일요일,경상남도 창원시 마산회원구 석전동,중상사고,0,1,0,0,차대차 - 기타,신호위반,습기,비,교차로 - 교차로안,승용,남,62세,상해없음,승용,남,52세,중상
2014071300100066,2014년 7월 13일 02시,일요일,경상남도 거제시 장평동,중상사고,0,2,0,0,차량단독 - 전도전복,안전운전불이행,건조,맑음,단일로 - 기타,이륜,남,22세,중상,,,,
2014071300100081,2014년 7월 13일 03시,일요일,경상남도 밀양시 산외면,경상사고,0,0,1,0,차대차 - 정면충돌,중앙선침범,습기,비,교차로 - 교차로부근,승용,남,49세,상해없음,승용,남,59세,경상
2014071300100082,2014년 7월 13일 03시,일요일,경상남도 거제시 고현동,경상사고,0,0,1,0,차대차 - 기타,안전운전불이행,습기,비,교차로 - 교차로안,승용,여,29세,상해없음,승용,남,26세,경상
2014071300100141,2014년 7월 13일 07시,일요일,경상남도 남해군 창선면,중상사고,0,1,0,0,차량단독 - 공작물충돌,안전운전불이행,습기,비,기타 - 기타,승용,남,40세,상해없음,,,,
2014071300100159,2014년 7월 13일 08시,일요일,경상남도 김해시 안동,중상사고,0,1,0,0,차대차 - 추돌 - 주정차중,안전운전불이행,습기,비,교차로 - 교차로부근,승용,남,26세,상해없음,승용,남,52세,상해없음
2014071300100160,2014년 7월 13일 08시,일요일,경상남도 의령군 용덕면,중상사고,0,1,0,0,차대사람 - 기타,안전운전불이행,습기,비,단일로 - 기타,승합,남,57세,상해없음,보행자,여,79세,중상
2014071300100173,2014년 7월 13일 09시,일요일,경상남도 밀양시 산외면,중상사고,0,1,3,0,차대차 - 측면직각충돌,신호위반,건조,맑음,교차로 - 교차로안,승합,남,44세,상해없음,승용,남,46세,경상
2014071300100174,2014년 7월 13일 09시,일요일,경상남도 창원시 성산구 가음정동,경상사고,0,0,1,0,차대차 - 측면직각충돌,교차로운행방법위반,건조,맑음,교차로 - 교차로안,승용,남,58세,상해없음,승용,여,53세,상해없음
2014071300100224,2014년 7월 13일 12시,일요일,경상남도 창원시 진해구 용원동,경상사고,0,0,1,0,차대차 - 기타,안전운전불이행,습기,비,단일로 - 기타,승용,남,27세,기타불명,이륜,남,33세,경상
2014071300100295,2014년 7월 13일 14시,일요일,경상남도 창원시 마산합포구 동성동,경상사고,0,0,1,0,차대차 - 기타,신호위반,건조,흐림,교차로 - 교차로안,이륜,남,23세,경상,승용,여,52세,상해없음
2014071300100296,2014년 7월 13일 14시,일요일,경상남도 양산시 상북면,경상사고,0,0,2,0,차대차 - 기타,안전운전불이행,건조,맑음,단일로 - 기타,원동기,남,37세,기타불명,승용,남,32세,상해없음
2014071300100297,2014년 7월 13일 14시,일요일,경상남도 김해시 진례면,중상사고,0,1,0,0,차대차 - 기타,안전운전불이행,습기,맑음,단일로 - 기타,승합,남,47세,상해없음,원동기,남,65세,중상