사고번호,사고일시,요일,시군구,사고내용,사망자수,중상자수,경상자수,부상신고자수,사고유형,법규위반,노면상태,기상상태,도로형태,가해운전자 차종,가해운전자 성별,가해운전자 연령,가해운전자 상해정도,피해운전자 차종,피해운전자 성별,피해운전자 연령,피해운전자 상해정도
2014071300100328,2014년 7월 13일 15시,일요일,경상남도 김해시 장유면,중상사고,0,2,1,0,차대차 - 정면충돌,중앙선침범,건조,흐림,기타 - 기타,승용,남,45세,중상,승합,남,44세,경상
2014071300100349,2014년 7월 13일 16시,일요일,경상남도 진주시 하대동,중상사고,0,1,0,0,차대차 - 측면직각충돌,안전운전불이행,건조,맑음,단일로 - 기타,이륜,남,16세,중상,승용,남,47세,상해없음
2014071300100350,2014년 7월 13일 16시,일요일,경상남도 남해군 남해읍,경상사고,0,0,1,0,차대차 - 측면직각충돌,안전운전불이행,건조,맑음,교차로 - 교차로안,승용,여,41세,상해없음,이륜,남,16세,경상
2014071300100383,2014년 7월 13일 17시,일요일,경상남도 김해시 서상동,중상사고,0,1,0,0,차대차 - 측면직각충돌,직진우회전진행방해,건조,맑음,교차로 - 교차로부근,원동기,남,62세,상해없음,승용,남,36세,상해없음
2014071300100412,2014년 7월 13일 18시,일요일,경상남도 진주시 이현동,경상사고,0,0,1,0,차대차 - 측면직각충돌,기타,건조,맑음,단일로 - 기타,승용,여,57세,경상,승용,남,68세,상해없음
2014071300100413,2014년 7월 13일 18시,일요일,경상남도 창원시 의창구 대원동,중상사고,0,1,0,0,차대차 - 측면직각충돌,신호위반,건조,맑음,단일로 - 기타,승용,남,38세,상해없음,이륜,남,32세,중상
2014071300100414,2014년 7월 13일 18시,일요일,경상남도 창원시 성산구 불모산동,경상사고,0,0,1,0,차대차 - 추돌 - 주정차중,안전운전불이행,건조,맑음,단일로 - 기타,승용,여,29세,상해없음,승용,남,55세,상해없음
2014071300100446,2014년 7월 13일 19시,일요일,경상남도 하동군 횡천면,중상사고,0,2,2,0,차대차 - 측면직각충돌,중앙선침범,건조,맑음,단일로 - 기타,화물,남,64세,중상,승합,남,54세,중상
2014071300100473,2014년 7월 13일 20시,일요일,경상남도 창원시 진해구 경화동,중상사고,0,1,0,0,차대차 - 추돌 - 진행중,안전운전불이행,건조,맑음,교차로 - 교차로부근,승용,남,43세,상해없음,승용,여,32세,중상
2014071300100509,2014년 7월 13일 22시,일요일,경상남도 사천시 향촌동,경상사고,0,0,1,0,차대사람 - 기타,안전운전불이행,건조,맑음,단일로 - 기타,승용,남,45세,상해없음,보행자,여,77세,경상
2014071400100011,2014년 7월 14일 00시,월요일,경상남도 창원시 진해구 장천동,중상사고,0,1,0,0,차량단독 - 공작물충돌,안전운전불이행,건조,맑음,단일로 - 기타,승용,남,22세,중상,,,,
2014071400100021,2014년 7월 14일 01시,월요일,경상남도 창녕군 창녕읍,사망사고,1,0,0,0,차량단독 - 공작물충돌,안전운전불이행,건조,맑음,단일로 - 기타,승용,남,32세,사망,,,,
2014071400100053,2014년 7월 14일 05시,월요일,경상남도 통영시 도산면,중상사고,0,1,0,0,차대차 - 기타,안전운전불이행,건조,맑음,단일로 - 기타,이륜,남,33세,상해없음,승용,남,46세,상해없음
2014071400100089,2014년 7월 14일 07시,월요일,경상남도 사천시 신벽동,중상사고,0,1,0,0,차대차 - 추돌 - 진행중,안전운전불이행,건조,맑음,단일로 - 기타,승합,남,65세,상해없음,화물,남,41세,상해없음
2014071400100090,2014년 7월 14일 07시,월요일,경상남도 합천군 가회면,중상사고,0,1,0,0,차대차 - 측면직각충돌,중앙선침범,건조,맑음,교차로 - 교차로안,화물,남,41세,상해없음,승합,남,63세,중상
2014071400100127,2014년 7월 14일 08시,월요일,경상남도 함안군 법수면,경상사고,0,0,1,0,차대차 - 측면직각충돌,안전운전불이행,건조,맑음,단일로 - 기타,승용,여,56세,상해없음,승용,남,45세,경상
2014071400100208,2014년 7월 14일 11시,월요일,경상남도 남해군 남해읍,중상사고,0,1,0,0,차대사람 - 횡단중,보행자보호의무위반,건조,맑음,단일로 - 횡단보도상,화물,남,21세,상해없음,보행자,남,75세,중상
2014071400100258,2014년 7월 14일 13시,월요일,경상남도 고성군 고성읍,사망사고,1,0,0,0,차대차 - 측면직각충돌,안전운전불이행,건조,맑음,교차로 - 교차로부근,이륜,남,54세,사망,특수,남,32세,상해없음
2014071400100259,2014년 7월 14일 13시,월요일,경상남도 거제시 연초면,중상사고,0,1,0,0,차대차 - 추돌 - 진행중,신호위반,건조,맑음,교차로 - 교차로안,화물,남,26세,상해없음,승용,남,39세,중상
2014071400100260,2014년 7월 14일 13시,월요일,경상남도 창원시 마산회원구 합성동,경상사고,0,0,1,0,차대사람 - 기타,안전운전불이행,건조,맑음,교차로 - 교차로부근,승용,남,34세,상해없음,보행자,여,70세,경상
2014071400100291,2014년 7월 14일 14시,월요일,경상남도 창원시 마산합포구 교방동,경상사고,0,0,1,0,차대차 - 측면직각충돌,교차로운행방법위반,건조,맑음,교차로 - 교차로안,승용,남,66세,상해없음,승용,남,58세,경상
2014071400100292,2014년 7월 14일 14시,월요일,경상남도 합천군 합천읍,중상사고,0,3,0,0,차대차 - 측면직각충돌,신호위반,건조,맑음,교차로 - 교차로안,승용,남,58세,상해없음,승용,여,51세,중상
2014071400100318,2014년 7월 14일 15시,월요일,경상남도 사천시 곤명면,중상사고,0,1,0,0,차대사람 - 기타,안전운전불이행,습기,흐림,단일로 - 기타,화물,남,56세,상해없음,보행자,남,54세,중상
2014071400100319,2014년 7월 14일 15시,월요일,경상남도 거제시 능포동,경상사고,0,0,1,0,차대사람 - 횡단중,안전운전불이행,건조,맑음,단일로 - 기타,승용,남,47세,상해없음,보행자,여,67세,경상
2014071400100383,2014년 7월 14일 17시,월요일,경상남도 통영시 명정동,경상사고,0,0,1,0,차대차 - 추돌 - 진행중,안전운전불이행,건조,맑음,단일로 - 기타,건설기계,남,41세,기타불명,승용,여,42세,경상
2014071400100384,2014년 7월 14일 17시,월요일,경상남도 김해시 부원동,경상사고,0,0,1,0,차대사람 - 기타,안전운전불이행,건조,맑음,교차로 - 교차로부근,기타불명,기타불명,기타불명,기타불명,보행자,여,54세,경상
2014071400100425,2014년 7월 14일 18시,월요일,경상남도 통영시 도천동,중상사고,0,2,2,0,차대차 - 정면충돌,중앙선침범,건조,맑음,단일로 - 기타,승용,여,45세,상해없음,승용,남,23세,경상
2014071400100426,2014년 7월 14일 18시,월요일,경상남도 남해군 고현면,중상사고,0,2,1,0,차대차 - 정면충돌,중앙선침범,건조,맑음,단일로 - 기타,승용,여,56세,중상,승용,남,70세,중상
2014071400100461,2014년 7월 14일 19시,월요일,경상남도 함안군 산인면,경상사고,0,0,1,0,차대차 - 정면충돌,안전운전불이행,건조,맑음,교차로 - 교차로안,승용,남,32세,상해없음,승용,여,49세,경상
2014071400100496,2014년 7월 14일 20시,월요일,경상남도 김해시 지내동,중상사고,0,1,0,0,차대사람 - 횡단중,안전운전불이행,건조,맑음,단일로 - 기타,승용,남,55세,상해없음,보행자,여,71세,중상
2014071400100497,2014년 7월 14일 20시,월요일,경상남도 김해시 동상동,경상사고,0,0,1,0,차대차 - 측면직각충돌,교차로운행방법위반,건조,맑음,교차로 - 교차로안,승용,남,61세,상해없음,화물,남,30세,경상
2014071400100534,2014년 7월 14일 21시,월요일,경상남도 사천시 사남면,사망사고,1,0,0,0,차대차 - 추돌 - 주정차중,안전운전불이행,건조,맑음,단일로 - 기타,승용,남,43세,사망,특수,남,36세,기타불명
2014071400100563,2014년 7월 14일 22시,월요일,경상남도 진주시 수정동,중상사고,0,1,0,1,차대차 - 기타,안전운전불이행,건조,맑음,단일로 - 기타,원동기,남,40세,부상신고,자전거,남,29세,중상
2014071400100583,2014년 7월 14일 23시,월요일,경상남도 거제시 장평동,경상사고,0,0,3,0,차대사람 - 기타,안전운전불이행,건조,맑음,단일로 - 기타,승용,남,25세,상해없음,보행자,남,22세,경상
2014071500100051,2014년 7월 15일 05시,화요일,경상남도 진주시 신안동,중상사고,0,2,0,1,차대차 - 기타,신호위반,건조,맑음,교차로 - 교차로안,승용,남,30세,상해없음,승용,여,40세,중상
2014071500100061,2014년 7월 15일 06시,화요일,경상남도 거창군 거창읍,중상사고,0,1,0,0,차대사람 - 횡단중,교차로운행방법위반,건조,맑음,교차로 - 교차로안,승용,남,43세,상해없음,보행자,여,32세,중상
2014071500100123,2014년 7월 15일 08시,화요일,경상남도 거제시 고현동,경상사고,0,0,1,0,차대사람 - 기타,안전운전불이행,건조,맑음,교차로 - 교차로부근,기타불명,기타불명,기타불명,기타불명,보행자,여,13세,경상
2014071500100171,2014년 7월 15일 10시,화요일,경상남도 김해시 삼정동,중상사고,0,1,0,0,차대차 - 측면직각충돌,직진우회전진행방해,건조,맑음,교차로 - 교차로안,승용,남,33세,중상,승용,여,50세,상해없음
2014071500100265,2014년 7월 15일 13시,화요일,경상남도 창녕군 대합면,중상사고,0,2,1,0,차대차 - 측면직각충돌,직진우회전진행방해,건조,맑음,교차로 - 교차로안,승용,여,28세,경상,승용,남,51세,중상
2014071500100288,2014년 7월 15일 14시,화요일,경상남도 산청군 금서면,중상사고,0,1,0,0,차대차 - 측면직각충돌,안전운전불이행,건조,맑음,단일로 - 기타,화물,남,65세,상해없음,농기계,남,70세,중상
2014071500100324,2014년 7월 15일 15시,화요일,경상남도 창원시 마산합포구 진북면,중상사고,0,1,0,0,차대차 - 측면직각충돌,안전운전불이행,건조,맑음,단일로 - 기타,화물,남,57세,상해없음,이륜,남,63세,중상
2014071500100325,2014년 7월 15일 15시,화요일,경상남도 김해시 구산동,중상사고,0,1,0,0,차대차 - 측면직각충돌,불법유턴,건조,맑음,교차로 - 교차로안,이륜,남,72세,기타불명,화물,남,52세,상해없음
2014071500100326,2014년 7월 15일 15시,화요일,경상남도 김해시 장유면,중상사고,0,1,1,0,차대차 - 추돌 - 주정차중,안전운전불이행,습기,흐림,단일로 - 기타,승용,남,18세,경상,특수,남,44세,상해없음
2014071500100356,2014년 7월 15일 16시,화요일,경상남도 김해시 한림면,중상사고,0,1,1,0,차대차 - 측면직각충돌,중앙선침범,습기,흐림,교차로 - 교차로부근,승용,남,37세,경상,승용,남,39세,중상
2014071500100370,2014년 7월 15일 17시,화요일,경상남도 김해시 장유면,중상사고,0,1,0,0,차대차 - 기타,안전거리미확보,습기,비,단일로 - 기타,기타불명,기타불명,기타불명,기타불명,화물,남,36세,중상
2014071500100396,2014년 7월 15일 17시,화요일,경상남도 창원시 진해구 자은동,중상사고,0,1,0,0,차대차 - 기타,안전운전불이행,습기,비,단일로 - 기타,건설기계,남,46세,상해없음,승합,남,55세,상해없음
2014071500100397,2014년 7월 15일 17시,화요일,경상남도 김해시 대성동,중상사고,0,1,0,0,차대차 - 측면직각충돌,신호위반,건조,맑음,교차로 - 교차로안,이륜,남,19세,중상,승용,남,43세,상해없음
2014071500100399,2014년 7월 15일 17시,화요일,경상남도 거제시 장평동,경상사고,0,0,1,0,차대차 - 추돌 - 진행중,교차로운행방법위반,습기,비,교차로 - 교차로안,승합,남,32세,상해없음,승용,남,40세,경상
2014071500100400,2014년 7월 15일 17시,화요일,경상남도 산청군 삼장면,중상사고,0,5,2,1,차대사람 - 기타,안전운전불이행,습기,비,교차로 - 교차로안,화물,남,49세,상해없음,보행자,남,80세,중상
2014071500100401,2014년 7월 15일 17시,화요일,경상남도 창원시 의창구 봉곡동,경상사고,0,0,1,0,차대차 - 측면직각충돌,안전운전불이행,건조,맑음,단일로 - 기타,기타불명,기타불명,기타불명,기타불명,이륜,남,19세,경상
2014071500100402,2014년 7월 15일 17시,화요일,경상남도 창원시 의창구 소답동,경상사고,0,0,1,0,차대차 - 추돌 - 진행중,안전거리미확보,습기,비,단일로 - 기타,화물,남,37세,상해없음,승용,남,52세,경상
2014071500100448,2014년 7월 15일 18시,화요일,경상남도 양산시 물금읍,부상신고사고,0,0,0,1,차대차 - 측면직각충돌,안전운전불이행,습기,비,단일로 - 기타,승합,남,29세,상해없음,승용,남,28세,부상신고
2014071500100449,2014년 7월 15일 18시,화요일,경상남도 김해시 진영읍,경상사고,0,0,1,0,차대차 - 추돌 - 진행중,안전운전불이행,습기,비,단일로 - 기타,화물,남,47세,상해없음,승용,여,49세,경상
2014071500100483,2014년 7월 15일 19시,화요일,경상남도 사천시 사천읍,경상사고,0,0,1,0,차대사람 - 차도통행중,안전운전불이행,습기,비,단일로 - 기타,승용,여,30세,상해없음,보행자,여,67세,경상
2014071500100484,2014년 7월 15일 19시,화요일,경상남도 창녕군 창녕읍,경상사고,0,0,1,0,차대차 - 측면직각충돌,안전운전불이행,습기,비,교차로 - 교차로안,원동기,남,32세,경상,승용,남,34세,상해없음
2014071500100485,2014년 7월 15일 19시,화요일,경상남도 고성군 고성읍,중상사고,0,1,0,0,차대차 - 측면직각충돌,안전거리미확보,습기,비,단일로 - 기타,승용,남,55세,상해없음,원동기,남,71세,중상
2014071500100521,2014년 7월 15일 20시,화요일,경상남도 창원시 진해구 경화동,경상사고,0,0,1,0,차대차 - 측면직각충돌,안전운전불이행,습기,비,교차로 - 교차로안,승용,남,62세,상해없음,승용,여,46세,상해없음
2014071500100522,2014년 7월 15일 20시,화요일,경상남도 창원시 진해구 남문동,경상사고,0,0,1,0,차량단독 - 전도전복,안전운전불이행,습기,비,단일로 - 기타,화물,남,24세,경상,,,,
2014071500100564,2014년 7월 15일 21시,화요일,경상남도 통영시 북신동,경상사고,0,0,2,0,차대차 - 기타,안전운전불이행,습기,비,교차로 - 교차로부근,승용,남,52세,상해없음,승용,남,44세,경상
2014071500100565,2014년 7월 15일 21시,화요일,경상남도 밀양시 내이동,경상사고,0,0,1,0,차대차 - 추돌 - 진행중,안전운전불이행,습기,비,단일로 - 기타,승용,남,41세,상해없음,승용,여,25세,경상
2014071500100566,2014년 7월 15일 21시,화요일,경상남도 양산시 중부동,경상사고,0,0,1,0,차대사람 - 기타,보행자보호의무위반,건조,맑음,교차로 - 교차로부근,승용,여,58세,상해없음,보행자,남,33세,경상
2014071500100567,2014년 7월 15일 21시,화요일,경상남도 창원시 성산구 가음정동,경상사고,0,0,2,0,차대사람 - 횡단중,안전운전불이행,습기,비,단일로 - 횡단보도상,승용,남,25세,상해없음,보행자,여,21세,경상
2014071500100568,2014년 7월 15일 21시,화요일,경상남도 창원시 마산합포구 산호동,경상사고,0,0,1,0,차대사람 - 기타,안전운전불이행,습기,비,교차로 - 교차로부근,승용,남,62세,상해없음,보행자,남,40세,경상
2014071500100569,2014년 7월 15일 21시,화요일,경상남도 창원시 의창구 명서동,중상사고,0,1,0,0,차대차 - 추돌 - 진행중,신호위반,습기,비,교차로 - 교차로안,화물,남,50세,상해없음,승용,남,39세,중상
2014071500100605,2014년 7월 15일 22시,화요일,경상남도 창원시 진해구 용원동,경상사고,0,0,1,0,차대사람 - 기타,안전운전불이행,건조,흐림,교차로 - 교차로부근,승용,남,37세,상해없음,보행자,남,28세,경상
2014071500100606,2014년 7월 15일 22시,화요일,경상남도 창원시 마산회원구 내서읍,경상사고,0,0,1,0,차대사람 - 기타,안전운전불이행,건조,맑음,단일로 - 기타,화물,남,39세,상해없음,보행자,여,54세,경상
2014071500100643,2014년 7월 15일 23시,화요일,경상남도 거제시 고현동,중상사고,0,1,0,0,차대사람 - 기타,보행자보호의무위반,습기,비,단일로 - 횡단보도상,승용,남,35세,상해없음,보행자,남,55세,중상
2014071600100014,2014년 7월 16일 00시,수요일,경상남도 창원시 마산합포구 산호동,중상사고,0,1,0,0,차대사람 - 기타,보행자보호의무위반,습기,비,교차로 - 교차로안,승용,남,30세,상해없음,보행자,남,55세,중상
2014071600100080,2014년 7월 16일 07시,수요일,경상남도 창원시 진해구 용원동,경상사고,0,0,2,0,차대차 - 추돌 - 주정차중,안전거리미확보,건조,맑음,교차로 - 교차로부근,승용,남,34세,상해없음,승용,남,39세,상해없음
2014071600100081,2014년 7월 16일 07시,수요일,경상남도 함양군 함양읍,경상사고,0,0,1,0,차대사람 - 횡단중,신호위반,건조,맑음,교차로 - 교차로안,이륜,남,17세,상해없음,보행자,남,7세,경상
2014071600100082,2014년 7월 16일 07시,수요일,경상남도 거제시 사등면,중상사고,0,1,0,0,차대차 - 기타,안전운전불이행,습기,비,단일로 - 기타,승용,남,48세,상해없음,승용,남,38세,중상
2014071600100120,2014년 7월 16일 08시,수요일,경상남도 창원시 성산구 중앙동,중상사고,0,1,0,0,차대차 - 기타,안전운전불이행,건조,흐림,교차로 - 교차로안,승용,남,61세,상해없음,승용,여,46세,중상
2014071600100161,2014년 7월 16일 09시,수요일,경상남도 김해시 장유면,중상사고,0,1,0,0,차대차 - 추돌 - 주정차중,안전거리미확보,건조,맑음,단일로 - 기타,특수,남,53세,상해없음,승용,남,46세,상해없음
2014071600100186,2014년 7월 16일 10시,수요일,경상남도 거제시 사등면,경상사고,0,0,2,0,차대사람 - 기타,안전운전불이행,건조,맑음,단일로 - 기타,승용,남,19세,상해없음,보행자,남,47세,경상
2014071600100187,2014년 7월 16일 10시,수요일,경상남도 김해시 주촌면,중상사고,0,2,0,0,차대차 - 추돌 - 진행중,안전거리미확보,건조,맑음,단일로 - 기타,승용,남,60세,상해없음,승용,남,44세,중상
2014071600100239,2014년 7월 16일 12시,수요일,경상남도 사천시 축동면,경상사고,0,0,1,0,차대사람 - 기타,안전운전불이행,건조,맑음,단일로 - 기타,승용,남,29세,상해없음,보행자,남,42세,경상
2014071600100240,2014년 7월 16일 12시,수요일,경상남도 거제시 능포동,중상사고,0,1,0,0,차대사람 - 기타,안전운전불이행,건조,맑음,단일로 - 기타,승합,남,60세,상해없음,보행자,여,80세,중상
2014071600100275,2014년 7월 16일 13시,수요일,경상남도 창원시 마산합포구 남성동,중상사고,0,1,0,0,차대사람 - 기타,안전운전불이행,건조,맑음,단일로 - 기타,화물,남,69세,상해없음,보행자,여,61세,중상
2014071600100306,2014년 7월 16일 14시,수요일,경상남도 거제시 고현동,중상사고,0,1,0,0,차대차 - 추돌 - 진행중,안전운전불이행,건조,맑음,교차로 - 교차로안,화물,남,69세,상해없음,이륜,남,18세,중상
2014071600100307,2014년 7월 16일 14시,수요일,경상남도 남해군 상주면,중상사고,0,1,0,0,차대차 - 기타,안전운전불이행,건조,맑음,기타 - 기타,승용,여,61세,상해없음,원동기,여,57세,중상
2014071600100340,2014년 7월 16일 15시,수요일,경상남도 진주시 평거동,중상사고,0,1,0,0,차대사람 - 횡단중,신호위반,건조,흐림,교차로 - 교차로부근,승합,남,52세,상해없음,보행자,여,8세,중상
2014071600100386,2014년 7월 16일 16시,수요일,경상남도 진주시 강남동,경상사고,0,0,1,0,차대차 - 측면직각충돌,신호위반,건조,맑음,단일로 - 횡단보도상,승용,남,53세,상해없음,자전거,여,39세,경상
2014071600100437,2014년 7월 16일 17시,수요일,경상남도 양산시 소주동,중상사고,0,1,0,0,차대차 - 기타,교차로운행방법위반,건조,맑음,단일로 - 기타,승용,남,34세,상해없음,자전거,남,75세,중상
2014071600100438,2014년 7월 16일 17시,수요일,경상남도 산청군 신안면,중상사고,0,3,3,0,차대차 - 정면충돌,중앙선침범,건조,맑음,단일로 - 기타,화물,남,24세,상해없음,승합,남,50세,상해없음
2014071600100439,2014년 7월 16일 17시,수요일,경상남도 김해시 장유면,경상사고,0,0,1,0,차대차 - 기타,안전운전불이행,건조,맑음,단일로 - 기타,승용,여,39세,상해없음,자전거,여,47세,경상
2014071600100480,2014년 7월 16일 18시,수요일,경상남도 양산시 물금읍,부상신고사고,0,0,0,1,차대차 - 측면직각충돌,안전거리미확보,건조,맑음,교차로 - 교차로부근,승용,남,32세,상해없음,이륜,남,17세,부상신고
2014071600100521,2014년 7월 16일 19시,수요일,경상남도 진주시 집현면,경상사고,0,0,1,0,차대차 - 기타,직진우회전진행방해,습기,비,교차로 - 교차로안,승용,남,42세,상해없음,이륜,남,73세,경상
2014071600100522,2014년 7월 16일 19시,수요일,경상남도 양산시 동면,경상사고,0,0,1,0,차대차 - 측면직각충돌,안전운전불이행,건조,흐림,단일로 - 기타,승용,남,28세,상해없음,자전거,남,11세,경상
2014071600100523,2014년 7월 16일 19시,수요일,경상남도 창원시 의창구 신월동,부상신고사고,0,0,0,1,차대차 - 측면직각충돌,안전운전불이행,건조,맑음,기타 - 기타,승용,남,47세,상해없음,자전거,여,20세,부상신고
2014071600100552,2014년 7월 16일 20시,수요일,경상남도 사천시 벌리동,경상사고,0,0,1,0,차대차 - 기타,안전운전불이행,습기,비,단일로 - 기타,승용,남,59세,상해없음,이륜,남,41세,경상
2014071600100553,2014년 7월 16일 20시,수요일,경상남도 사천시 동동,경상사고,0,0,1,0,차대차 - 기타,안전운전불이행,습기,비,교차로 - 교차로안,승용,남,22세,상해없음,승용,남,49세,상해없음
2014071600100554,2014년 7월 16일 20시,수요일,경상남도 양산시 중부동,경상사고,0,0,1,0,차대차 - 기타,신호위반,습기,비,교차로 - 교차로부근,원동기,여,33세,경상,승용,여,27세,상해없음
2014071600100555,2014년 7월 16일 20시,수요일,경상남도 양산시 물금읍,경상사고,0,0,2,0,차대차 - 기타,기타,건조,맑음,교차로 - 교차로부근,승용,여,20세,상해없음,승용,남,23세,경상
2014071600100556,2014년 7월 16일 20시,수요일,경상남도 창원시 의창구 대원동,경상사고,0,0,1,0,차대차 - 기타,안전운전불이행,습기,비,단일로 - 기타,승용,여,33세,상해없음,승용,남,40세,경상
2014071600100557,2014년 7월 16일 20시,수요일,경상남도 김해시 장유면,중상사고,0,1,1,0,차대차 - 추돌 - 진행중,안전운전불이행,건조,흐림,단일로 - 기타,승용,남,34세,상해없음,이륜,남,58세,중상
2014071600100598,2014년 7월 16일 21시,수요일,경상남도 창원시 성산구 상남동,중상사고,0,1,0,0,차대차 - 기타,신호위반,습기,비,교차로 - 교차로안,자전거,남,51세,중상,승용,남,26세,상해없음
2014071600100599,2014년 7월 16일 21시,수요일,경상남도 창원시 마산회원구 내서읍,중상사고,0,1,0,0,차대차 - 측면직각충돌,안전운전불이행,습기,흐림,단일로 - 기타,승용,남,43세,상해없음,이륜,남,18세,중상
2014071600100633,2014년 7월 16일 22시,수요일,경상남도 창원시 마산합포구 진동면,중상사고,0,1,0,0,차대차 - 기타,안전운전불이행,건조,맑음,교차로 - 교차로안,승용,남,42세,상해없음,원동기,남,36세,중상
2014071600100634,2014년 7월 16일 22시,수요일,경상남도 진주시 신안동,중상사고,0,1,0,0,차대사람 - 차도통행중,안전운전불이행,습기,비,단일로 - 기타,승용,남,43세,상해없음,보행자,남,40세,중상
2014071600100635,2014년 7월 16일 22시,수요일,경상남도 양산시 상북면,중상사고,0,1,0,0,차대차 - 측면직각충돌,신호위반,습기,비,교차로 - 교차로안,승용,남,57세,상해없음,승용,여,41세,중상
2014071600100636,2014년 7월 16일 22시,수요일,경상남도 거제시 고현동,중상사고,0,1,0,0,차대차 - 기타,중앙선침범,건조,맑음,단일로 - 기타,승용,남,24세,상해없음,원동기,남,21세,중상
2014071600100637,2014년 7월 16일 22시,수요일,경상남도 함안군 칠원면,중상사고,0,1,0,0,차대사람 - 기타,안전운전불이행,습기,맑음,교차로 - 교차로안,승용,남,53세,상해없음,보행자,여,80세,중상
2014071600100674,2014년 7월 16일 23시,수요일,경상남도 거제시 고현동,경상사고,0,0,6,0,차대차 - 기타,안전운전불이행,기타,비,교차로 - 교차로안,승용,남,31세,상해없음,승합,남,31세,경상
2014071700100038,2014년 7월 17일 01시,목요일,경상남도 사천시 실안동,경상사고,0,0,2,0,차량단독 - 공작물충돌,안전운전불이행,습기,흐림,단일로 - 기타,승용,남,44세,경상,,,,
2014071700100052,2014년 7월 17일 03시,목요일,경상남도 산청군 금서면,중상사고,0,1,1,0,차량단독 - 도로외이탈 - 추락,안전운전불이행,습기,비,교차로 - 교차로부근,승용,남,24세,경상,,,,
2014071700100053,2014년 7월 17일 03시,목요일,경상남도 함안군 산인면,중상사고,0,1,0,0,차량단독 - 전도전복,안전운전불이행,습기,비,교차로 - 교차로부근,승용,남,39세,중상,,,,
2014071700100060,2014년 7월 17일 04시,목요일,경상남도 함양군 함양읍,경상사고,0,0,1,0,차대차 - 측면직각충돌,교차로운행방법위반,습기,비,교차로 - 교차로안,화물,남,45세,상해없음,승용,여,54세,경상
2014071700100102,2014년 7월 17일 07시,목요일,경상남도 통영시 도천동,경상사고,0,0,1,0,차대차 - 기타,안전운전불이행,습기,비,단일로 - 기타,화물,남,51세,상해없음,승합,남,41세,상해없음
2014071700100103,2014년 7월 17일 07시,목요일,경상남도 김해시 구산동,중상사고,0,1,0,0,차대차 - 측면직각충돌,직진우회전진행방해,습기,비,교차로 - 교차로안,승용,여,41세,상해없음,승용,여,35세,중상
2014071700100104,2014년 7월 17일 07시,목요일,경상남도 창원시 성산구 신촌동,중상사고,0,2,0,0,차대차 - 측면직각충돌,안전운전불이행,습기,비,기타 - 기타,승용,남,33세,상해없음,승용,남,32세,중상
2014071700100105,2014년 7월 17일 07시,목요일,경상남도 창원시 의창구 팔용동,중상사고,0,1,0,0,차대차 - 기타,안전운전불이행,습기,비,단일로 - 기타,원동기,남,29세,상해없음,자전거,남,35세,중상
2014071700100150,2014년 7월 17일 08시,목요일,경상남도 김해시 구산동,경상사고,0,0,3,0,차대차 - 기타,중앙선침범,습기,비,단일로 - 기타,승용,남,45세,상해없음,승용,남,45세,경상
2014071700100151,2014년 7월 17일 08시,목요일,경상남도 창원시 마산회원구 양덕동,경상사고,0,0,1,0,차량단독 - 기타,안전운전불이행,습기,비,교차로 - 교차로부근,승용,남,55세,상해없음,,,,
2014071700100193,2014년 7월 17일 09시,목요일,경상남도 양산시 덕계동,경상사고,0,0,1,0,차대차 - 추돌 - 주정차중,안전운전불이행,습기,흐림,교차로 - 교차로부근,화물,남,59세,상해없음,화물,남,66세,경상
2014071700100194,2014년 7월 17일 09시,목요일,경상남도 하동군 고전면,경상사고,0,0,1,0,차대차 - 측면직각충돌,안전운전불이행,습기,비,교차로 - 교차로안,승합,남,39세,상해없음,승용,남,43세,상해없음
2014071700100246,2014년 7월 17일 11시,목요일,경상남도 밀양시 삼랑진읍,경상사고,0,0,1,0,차대차 - 정면충돌,중앙선침범,습기,비,단일로 - 기타,화물,남,22세,상해없음,승용,남,53세,경상
2014071700100286,2014년 7월 17일 12시,목요일,경상남도 진주시 인사동,사망사고,1,0,0,0,차대사람 - 횡단중,안전운전불이행,건조,맑음,단일로 - 기타,화물,남,46세,상해없음,보행자,여,65세,사망
2014071700100287,2014년 7월 17일 12시,목요일,경상남도 김해시 삼계동,중상사고,0,1,1,0,차대차 - 측면직각충돌,신호위반,건조,흐림,교차로 - 교차로안,승용,남,81세,경상,승용,남,46세,중상
2014071700100343,2014년 7월 17일 14시,목요일,경상남도 김해시 내동,중상사고,0,1,2,0,차대차 - 측면직각충돌,신호위반,건조,흐림,교차로 - 교차로안,승합,남,47세,상해없음,승용,남,51세,중상
2014071700100344,2014년 7월 17일 14시,목요일,경상남도 양산시 북정동,중상사고,0,1,0,0,차대사람 - 횡단중,안전운전불이행,습기,비,교차로 - 교차로안,승용,남,26세,상해없음,보행자,여,79세,중상
2014071700100372,2014년 7월 17일 15시,목요일,경상남도 거제시 사등면,중상사고,0,1,0,0,차대차 - 추돌 - 진행중,안전운전불이행,습기,비,단일로 - 기타,승합,남,64세,상해없음,승용,여,37세,중상
2014071700100406,2014년 7월 17일 16시,목요일,경상남도 진주시 인사동,경상사고,0,0,1,0,차대사람 - 기타,안전운전불이행,습기,흐림,교차로 - 교차로부근,승용,여,44세,상해없음,보행자,남,3세,경상