사고번호,사고일시,요일,시군구,사고내용,사망자수,중상자수,경상자수,부상신고자수,사고유형,법규위반,노면상태,기상상태,도로형태,가해운전자 차종,가해운전자 성별,가해운전자 연령,가해운전자 상해정도,피해운전자 차종,피해운전자 성별,피해운전자 연령,피해운전자 상해정도
2014071700100407,2014년 7월 17일 16시,목요일,경상남도 창원시 진해구 덕산동,중상사고,0,1,0,0,차대차 - 기타,안전운전불이행,습기,흐림,교차로 - 교차로부근,승용,여,36세,기타불명,자전거,남,71세,중상
2014071700100408,2014년 7월 17일 16시,목요일,경상남도 거제시 고현동,경상사고,0,0,1,0,차대사람 - 기타,안전운전불이행,습기,비,교차로 - 교차로부근,특수,남,33세,상해없음,보행자,남,36세,경상
2014071700100409,2014년 7월 17일 16시,목요일,경상남도 함안군 칠서면,중상사고,0,1,0,0,차량단독 - 도로외이탈 - 기타,안전운전불이행,습기,비,단일로 - 기타,화물,남,27세,중상,,,,
2014071700100447,2014년 7월 17일 17시,목요일,경상남도 김해시 삼정동,중상사고,0,1,0,0,차대사람 - 기타,신호위반,습기,흐림,교차로 - 교차로부근,승합,남,34세,상해없음,보행자,남,47세,중상
2014071700100448,2014년 7월 17일 17시,목요일,경상남도 사천시 축동면,중상사고,0,1,0,0,차량단독 - 기타,안전운전불이행,습기,비,단일로 - 기타,승용,남,55세,중상,,,,
2014071700100488,2014년 7월 17일 18시,목요일,경상남도 김해시 삼정동,경상사고,0,0,2,0,차대차 - 측면직각충돌,직진우회전진행방해,습기,비,교차로 - 교차로안,이륜,남,17세,경상,승용,남,57세,상해없음
2014071700100489,2014년 7월 17일 18시,목요일,경상남도 김해시 장유면,중상사고,0,1,0,0,차대차 - 추돌 - 진행중,안전거리미확보,건조,맑음,단일로 - 기타,승용,여,32세,상해없음,승용,남,33세,상해없음
2014071700100525,2014년 7월 17일 19시,목요일,경상남도 통영시 광도면,중상사고,0,1,0,0,차대차 - 측면직각충돌,차로위반,습기,흐림,단일로 - 기타,승합,남,41세,상해없음,승용,남,60세,상해없음
2014071700100567,2014년 7월 17일 20시,목요일,경상남도 창원시 마산합포구 해운동,중상사고,0,1,0,0,차대사람 - 차도통행중,안전운전불이행,건조,맑음,단일로 - 기타,승용,여,41세,상해없음,보행자,여,59세,중상
2014071700100568,2014년 7월 17일 20시,목요일,경상남도 양산시 물금읍,중상사고,0,1,1,0,차대차 - 측면직각충돌,신호위반,습기,비,교차로 - 교차로안,승합,남,40세,경상,승용,남,60세,중상
2014071700100569,2014년 7월 17일 20시,목요일,경상남도 창원시 성산구 가음정동,경상사고,0,0,1,0,차대차 - 기타,안전거리미확보,건조,맑음,단일로 - 교량,승용,남,28세,상해없음,승용,남,53세,경상
2014071700100602,2014년 7월 17일 21시,목요일,경상남도 진주시 초전동,경상사고,0,0,2,0,차대차 - 기타,안전운전불이행,습기,흐림,단일로 - 기타,기타불명,기타불명,기타불명,기타불명,승용,여,47세,상해없음
2014071700100603,2014년 7월 17일 21시,목요일,경상남도 함안군 칠서면,경상사고,0,0,1,0,차대차 - 추돌 - 진행중,안전운전불이행,습기,비,단일로 - 기타,화물,남,46세,상해없음,승용,남,67세,경상
2014071700100665,2014년 7월 17일 23시,목요일,경상남도 창녕군 대합면,중상사고,0,1,0,0,차대사람 - 길가장자리구역통행중,안전운전불이행,습기,흐림,단일로 - 기타,승용,여,55세,상해없음,보행자,남,50세,중상
2014071700100666,2014년 7월 17일 23시,목요일,경상남도 양산시 물금읍,중상사고,0,1,0,0,차대사람 - 횡단중,보행자보호의무위반,습기,흐림,교차로 - 교차로부근,승용,남,36세,상해없음,보행자,여,34세,중상
2014071700100667,2014년 7월 17일 23시,목요일,경상남도 하동군 금남면,경상사고,0,0,1,0,차량단독 - 공작물충돌,안전운전불이행,습기,비,단일로 - 기타,승용,남,22세,상해없음,,,,
2014071800100029,2014년 7월 18일 01시,금요일,경상남도 창원시 마산회원구 석전동,중상사고,0,1,0,0,차대사람 - 횡단중,안전운전불이행,습기,흐림,단일로 - 기타,승용,남,30세,상해없음,보행자,남,43세,중상
2014071800100045,2014년 7월 18일 02시,금요일,경상남도 창원시 마산합포구 교방동,경상사고,0,0,2,0,차대차 - 추돌 - 주정차중,안전운전불이행,습기,비,단일로 - 기타,승용,남,27세,상해없음,승용,남,20세,경상
2014071800100046,2014년 7월 18일 02시,금요일,경상남도 통영시 정량동,중상사고,0,1,0,0,차대차 - 측면직각충돌,교차로운행방법위반,건조,맑음,교차로 - 교차로안,승용,여,50세,상해없음,승용,여,35세,중상
2014071800100118,2014년 7월 18일 07시,금요일,경상남도 김해시 구산동,경상사고,0,0,1,0,차대사람 - 횡단중,안전운전불이행,건조,맑음,교차로 - 교차로안,승합,남,65세,상해없음,보행자,남,16세,경상
2014071800100119,2014년 7월 18일 07시,금요일,경상남도 김해시 구산동,경상사고,0,0,1,0,차대차 - 측면직각충돌,안전운전불이행,건조,맑음,교차로 - 교차로안,승용,남,49세,상해없음,승용,남,43세,경상
2014071800100120,2014년 7월 18일 07시,금요일,경상남도 김해시 지내동,경상사고,0,0,1,0,차대차 - 측면직각충돌,교차로운행방법위반,습기,비,교차로 - 교차로안,화물,남,58세,상해없음,승합,남,36세,상해없음
2014071800100189,2014년 7월 18일 09시,금요일,경상남도 사천시 곤양면,중상사고,0,1,0,0,차대사람 - 기타,안전운전불이행,건조,맑음,단일로 - 기타,화물,남,54세,상해없음,보행자,여,71세,중상
2014071800100190,2014년 7월 18일 09시,금요일,경상남도 창원시 마산회원구 양덕동,중상사고,0,2,0,0,차대사람 - 횡단중,안전운전불이행,건조,맑음,교차로 - 교차로부근,승용,남,33세,상해없음,보행자,남,72세,중상
2014071800100213,2014년 7월 18일 10시,금요일,경상남도 합천군 초계면,중상사고,0,1,1,0,차대차 - 측면직각충돌,교차로운행방법위반,건조,맑음,교차로 - 교차로안,승합,남,55세,중상,승용,여,47세,경상
2014071800100214,2014년 7월 18일 10시,금요일,경상남도 의령군 의령읍,경상사고,0,0,1,0,차량단독 - 전도전복,안전운전불이행,건조,맑음,단일로 - 기타,이륜,남,73세,상해없음,,,,
2014071800100215,2014년 7월 18일 10시,금요일,경상남도 창원시 의창구 사림동,경상사고,0,0,1,0,차대차 - 기타,신호위반,건조,맑음,교차로 - 교차로안,승용,여,33세,상해없음,승용,여,31세,경상
2014071800100240,2014년 7월 18일 11시,금요일,경상남도 진주시 평거동,부상신고사고,0,0,0,1,차대차 - 측면직각충돌,신호위반,습기,비,교차로 - 교차로부근,원동기,남,75세,부상신고,승용,남,54세,상해없음
2014071800100241,2014년 7월 18일 11시,금요일,경상남도 밀양시 하남읍,경상사고,0,0,1,0,차량단독 - 공작물충돌,안전운전불이행,건조,흐림,단일로 - 기타,승용,남,72세,상해없음,,,,
2014071800100242,2014년 7월 18일 11시,금요일,경상남도 김해시 어방동,중상사고,0,1,0,0,차대차 - 측면직각충돌,중앙선침범,건조,맑음,교차로 - 교차로안,화물,남,64세,상해없음,승용,여,49세,중상
2014071800100243,2014년 7월 18일 11시,금요일,경상남도 김해시 부원동,중상사고,0,1,0,0,차대차 - 측면직각충돌,차로위반,습기,비,단일로 - 기타,승용,남,60세,상해없음,화물,남,54세,상해없음
2014071800100244,2014년 7월 18일 11시,금요일,경상남도 거제시 옥포동,경상사고,0,0,1,0,차대차 - 추돌 - 진행중,안전운전불이행,건조,맑음,단일로 - 기타,승용,남,25세,상해없음,승용,여,47세,경상
2014071800100252,2014년 7월 18일 12시,금요일,경상남도 김해시 장유면,중상사고,0,1,0,0,차대차 - 기타,안전운전불이행,건조,맑음,단일로 - 기타,기타불명,기타불명,기타불명,기타불명,승합,남,32세,중상
2014071800100266,2014년 7월 18일 12시,금요일,경상남도 산청군 금서면,중상사고,0,3,3,0,차대차 - 정면충돌,중앙선침범,습기,비,단일로 - 기타,승용,여,64세,중상,승용,남,44세,중상
2014071800100295,2014년 7월 18일 13시,금요일,경상남도 진주시 상평동,중상사고,0,1,1,0,차대차 - 추돌 - 주정차중,안전운전불이행,습기,비,교차로 - 교차로부근,화물,남,53세,상해없음,화물,남,35세,중상
2014071800100296,2014년 7월 18일 13시,금요일,경상남도 양산시 어곡동,경상사고,0,0,1,0,차대차 - 추돌 - 주정차중,안전운전불이행,습기,비,기타 - 기타,승용,남,54세,상해없음,승용,남,32세,경상
2014071800100297,2014년 7월 18일 13시,금요일,경상남도 함안군 칠원면,중상사고,0,1,0,0,차대사람 - 횡단중,보행자보호의무위반,습기,비,교차로 - 교차로안,승용,여,34세,상해없음,보행자,여,79세,중상
2014071800100337,2014년 7월 18일 14시,금요일,경상남도 양산시 중부동,경상사고,0,0,1,0,차대차 - 기타,중앙선침범,습기,비,교차로 - 교차로안,승용,여,54세,상해없음,승용,남,42세,경상
2014071800100371,2014년 7월 18일 15시,금요일,경상남도 합천군 초계면,경상사고,0,0,1,0,차량단독 - 도로외이탈 - 추락,안전운전불이행,습기,비,단일로 - 기타,농기계,남,66세,경상,,,,
2014071800100416,2014년 7월 18일 16시,금요일,경상남도 사천시 벌리동,경상사고,0,0,2,0,차대차 - 기타,신호위반,습기,비,교차로 - 교차로안,승용,여,44세,경상,화물,남,34세,경상
2014071800100417,2014년 7월 18일 16시,금요일,경상남도 남해군 삼동면,중상사고,0,1,1,0,차량단독 - 공작물충돌,안전운전불이행,습기,비,단일로 - 기타,승용,남,71세,경상,,,,
2014071800100418,2014년 7월 18일 16시,금요일,경상남도 창원시 의창구 북면,부상신고사고,0,0,0,1,차량단독 - 공작물충돌,안전운전불이행,습기,비,단일로 - 기타,승용,남,61세,상해없음,,,,
2014071800100471,2014년 7월 18일 17시,금요일,경상남도 창원시 마산합포구 부림동,경상사고,0,0,1,0,차대차 - 추돌 - 주정차중,안전거리미확보,습기,비,단일로 - 기타,화물,남,63세,상해없음,승용,남,50세,경상
2014071800100472,2014년 7월 18일 17시,금요일,경상남도 김해시 안동,중상사고,0,1,2,0,차대차 - 측면직각충돌,안전운전불이행,습기,비,단일로 - 기타,화물,남,51세,상해없음,승용,여,46세,중상
2014071800100473,2014년 7월 18일 17시,금요일,경상남도 김해시 외동,중상사고,0,1,0,0,차대사람 - 횡단중,신호위반,습기,비,단일로 - 기타,승용,여,56세,상해없음,보행자,여,17세,중상
2014071800100519,2014년 7월 18일 18시,금요일,경상남도 통영시 광도면,중상사고,0,1,1,0,차대차 - 추돌 - 진행중,안전거리미확보,습기,비,단일로 - 기타,승용,남,34세,상해없음,승용,남,26세,중상
2014071800100520,2014년 7월 18일 18시,금요일,경상남도 사천시 늑도동,경상사고,0,0,1,0,차대차 - 측면직각충돌,안전운전불이행,건조,맑음,단일로 - 기타,승용,남,33세,경상,승용,남,54세,상해없음
2014071800100521,2014년 7월 18일 18시,금요일,경상남도 함안군 칠서면,경상사고,0,0,2,0,차대차 - 측면직각충돌,신호위반,습기,비,교차로 - 교차로안,승용,남,49세,경상,승용,남,34세,경상
2014071800100522,2014년 7월 18일 18시,금요일,경상남도 함안군 칠원면,경상사고,0,0,2,0,차대차 - 추돌 - 주정차중,안전운전불이행,습기,비,교차로 - 교차로부근,화물,남,52세,상해없음,승용,여,42세,상해없음
2014071800100523,2014년 7월 18일 18시,금요일,경상남도 창원시 의창구 소계동,경상사고,0,0,1,0,차대차 - 측면직각충돌,신호위반,습기,비,교차로 - 교차로안,승용,여,57세,상해없음,원동기,남,29세,경상
2014071800100562,2014년 7월 18일 19시,금요일,경상남도 창원시 마산합포구 완월동,경상사고,0,0,1,0,차대사람 - 기타,보행자보호의무위반,건조,흐림,단일로 - 횡단보도상,화물,남,52세,상해없음,보행자,남,13세,경상
2014071800100563,2014년 7월 18일 19시,금요일,경상남도 김해시 삼정동,중상사고,0,1,0,0,차대사람 - 길가장자리구역통행중,안전운전불이행,건조,흐림,교차로 - 교차로부근,화물,남,50세,상해없음,보행자,남,65세,중상
2014071800100564,2014년 7월 18일 19시,금요일,경상남도 하동군 하동읍,중상사고,0,1,1,0,차대차 - 측면직각충돌,중앙선침범,건조,맑음,단일로 - 기타,승용,여,63세,상해없음,승용,여,53세,경상
2014071800100597,2014년 7월 18일 20시,금요일,경상남도 진주시 상봉동,중상사고,0,2,0,0,차대사람 - 횡단중,보행자보호의무위반,습기,비,교차로 - 교차로부근,승용,남,42세,상해없음,보행자,남,45세,중상
2014071800100598,2014년 7월 18일 20시,금요일,경상남도 창원시 진해구 이동,경상사고,0,0,1,0,차대차 - 측면직각충돌,안전운전불이행,건조,흐림,단일로 - 기타,승용,여,43세,상해없음,이륜,남,33세,경상
2014071800100599,2014년 7월 18일 20시,금요일,경상남도 김해시 외동,경상사고,0,0,2,0,차대차 - 정면충돌,신호위반,건조,흐림,교차로 - 교차로안,승용,남,29세,경상,승용,남,60세,경상
2014071800100600,2014년 7월 18일 20시,금요일,경상남도 양산시 덕계동,경상사고,0,0,1,0,차대차 - 기타,안전운전불이행,건조,맑음,교차로 - 교차로안,승용,남,48세,상해없음,원동기,남,22세,경상
2014071800100617,2014년 7월 18일 21시,금요일,경상남도 통영시 북신동,경상사고,0,0,1,0,차대차 - 기타,중앙선침범,습기,비,단일로 - 기타,승용,남,31세,상해없음,승용,남,56세,상해없음
2014071800100618,2014년 7월 18일 21시,금요일,경상남도 김해시 구산동,경상사고,0,0,1,0,차대사람 - 차도통행중,안전운전불이행,건조,흐림,단일로 - 기타,승용,남,48세,상해없음,보행자,남,11세,경상
2014071800100619,2014년 7월 18일 21시,금요일,경상남도 거제시 아주동,경상사고,0,0,1,0,차대차 - 정면충돌,중앙선침범,습기,비,교차로 - 교차로부근,승용,남,43세,상해없음,승용,남,29세,경상
2014071800100620,2014년 7월 18일 21시,금요일,경상남도 김해시 장유면,중상사고,0,1,0,0,차대사람 - 횡단중,안전운전불이행,습기,흐림,단일로 - 횡단보도상,승용,남,30세,상해없음,보행자,여,24세,중상
2014071800100658,2014년 7월 18일 22시,금요일,경상남도 거제시 장평동,경상사고,0,0,1,0,차대차 - 측면직각충돌,안전운전불이행,건조,흐림,교차로 - 교차로부근,승용,남,27세,상해없음,자전거,남,19세,경상
2014071800100704,2014년 7월 18일 23시,금요일,경상남도 창원시 마산합포구 추산동,경상사고,0,0,1,0,차대차 - 기타,안전운전불이행,건조,맑음,단일로 - 기타,승용,남,51세,상해없음,원동기,남,47세,경상
2014071900100068,2014년 7월 19일 03시,토요일,경상남도 의령군 의령읍,중상사고,0,1,0,0,차량단독 - 기타,안전운전불이행,습기,흐림,단일로 - 기타,승용,남,25세,중상,,,,
2014071900100089,2014년 7월 19일 04시,토요일,경상남도 거제시 옥포동,중상사고,0,1,0,0,차대사람 - 기타,안전운전불이행,건조,맑음,교차로 - 교차로부근,승용,남,32세,상해없음,보행자,남,60세,중상
2014071900100157,2014년 7월 19일 08시,토요일,경상남도 창원시 성산구 사파동,경상사고,0,0,1,0,차대차 - 기타,안전운전불이행,건조,맑음,단일로 - 기타,승용,남,55세,상해없음,이륜,남,74세,경상
2014071900100180,2014년 7월 19일 09시,토요일,경상남도 밀양시 상남면,경상사고,0,0,1,0,차대차 - 측면직각충돌,신호위반,건조,맑음,교차로 - 교차로안,원동기,남,78세,경상,승용,여,49세,상해없음
2014071900100181,2014년 7월 19일 09시,토요일,경상남도 창녕군 창녕읍,중상사고,0,2,0,0,차대차 - 기타,불법유턴,건조,맑음,단일로 - 기타,승용,남,40세,상해없음,원동기,남,78세,중상
2014071900100182,2014년 7월 19일 09시,토요일,경상남도 고성군 거류면,중상사고,0,1,0,0,차대차 - 정면충돌,중앙선침범,건조,맑음,단일로 - 기타,화물,남,52세,상해없음,원동기,남,80세,중상
2014071900100202,2014년 7월 19일 10시,토요일,경상남도 창원시 의창구 명서동,경상사고,0,0,1,0,차대차 - 추돌 - 진행중,안전거리미확보,건조,맑음,단일로 - 기타,승용,남,41세,상해없음,승용,여,43세,경상
2014071900100243,2014년 7월 19일 11시,토요일,경상남도 사천시 정동면,경상사고,0,0,2,0,차대차 - 측면직각충돌,교차로운행방법위반,건조,맑음,교차로 - 교차로안,건설기계,남,58세,상해없음,승용,남,46세,경상
2014071900100244,2014년 7월 19일 11시,토요일,경상남도 사천시 사남면,중상사고,0,1,0,0,차대차 - 측면직각충돌,기타,건조,맑음,단일로 - 기타,승용,여,37세,상해없음,자전거,남,8세,중상
2014071900100245,2014년 7월 19일 11시,토요일,경상남도 산청군 신안면,중상사고,0,1,0,0,차대차 - 정면충돌,중앙선침범,건조,맑음,교차로 - 교차로부근,화물,남,62세,중상,화물,남,46세,상해없음
2014071900100246,2014년 7월 19일 11시,토요일,경상남도 창원시 의창구 팔용동,경상사고,0,0,1,0,차대차 - 기타,안전운전불이행,건조,맑음,교차로 - 교차로안,원동기,남,53세,상해없음,승용,여,46세,상해없음
2014071900100280,2014년 7월 19일 12시,토요일,경상남도 진주시 신안동,경상사고,0,0,1,0,차대차 - 기타,신호위반,건조,맑음,교차로 - 교차로부근,자전거,남,42세,경상,승용,여,43세,상해없음
2014071900100281,2014년 7월 19일 12시,토요일,경상남도 창원시 진해구 이동,경상사고,0,0,1,1,차대차 - 기타,신호위반,건조,맑음,교차로 - 교차로안,승용,남,51세,부상신고,승용,남,26세,경상
2014071900100282,2014년 7월 19일 12시,토요일,경상남도 김해시 내동,중상사고,0,2,0,0,차대차 - 추돌 - 진행중,교차로운행방법위반,건조,맑음,교차로 - 교차로부근,승용,여,47세,상해없음,이륜,남,72세,중상
2014071900100283,2014년 7월 19일 12시,토요일,경상남도 양산시 물금읍,경상사고,0,0,1,0,차대차 - 기타,중앙선침범,건조,맑음,단일로 - 기타,승용,남,26세,상해없음,승용,남,36세,경상
2014071900100321,2014년 7월 19일 13시,토요일,경상남도 진주시 상봉동,중상사고,0,2,0,0,차량단독 - 도로외이탈 - 기타,안전운전불이행,건조,맑음,단일로 - 기타,승용,남,77세,중상,,,,
2014071900100351,2014년 7월 19일 14시,토요일,경상남도 창원시 진해구 석동,경상사고,0,0,1,1,차대차 - 측면직각충돌,안전운전불이행,건조,맑음,교차로 - 교차로안,승용,여,61세,상해없음,승용,남,50세,경상
2014071900100352,2014년 7월 19일 14시,토요일,경상남도 남해군 상주면,경상사고,0,0,4,0,차대차 - 추돌 - 진행중,안전운전불이행,건조,맑음,기타 - 기타,승용,남,34세,상해없음,승용,남,22세,경상
2014071900100384,2014년 7월 19일 15시,토요일,경상남도 밀양시 교동,경상사고,0,0,1,0,차대차 - 측면직각충돌,안전운전불이행,건조,맑음,교차로 - 교차로안,승용,여,27세,상해없음,승용,남,36세,경상
2014071900100385,2014년 7월 19일 15시,토요일,경상남도 의령군 의령읍,부상신고사고,0,0,0,1,차대차 - 측면직각충돌,안전운전불이행,건조,맑음,교차로 - 교차로안,화물,남,58세,상해없음,승용,남,28세,상해없음
2014071900100386,2014년 7월 19일 15시,토요일,경상남도 창원시 의창구 동정동,경상사고,0,0,1,0,차대차 - 기타,안전운전불이행,건조,맑음,단일로 - 기타,화물,남,66세,상해없음,승합,남,47세,상해없음
2014071900100424,2014년 7월 19일 16시,토요일,경상남도 창원시 마산합포구 월영동,중상사고,0,1,0,0,차대사람 - 차도통행중,안전운전불이행,건조,맑음,교차로 - 교차로안,승용,여,34세,상해없음,보행자,여,74세,중상
2014071900100425,2014년 7월 19일 16시,토요일,경상남도 진주시 하대동,중상사고,0,1,0,0,차대사람 - 횡단중,안전운전불이행,건조,맑음,단일로 - 기타,승용,남,37세,상해없음,보행자,여,80세,중상
2014071900100426,2014년 7월 19일 16시,토요일,경상남도 창원시 진해구 이동,경상사고,0,0,1,1,차대차 - 기타,안전운전불이행,건조,맑음,교차로 - 교차로안,승용,남,47세,부상신고,승용,여,46세,경상
2014071900100464,2014년 7월 19일 17시,토요일,경상남도 창원시 마산합포구 진동면,중상사고,0,2,1,0,차대차 - 정면충돌,신호위반,건조,맑음,교차로 - 교차로안,승용,남,60세,상해없음,이륜,남,32세,중상
2014071900100496,2014년 7월 19일 18시,토요일,경상남도 사천시 실안동,경상사고,0,0,1,0,차대차 - 정면충돌,중앙선침범,건조,맑음,단일로 - 기타,이륜,남,25세,경상,승용,남,49세,상해없음
2014071900100497,2014년 7월 19일 18시,토요일,경상남도 김해시 장유면,중상사고,0,1,0,0,차대차 - 정면충돌,안전운전불이행,건조,맑음,단일로 - 기타,승용,남,49세,상해없음,자전거,남,54세,중상
2014071900100522,2014년 7월 19일 19시,토요일,경상남도 김해시 내동,중상사고,0,1,0,0,차대차 - 추돌 - 진행중,안전거리미확보,건조,맑음,교차로 - 교차로부근,화물,남,43세,상해없음,승용,남,75세,중상
2014071900100523,2014년 7월 19일 19시,토요일,경상남도 고성군 마암면,중상사고,0,1,0,0,차대차 - 기타,중앙선침범,건조,맑음,단일로 - 기타,승용,남,42세,상해없음,자전거,남,44세,중상
2014071900100524,2014년 7월 19일 19시,토요일,경상남도 창원시 성산구 반림동,사망사고,1,0,0,0,차대차 - 측면직각충돌,신호위반,건조,맑음,교차로 - 교차로안,승합,남,43세,상해없음,이륜,남,40세,사망
2014071900100525,2014년 7월 19일 19시,토요일,경상남도 창원시 성산구 중앙동,경상사고,0,0,2,0,차대차 - 기타,안전운전불이행,건조,맑음,단일로 - 기타,승용,남,58세,상해없음,승용,남,26세,경상
2014071900100564,2014년 7월 19일 20시,토요일,경상남도 고성군 마암면,경상사고,0,0,3,0,차대차 - 추돌 - 주정차중,안전운전불이행,건조,맑음,교차로 - 교차로부근,화물,남,44세,상해없음,화물,남,34세,경상
2014071900100565,2014년 7월 19일 20시,토요일,경상남도 김해시 풍유동,중상사고,0,1,0,0,차대차 - 정면충돌,안전운전불이행,건조,맑음,교차로 - 교차로부근,승용,남,76세,상해없음,자전거,남,22세,중상
2014071900100617,2014년 7월 19일 22시,토요일,경상남도 김해시 내동,경상사고,0,0,1,0,차대사람 - 횡단중,신호위반,건조,맑음,단일로 - 횡단보도상,승용,여,57세,상해없음,보행자,남,15세,경상
2014071900100618,2014년 7월 19일 22시,토요일,경상남도 김해시 불암동,중상사고,0,1,1,0,차대차 - 측면직각충돌,중앙선침범,건조,맑음,단일로 - 기타,승용,남,59세,상해없음,승용,남,61세,경상
2014071900100619,2014년 7월 19일 22시,토요일,경상남도 산청군 시천면,중상사고,0,1,0,0,차대차 - 기타,중앙선침범,건조,맑음,단일로 - 기타,화물,남,44세,상해없음,화물,여,40세,중상
2014072000100018,2014년 7월 20일 00시,일요일,경상남도 김해시 내동,중상사고,0,1,0,0,차대사람 - 횡단중,안전운전불이행,건조,맑음,단일로 - 횡단보도상,승용,남,22세,상해없음,보행자,남,25세,중상
2014072000100019,2014년 7월 20일 00시,일요일,경상남도 함안군 칠원면,경상사고,0,0,2,0,차량단독 - 전도전복,안전운전불이행,습기,비,단일로 - 기타,승용,남,50세,상해없음,,,,
2014072000100035,2014년 7월 20일 01시,일요일,경상남도 창원시 진해구 풍호동,중상사고,0,1,0,0,차량단독 - 공작물충돌,안전운전불이행,건조,맑음,교차로 - 교차로안,승용,여,33세,중상,,,,
2014072000100036,2014년 7월 20일 01시,일요일,경상남도 창원시 성산구 상남동,경상사고,0,0,4,0,차대차 - 측면직각충돌,교차로운행방법위반,건조,맑음,교차로 - 교차로안,승용,남,59세,상해없음,승용,남,60세,상해없음
2014072000100050,2014년 7월 20일 02시,일요일,경상남도 창원시 마산회원구 내서읍,경상사고,0,0,2,0,차대차 - 추돌 - 주정차중,안전운전불이행,건조,맑음,단일로 - 기타,승용,남,47세,상해없음,승용,남,41세,경상
2014072000100063,2014년 7월 20일 03시,일요일,경상남도 창원시 진해구 경화동,경상사고,0,0,1,0,차량단독 - 공작물충돌,안전운전불이행,건조,맑음,단일로 - 기타,승용,남,37세,경상,,,,
2014072000100064,2014년 7월 20일 03시,일요일,경상남도 창원시 마산합포구 산호동,중상사고,0,1,0,0,차대차 - 기타,안전운전불이행,건조,맑음,단일로 - 기타,승용,남,37세,상해없음,승용,남,55세,중상
2014072000100065,2014년 7월 20일 03시,일요일,경상남도 김해시 장유면,경상사고,0,0,2,0,차대차 - 추돌 - 주정차중,안전운전불이행,건조,맑음,단일로 - 기타,승용,남,25세,상해없음,승용,남,25세,경상
2014072000100074,2014년 7월 20일 04시,일요일,경상남도 창원시 의창구 봉곡동,중상사고,0,2,0,0,차대차 - 측면직각충돌,신호위반,건조,맑음,교차로 - 교차로안,승용,남,57세,상해없음,승용,남,45세,중상
2014072000100130,2014년 7월 20일 09시,일요일,경상남도 양산시 물금읍,중상사고,0,1,0,0,차대차 - 기타,안전운전불이행,건조,맑음,단일로 - 기타,승용,여,56세,기타불명,자전거,남,48세,중상
2014072000100152,2014년 7월 20일 10시,일요일,경상남도 통영시 용남면,사망사고,1,0,0,0,차량단독 - 전도전복,안전운전불이행,건조,맑음,단일로 - 기타,원동기,남,75세,사망,,,,
2014072000100153,2014년 7월 20일 10시,일요일,경상남도 김해시 부원동,경상사고,0,0,1,0,차대차 - 추돌 - 진행중,안전거리미확보,건조,맑음,교차로 - 교차로부근,승용,남,48세,상해없음,승용,남,66세,경상
2014072000100176,2014년 7월 20일 11시,일요일,경상남도 합천군 대병면,중상사고,0,1,0,0,차대차 - 추돌 - 진행중,안전운전불이행,건조,맑음,단일로 - 기타,이륜,남,86세,중상,승용,여,38세,상해없음
2014072000100225,2014년 7월 20일 13시,일요일,경상남도 창원시 마산합포구 월남동1가,중상사고,0,2,0,0,차대차 - 측면직각충돌,직진우회전진행방해,건조,맑음,교차로 - 교차로안,승용,남,42세,상해없음,승용,남,62세,중상
2014072000100226,2014년 7월 20일 13시,일요일,경상남도 함양군 함양읍,중상사고,0,1,0,0,차대차 - 기타,안전운전불이행,건조,맑음,단일로 - 기타,승합,남,49세,상해없음,승용,남,48세,중상
2014072000100227,2014년 7월 20일 13시,일요일,경상남도 김해시 장유면,경상사고,0,0,1,0,차대사람 - 기타,안전운전불이행,습기,비,교차로 - 교차로부근,승용,남,31세,상해없음,보행자,남,24세,경상
2014072000100262,2014년 7월 20일 14시,일요일,경상남도 김해시 장유면,중상사고,0,1,0,0,차대차 - 측면직각충돌,안전운전불이행,습기,흐림,교차로 - 교차로부근,승용,남,51세,상해없음,이륜,남,35세,중상
2014072000100296,2014년 7월 20일 15시,일요일,경상남도 진주시 판문동,중상사고,0,2,0,0,차대차 - 기타,교차로운행방법위반,건조,맑음,교차로 - 교차로안,승용,여,42세,상해없음,원동기,남,74세,중상
2014072000100297,2014년 7월 20일 15시,일요일,경상남도 김해시 외동,중상사고,0,1,2,0,차대차 - 추돌 - 주정차중,안전거리미확보,습기,흐림,단일로 - 기타,승용,남,31세,상해없음,승용,여,56세,중상
2014072000100298,2014년 7월 20일 15시,일요일,경상남도 창녕군 남지읍,중상사고,0,1,0,0,차대차 - 측면직각충돌,교차로운행방법위반,습기,비,교차로 - 교차로안,승용,남,26세,상해없음,원동기,남,60세,중상
2014072000100299,2014년 7월 20일 15시,일요일,경상남도 함양군 수동면,중상사고,0,1,0,0,차대사람 - 횡단중,안전운전불이행,건조,맑음,단일로 - 기타,승용,여,53세,상해없음,보행자,남,52세,중상
2014072000100300,2014년 7월 20일 15시,일요일,경상남도 창원시 의창구 팔용동,경상사고,0,0,2,0,차대차 - 기타,안전운전불이행,습기,흐림,단일로 - 기타,승용,남,54세,상해없음,승합,남,48세,상해없음