사고번호,사고일시,요일,시군구,사고내용,사망자수,중상자수,경상자수,부상신고자수,사고유형,법규위반,노면상태,기상상태,도로형태,가해운전자 차종,가해운전자 성별,가해운전자 연령,가해운전자 상해정도,피해운전자 차종,피해운전자 성별,피해운전자 연령,피해운전자 상해정도
2014072000100328,2014년 7월 20일 16시,일요일,경상남도 창원시 진해구 자은동,경상사고,0,0,1,0,차대사람 - 차도통행중,안전운전불이행,건조,맑음,단일로 - 기타,승용,남,46세,상해없음,보행자,여,1세,경상
2014072000100329,2014년 7월 20일 16시,일요일,경상남도 창원시 마산회원구 석전동,경상사고,0,0,1,0,차대차 - 기타,안전운전불이행,건조,맑음,단일로 - 기타,승용,남,42세,상해없음,승용,남,40세,경상
2014072000100355,2014년 7월 20일 17시,일요일,경상남도 김해시 한림면,경상사고,0,0,1,0,차대차 - 추돌 - 진행중,안전운전불이행,건조,흐림,교차로 - 교차로부근,이륜,남,58세,경상,승용,남,26세,상해없음
2014072000100376,2014년 7월 20일 18시,일요일,경상남도 김해시 부원동,경상사고,0,0,2,0,차대차 - 추돌 - 주정차중,안전운전불이행,건조,맑음,단일로 - 기타,승용,여,44세,상해없음,승용,남,54세,경상
2014072000100377,2014년 7월 20일 18시,일요일,경상남도 거제시 상동동,중상사고,0,1,0,0,차대차 - 추돌 - 진행중,교차로운행방법위반,건조,맑음,교차로 - 교차로안,승용,남,62세,상해없음,이륜,남,24세,중상
2014072000100378,2014년 7월 20일 18시,일요일,경상남도 창원시 의창구 신월동,경상사고,0,0,3,0,차대차 - 기타,교차로운행방법위반,건조,맑음,교차로 - 교차로안,승용,여,51세,상해없음,승용,남,29세,경상
2014072000100379,2014년 7월 20일 18시,일요일,경상남도 김해시 진영읍,경상사고,0,0,1,0,차대사람 - 기타,안전운전불이행,건조,맑음,단일로 - 기타,승합,남,54세,상해없음,보행자,남,54세,경상
2014072000100394,2014년 7월 20일 19시,일요일,경상남도 통영시 서호동,경상사고,0,0,1,0,차대사람 - 횡단중,보행자보호의무위반,건조,맑음,단일로 - 횡단보도상,이륜,남,19세,상해없음,보행자,여,56세,경상
2014072000100395,2014년 7월 20일 19시,일요일,경상남도 양산시 용당동,중상사고,0,2,0,0,차량단독 - 공작물충돌,안전운전불이행,건조,맑음,단일로 - 기타,승용,남,41세,중상,,,,
2014072000100431,2014년 7월 20일 20시,일요일,경상남도 통영시 무전동,경상사고,0,0,1,0,차대차 - 측면직각충돌,안전거리미확보,건조,맑음,교차로 - 교차로부근,승용,여,31세,상해없음,이륜,남,17세,경상
2014072000100458,2014년 7월 20일 21시,일요일,경상남도 김해시 삼계동,중상사고,0,1,0,0,차대차 - 기타,기타,건조,맑음,교차로 - 교차로부근,승용,남,54세,상해없음,이륜,남,19세,중상
2014072000100459,2014년 7월 20일 21시,일요일,경상남도 거창군 거창읍,경상사고,0,0,1,0,차대차 - 기타,안전운전불이행,건조,맑음,단일로 - 기타,승용,남,60세,상해없음,자전거,남,40세,경상
2014072000100490,2014년 7월 20일 23시,일요일,경상남도 거제시 연초면,중상사고,0,3,3,3,차대차 - 기타,안전거리미확보,건조,맑음,단일로 - 기타,승용,남,36세,상해없음,승용,남,28세,상해없음
2014072000100491,2014년 7월 20일 23시,일요일,경상남도 창녕군 계성면,경상사고,0,0,1,0,차대차 - 기타,안전운전불이행,건조,흐림,단일로 - 기타,승용,남,38세,상해없음,승용,남,43세,경상
2014072100100015,2014년 7월 21일 01시,월요일,경상남도 창원시 의창구 봉곡동,중상사고,0,1,0,0,차대사람 - 기타,안전운전불이행,건조,맑음,교차로 - 교차로부근,승용,남,55세,기타불명,보행자,남,47세,중상
2014072100100066,2014년 7월 21일 06시,월요일,경상남도 김해시 대동면,중상사고,0,1,4,0,차대차 - 기타,교차로운행방법위반,건조,맑음,교차로 - 교차로안,승용,여,55세,경상,화물,남,48세,경상
2014072100100085,2014년 7월 21일 07시,월요일,경상남도 통영시 무전동,중상사고,0,1,0,0,차대사람 - 횡단중,보행자보호의무위반,건조,흐림,교차로 - 교차로부근,승합,남,64세,상해없음,보행자,남,11세,중상
2014072100100086,2014년 7월 21일 07시,월요일,경상남도 거제시 아주동,경상사고,0,0,4,0,차대차 - 추돌 - 진행중,안전운전불이행,건조,맑음,단일로 - 기타,승합,남,55세,상해없음,승용,남,31세,경상
2014072100100116,2014년 7월 21일 08시,월요일,경상남도 통영시 광도면,중상사고,0,1,1,0,차량단독 - 공작물충돌,안전운전불이행,건조,맑음,단일로 - 기타,승합,남,54세,상해없음,,,,
2014072100100141,2014년 7월 21일 09시,월요일,경상남도 진주시 집현면,중상사고,0,1,0,0,차대차 - 측면직각충돌,중앙선침범,건조,맑음,단일로 - 기타,화물,남,38세,상해없음,이륜,남,80세,중상
2014072100100167,2014년 7월 21일 10시,월요일,경상남도 진주시 중안동,중상사고,0,1,0,0,차대차 - 측면직각충돌,직진우회전진행방해,건조,맑음,교차로 - 교차로안,승용,여,43세,상해없음,원동기,여,59세,중상
2014072100100222,2014년 7월 21일 12시,월요일,경상남도 거제시 아주동,중상사고,0,1,0,0,차대차 - 추돌 - 진행중,교차로운행방법위반,건조,맑음,교차로 - 교차로부근,승용,남,37세,상해없음,이륜,남,24세,중상
2014072100100255,2014년 7월 21일 13시,월요일,경상남도 통영시 미수동,중상사고,0,1,0,0,차대차 - 측면직각충돌,교차로운행방법위반,건조,맑음,교차로 - 교차로안,이륜,남,71세,상해없음,승용,남,41세,상해없음
2014072100100256,2014년 7월 21일 13시,월요일,경상남도 김해시 생림면,중상사고,0,4,0,0,차대차 - 정면충돌,중앙선침범,건조,맑음,단일로 - 기타,화물,남,62세,중상,승합,남,33세,중상
2014072100100257,2014년 7월 21일 13시,월요일,경상남도 창녕군 이방면,부상신고사고,0,0,0,1,차대차 - 정면충돌,중앙선침범,건조,맑음,단일로 - 기타,원동기,남,75세,부상신고,화물,남,57세,상해없음
2014072100100258,2014년 7월 21일 13시,월요일,경상남도 양산시 원동면,경상사고,0,0,1,1,차대차 - 기타,중앙선침범,건조,맑음,단일로 - 기타,특수,남,60세,상해없음,승용,남,66세,상해없음
2014072100100320,2014년 7월 21일 15시,월요일,경상남도 김해시 외동,경상사고,0,0,1,0,차대사람 - 횡단중,보행자보호의무위반,건조,맑음,단일로 - 횡단보도상,승용,여,34세,상해없음,보행자,여,13세,경상
2014072100100321,2014년 7월 21일 15시,월요일,경상남도 거제시 고현동,경상사고,0,0,1,0,차대차 - 측면직각충돌,안전운전불이행,건조,맑음,교차로 - 교차로부근,승용,여,46세,경상,승합,남,58세,상해없음
2014072100100362,2014년 7월 21일 16시,월요일,경상남도 진주시 상대동,중상사고,0,1,0,0,차대차 - 측면직각충돌,직진우회전진행방해,건조,맑음,교차로 - 교차로안,승용,남,59세,상해없음,이륜,남,56세,중상
2014072100100363,2014년 7월 21일 16시,월요일,경상남도 함양군 수동면,중상사고,0,1,0,0,차대차 - 추돌 - 진행중,안전운전불이행,건조,맑음,단일로 - 기타,화물,남,48세,상해없음,농기계,남,78세,상해없음
2014072100100364,2014년 7월 21일 16시,월요일,경상남도 창원시 성산구 중앙동,중상사고,0,1,2,0,차대차 - 추돌 - 진행중,안전운전불이행,건조,맑음,단일로 - 기타,승용,남,44세,경상,승용,남,41세,중상
2014072100100365,2014년 7월 21일 16시,월요일,경상남도 창원시 의창구 북면,경상사고,0,0,4,0,차대차 - 기타,교차로운행방법위반,건조,맑음,교차로 - 교차로안,승용,남,77세,상해없음,승용,남,26세,경상
2014072100100396,2014년 7월 21일 17시,월요일,경상남도 김해시 대동면,중상사고,0,3,0,0,차대차 - 추돌 - 진행중,안전거리미확보,건조,맑음,단일로 - 기타,승용,남,65세,중상,승용,남,26세,중상
2014072100100397,2014년 7월 21일 17시,월요일,경상남도 김해시 진례면,중상사고,0,2,0,0,차대차 - 정면충돌,안전운전불이행,건조,맑음,단일로 - 기타,화물,남,62세,중상,승용,여,62세,중상
2014072100100438,2014년 7월 21일 18시,월요일,경상남도 거창군 거창읍,중상사고,0,1,0,0,차대차 - 측면직각충돌,안전운전불이행,건조,흐림,교차로 - 교차로안,승용,여,64세,상해없음,자전거,남,15세,중상
2014072100100478,2014년 7월 21일 19시,월요일,경상남도 밀양시 상남면,경상사고,0,0,1,0,차대차 - 추돌 - 진행중,안전운전불이행,건조,맑음,단일로 - 기타,승용,남,66세,상해없음,화물,남,57세,경상
2014072100100479,2014년 7월 21일 19시,월요일,경상남도 김해시 대동면,경상사고,0,0,1,0,차대차 - 기타,안전운전불이행,건조,맑음,단일로 - 기타,화물,남,50세,상해없음,화물,남,29세,경상
2014072100100480,2014년 7월 21일 19시,월요일,경상남도 김해시 진영읍,경상사고,0,0,1,0,차대차 - 측면직각충돌,교차로운행방법위반,건조,맑음,교차로 - 교차로안,승용,남,39세,상해없음,자전거,여,28세,경상
2014072100100504,2014년 7월 21일 20시,월요일,경상남도 김해시 주촌면,중상사고,0,1,0,0,차대차 - 기타,안전거리미확보,건조,맑음,단일로 - 기타,승용,남,63세,상해없음,승용,여,52세,중상
2014072100100515,2014년 7월 21일 20시,월요일,경상남도 창원시 마산합포구 교방동,경상사고,0,0,1,0,차대차 - 기타,신호위반,건조,흐림,교차로 - 교차로안,화물,남,66세,상해없음,승용,남,25세,경상
2014072100100550,2014년 7월 21일 21시,월요일,경상남도 창원시 마산합포구 월남동5가,경상사고,0,0,1,0,차대사람 - 기타,안전운전불이행,건조,흐림,교차로 - 교차로부근,승용,기타불명,기타불명,기타불명,보행자,남,43세,경상
2014072100100551,2014년 7월 21일 21시,월요일,경상남도 거제시 고현동,중상사고,0,2,0,0,차대차 - 추돌 - 주정차중,안전운전불이행,건조,맑음,교차로 - 교차로부근,승용,남,40세,상해없음,승용,남,52세,기타불명
2014072100100552,2014년 7월 21일 21시,월요일,경상남도 거제시 장승포동,경상사고,0,0,5,0,차대차 - 추돌 - 진행중,안전거리미확보,건조,맑음,교차로 - 교차로안,승용,남,48세,상해없음,승용,남,30세,경상
2014072100100553,2014년 7월 21일 21시,월요일,경상남도 거제시 고현동,경상사고,0,0,1,0,차대차 - 측면직각충돌,교차로운행방법위반,건조,맑음,교차로 - 교차로안,승용,남,24세,상해없음,승용,여,42세,경상
2014072100100554,2014년 7월 21일 21시,월요일,경상남도 함안군 산인면,사망사고,1,0,0,0,차대사람 - 기타,안전운전불이행,건조,맑음,단일로 - 기타,승용,남,65세,상해없음,보행자,남,47세,사망
2014072100100577,2014년 7월 21일 22시,월요일,경상남도 진주시 평안동,중상사고,0,1,0,0,차대차 - 측면직각충돌,신호위반,건조,맑음,교차로 - 교차로안,이륜,남,48세,중상,승용,남,60세,상해없음
2014072100100578,2014년 7월 21일 22시,월요일,경상남도 양산시 소주동,경상사고,0,0,3,0,차대사람 - 횡단중,보행자보호의무위반,건조,맑음,교차로 - 교차로부근,승용,남,48세,상해없음,보행자,여,45세,경상
2014072100100579,2014년 7월 21일 22시,월요일,경상남도 거제시 옥포동,중상사고,0,1,0,0,차대사람 - 기타,안전운전불이행,건조,맑음,기타 - 기타,승용,남,36세,상해없음,보행자,여,19세,중상
2014072200100042,2014년 7월 22일 04시,화요일,경상남도 남해군 삼동면,경상사고,0,0,2,0,차대차 - 추돌 - 진행중,안전운전불이행,건조,맑음,기타 - 기타,화물,남,63세,상해없음,농기계,남,70세,경상
2014072200100043,2014년 7월 22일 04시,화요일,경상남도 창원시 마산회원구 회원동,중상사고,0,1,0,0,차대차 - 측면직각충돌,신호위반,건조,맑음,교차로 - 교차로안,원동기,남,41세,중상,승용,남,25세,상해없음
2014072200100063,2014년 7월 22일 06시,화요일,경상남도 하동군 하동읍,중상사고,0,1,0,1,차량단독 - 공작물충돌,안전운전불이행,건조,맑음,단일로 - 기타,화물,남,53세,부상신고,,,,
2014072200100082,2014년 7월 22일 07시,화요일,경상남도 밀양시 부북면,중상사고,0,1,0,0,차대차 - 측면직각충돌,중앙선침범,건조,맑음,단일로 - 기타,이륜,남,59세,중상,화물,남,55세,상해없음
2014072200100083,2014년 7월 22일 07시,화요일,경상남도 합천군 합천읍,경상사고,0,0,1,0,차대차 - 측면직각충돌,교차로운행방법위반,건조,맑음,교차로 - 교차로안,승용,여,43세,상해없음,원동기,남,80세,경상
2014072200100084,2014년 7월 22일 07시,화요일,경상남도 거제시 고현동,경상사고,0,0,1,0,차대차 - 기타,차로위반,건조,맑음,기타 - 기타,승용,여,46세,상해없음,승용,여,27세,경상
2014072200100121,2014년 7월 22일 08시,화요일,경상남도 사천시 사천읍,경상사고,0,0,1,0,차대차 - 측면직각충돌,교차로운행방법위반,건조,맑음,교차로 - 교차로안,승용,남,52세,상해없음,승용,남,26세,경상
2014072200100122,2014년 7월 22일 08시,화요일,경상남도 거창군 거창읍,경상사고,0,0,1,0,차대차 - 측면직각충돌,교차로운행방법위반,건조,맑음,교차로 - 교차로안,화물,남,52세,상해없음,자전거,남,11세,경상
2014072200100123,2014년 7월 22일 08시,화요일,경상남도 양산시 물금읍,부상신고사고,0,0,0,1,차대사람 - 기타,보행자보호의무위반,건조,맑음,교차로 - 교차로부근,화물,남,43세,상해없음,보행자,남,71세,부상신고
2014072200100154,2014년 7월 22일 09시,화요일,경상남도 의령군 대의면,사망사고,1,0,1,0,차대사람 - 길가장자리구역통행중,안전운전불이행,건조,맑음,단일로 - 기타,특수,남,37세,상해없음,보행자,여,60세,사망
2014072200100206,2014년 7월 22일 11시,화요일,경상남도 밀양시 내이동,중상사고,0,1,0,0,차대사람 - 횡단중,안전운전불이행,건조,맑음,단일로 - 기타,승용,남,56세,상해없음,보행자,여,67세,중상
2014072200100230,2014년 7월 22일 12시,화요일,경상남도 함안군 칠원면,경상사고,0,0,1,0,차대차 - 측면직각충돌,안전거리미확보,건조,맑음,교차로 - 교차로부근,화물,남,29세,상해없음,이륜,남,71세,경상
2014072200100231,2014년 7월 22일 12시,화요일,경상남도 김해시 장유면,중상사고,0,1,0,0,차대차 - 기타,안전운전불이행,건조,맑음,단일로 - 기타,화물,남,39세,상해없음,이륜,남,18세,중상
2014072200100232,2014년 7월 22일 12시,화요일,경상남도 김해시 외동,경상사고,0,0,1,0,차대차 - 추돌 - 주정차중,안전운전불이행,건조,맑음,단일로 - 기타,승용,여,27세,상해없음,원동기,남,72세,경상
2014072200100258,2014년 7월 22일 13시,화요일,경상남도 진주시 금산면,중상사고,0,1,0,0,차대차 - 측면직각충돌,안전거리미확보,건조,맑음,단일로 - 기타,승용,남,57세,상해없음,이륜,남,18세,중상
2014072200100287,2014년 7월 22일 14시,화요일,경상남도 의령군 의령읍,부상신고사고,0,0,0,1,차대차 - 기타,교차로운행방법위반,건조,맑음,교차로 - 교차로안,승용,여,42세,상해없음,승용,여,52세,부상신고
2014072200100319,2014년 7월 22일 15시,화요일,경상남도 통영시 용남면,중상사고,0,1,0,0,차대차 - 정면충돌,중앙선침범,건조,맑음,단일로 - 기타,이륜,남,57세,상해없음,승용,남,36세,중상
2014072200100320,2014년 7월 22일 15시,화요일,경상남도 김해시 외동,중상사고,0,1,0,0,차대사람 - 기타,안전운전불이행,습기,맑음,단일로 - 기타,승용,여,32세,상해없음,보행자,남,7세,중상
2014072200100321,2014년 7월 22일 15시,화요일,경상남도 김해시 서상동,중상사고,0,1,0,0,차량단독 - 기타,안전운전불이행,건조,맑음,단일로 - 기타,승용,남,46세,상해없음,,,,
2014072200100322,2014년 7월 22일 15시,화요일,경상남도 진주시 정촌면,중상사고,0,1,1,0,차대차 - 측면직각충돌,안전거리미확보,건조,맑음,단일로 - 기타,화물,남,27세,기타불명,화물,남,31세,중상
2014072200100353,2014년 7월 22일 16시,화요일,경상남도 사천시 동동,중상사고,0,4,0,0,차대차 - 측면직각충돌,교차로운행방법위반,건조,흐림,교차로 - 교차로안,승용,여,56세,중상,승용,남,47세,중상
2014072200100354,2014년 7월 22일 16시,화요일,경상남도 양산시 동면,중상사고,0,1,0,0,차량단독 - 기타,안전운전불이행,건조,맑음,단일로 - 기타,이륜,남,50세,중상,,,,
2014072200100355,2014년 7월 22일 16시,화요일,경상남도 창원시 의창구 봉곡동,중상사고,0,1,0,0,차대차 - 측면직각충돌,안전운전불이행,건조,맑음,교차로 - 교차로안,화물,여,34세,상해없음,원동기,남,55세,중상
2014072200100356,2014년 7월 22일 16시,화요일,경상남도 김해시 진영읍,경상사고,0,0,1,0,차대차 - 측면직각충돌,안전거리미확보,건조,맑음,교차로 - 교차로안,화물,남,42세,상해없음,화물,남,41세,경상
2014072200100392,2014년 7월 22일 17시,화요일,경상남도 창원시 마산회원구 내서읍,중상사고,0,1,0,0,차대차 - 기타,안전운전불이행,건조,맑음,교차로 - 교차로부근,승용,여,45세,상해없음,이륜,남,72세,중상
2014072200100424,2014년 7월 22일 18시,화요일,경상남도 김해시 삼방동,경상사고,0,0,1,0,차대차 - 측면직각충돌,중앙선침범,건조,맑음,단일로 - 기타,자전거,남,34세,경상,승용,남,40세,상해없음
2014072200100425,2014년 7월 22일 18시,화요일,경상남도 양산시 중부동,경상사고,0,0,1,0,차대차 - 기타,안전운전불이행,건조,맑음,교차로 - 교차로안,승용,남,17세,상해없음,자전거,남,9세,경상
2014072200100426,2014년 7월 22일 18시,화요일,경상남도 양산시 동면,경상사고,0,0,1,0,차대차 - 측면직각충돌,안전운전불이행,건조,맑음,교차로 - 교차로안,승용,남,40세,상해없음,승용,여,54세,경상
2014072200100427,2014년 7월 22일 18시,화요일,경상남도 창원시 성산구 중앙동,중상사고,0,1,0,0,차대차 - 기타,안전거리미확보,기타,맑음,단일로 - 기타,승용,남,54세,상해없음,승용,남,58세,중상
2014072200100428,2014년 7월 22일 18시,화요일,경상남도 창원시 마산회원구 합성동,경상사고,0,0,1,0,차대차 - 기타,안전운전불이행,건조,맑음,교차로 - 교차로안,승용,남,24세,상해없음,이륜,남,45세,경상
2014072200100512,2014년 7월 22일 20시,화요일,경상남도 거제시 고현동,중상사고,0,1,0,0,차대차 - 측면직각충돌,교차로운행방법위반,건조,맑음,교차로 - 교차로안,승용,남,30세,상해없음,이륜,남,40세,중상
2014072200100513,2014년 7월 22일 20시,화요일,경상남도 함안군 산인면,경상사고,0,0,1,0,차대차 - 기타,안전운전불이행,건조,맑음,단일로 - 기타,이륜,여,56세,경상,승용,여,35세,상해없음
2014072200100549,2014년 7월 22일 21시,화요일,경상남도 창원시 마산합포구 완월동,경상사고,0,0,2,0,차대차 - 추돌 - 주정차중,안전운전불이행,건조,맑음,교차로 - 교차로부근,승용,여,19세,상해없음,승용,여,45세,경상
2014072200100550,2014년 7월 22일 21시,화요일,경상남도 창원시 진해구 용원동,경상사고,0,0,3,0,차대차 - 기타,신호위반,건조,맑음,교차로 - 교차로안,승용,남,49세,상해없음,승용,남,38세,경상
2014072200100551,2014년 7월 22일 21시,화요일,경상남도 창원시 진해구 경화동,경상사고,0,0,2,0,차대차 - 기타,안전운전불이행,건조,맑음,교차로 - 교차로부근,승용,남,56세,상해없음,승용,남,31세,경상
2014072200100552,2014년 7월 22일 21시,화요일,경상남도 거제시 거제면,경상사고,0,0,1,0,차대차 - 측면직각충돌,안전운전불이행,건조,맑음,교차로 - 교차로부근,화물,남,50세,상해없음,승용,여,39세,경상
2014072200100580,2014년 7월 22일 22시,화요일,경상남도 진주시 신안동,경상사고,0,0,1,0,차대차 - 측면직각충돌,신호위반,건조,맑음,교차로 - 교차로안,승용,여,53세,상해없음,승용,남,51세,경상
2014072200100606,2014년 7월 22일 23시,화요일,경상남도 창원시 마산합포구 신포동1가,부상신고사고,0,0,0,1,차대사람 - 횡단중,안전운전불이행,건조,맑음,단일로 - 기타,승용,남,33세,상해없음,보행자,남,56세,부상신고
2014072300100027,2014년 7월 23일 01시,수요일,경상남도 양산시 중부동,중상사고,0,2,4,0,차대차 - 측면직각충돌,신호위반,건조,맑음,교차로 - 교차로안,승용,남,30세,상해없음,승용,남,52세,중상
2014072300100044,2014년 7월 23일 02시,수요일,경상남도 창원시 마산합포구 대내동,경상사고,0,0,2,0,차대차 - 측면직각충돌,신호위반,건조,맑음,교차로 - 교차로안,승용,여,32세,상해없음,승용,남,56세,경상
2014072300100071,2014년 7월 23일 04시,수요일,경상남도 통영시 북신동,중상사고,0,2,2,0,차대차 - 측면직각충돌,신호위반,건조,맑음,교차로 - 교차로안,승용,여,50세,상해없음,승용,남,58세,경상
2014072300100072,2014년 7월 23일 04시,수요일,경상남도 거제시 양정동,중상사고,0,1,0,0,차대차 - 추돌 - 진행중,안전운전불이행,건조,맑음,단일로 - 기타,승용,남,29세,상해없음,이륜,남,75세,중상
2014072300100102,2014년 7월 23일 06시,수요일,경상남도 진주시 칠암동,중상사고,0,2,0,0,차대차 - 측면직각충돌,과속,건조,맑음,단일로 - 기타,승용,남,30세,중상,승용,남,72세,중상
2014072300100103,2014년 7월 23일 06시,수요일,경상남도 밀양시 초동면,중상사고,0,1,0,0,차대차 - 측면직각충돌,신호위반,건조,맑음,교차로 - 교차로안,승용,남,33세,상해없음,화물,여,50세,중상
2014072300100121,2014년 7월 23일 07시,수요일,경상남도 고성군 고성읍,중상사고,0,1,0,0,차대차 - 측면직각충돌,신호위반,건조,맑음,교차로 - 교차로안,승용,여,25세,상해없음,이륜,여,66세,중상
2014072300100122,2014년 7월 23일 07시,수요일,경상남도 창원시 마산회원구 합성동,중상사고,0,1,0,0,차대차 - 측면직각충돌,안전운전불이행,건조,맑음,교차로 - 교차로부근,승합,남,39세,상해없음,승용,남,61세,중상
2014072300100148,2014년 7월 23일 08시,수요일,경상남도 통영시 항남동,경상사고,0,0,1,0,차대차 - 측면직각충돌,안전운전불이행,건조,맑음,단일로 - 기타,승용,남,69세,상해없음,자전거,남,66세,경상
2014072300100149,2014년 7월 23일 08시,수요일,경상남도 사천시 죽림동,부상신고사고,0,0,0,1,차대차 - 추돌 - 진행중,안전운전불이행,건조,맑음,단일로 - 기타,화물,남,46세,상해없음,승용,남,67세,부상신고
2014072300100150,2014년 7월 23일 08시,수요일,경상남도 합천군 초계면,경상사고,0,0,1,0,차대차 - 측면직각충돌,교차로운행방법위반,건조,맑음,교차로 - 교차로안,이륜,여,54세,경상,화물,남,69세,상해없음
2014072300100175,2014년 7월 23일 09시,수요일,경상남도 거제시 고현동,경상사고,0,0,1,0,차대차 - 추돌 - 진행중,교차로운행방법위반,건조,맑음,교차로 - 교차로안,승용,여,46세,상해없음,승용,여,32세,경상
2014072300100176,2014년 7월 23일 09시,수요일,경상남도 창원시 의창구 신월동,중상사고,0,1,0,0,차대차 - 측면직각충돌,교차로운행방법위반,건조,맑음,교차로 - 교차로안,승용,여,23세,상해없음,승용,여,48세,중상
2014072300100198,2014년 7월 23일 10시,수요일,경상남도 창녕군 부곡면,경상사고,0,0,1,0,차대차 - 정면충돌,중앙선침범,건조,맑음,교차로 - 교차로부근,승용,남,66세,상해없음,승용,여,37세,경상
2014072300100220,2014년 7월 23일 11시,수요일,경상남도 사천시 용강동,경상사고,0,0,2,0,차대차 - 측면직각충돌,교차로운행방법위반,건조,맑음,교차로 - 교차로안,승용,여,31세,경상,승용,남,29세,경상
2014072300100246,2014년 7월 23일 12시,수요일,경상남도 창녕군 창녕읍,부상신고사고,0,0,0,1,차대사람 - 횡단중,신호위반,건조,맑음,교차로 - 교차로안,기타불명,기타불명,기타불명,기타불명,보행자,여,8세,부상신고
2014072300100247,2014년 7월 23일 12시,수요일,경상남도 창원시 의창구 팔용동,경상사고,0,0,1,0,차대차 - 기타,안전거리미확보,건조,맑음,단일로 - 기타,승용,여,52세,상해없음,승용,여,45세,경상
2014072300100248,2014년 7월 23일 12시,수요일,경상남도 김해시 장유면,중상사고,0,1,0,0,차대차 - 추돌 - 진행중,안전운전불이행,건조,맑음,단일로 - 기타,승용,남,29세,상해없음,승용,남,42세,중상
2014072300100280,2014년 7월 23일 13시,수요일,경상남도 김해시 장유면,중상사고,0,1,0,0,차대차 - 추돌 - 진행중,안전운전불이행,건조,맑음,단일로 - 기타,화물,여,47세,상해없음,승용,여,38세,상해없음
2014072300100307,2014년 7월 23일 14시,수요일,경상남도 창원시 진해구 석동,중상사고,0,1,2,0,차대차 - 추돌 - 주정차중,안전운전불이행,건조,맑음,단일로 - 터널,승용,여,27세,상해없음,승용,남,47세,상해없음
2014072300100308,2014년 7월 23일 14시,수요일,경상남도 합천군 초계면,중상사고,0,1,1,0,차량단독 - 공작물충돌,안전운전불이행,건조,맑음,단일로 - 기타,화물,남,61세,경상,,,,
2014072300100309,2014년 7월 23일 14시,수요일,경상남도 창원시 마산회원구 구암동,경상사고,0,0,4,0,차대차 - 추돌 - 주정차중,안전운전불이행,건조,맑음,단일로 - 기타,화물,남,30세,상해없음,승용,남,46세,경상
2014072300100337,2014년 7월 23일 15시,수요일,경상남도 통영시 북신동,경상사고,0,0,1,0,차대차 - 기타,교차로운행방법위반,건조,맑음,교차로 - 교차로안,승용,여,55세,상해없음,승용,남,56세,경상
2014072300100338,2014년 7월 23일 15시,수요일,경상남도 사천시 향촌동,경상사고,0,0,1,0,차대사람 - 기타,중앙선침범,건조,맑음,단일로 - 기타,승합,여,40세,상해없음,보행자,남,1세,경상
2014072300100339,2014년 7월 23일 15시,수요일,경상남도 거제시 아주동,중상사고,0,1,0,1,차대차 - 측면직각충돌,교차로운행방법위반,건조,맑음,교차로 - 교차로안,승용,남,51세,상해없음,승용,남,32세,중상
2014072300100340,2014년 7월 23일 15시,수요일,경상남도 창원시 의창구 봉곡동,경상사고,0,0,1,0,차대차 - 측면직각충돌,안전운전불이행,건조,맑음,교차로 - 교차로안,승합,남,57세,상해없음,승용,여,38세,상해없음
2014072300100370,2014년 7월 23일 16시,수요일,경상남도 김해시 대성동,중상사고,0,1,0,0,차대차 - 기타,기타,건조,맑음,교차로 - 교차로안,승용,남,57세,상해없음,자전거,남,19세,중상
2014072300100371,2014년 7월 23일 16시,수요일,경상남도 김해시 외동,사망사고,1,0,0,0,차대차 - 기타,안전운전불이행,건조,맑음,교차로 - 교차로부근,건설기계,남,42세,상해없음,자전거,남,8세,사망
2014072300100408,2014년 7월 23일 17시,수요일,경상남도 거제시 상동동,중상사고,0,2,3,0,차대차 - 측면직각충돌,신호위반,건조,맑음,교차로 - 교차로안,승용,남,43세,상해없음,승합,여,54세,중상
2014072300100409,2014년 7월 23일 17시,수요일,경상남도 김해시 장유면,경상사고,0,0,2,0,차대차 - 측면직각충돌,교차로운행방법위반,건조,맑음,교차로 - 교차로안,승용,남,49세,상해없음,승용,여,51세,경상
2014072300100443,2014년 7월 23일 18시,수요일,경상남도 창원시 의창구 북면,경상사고,0,0,1,0,차대사람 - 기타,안전운전불이행,건조,맑음,단일로 - 기타,승용,여,38세,상해없음,보행자,남,8세,경상
2014072300100475,2014년 7월 23일 19시,수요일,경상남도 진주시 평안동,중상사고,0,1,0,0,차대사람 - 길가장자리구역통행중,안전운전불이행,건조,맑음,단일로 - 기타,승용,남,51세,상해없음,보행자,여,50세,중상
2014072300100476,2014년 7월 23일 19시,수요일,경상남도 창원시 마산회원구 내서읍,경상사고,0,0,1,0,차대차 - 측면직각충돌,안전운전불이행,건조,맑음,교차로 - 교차로부근,승용,여,27세,상해없음,승용,여,30세,경상
2014072300100477,2014년 7월 23일 19시,수요일,경상남도 김해시 장유면,중상사고,0,1,0,0,차량단독 - 전도전복,안전운전불이행,건조,맑음,단일로 - 기타,이륜,남,24세,중상,,,,
2014072300100509,2014년 7월 23일 20시,수요일,경상남도 통영시 서호동,부상신고사고,0,0,0,1,차대차 - 기타,안전운전불이행,건조,맑음,교차로 - 교차로안,원동기,남,22세,상해없음,원동기,남,19세,부상신고
2014072300100510,2014년 7월 23일 20시,수요일,경상남도 함안군 군북면,중상사고,0,1,3,0,차대차 - 추돌 - 진행중,안전운전불이행,건조,흐림,단일로 - 기타,승용,남,58세,중상,승용,남,61세,경상