사고번호,사고일시,요일,시군구,사고내용,사망자수,중상자수,경상자수,부상신고자수,사고유형,법규위반,노면상태,기상상태,도로형태,가해운전자 차종,가해운전자 성별,가해운전자 연령,가해운전자 상해정도,피해운전자 차종,피해운전자 성별,피해운전자 연령,피해운전자 상해정도
2014072700100193,2014년 7월 27일 11시,일요일,경상남도 진주시 상대동,중상사고,0,1,0,0,차대차 - 측면직각충돌,안전거리미확보,건조,맑음,교차로 - 교차로안,화물,남,59세,상해없음,이륜,남,28세,중상
2014072700100218,2014년 7월 27일 12시,일요일,경상남도 진주시 상대동,중상사고,0,1,0,0,차대차 - 측면직각충돌,중앙선침범,건조,맑음,단일로 - 기타,승용,남,63세,상해없음,이륜,남,47세,중상
2014072700100219,2014년 7월 27일 12시,일요일,경상남도 양산시 하북면,경상사고,0,0,1,0,차대차 - 기타,안전거리미확보,건조,맑음,단일로 - 기타,승용,여,43세,상해없음,자전거,남,52세,경상
2014072700100220,2014년 7월 27일 12시,일요일,경상남도 창원시 성산구 반림동,경상사고,0,0,1,0,차대사람 - 횡단중,안전운전불이행,건조,맑음,교차로 - 교차로부근,승용,남,53세,상해없음,보행자,여,15세,경상
2014072700100243,2014년 7월 27일 13시,일요일,경상남도 통영시 태평동,경상사고,0,0,1,0,차대차 - 측면직각충돌,차로위반,건조,맑음,단일로 - 기타,승용,여,54세,상해없음,승용,남,35세,상해없음
2014072700100244,2014년 7월 27일 13시,일요일,경상남도 의령군 정곡면,중상사고,0,1,0,0,차대차 - 추돌 - 진행중,중앙선침범,건조,맑음,단일로 - 기타,승용,남,34세,상해없음,이륜,남,74세,중상
2014072700100351,2014년 7월 27일 16시,일요일,경상남도 통영시 도천동,경상사고,0,0,2,0,차대차 - 측면직각충돌,교차로운행방법위반,건조,맑음,교차로 - 교차로안,화물,남,46세,상해없음,승용,남,33세,상해없음
2014072700100352,2014년 7월 27일 16시,일요일,경상남도 남해군 이동면,중상사고,0,1,0,0,차대사람 - 기타,안전운전불이행,건조,맑음,기타 - 기타,승용,남,30세,상해없음,보행자,남,36세,중상
2014072700100353,2014년 7월 27일 16시,일요일,경상남도 함안군 가야읍,경상사고,0,0,1,0,차대차 - 측면직각충돌,교차로운행방법위반,건조,맑음,교차로 - 교차로안,승용,남,62세,상해없음,승용,남,23세,상해없음
2014072700100393,2014년 7월 27일 17시,일요일,경상남도 거제시 고현동,경상사고,0,0,4,6,차대차 - 추돌 - 진행중,안전거리미확보,건조,맑음,단일로 - 기타,승용,남,43세,상해없음,승용,여,41세,상해없음
2014072700100394,2014년 7월 27일 17시,일요일,경상남도 남해군 고현면,중상사고,0,1,1,0,차대차 - 정면충돌,중앙선침범,건조,맑음,기타 - 기타,승용,남,60세,상해없음,승용,남,59세,중상
2014072700100395,2014년 7월 27일 17시,일요일,경상남도 함안군 칠원면,중상사고,0,1,2,0,차대차 - 추돌 - 주정차중,안전거리미확보,건조,맑음,단일로 - 기타,승용,남,41세,중상,승용,남,48세,경상
2014072700100431,2014년 7월 27일 18시,일요일,경상남도 양산시 물금읍,중상사고,0,1,0,0,차대차 - 기타,신호위반,건조,맑음,교차로 - 교차로안,화물,남,38세,상해없음,원동기,남,45세,중상
2014072700100432,2014년 7월 27일 18시,일요일,경상남도 거제시 능포동,중상사고,0,1,0,0,차대사람 - 기타,안전운전불이행,건조,맑음,단일로 - 기타,승용,여,47세,상해없음,보행자,남,6세,중상
2014072700100433,2014년 7월 27일 18시,일요일,경상남도 거제시 장평동,경상사고,0,0,1,0,차대차 - 기타,직진우회전진행방해,건조,맑음,교차로 - 교차로부근,이륜,여,52세,상해없음,이륜,남,17세,경상
2014072700100458,2014년 7월 27일 19시,일요일,경상남도 밀양시 단장면,중상사고,0,1,0,0,차대사람 - 차도통행중,안전운전불이행,건조,맑음,단일로 - 기타,승용,남,45세,상해없음,보행자,여,63세,중상
2014072700100459,2014년 7월 27일 19시,일요일,경상남도 거제시 덕포동,경상사고,0,0,2,0,차대사람 - 기타,안전운전불이행,건조,맑음,단일로 - 기타,승용,남,71세,상해없음,보행자,여,63세,경상
2014072700100496,2014년 7월 27일 20시,일요일,경상남도 고성군 고성읍,중상사고,0,1,0,0,차대차 - 측면직각충돌,교차로운행방법위반,건조,맑음,교차로 - 교차로안,승용,여,42세,상해없음,원동기,남,16세,중상
2014072700100497,2014년 7월 27일 20시,일요일,경상남도 하동군 하동읍,중상사고,0,1,0,0,차대차 - 측면직각충돌,안전운전불이행,건조,맑음,단일로 - 기타,화물,남,41세,상해없음,이륜,남,67세,중상
2014072700100521,2014년 7월 27일 21시,일요일,경상남도 김해시 진영읍,경상사고,0,0,2,0,차대차 - 측면직각충돌,신호위반,건조,맑음,교차로 - 교차로안,승용,여,32세,경상,승용,남,32세,경상
2014072700100548,2014년 7월 27일 22시,일요일,경상남도 김해시 한림면,중상사고,0,2,1,0,차대차 - 추돌 - 주정차중,안전운전불이행,건조,맑음,교차로 - 교차로부근,화물,남,60세,상해없음,승용,남,40세,경상
2014072700100563,2014년 7월 27일 23시,일요일,경상남도 김해시 부원동,중상사고,0,1,0,0,차대사람 - 기타,안전운전불이행,건조,맑음,단일로 - 기타,승합,여,53세,상해없음,보행자,남,54세,중상
2014072700100564,2014년 7월 27일 23시,일요일,경상남도 김해시 삼계동,중상사고,0,1,0,0,차대차 - 측면직각충돌,안전거리미확보,건조,맑음,단일로 - 기타,승용,여,22세,상해없음,이륜,남,19세,중상
2014072800100068,2014년 7월 28일 07시,월요일,경상남도 김해시 어방동,경상사고,0,0,1,0,차대차 - 측면직각충돌,교차로운행방법위반,건조,맑음,교차로 - 교차로안,이륜,여,56세,경상,승용,남,35세,상해없음
2014072800100069,2014년 7월 28일 07시,월요일,경상남도 양산시 삼호동,경상사고,0,0,1,0,차대사람 - 기타,신호위반,건조,맑음,교차로 - 교차로안,승용,남,59세,상해없음,보행자,여,21세,경상
2014072800100095,2014년 7월 28일 08시,월요일,경상남도 양산시 물금읍,중상사고,0,1,0,0,차대사람 - 기타,안전운전불이행,건조,맑음,교차로 - 교차로안,승용,남,29세,상해없음,보행자,여,45세,중상
2014072800100096,2014년 7월 28일 08시,월요일,경상남도 창원시 마산회원구 회원동,경상사고,0,0,1,0,차대차 - 측면직각충돌,안전운전불이행,건조,맑음,단일로 - 횡단보도상,승용,남,70세,상해없음,자전거,남,16세,경상
2014072800100151,2014년 7월 28일 10시,월요일,경상남도 김해시 어방동,중상사고,0,1,0,0,차대차 - 추돌 - 주정차중,안전운전불이행,건조,맑음,단일로 - 기타,이륜,남,18세,중상,승용,여,53세,상해없음
2014072800100182,2014년 7월 28일 11시,월요일,경상남도 창원시 마산합포구 신포동1가,중상사고,0,1,0,0,차대사람 - 기타,안전운전불이행,건조,맑음,미분류 - 미분류,승용,남,54세,상해없음,보행자,남,52세,중상
2014072800100183,2014년 7월 28일 11시,월요일,경상남도 사천시 용현면,경상사고,0,0,2,0,차대차 - 기타,안전운전불이행,건조,맑음,단일로 - 기타,승용,남,21세,상해없음,승용,여,41세,경상
2014072800100218,2014년 7월 28일 12시,월요일,경상남도 산청군 단성면,중상사고,0,1,0,0,차대차 - 측면직각충돌,안전운전불이행,건조,맑음,단일로 - 기타,원동기,남,46세,상해없음,원동기,남,76세,중상
2014072800100219,2014년 7월 28일 12시,월요일,경상남도 창원시 마산회원구 구암동,중상사고,0,2,2,0,차대차 - 추돌 - 진행중,안전운전불이행,건조,맑음,단일로 - 기타,승합,남,61세,상해없음,승용,남,61세,중상
2014072800100256,2014년 7월 28일 13시,월요일,경상남도 김해시 외동,경상사고,0,0,1,0,차대차 - 측면직각충돌,안전운전불이행,건조,맑음,단일로 - 기타,자전거,여,66세,경상,승용,남,76세,상해없음
2014072800100257,2014년 7월 28일 13시,월요일,경상남도 산청군 산청읍,경상사고,0,0,1,0,차대사람 - 길가장자리구역통행중,안전운전불이행,건조,맑음,교차로 - 교차로부근,승용,남,41세,상해없음,보행자,남,76세,경상
2014072800100258,2014년 7월 28일 13시,월요일,경상남도 창원시 마산합포구 산호동,중상사고,0,1,0,0,차대사람 - 횡단중,안전운전불이행,건조,맑음,단일로 - 횡단보도상,이륜,남,25세,상해없음,보행자,남,62세,중상
2014072800100283,2014년 7월 28일 14시,월요일,경상남도 창원시 마산합포구 자산동,부상신고사고,0,0,0,1,차대차 - 측면직각충돌,안전운전불이행,건조,맑음,교차로 - 교차로안,원동기,남,68세,부상신고,승용,남,39세,상해없음
2014072800100316,2014년 7월 28일 15시,월요일,경상남도 창녕군 남지읍,경상사고,0,0,2,0,차대차 - 추돌 - 주정차중,안전거리미확보,건조,맑음,단일로 - 기타,승용,남,64세,상해없음,화물,남,77세,경상
2014072800100317,2014년 7월 28일 15시,월요일,경상남도 창원시 성산구 가음정동,중상사고,0,1,0,0,차대차 - 기타,신호위반,건조,흐림,교차로 - 교차로부근,원동기,남,19세,중상,승용,남,47세,상해없음
2014072800100361,2014년 7월 28일 16시,월요일,경상남도 양산시 물금읍,경상사고,0,0,1,0,차대차 - 기타,안전운전불이행,건조,맑음,기타 - 기타,자전거,여,17세,경상,승용,남,62세,상해없음
2014072800100362,2014년 7월 28일 16시,월요일,경상남도 거제시 옥포동,중상사고,0,1,0,0,차대사람 - 횡단중,신호위반,건조,맑음,단일로 - 횡단보도상,승용,남,43세,상해없음,보행자,남,7세,중상
2014072800100398,2014년 7월 28일 17시,월요일,경상남도 양산시 주진동,경상사고,0,0,1,0,차량단독 - 기타,안전거리미확보,건조,맑음,교차로 - 교차로부근,승합,남,31세,상해없음,,,,
2014072800100399,2014년 7월 28일 17시,월요일,경상남도 김해시 장유면,중상사고,0,2,0,0,차대차 - 측면직각충돌,안전운전불이행,건조,맑음,단일로 - 기타,승용,남,61세,상해없음,승용,여,36세,중상
2014072800100434,2014년 7월 28일 18시,월요일,경상남도 사천시 송포동,경상사고,0,0,1,0,차대차 - 추돌 - 주정차중,안전운전불이행,건조,맑음,단일로 - 기타,승용,남,65세,상해없음,승용,남,29세,경상
2014072800100435,2014년 7월 28일 18시,월요일,경상남도 함안군 군북면,중상사고,0,1,1,0,차대차 - 측면직각충돌,안전운전불이행,건조,맑음,단일로 - 기타,승용,남,26세,경상,화물,남,48세,상해없음
2014072800100467,2014년 7월 28일 19시,월요일,경상남도 창원시 마산합포구 월영동,중상사고,0,1,1,0,차대차 - 추돌 - 주정차중,안전운전불이행,건조,맑음,교차로 - 교차로부근,승용,여,45세,중상,화물,남,49세,상해없음
2014072800100468,2014년 7월 28일 19시,월요일,경상남도 진주시 옥봉동,중상사고,0,1,0,0,차대차 - 기타,안전운전불이행,건조,맑음,단일로 - 기타,화물,남,61세,상해없음,승용,남,57세,상해없음
2014072800100469,2014년 7월 28일 19시,월요일,경상남도 김해시 내동,경상사고,0,0,1,0,차대차 - 추돌 - 주정차중,안전운전불이행,건조,흐림,교차로 - 교차로안,화물,남,53세,상해없음,승합,남,36세,경상
2014072800100499,2014년 7월 28일 20시,월요일,경상남도 진주시 봉곡동,중상사고,0,1,0,0,차대차 - 기타,중앙선침범,건조,맑음,단일로 - 기타,승용,남,52세,상해없음,이륜,남,35세,중상
2014072800100500,2014년 7월 28일 20시,월요일,경상남도 거제시 장평동,중상사고,0,1,1,0,차대사람 - 횡단중,안전운전불이행,건조,맑음,교차로 - 교차로부근,이륜,남,31세,중상,보행자,여,23세,경상
2014072800100501,2014년 7월 28일 20시,월요일,경상남도 창원시 성산구 불모산동,경상사고,0,0,1,0,차대차 - 추돌 - 진행중,안전운전불이행,건조,흐림,교차로 - 교차로부근,승용,남,47세,상해없음,승용,남,57세,경상
2014072800100541,2014년 7월 28일 21시,월요일,경상남도 통영시 광도면,중상사고,0,1,0,0,차대차 - 측면직각충돌,직진우회전진행방해,건조,흐림,교차로 - 교차로안,승용,남,48세,상해없음,승용,여,48세,중상
2014072800100574,2014년 7월 28일 22시,월요일,경상남도 김해시 진영읍,경상사고,0,0,1,0,차대차 - 측면직각충돌,안전운전불이행,건조,흐림,교차로 - 교차로안,승용,남,35세,상해없음,승용,남,30세,경상
2014072800100603,2014년 7월 28일 23시,월요일,경상남도 창원시 마산합포구 오동동,중상사고,0,4,0,0,차대차 - 기타,안전운전불이행,습기,비,교차로 - 교차로부근,승용,남,31세,상해없음,승용,여,21세,중상
2014072900100019,2014년 7월 29일 00시,화요일,경상남도 거제시 고현동,중상사고,0,2,0,0,차대차 - 기타,신호위반,건조,맑음,단일로 - 기타,승용,남,33세,상해없음,원동기,남,17세,중상
2014072900100082,2014년 7월 29일 06시,화요일,경상남도 창원시 성산구 내동,중상사고,0,1,0,0,차대차 - 기타,안전운전불이행,건조,흐림,교차로 - 교차로안,승용,남,28세,상해없음,자전거,남,60세,중상
2014072900100097,2014년 7월 29일 07시,화요일,경상남도 거제시 연초면,중상사고,0,1,0,0,차대사람 - 차도통행중,안전운전불이행,건조,맑음,단일로 - 기타,건설기계,남,46세,상해없음,보행자,여,17세,중상
2014072900100098,2014년 7월 29일 07시,화요일,경상남도 창원시 성산구 상남동,중상사고,0,1,0,0,차대차 - 기타,교차로운행방법위반,건조,흐림,교차로 - 교차로안,승용,남,53세,상해없음,원동기,남,52세,중상
2014072900100193,2014년 7월 29일 10시,화요일,경상남도 창원시 진해구 석동,중상사고,0,1,0,0,차대차 - 측면직각충돌,안전운전불이행,건조,맑음,교차로 - 교차로부근,건설기계,남,59세,기타불명,승용,여,57세,중상
2014072900100194,2014년 7월 29일 10시,화요일,경상남도 양산시 북부동,중상사고,0,2,1,0,차대차 - 기타,신호위반,건조,맑음,교차로 - 교차로안,화물,남,60세,중상,승용,남,62세,경상
2014072900100195,2014년 7월 29일 10시,화요일,경상남도 고성군 고성읍,경상사고,0,0,1,0,차대사람 - 길가장자리구역통행중,안전운전불이행,건조,맑음,단일로 - 기타,승합,남,51세,상해없음,보행자,남,73세,경상
2014072900100196,2014년 7월 29일 10시,화요일,경상남도 창원시 마산회원구 양덕동,중상사고,0,1,0,0,차대사람 - 횡단중,중앙선침범,건조,맑음,단일로 - 횡단보도부근,승용,남,51세,상해없음,보행자,남,56세,중상
2014072900100197,2014년 7월 29일 10시,화요일,경상남도 창원시 의창구 명서동,경상사고,0,0,2,0,차대차 - 측면직각충돌,교차로운행방법위반,건조,맑음,교차로 - 교차로안,승용,남,64세,상해없음,화물,남,33세,경상
2014072900100220,2014년 7월 29일 11시,화요일,경상남도 창원시 마산회원구 합성동,경상사고,0,0,2,0,차대차 - 기타,안전운전불이행,기타,맑음,교차로 - 교차로안,화물,남,39세,경상,승용,남,48세,경상
2014072900100221,2014년 7월 29일 11시,화요일,경상남도 창원시 의창구 대산면,경상사고,0,0,2,0,차대차 - 추돌 - 진행중,안전거리미확보,건조,맑음,단일로 - 기타,화물,남,54세,상해없음,승용,여,44세,경상
2014072900100254,2014년 7월 29일 12시,화요일,경상남도 함안군 가야읍,경상사고,0,0,1,0,차대차 - 추돌 - 주정차중,안전운전불이행,건조,맑음,단일로 - 기타,자전거,남,20세,경상,승용,여,40세,기타불명
2014072900100255,2014년 7월 29일 12시,화요일,경상남도 창원시 의창구 북면,중상사고,0,1,0,0,차대차 - 정면충돌,중앙선침범,건조,맑음,단일로 - 기타,승용,남,44세,상해없음,승용,남,41세,중상
2014072900100278,2014년 7월 29일 13시,화요일,경상남도 밀양시 삼문동,중상사고,0,1,0,0,차대차 - 측면직각충돌,안전운전불이행,건조,맑음,교차로 - 교차로안,이륜,남,73세,중상,승용,여,54세,상해없음
2014072900100279,2014년 7월 29일 13시,화요일,경상남도 양산시 북부동,중상사고,0,1,0,0,차대차 - 기타,교차로운행방법위반,건조,맑음,교차로 - 교차로안,승용,여,41세,기타불명,승용,여,49세,중상
2014072900100280,2014년 7월 29일 13시,화요일,경상남도 함안군 군북면,경상사고,0,0,1,0,차량단독 - 도로외이탈 - 기타,안전운전불이행,건조,맑음,단일로 - 기타,화물,남,56세,상해없음,,,,
2014072900100303,2014년 7월 29일 14시,화요일,경상남도 김해시 외동,중상사고,0,2,0,0,차대차 - 측면직각충돌,교차로운행방법위반,건조,맑음,교차로 - 교차로안,승용,남,59세,상해없음,승용,여,59세,중상
2014072900100304,2014년 7월 29일 14시,화요일,경상남도 함양군 안의면,중상사고,0,1,0,0,차대차 - 측면직각충돌,신호위반,건조,맑음,교차로 - 교차로안,승합,남,32세,상해없음,승용,여,25세,중상
2014072900100305,2014년 7월 29일 14시,화요일,경상남도 창원시 마산회원구 구암동,경상사고,0,0,2,0,차대차 - 측면직각충돌,안전운전불이행,건조,맑음,단일로 - 기타,승용,남,50세,상해없음,승용,남,49세,경상
2014072900100345,2014년 7월 29일 15시,화요일,경상남도 창원시 마산합포구 월영동,경상사고,0,0,1,0,차대차 - 기타,안전거리미확보,건조,맑음,단일로 - 기타,화물,남,44세,상해없음,이륜,남,24세,경상
2014072900100346,2014년 7월 29일 15시,화요일,경상남도 통영시 광도면,중상사고,0,1,0,0,차대사람 - 길가장자리구역통행중,교차로운행방법위반,건조,맑음,교차로 - 교차로안,승용,남,44세,상해없음,보행자,여,69세,중상
2014072900100347,2014년 7월 29일 15시,화요일,경상남도 거창군 거창읍,경상사고,0,0,1,0,차대차 - 측면직각충돌,안전운전불이행,건조,맑음,교차로 - 교차로안,승용,남,32세,상해없음,자전거,남,56세,경상
2014072900100377,2014년 7월 29일 16시,화요일,경상남도 창원시 마산합포구 완월동,경상사고,0,0,1,0,차대사람 - 차도통행중,안전운전불이행,건조,맑음,단일로 - 기타,승용,남,64세,상해없음,보행자,남,15세,경상
2014072900100378,2014년 7월 29일 16시,화요일,경상남도 거제시 아주동,경상사고,0,0,3,3,차대차 - 기타,신호위반,건조,맑음,교차로 - 교차로안,승용,남,37세,상해없음,승용,여,47세,경상
2014072900100379,2014년 7월 29일 16시,화요일,경상남도 함안군 대산면,경상사고,0,0,1,0,차대차 - 측면직각충돌,신호위반,건조,맑음,교차로 - 교차로안,화물,남,45세,상해없음,원동기,남,76세,경상
2014072900100412,2014년 7월 29일 17시,화요일,경상남도 진주시 신안동,중상사고,0,1,1,0,차대차 - 측면직각충돌,교차로운행방법위반,건조,맑음,교차로 - 교차로안,승용,남,17세,상해없음,승용,남,47세,경상
2014072900100413,2014년 7월 29일 17시,화요일,경상남도 거제시 고현동,경상사고,0,0,1,0,차대차 - 추돌 - 진행중,차로위반,건조,맑음,교차로 - 교차로안,승용,여,30세,상해없음,승용,여,25세,경상
2014072900100414,2014년 7월 29일 17시,화요일,경상남도 창원시 성산구 반림동,경상사고,0,0,1,0,차대사람 - 횡단중,보행자보호의무위반,건조,맑음,단일로 - 기타,승용,여,51세,상해없음,보행자,남,8세,경상
2014072900100445,2014년 7월 29일 18시,화요일,경상남도 진주시 상대동,경상사고,0,0,1,0,차대차 - 정면충돌,안전운전불이행,건조,맑음,교차로 - 교차로부근,승합,남,28세,상해없음,자전거,여,6세,경상
2014072900100446,2014년 7월 29일 18시,화요일,경상남도 거제시 아주동,부상신고사고,0,0,0,1,차대차 - 기타,교차로운행방법위반,건조,맑음,교차로 - 교차로안,승용,여,36세,상해없음,이륜,남,16세,부상신고
2014072900100447,2014년 7월 29일 18시,화요일,경상남도 남해군 창선면,경상사고,0,0,1,0,차대차 - 정면충돌,안전운전불이행,건조,맑음,단일로 - 기타,이륜,남,16세,경상,승용,남,33세,상해없음
2014072900100478,2014년 7월 29일 19시,화요일,경상남도 거제시 장승포동,경상사고,0,0,2,0,차대차 - 기타,신호위반,건조,맑음,교차로 - 교차로안,승용,남,29세,상해없음,이륜,남,28세,경상
2014072900100511,2014년 7월 29일 20시,화요일,경상남도 사천시 송포동,중상사고,0,1,1,0,차대차 - 측면직각충돌,안전운전불이행,건조,맑음,단일로 - 기타,승합,여,55세,상해없음,원동기,남,40세,경상
2014072900100512,2014년 7월 29일 20시,화요일,경상남도 김해시 상동면,경상사고,0,0,2,0,차대차 - 측면직각충돌,안전운전불이행,건조,맑음,단일로 - 기타,화물,남,70세,경상,승용,남,39세,경상
2014072900100513,2014년 7월 29일 20시,화요일,경상남도 김해시 진례면,중상사고,0,1,1,0,차대차 - 측면직각충돌,안전운전불이행,건조,맑음,기타 - 기타,승합,남,51세,상해없음,원동기,여,52세,중상
2014072900100546,2014년 7월 29일 21시,화요일,경상남도 창원시 마산합포구 교방동,중상사고,0,1,0,0,차대차 - 기타,신호위반,건조,맑음,단일로 - 횡단보도상,승용,남,56세,상해없음,이륜,남,58세,중상
2014072900100547,2014년 7월 29일 21시,화요일,경상남도 산청군 단성면,중상사고,0,2,0,0,차대차 - 추돌 - 진행중,안전운전불이행,건조,맑음,단일로 - 기타,승용,남,52세,상해없음,승용,남,65세,중상
2014072900100570,2014년 7월 29일 22시,화요일,경상남도 거제시 옥포동,경상사고,0,0,1,0,차대사람 - 기타,안전운전불이행,건조,맑음,교차로 - 교차로안,승용,남,36세,상해없음,보행자,남,46세,경상
2014072900100571,2014년 7월 29일 22시,화요일,경상남도 거제시 사등면,부상신고사고,0,0,0,1,차대차 - 정면충돌,안전운전불이행,건조,맑음,단일로 - 기타,승용,여,44세,상해없음,승용,여,40세,부상신고
2014072900100601,2014년 7월 29일 23시,화요일,경상남도 창원시 마산합포구 진동면,중상사고,0,1,0,0,차대사람 - 횡단중,안전운전불이행,건조,맑음,단일로 - 횡단보도상,승용,남,58세,상해없음,보행자,남,35세,중상
2014072900100602,2014년 7월 29일 23시,화요일,경상남도 진주시 평거동,경상사고,0,0,2,0,차대차 - 측면직각충돌,신호위반,건조,맑음,교차로 - 교차로안,승용,여,24세,상해없음,승용,여,46세,상해없음
2014072900100603,2014년 7월 29일 23시,화요일,경상남도 진주시 사봉면,경상사고,0,0,1,0,차량단독 - 기타,안전운전불이행,건조,맑음,단일로 - 기타,원동기,남,21세,경상,,,,
2014073000100030,2014년 7월 30일 02시,수요일,경상남도 진주시 평거동,중상사고,0,1,0,0,차대사람 - 횡단중,보행자보호의무위반,건조,맑음,교차로 - 교차로부근,승용,남,47세,상해없음,보행자,남,22세,중상
2014073000100040,2014년 7월 30일 03시,수요일,경상남도 함양군 서상면,중상사고,0,1,2,1,차량단독 - 공작물충돌,안전운전불이행,습기,안개,단일로 - 기타,승용,남,19세,부상신고,,,,
2014073000100066,2014년 7월 30일 06시,수요일,경상남도 진주시 수정동,중상사고,0,1,0,0,차대사람 - 기타,안전운전불이행,건조,맑음,교차로 - 교차로안,이륜,남,51세,상해없음,보행자,여,55세,중상
2014073000100078,2014년 7월 30일 07시,수요일,경상남도 창원시 진해구 용원동,경상사고,0,0,7,1,차대차 - 추돌 - 주정차중,안전운전불이행,건조,맑음,단일로 - 기타,승용,남,65세,상해없음,승용,남,43세,경상
2014073000100112,2014년 7월 30일 08시,수요일,경상남도 창원시 의창구 반계동,중상사고,0,1,0,0,차대차 - 기타,신호위반,건조,맑음,교차로 - 교차로안,승용,여,57세,상해없음,승용,남,27세,중상
2014073000100145,2014년 7월 30일 09시,수요일,경상남도 밀양시 내이동,중상사고,0,1,0,0,차대차 - 측면직각충돌,교차로운행방법위반,건조,맑음,교차로 - 교차로안,승용,남,56세,상해없음,승용,여,52세,중상
2014073000100146,2014년 7월 30일 09시,수요일,경상남도 김해시 서상동,중상사고,0,1,0,0,차대차 - 기타,교차로운행방법위반,건조,맑음,교차로 - 교차로안,원동기,남,64세,중상,승용,남,34세,상해없음
2014073000100187,2014년 7월 30일 10시,수요일,경상남도 김해시 삼계동,경상사고,0,0,1,0,차대차 - 기타,차로위반,건조,맑음,단일로 - 기타,승용,남,57세,상해없음,화물,남,71세,상해없음
2014073000100188,2014년 7월 30일 10시,수요일,경상남도 양산시 중부동,부상신고사고,0,0,0,1,차대차 - 측면직각충돌,안전운전불이행,건조,맑음,교차로 - 교차로부근,승용,남,48세,상해없음,이륜,남,26세,부상신고
2014073000100189,2014년 7월 30일 10시,수요일,경상남도 고성군 고성읍,경상사고,0,0,2,0,차대차 - 측면직각충돌,차로위반,건조,맑음,단일로 - 기타,승용,남,49세,상해없음,승용,여,52세,경상
2014073000100190,2014년 7월 30일 10시,수요일,경상남도 고성군 마암면,중상사고,0,2,0,0,차대차 - 측면직각충돌,차로위반,건조,맑음,단일로 - 기타,건설기계,남,48세,상해없음,승용,여,55세,중상
2014073000100191,2014년 7월 30일 10시,수요일,경상남도 김해시 장유면,중상사고,0,1,0,0,차대차 - 기타,안전운전불이행,건조,맑음,단일로 - 기타,건설기계,남,59세,상해없음,승용,여,45세,중상
2014073000100225,2014년 7월 30일 11시,수요일,경상남도 거제시 아주동,중상사고,0,1,0,0,차대차 - 추돌 - 진행중,중앙선침범,건조,맑음,단일로 - 기타,승용,남,26세,상해없음,승용,남,36세,상해없음
2014073000100226,2014년 7월 30일 11시,수요일,경상남도 창원시 의창구 봉곡동,중상사고,0,1,0,0,차대사람 - 기타,안전운전불이행,건조,맑음,단일로 - 기타,승용,남,47세,상해없음,보행자,여,77세,중상
2014073000100227,2014년 7월 30일 11시,수요일,경상남도 김해시 장유면,중상사고,0,1,0,0,차대사람 - 횡단중,신호위반,건조,맑음,교차로 - 교차로안,승용,여,48세,상해없음,보행자,남,6세,중상
2014073000100228,2014년 7월 30일 11시,수요일,경상남도 창원시 의창구 동읍,경상사고,0,0,1,0,차대차 - 추돌 - 주정차중,안전운전불이행,건조,맑음,단일로 - 기타,승용,남,45세,기타불명,화물,남,59세,경상
2014073000100256,2014년 7월 30일 12시,수요일,경상남도 함안군 산인면,부상신고사고,0,0,0,1,차대차 - 기타,안전운전불이행,건조,맑음,교차로 - 교차로부근,기타불명,기타불명,기타불명,기타불명,자전거,남,66세,부상신고
2014073000100285,2014년 7월 30일 13시,수요일,경상남도 창원시 진해구 석동,중상사고,0,1,0,0,차대차 - 기타,안전거리미확보,건조,맑음,교차로 - 교차로부근,화물,남,40세,상해없음,승용,여,60세,중상
2014073000100286,2014년 7월 30일 13시,수요일,경상남도 사천시 동금동,경상사고,0,0,1,0,차대사람 - 기타,안전운전불이행,건조,맑음,단일로 - 기타,기타불명,기타불명,기타불명,기타불명,보행자,여,59세,경상
2014073000100287,2014년 7월 30일 13시,수요일,경상남도 사천시 좌룡동,부상신고사고,0,0,0,3,차대차 - 측면직각충돌,안전거리미확보,건조,맑음,교차로 - 교차로안,승용,남,48세,상해없음,승용,남,38세,부상신고
2014073000100288,2014년 7월 30일 13시,수요일,경상남도 밀양시 상남면,중상사고,0,3,2,0,차대차 - 기타,안전운전불이행,건조,맑음,단일로 - 기타,화물,남,54세,상해없음,승용,남,38세,중상
2014073000100325,2014년 7월 30일 14시,수요일,경상남도 거창군 거창읍,경상사고,0,0,1,0,차대차 - 추돌 - 진행중,교차로운행방법위반,건조,맑음,교차로 - 교차로안,원동기,여,64세,경상,승용,남,37세,상해없음
2014073000100366,2014년 7월 30일 15시,수요일,경상남도 남해군 상주면,중상사고,0,2,0,0,차대차 - 측면직각충돌,기타,건조,맑음,교차로 - 교차로안,승용,남,40세,상해없음,승용,여,39세,중상
2014073000100367,2014년 7월 30일 15시,수요일,경상남도 남해군 상주면,경상사고,0,0,4,0,차대차 - 추돌 - 주정차중,안전운전불이행,건조,맑음,교차로 - 교차로부근,승용,남,30세,상해없음,승용,남,38세,경상
2014073000100368,2014년 7월 30일 15시,수요일,경상남도 합천군 야로면,경상사고,0,0,2,0,차대차 - 기타,중앙선침범,건조,맑음,단일로 - 기타,화물,남,53세,상해없음,승합,남,45세,경상
2014073000100401,2014년 7월 30일 16시,수요일,경상남도 통영시 광도면,중상사고,0,1,0,0,차대사람 - 횡단중,안전운전불이행,건조,맑음,교차로 - 교차로부근,승용,남,40세,상해없음,보행자,여,64세,중상