사고번호,사고일시,요일,시군구,사고내용,사망자수,중상자수,경상자수,부상신고자수,사고유형,법규위반,노면상태,기상상태,도로형태,가해운전자 차종,가해운전자 성별,가해운전자 연령,가해운전자 상해정도,피해운전자 차종,피해운전자 성별,피해운전자 연령,피해운전자 상해정도
2014073000100402,2014년 7월 30일 16시,수요일,경상남도 양산시 동면,중상사고,0,1,2,0,차대차 - 측면직각충돌,중앙선침범,건조,맑음,단일로 - 기타,승용,남,51세,상해없음,승용,여,39세,경상
2014073000100403,2014년 7월 30일 16시,수요일,경상남도 김해시 흥동,경상사고,0,0,2,0,차대차 - 추돌 - 주정차중,안전운전불이행,건조,맑음,단일로 - 기타,화물,남,53세,상해없음,화물,남,38세,경상
2014073000100431,2014년 7월 30일 17시,수요일,경상남도 창녕군 성산면,경상사고,0,0,1,0,차대사람 - 횡단중,안전운전불이행,건조,맑음,단일로 - 기타,화물,남,25세,상해없음,보행자,여,9세,경상
2014073000100432,2014년 7월 30일 17시,수요일,경상남도 창녕군 도천면,중상사고,0,1,0,0,차대차 - 측면직각충돌,신호위반,건조,맑음,교차로 - 교차로안,화물,남,51세,상해없음,이륜,남,77세,중상
2014073000100433,2014년 7월 30일 17시,수요일,경상남도 양산시 물금읍,경상사고,0,0,1,0,차대차 - 정면충돌,신호위반,건조,맑음,교차로 - 교차로안,승용,남,63세,경상,특수,남,49세,상해없음
2014073000100434,2014년 7월 30일 17시,수요일,경상남도 하동군 진교면,중상사고,0,1,1,0,차대차 - 측면직각충돌,안전운전불이행,건조,맑음,단일로 - 기타,이륜,남,16세,경상,승용,여,50세,상해없음
2014073000100435,2014년 7월 30일 17시,수요일,경상남도 거제시 아주동,경상사고,0,0,1,0,차대사람 - 기타,보행자보호의무위반,건조,맑음,교차로 - 교차로안,승용,남,29세,상해없음,보행자,남,41세,경상
2014073000100473,2014년 7월 30일 18시,수요일,경상남도 밀양시 삼문동,경상사고,0,0,1,0,차대사람 - 횡단중,안전운전불이행,건조,맑음,단일로 - 기타,자전거,남,21세,상해없음,보행자,여,48세,경상
2014073000100474,2014년 7월 30일 18시,수요일,경상남도 창원시 마산회원구 내서읍,경상사고,0,0,1,0,차대사람 - 기타,안전운전불이행,건조,맑음,단일로 - 기타,승용,여,48세,상해없음,보행자,여,9세,경상
2014073000100475,2014년 7월 30일 18시,수요일,경상남도 창원시 의창구 팔용동,경상사고,0,0,1,0,차대사람 - 기타,안전운전불이행,건조,맑음,단일로 - 기타,화물,남,53세,상해없음,보행자,남,25세,경상
2014073000100509,2014년 7월 30일 19시,수요일,경상남도 김해시 어방동,경상사고,0,0,1,0,차대차 - 추돌 - 주정차중,안전거리미확보,건조,맑음,교차로 - 교차로부근,화물,남,31세,상해없음,승용,남,21세,경상
2014073000100550,2014년 7월 30일 20시,수요일,경상남도 통영시 미수동,경상사고,0,0,1,0,차대사람 - 차도통행중,안전운전불이행,건조,맑음,단일로 - 기타,원동기,남,25세,상해없음,보행자,여,70세,경상
2014073000100551,2014년 7월 30일 20시,수요일,경상남도 김해시 장유면,경상사고,0,0,1,0,차대차 - 기타,신호위반,건조,맑음,교차로 - 교차로안,승용,남,25세,상해없음,승용,남,40세,경상
2014073000100578,2014년 7월 30일 21시,수요일,경상남도 창원시 마산합포구 진동면,경상사고,0,0,2,0,차대차 - 정면충돌,안전운전불이행,건조,맑음,단일로 - 기타,승용,여,46세,경상,승용,여,28세,경상
2014073000100579,2014년 7월 30일 21시,수요일,경상남도 사천시 동금동,중상사고,0,1,0,0,차대차 - 추돌 - 주정차중,안전운전불이행,건조,맑음,교차로 - 교차로부근,승용,여,54세,상해없음,승용,여,41세,중상
2014073000100580,2014년 7월 30일 21시,수요일,경상남도 창원시 성산구 중앙동,경상사고,0,0,1,0,차대차 - 기타,신호위반,기타,맑음,교차로 - 교차로안,승용,남,33세,상해없음,승용,남,45세,상해없음
2014073000100613,2014년 7월 30일 22시,수요일,경상남도 창원시 진해구 용원동,경상사고,0,0,2,0,차대차 - 기타,신호위반,건조,맑음,교차로 - 교차로안,승용,남,52세,상해없음,승용,여,41세,경상
2014073000100614,2014년 7월 30일 22시,수요일,경상남도 거제시 장평동,경상사고,0,0,1,0,차대차 - 기타,안전운전불이행,건조,맑음,교차로 - 교차로안,이륜,남,39세,상해없음,자전거,남,21세,경상
2014073000100615,2014년 7월 30일 22시,수요일,경상남도 창원시 마산합포구 산호동,중상사고,0,1,1,0,차대차 - 추돌 - 주정차중,안전운전불이행,건조,맑음,단일로 - 기타,승용,여,30세,상해없음,승용,남,39세,중상
2014073000100616,2014년 7월 30일 22시,수요일,경상남도 김해시 장유면,부상신고사고,0,0,0,1,차량단독 - 공작물충돌,안전운전불이행,건조,맑음,단일로 - 기타,승용,남,26세,부상신고,,,,
2014073000100655,2014년 7월 30일 23시,수요일,경상남도 김해시 장유면,중상사고,0,1,0,0,차대사람 - 횡단중,안전운전불이행,건조,맑음,교차로 - 교차로안,승용,남,31세,상해없음,보행자,남,17세,중상
2014073100100013,2014년 7월 31일 00시,목요일,경상남도 거제시 상동동,중상사고,0,1,1,0,차대차 - 기타,안전운전불이행,건조,맑음,교차로 - 교차로안,승용,남,36세,상해없음,승용,남,31세,경상
2014073100100037,2014년 7월 31일 01시,목요일,경상남도 진주시 하대동,중상사고,0,2,0,0,차대차 - 측면직각충돌,신호위반,건조,흐림,교차로 - 교차로안,승용,남,50세,상해없음,승용,남,54세,상해없음
2014073100100038,2014년 7월 31일 01시,목요일,경상남도 사천시 사남면,경상사고,0,0,1,0,차량단독 - 전도전복,안전운전불이행,건조,맑음,교차로 - 교차로부근,승용,남,27세,경상,,,,
2014073100100039,2014년 7월 31일 01시,목요일,경상남도 거제시 거제면,중상사고,0,1,0,0,차대사람 - 기타,안전운전불이행,건조,맑음,단일로 - 기타,승용,남,36세,상해없음,보행자,남,19세,중상
2014073100100040,2014년 7월 31일 01시,목요일,경상남도 창원시 성산구 상남동,경상사고,0,0,1,0,차대사람 - 기타,안전운전불이행,기타,맑음,단일로 - 기타,승용,남,38세,상해없음,보행자,남,53세,경상
2014073100100056,2014년 7월 31일 02시,목요일,경상남도 창원시 성산구 내동,경상사고,0,0,2,0,차대차 - 기타,교차로운행방법위반,기타,맑음,교차로 - 교차로안,승용,남,22세,상해없음,승용,남,52세,상해없음
2014073100100069,2014년 7월 31일 03시,목요일,경상남도 양산시 신기동,중상사고,0,1,1,0,차대차 - 측면직각충돌,직진우회전진행방해,건조,맑음,교차로 - 교차로안,승합,남,71세,상해없음,화물,남,36세,경상
2014073100100102,2014년 7월 31일 06시,목요일,경상남도 거제시 고현동,경상사고,0,0,1,0,차대차 - 기타,안전거리미확보,건조,맑음,교차로 - 교차로안,승용,여,32세,상해없음,화물,남,39세,경상
2014073100100123,2014년 7월 31일 07시,목요일,경상남도 창원시 성산구 남산동,중상사고,0,1,0,0,차대차 - 기타,중앙선침범,기타,맑음,단일로 - 기타,승용,남,23세,상해없음,화물,남,57세,중상
2014073100100159,2014년 7월 31일 08시,목요일,경상남도 산청군 생비량면,부상신고사고,0,0,0,1,차량단독 - 공작물충돌,안전운전불이행,건조,맑음,단일로 - 기타,화물,남,30세,부상신고,,,,
2014073100100160,2014년 7월 31일 08시,목요일,경상남도 창원시 성산구 웅남동,경상사고,0,0,1,0,차대차 - 측면직각충돌,안전운전불이행,건조,맑음,교차로 - 교차로안,승용,남,40세,상해없음,승용,남,24세,경상
2014073100100161,2014년 7월 31일 08시,목요일,경상남도 창원시 의창구 팔용동,경상사고,0,0,1,0,차대사람 - 횡단중,보행자보호의무위반,건조,맑음,교차로 - 교차로안,기타불명,기타불명,기타불명,기타불명,보행자,남,52세,경상
2014073100100187,2014년 7월 31일 09시,목요일,경상남도 함안군 가야읍,경상사고,0,0,2,0,차대차 - 추돌 - 진행중,안전운전불이행,건조,맑음,단일로 - 기타,승용,남,37세,상해없음,승용,여,36세,경상
2014073100100218,2014년 7월 31일 10시,목요일,경상남도 창원시 진해구 태백동,경상사고,0,0,1,0,차대사람 - 기타,안전운전불이행,건조,맑음,단일로 - 기타,화물,남,27세,상해없음,보행자,여,35세,경상
2014073100100219,2014년 7월 31일 10시,목요일,경상남도 양산시 삼호동,중상사고,0,1,0,0,차대차 - 기타,교차로운행방법위반,건조,맑음,교차로 - 교차로안,승용,여,36세,상해없음,자전거,남,62세,중상
2014073100100220,2014년 7월 31일 10시,목요일,경상남도 양산시 유산동,경상사고,0,0,1,0,차대차 - 추돌 - 주정차중,안전거리미확보,건조,맑음,단일로 - 기타,건설기계,남,45세,상해없음,승용,남,62세,경상
2014073100100221,2014년 7월 31일 10시,목요일,경상남도 남해군 남해읍,중상사고,0,2,2,0,차대차 - 측면직각충돌,안전운전불이행,건조,맑음,교차로 - 교차로안,화물,남,51세,상해없음,승용,남,49세,경상
2014073100100222,2014년 7월 31일 10시,목요일,경상남도 창원시 의창구 동읍,경상사고,0,0,4,0,차대차 - 추돌 - 진행중,안전거리미확보,건조,맑음,단일로 - 기타,승용,남,67세,상해없음,승합,남,23세,경상
2014073100100253,2014년 7월 31일 11시,목요일,경상남도 거제시 장평동,부상신고사고,0,0,0,3,차대차 - 추돌 - 진행중,안전거리미확보,건조,맑음,단일로 - 기타,승용,여,51세,상해없음,승용,남,34세,부상신고
2014073100100254,2014년 7월 31일 11시,목요일,경상남도 거제시 옥포동,경상사고,0,0,1,0,차대차 - 측면직각충돌,교차로운행방법위반,건조,맑음,교차로 - 교차로안,승용,여,51세,상해없음,승용,여,38세,경상
2014073100100255,2014년 7월 31일 11시,목요일,경상남도 남해군 창선면,중상사고,0,1,0,0,차대차 - 측면직각충돌,안전운전불이행,건조,맑음,단일로 - 횡단보도부근,승합,남,74세,상해없음,승용,남,56세,상해없음
2014073100100283,2014년 7월 31일 12시,목요일,경상남도 창원시 진해구 경화동,경상사고,0,0,3,0,차대차 - 측면직각충돌,안전운전불이행,건조,맑음,교차로 - 교차로부근,승용,여,58세,경상,승용,여,51세,경상
2014073100100284,2014년 7월 31일 12시,목요일,경상남도 창원시 의창구 동읍,경상사고,0,0,1,0,차대차 - 측면직각충돌,안전운전불이행,건조,맑음,단일로 - 기타,기타불명,기타불명,기타불명,기타불명,승용,남,36세,상해없음
2014073100100322,2014년 7월 31일 13시,목요일,경상남도 진주시 남성동,경상사고,0,0,2,0,차대차 - 추돌 - 주정차중,안전운전불이행,건조,맑음,교차로 - 교차로부근,승용,남,48세,상해없음,승용,남,30세,경상
2014073100100323,2014년 7월 31일 13시,목요일,경상남도 밀양시 단장면,경상사고,0,0,2,0,차대차 - 추돌 - 진행중,안전운전불이행,건조,맑음,단일로 - 기타,승용,남,18세,상해없음,승용,남,55세,경상
2014073100100324,2014년 7월 31일 13시,목요일,경상남도 김해시 상동면,사망사고,1,0,0,0,차량단독 - 공작물충돌,안전운전불이행,건조,맑음,교차로 - 교차로안,화물,남,61세,사망,,,,
2014073100100325,2014년 7월 31일 13시,목요일,경상남도 김해시 부원동,경상사고,0,0,1,0,차대사람 - 차도통행중,안전운전불이행,건조,맑음,교차로 - 교차로안,기타불명,기타불명,기타불명,기타불명,보행자,남,62세,경상
2014073100100326,2014년 7월 31일 13시,목요일,경상남도 거제시 고현동,경상사고,0,0,1,0,차대차 - 추돌 - 진행중,중앙선침범,건조,맑음,교차로 - 교차로부근,승용,남,64세,상해없음,이륜,남,39세,경상
2014073100100364,2014년 7월 31일 14시,목요일,경상남도 통영시 동호동,부상신고사고,0,0,0,1,차대차 - 기타,안전거리미확보,건조,맑음,단일로 - 기타,원동기,남,75세,부상신고,화물,남,47세,상해없음
2014073100100365,2014년 7월 31일 14시,목요일,경상남도 밀양시 삼문동,경상사고,0,0,1,0,차대차 - 정면충돌,안전운전불이행,습기,비,단일로 - 기타,화물,남,64세,상해없음,승용,여,55세,경상
2014073100100366,2014년 7월 31일 14시,목요일,경상남도 남해군 남면,중상사고,0,1,0,0,차대사람 - 기타,안전운전불이행,습기,맑음,기타 - 기타,승용,남,56세,상해없음,보행자,남,4세,중상
2014073100100427,2014년 7월 31일 16시,목요일,경상남도 진주시 중안동,중상사고,0,1,0,0,차대사람 - 횡단중,안전운전불이행,건조,맑음,교차로 - 교차로부근,승용,남,71세,상해없음,보행자,여,20세,중상
2014073100100428,2014년 7월 31일 16시,목요일,경상남도 진주시 금곡면,경상사고,0,0,1,0,차대차 - 측면직각충돌,교차로운행방법위반,건조,맑음,교차로 - 교차로안,건설기계,남,49세,상해없음,승용,여,37세,경상
2014073100100429,2014년 7월 31일 16시,목요일,경상남도 창원시 진해구 용원동,경상사고,0,0,2,0,차대차 - 기타,안전운전불이행,건조,맑음,교차로 - 교차로부근,승용,남,70세,상해없음,승합,남,49세,경상
2014073100100430,2014년 7월 31일 16시,목요일,경상남도 거제시 동부면,부상신고사고,0,0,0,1,차대차 - 추돌 - 진행중,안전거리미확보,건조,맑음,단일로 - 기타,승용,여,46세,상해없음,승용,남,31세,부상신고
2014073100100431,2014년 7월 31일 16시,목요일,경상남도 김해시 진례면,중상사고,0,4,0,0,차대차 - 추돌 - 진행중,안전운전불이행,건조,맑음,교차로 - 교차로부근,승용,남,31세,상해없음,승용,여,63세,중상
2014073100100479,2014년 7월 31일 17시,목요일,경상남도 김해시 내동,경상사고,0,0,1,0,차대차 - 측면직각충돌,안전운전불이행,건조,맑음,단일로 - 기타,승용,남,66세,상해없음,자전거,남,9세,경상
2014073100100480,2014년 7월 31일 17시,목요일,경상남도 함양군 함양읍,경상사고,0,0,3,0,차대차 - 기타,안전운전불이행,건조,맑음,단일로 - 기타,승용,남,57세,상해없음,승합,남,48세,경상
2014073100100523,2014년 7월 31일 18시,목요일,경상남도 김해시 내동,중상사고,0,2,0,0,차대차 - 측면직각충돌,신호위반,건조,맑음,교차로 - 교차로안,승합,남,41세,상해없음,승용,여,47세,중상
2014073100100524,2014년 7월 31일 18시,목요일,경상남도 김해시 삼계동,중상사고,0,1,0,0,차대차 - 추돌 - 주정차중,안전운전불이행,건조,맑음,단일로 - 기타,승용,남,50세,상해없음,승용,남,31세,중상
2014073100100525,2014년 7월 31일 18시,목요일,경상남도 김해시 상동면,중상사고,0,1,1,0,차량단독 - 공작물충돌,안전운전불이행,건조,맑음,단일로 - 기타,승용,여,31세,경상,,,,
2014073100100526,2014년 7월 31일 18시,목요일,경상남도 거제시 수월동,경상사고,0,0,1,0,차대차 - 측면직각충돌,안전운전불이행,건조,맑음,단일로 - 기타,화물,남,43세,상해없음,승용,남,36세,경상
2014073100100560,2014년 7월 31일 19시,목요일,경상남도 김해시 부원동,경상사고,0,0,2,0,차대차 - 추돌 - 진행중,안전거리미확보,건조,맑음,단일로 - 기타,승용,여,53세,상해없음,승용,남,54세,경상
2014073100100561,2014년 7월 31일 19시,목요일,경상남도 거제시 동부면,경상사고,0,0,1,0,차대사람 - 기타,안전운전불이행,건조,맑음,단일로 - 기타,승합,남,53세,상해없음,보행자,여,67세,경상
2014073100100596,2014년 7월 31일 20시,목요일,경상남도 진주시 상대동,중상사고,0,1,0,0,차대차 - 측면직각충돌,안전거리미확보,건조,맑음,교차로 - 교차로부근,승용,남,35세,상해없음,승합,남,53세,상해없음
2014073100100597,2014년 7월 31일 20시,목요일,경상남도 밀양시 가곡동,경상사고,0,0,1,0,차대사람 - 보도통행중,안전운전불이행,건조,맑음,단일로 - 기타,화물,남,37세,상해없음,보행자,남,54세,경상
2014073100100631,2014년 7월 31일 21시,목요일,경상남도 양산시 하북면,중상사고,0,1,2,0,차대차 - 기타,안전운전불이행,건조,맑음,단일로 - 기타,승합,남,55세,상해없음,화물,남,48세,상해없음
2014073100100663,2014년 7월 31일 22시,목요일,경상남도 진주시 수곡면,사망사고,1,0,0,0,차량단독 - 공작물충돌,안전운전불이행,건조,맑음,단일로 - 기타,원동기,남,39세,사망,,,,
2014073100100696,2014년 7월 31일 23시,목요일,경상남도 창원시 진해구 용원동,경상사고,0,0,1,0,차대차 - 기타,안전운전불이행,건조,맑음,교차로 - 교차로안,원동기,남,16세,경상,승용,남,34세,상해없음
2014073100100697,2014년 7월 31일 23시,목요일,경상남도 거제시 고현동,경상사고,0,0,1,0,차대차 - 측면직각충돌,중앙선침범,건조,맑음,교차로 - 교차로부근,승용,여,40세,상해없음,승용,남,45세,상해없음
2014073100100698,2014년 7월 31일 23시,목요일,경상남도 창원시 성산구 남양동,중상사고,0,1,0,0,차대차 - 기타,안전운전불이행,건조,맑음,교차로 - 교차로안,승용,남,29세,상해없음,원동기,남,24세,중상
2014080100100038,2014년 8월 1일 01시,금요일,경상남도 양산시 물금읍,경상사고,0,0,1,0,차대사람 - 기타,안전운전불이행,건조,맑음,교차로 - 교차로안,승용,남,54세,상해없음,보행자,남,19세,경상
2014080100100039,2014년 8월 1일 01시,금요일,경상남도 사천시 축동면,중상사고,0,2,1,0,차대차 - 기타,안전운전불이행,건조,맑음,단일로 - 기타,승용,남,35세,상해없음,승용,여,47세,중상
2014080100100089,2014년 8월 1일 06시,금요일,경상남도 창녕군 남지읍,중상사고,0,1,0,0,차대차 - 추돌 - 진행중,안전운전불이행,건조,맑음,단일로 - 기타,승용,여,59세,상해없음,자전거,남,72세,중상
2014080100100107,2014년 8월 1일 07시,금요일,경상남도 거제시 아주동,중상사고,0,1,0,0,차대차 - 측면직각충돌,안전운전불이행,건조,맑음,단일로 - 기타,화물,남,54세,상해없음,특수,남,40세,중상
2014080100100108,2014년 8월 1일 07시,금요일,경상남도 창원시 마산회원구 내서읍,중상사고,0,1,0,0,차대사람 - 기타,안전운전불이행,건조,맑음,교차로 - 교차로부근,승용,남,49세,상해없음,보행자,여,57세,중상
2014080100100150,2014년 8월 1일 09시,금요일,경상남도 밀양시 내이동,경상사고,0,0,1,0,차대차 - 측면직각충돌,차로위반,건조,맑음,단일로 - 횡단보도부근,자전거,남,79세,경상,화물,남,76세,상해없음
2014080100100177,2014년 8월 1일 10시,금요일,경상남도 거제시 일운면,경상사고,0,0,1,0,차대차 - 기타,중앙선침범,건조,맑음,단일로 - 기타,승용,남,26세,상해없음,화물,남,32세,경상
2014080100100178,2014년 8월 1일 10시,금요일,경상남도 남해군 남해읍,중상사고,0,1,0,0,차대차 - 기타,안전운전불이행,건조,맑음,기타 - 기타,화물,남,57세,상해없음,자전거,남,49세,중상
2014080100100179,2014년 8월 1일 10시,금요일,경상남도 함안군 군북면,중상사고,0,1,1,0,차대차 - 추돌 - 진행중,안전운전불이행,건조,맑음,단일로 - 기타,승용,남,39세,상해없음,승용,남,28세,경상
2014080100100214,2014년 8월 1일 11시,금요일,경상남도 김해시 상동면,경상사고,0,0,1,0,차량단독 - 공작물충돌,안전운전불이행,건조,맑음,단일로 - 기타,화물,남,61세,경상,,,,
2014080100100215,2014년 8월 1일 11시,금요일,경상남도 창원시 의창구 동읍,경상사고,0,0,4,0,차대차 - 추돌 - 진행중,안전운전불이행,건조,맑음,단일로 - 기타,승용,남,26세,기타불명,승용,남,59세,경상
2014080100100248,2014년 8월 1일 12시,금요일,경상남도 밀양시 내일동,경상사고,0,0,1,0,차대차 - 측면직각충돌,안전운전불이행,건조,맑음,교차로 - 교차로안,승용,남,58세,상해없음,이륜,남,85세,상해없음
2014080100100249,2014년 8월 1일 12시,금요일,경상남도 남해군 창선면,중상사고,0,2,0,0,차대차 - 추돌 - 진행중,안전운전불이행,건조,맑음,기타 - 기타,승용,남,25세,상해없음,승용,여,25세,중상
2014080100100250,2014년 8월 1일 12시,금요일,경상남도 김해시 진영읍,경상사고,0,0,1,0,차대차 - 측면직각충돌,직진우회전진행방해,건조,맑음,교차로 - 교차로안,승용,여,37세,경상,화물,남,67세,기타불명
2014080100100251,2014년 8월 1일 12시,금요일,경상남도 산청군 생초면,중상사고,0,2,2,1,차대차 - 추돌 - 주정차중,기타,건조,맑음,단일로 - 기타,화물,남,45세,상해없음,화물,남,39세,기타불명
2014080100100287,2014년 8월 1일 13시,금요일,경상남도 밀양시 부북면,경상사고,0,0,3,0,차대차 - 정면충돌,중앙선침범,건조,맑음,단일로 - 기타,화물,남,53세,상해없음,승용,남,51세,경상
2014080100100288,2014년 8월 1일 13시,금요일,경상남도 함양군 함양읍,경상사고,0,0,1,0,차대차 - 측면직각충돌,교차로운행방법위반,건조,맑음,교차로 - 교차로안,승용,남,57세,상해없음,승용,남,73세,경상
2014080100100289,2014년 8월 1일 13시,금요일,경상남도 고성군 고성읍,중상사고,0,2,0,0,차대차 - 추돌 - 진행중,안전운전불이행,건조,맑음,단일로 - 기타,화물,남,66세,상해없음,승용,여,58세,중상
2014080100100290,2014년 8월 1일 13시,금요일,경상남도 거제시 아주동,경상사고,0,0,3,0,차대차 - 추돌 - 진행중,안전운전불이행,건조,맑음,교차로 - 교차로안,승용,여,40세,기타불명,승용,여,29세,경상
2014080100100309,2014년 8월 1일 14시,금요일,경상남도 함양군 지곡면,부상신고사고,0,0,0,2,차대차 - 기타,안전운전불이행,건조,맑음,기타 - 기타,승용,남,70세,상해없음,승용,여,49세,부상신고
2014080100100315,2014년 8월 1일 14시,금요일,경상남도 통영시 광도면,중상사고,0,1,3,0,차대차 - 측면직각충돌,안전운전불이행,습기,흐림,교차로 - 교차로안,승용,남,53세,상해없음,승용,남,20세,경상
2014080100100316,2014년 8월 1일 14시,금요일,경상남도 김해시 생림면,중상사고,0,2,0,0,차대차 - 측면직각충돌,직진우회전진행방해,건조,흐림,교차로 - 교차로안,승용,남,22세,상해없음,이륜,남,22세,중상
2014080100100317,2014년 8월 1일 14시,금요일,경상남도 창녕군 도천면,중상사고,0,1,0,0,차대차 - 정면충돌,안전운전불이행,건조,맑음,단일로 - 기타,화물,남,40세,상해없음,원동기,남,86세,중상
2014080100100318,2014년 8월 1일 14시,금요일,경상남도 양산시 하북면,중상사고,0,1,0,0,차대사람 - 기타,안전운전불이행,건조,맑음,단일로 - 기타,승합,남,70세,상해없음,보행자,남,5세,중상
2014080100100319,2014년 8월 1일 14시,금요일,경상남도 창원시 성산구 상남동,경상사고,0,0,2,0,차대차 - 기타,안전운전불이행,습기,흐림,교차로 - 교차로안,승용,여,49세,상해없음,승합,남,49세,상해없음
2014080100100320,2014년 8월 1일 14시,금요일,경상남도 창원시 마산회원구 내서읍,중상사고,0,1,0,0,차대차 - 기타,안전운전불이행,건조,맑음,교차로 - 교차로안,화물,남,35세,상해없음,자전거,남,54세,중상
2014080100100352,2014년 8월 1일 15시,금요일,경상남도 양산시 주진동,경상사고,0,0,3,0,차대차 - 기타,신호위반,건조,맑음,교차로 - 교차로안,승용,남,61세,경상,승용,여,22세,경상
2014080100100353,2014년 8월 1일 15시,금요일,경상남도 거제시 연초면,중상사고,0,1,4,0,차대차 - 기타,안전거리미확보,건조,맑음,단일로 - 기타,승용,남,29세,상해없음,승용,남,42세,중상
2014080100100395,2014년 8월 1일 16시,금요일,경상남도 김해시 구산동,중상사고,0,1,0,0,차대사람 - 기타,안전운전불이행,습기,흐림,단일로 - 기타,승용,여,68세,상해없음,보행자,여,36세,중상
2014080100100396,2014년 8월 1일 16시,금요일,경상남도 거제시 장승포동,경상사고,0,0,1,0,차대차 - 기타,안전운전불이행,건조,맑음,교차로 - 교차로부근,승용,남,33세,상해없음,원동기,남,35세,경상
2014080100100432,2014년 8월 1일 17시,금요일,경상남도 사천시 동동,경상사고,0,0,1,0,차대사람 - 횡단중,보행자보호의무위반,건조,기타,교차로 - 교차로부근,승용,여,31세,상해없음,보행자,여,60세,경상
2014080100100511,2014년 8월 1일 19시,금요일,경상남도 거제시 장승포동,중상사고,0,1,1,0,차대차 - 기타,안전거리미확보,건조,맑음,단일로 - 기타,승용,남,23세,상해없음,승용,남,51세,경상
2014080100100512,2014년 8월 1일 19시,금요일,경상남도 거제시 동부면,중상사고,0,2,1,0,차대차 - 기타,중앙선침범,기타,비,단일로 - 기타,승용,여,31세,기타불명,승용,남,55세,중상
2014080100100513,2014년 8월 1일 19시,금요일,경상남도 김해시 장유면,중상사고,0,1,0,0,차대사람 - 횡단중,보행자보호의무위반,건조,맑음,단일로 - 기타,승용,여,51세,상해없음,보행자,여,24세,중상
2014080100100541,2014년 8월 1일 20시,금요일,경상남도 통영시 봉평동,중상사고,0,1,0,0,차대차 - 측면직각충돌,중앙선침범,습기,비,단일로 - 기타,승용,남,56세,상해없음,이륜,남,30세,중상
2014080100100583,2014년 8월 1일 21시,금요일,경상남도 통영시 광도면,부상신고사고,0,0,0,1,차대차 - 측면직각충돌,안전거리미확보,습기,흐림,단일로 - 기타,이륜,남,17세,부상신고,승용,남,42세,상해없음
2014080100100584,2014년 8월 1일 21시,금요일,경상남도 함안군 산인면,경상사고,0,0,3,0,차대차 - 기타,안전운전불이행,건조,맑음,단일로 - 기타,화물,남,48세,기타불명,승용,남,39세,경상
2014080100100617,2014년 8월 1일 22시,금요일,경상남도 통영시 광도면,경상사고,0,0,1,0,차대차 - 정면충돌,중앙선침범,건조,맑음,단일로 - 기타,승용,남,23세,상해없음,원동기,남,21세,경상
2014080100100618,2014년 8월 1일 22시,금요일,경상남도 사천시 용강동,중상사고,0,1,0,0,차대사람 - 횡단중,보행자보호의무위반,습기,비,단일로 - 횡단보도상,승용,남,39세,상해없음,보행자,여,22세,중상
2014080100100619,2014년 8월 1일 22시,금요일,경상남도 하동군 악양면,경상사고,0,0,1,0,차대차 - 추돌 - 진행중,중앙선침범,습기,비,단일로 - 기타,특수,남,44세,상해없음,승용,남,62세,경상
2014080100100658,2014년 8월 1일 23시,금요일,경상남도 거제시 연초면,중상사고,0,1,0,0,차대차 - 기타,안전운전불이행,건조,맑음,교차로 - 교차로안,승용,남,34세,상해없음,승용,여,44세,중상
2014080200100040,2014년 8월 2일 01시,토요일,경상남도 거제시 아주동,경상사고,0,0,2,0,차대차 - 기타,안전운전불이행,건조,흐림,교차로 - 교차로부근,승용,남,51세,상해없음,승용,남,51세,경상
2014080200100041,2014년 8월 2일 01시,토요일,경상남도 김해시 장유면,중상사고,0,1,0,0,차대사람 - 횡단중,안전운전불이행,건조,맑음,교차로 - 교차로안,승용,남,53세,상해없음,보행자,남,43세,중상
2014080200100094,2014년 8월 2일 04시,토요일,경상남도 김해시 장유면,중상사고,0,1,0,0,차대차 - 추돌 - 진행중,안전운전불이행,건조,맑음,단일로 - 기타,승용,여,24세,중상,화물,남,60세,상해없음
2014080200100131,2014년 8월 2일 06시,토요일,경상남도 김해시 외동,중상사고,0,4,3,0,차대차 - 측면직각충돌,안전운전불이행,건조,흐림,교차로 - 교차로부근,승용,남,56세,상해없음,화물,남,32세,중상
2014080200100155,2014년 8월 2일 07시,토요일,경상남도 창원시 마산합포구 완월동,경상사고,0,0,1,0,차대차 - 측면직각충돌,안전운전불이행,건조,맑음,교차로 - 교차로부근,승용,남,70세,상해없음,승용,남,60세,경상
2014080200100156,2014년 8월 2일 07시,토요일,경상남도 창원시 마산합포구 문화동,경상사고,0,0,1,0,차대차 - 추돌 - 진행중,안전운전불이행,습기,흐림,단일로 - 기타,승용,남,51세,상해없음,승용,여,42세,경상
2014080200100172,2014년 8월 2일 08시,토요일,경상남도 거제시 상동동,중상사고,0,1,0,0,차대차 - 측면직각충돌,교차로운행방법위반,기타,흐림,교차로 - 교차로안,승용,남,61세,기타불명,자전거,남,41세,중상
2014080200100198,2014년 8월 2일 09시,토요일,경상남도 김해시 한림면,중상사고,0,1,3,0,차대차 - 측면직각충돌,교차로운행방법위반,건조,맑음,교차로 - 교차로안,화물,남,66세,경상,승용,남,41세,경상
2014080200100221,2014년 8월 2일 10시,토요일,경상남도 거제시 하청면,중상사고,0,1,0,0,차대차 - 기타,안전운전불이행,건조,맑음,기타 - 기타,화물,여,59세,상해없음,화물,남,42세,중상