사고번호,사고일시,요일,시군구,사고내용,사망자수,중상자수,경상자수,부상신고자수,사고유형,법규위반,노면상태,기상상태,도로형태,가해운전자 차종,가해운전자 성별,가해운전자 연령,가해운전자 상해정도,피해운전자 차종,피해운전자 성별,피해운전자 연령,피해운전자 상해정도
2014080200100249,2014년 8월 2일 11시,토요일,경상남도 밀양시 내이동,경상사고,0,0,1,0,차대사람 - 길가장자리구역통행중,안전운전불이행,습기,비,단일로 - 기타,승용,남,79세,상해없음,보행자,여,16세,경상
2014080200100250,2014년 8월 2일 11시,토요일,경상남도 거제시 하청면,경상사고,0,0,1,0,차대차 - 정면충돌,중앙선침범,습기,비,단일로 - 기타,승용,남,65세,상해없음,승용,남,60세,경상
2014080200100251,2014년 8월 2일 11시,토요일,경상남도 거제시 고현동,경상사고,0,0,1,0,차대차 - 추돌 - 진행중,안전운전불이행,습기,비,단일로 - 기타,승용,남,42세,상해없음,승용,남,64세,경상
2014080200100252,2014년 8월 2일 11시,토요일,경상남도 창원시 의창구 도계동,중상사고,0,1,0,0,차대사람 - 횡단중,신호위반,건조,맑음,교차로 - 교차로부근,승용,남,75세,상해없음,보행자,여,55세,중상
2014080200100253,2014년 8월 2일 11시,토요일,경상남도 김해시 주촌면,부상신고사고,0,0,0,1,차대차 - 기타,기타,건조,맑음,단일로 - 기타,화물,남,40세,부상신고,승용,남,63세,상해없음
2014080200100254,2014년 8월 2일 11시,토요일,경상남도 김해시 진영읍,중상사고,0,7,0,0,차대차 - 추돌 - 주정차중,안전거리미확보,건조,맑음,단일로 - 기타,승합,남,22세,상해없음,승용,남,26세,중상
2014080200100292,2014년 8월 2일 12시,토요일,경상남도 창녕군 계성면,경상사고,0,0,1,0,차대차 - 측면직각충돌,안전운전불이행,습기,흐림,교차로 - 교차로안,자전거,여,75세,경상,승용,여,38세,상해없음
2014080200100293,2014년 8월 2일 12시,토요일,경상남도 거제시 연초면,사망사고,1,3,0,0,차대차 - 정면충돌,중앙선침범,습기,비,단일로 - 기타,승용,남,70세,중상,승용,남,37세,중상
2014080200100294,2014년 8월 2일 12시,토요일,경상남도 거제시 고현동,중상사고,0,1,0,0,차대차 - 추돌 - 진행중,안전운전불이행,습기,비,교차로 - 교차로안,화물,남,45세,상해없음,이륜,남,33세,중상
2014080200100295,2014년 8월 2일 12시,토요일,경상남도 창원시 마산회원구 양덕동,경상사고,0,0,1,0,차대차 - 측면직각충돌,안전운전불이행,습기,비,교차로 - 교차로안,이륜,남,22세,경상,승용,남,24세,상해없음
2014080200100327,2014년 8월 2일 13시,토요일,경상남도 김해시 삼정동,경상사고,0,0,1,0,차대차 - 기타,안전운전불이행,기타,맑음,단일로 - 기타,승용,남,33세,상해없음,승용,남,48세,경상
2014080200100328,2014년 8월 2일 13시,토요일,경상남도 고성군 회화면,경상사고,0,0,3,0,차대차 - 추돌 - 주정차중,안전운전불이행,습기,비,교차로 - 교차로부근,승합,남,44세,상해없음,승용,남,35세,경상
2014080200100329,2014년 8월 2일 13시,토요일,경상남도 함안군 칠서면,경상사고,0,0,1,0,차대차 - 추돌 - 진행중,안전운전불이행,습기,비,단일로 - 기타,화물,남,59세,상해없음,승용,여,63세,경상
2014080200100367,2014년 8월 2일 14시,토요일,경상남도 통영시 미수동,경상사고,0,0,4,0,차대차 - 정면충돌,안전운전불이행,습기,비,교차로 - 교차로안,승용,남,67세,상해없음,승용,남,30세,경상
2014080200100368,2014년 8월 2일 14시,토요일,경상남도 통영시 용남면,경상사고,0,0,2,0,차대차 - 추돌 - 진행중,안전운전불이행,습기,비,단일로 - 기타,화물,남,59세,상해없음,승용,남,40세,경상
2014080200100369,2014년 8월 2일 14시,토요일,경상남도 함양군 함양읍,경상사고,0,0,3,0,차대차 - 추돌 - 진행중,안전운전불이행,습기,비,교차로 - 교차로부근,화물,남,69세,상해없음,승용,남,64세,경상
2014080200100370,2014년 8월 2일 14시,토요일,경상남도 김해시 명법동,중상사고,0,1,0,0,차대차 - 측면직각충돌,신호위반,습기,비,교차로 - 교차로안,승합,남,51세,상해없음,승용,여,45세,중상
2014080200100410,2014년 8월 2일 15시,토요일,경상남도 함양군 서하면,경상사고,0,0,3,0,차대차 - 정면충돌,중앙선침범,습기,비,단일로 - 기타,화물,남,53세,상해없음,승용,남,60세,경상
2014080200100411,2014년 8월 2일 15시,토요일,경상남도 창원시 의창구 팔용동,중상사고,0,1,0,0,차대차 - 추돌 - 주정차중,안전운전불이행,습기,비,단일로 - 기타,화물,남,39세,상해없음,승용,남,64세,중상
2014080200100451,2014년 8월 2일 16시,토요일,경상남도 창원시 진해구 용원동,경상사고,0,0,1,0,차대사람 - 횡단중,안전운전불이행,습기,비,교차로 - 교차로안,화물,남,36세,상해없음,보행자,남,56세,경상
2014080200100452,2014년 8월 2일 16시,토요일,경상남도 산청군 생초면,경상사고,0,0,1,0,차대차 - 추돌 - 주정차중,안전거리미확보,습기,비,단일로 - 기타,승용,남,52세,상해없음,화물,남,62세,상해없음
2014080200100497,2014년 8월 2일 17시,토요일,경상남도 창녕군 남지읍,중상사고,0,1,0,0,차대차 - 측면직각충돌,안전운전불이행,습기,비,교차로 - 교차로안,자전거,여,73세,중상,화물,남,63세,상해없음
2014080200100498,2014년 8월 2일 17시,토요일,경상남도 양산시 동면,경상사고,0,0,1,0,차대차 - 측면직각충돌,안전운전불이행,습기,비,교차로 - 교차로부근,승용,남,37세,상해없음,승용,남,65세,경상
2014080200100499,2014년 8월 2일 17시,토요일,경상남도 창원시 마산회원구 회원동,경상사고,0,0,2,0,차대차 - 측면직각충돌,신호위반,건조,맑음,교차로 - 교차로안,승용,여,36세,상해없음,승용,남,39세,경상
2014080200100500,2014년 8월 2일 17시,토요일,경상남도 김해시 풍유동,중상사고,0,2,0,0,차대차 - 추돌 - 주정차중,안전거리미확보,습기,비,교차로 - 교차로부근,화물,남,28세,상해없음,승용,남,51세,중상
2014080200100501,2014년 8월 2일 17시,토요일,경상남도 진주시 문산읍,사망사고,1,0,0,0,차량단독 - 기타,안전운전불이행,습기,비,단일로 - 기타,승용,남,41세,사망,,,,
2014080200100534,2014년 8월 2일 18시,토요일,경상남도 창원시 진해구 태백동,경상사고,0,0,1,0,차대차 - 기타,안전운전불이행,습기,비,단일로 - 기타,승용,기타불명,기타불명,기타불명,승용,남,52세,경상
2014080200100535,2014년 8월 2일 18시,토요일,경상남도 사천시 동금동,경상사고,0,0,1,0,차대차 - 측면직각충돌,교차로운행방법위반,습기,비,교차로 - 교차로안,이륜,여,70세,경상,승용,남,47세,상해없음
2014080200100536,2014년 8월 2일 18시,토요일,경상남도 김해시 외동,경상사고,0,0,1,0,차대차 - 측면직각충돌,차로위반,건조,맑음,단일로 - 기타,승용,남,53세,상해없음,이륜,남,18세,경상
2014080200100571,2014년 8월 2일 19시,토요일,경상남도 창원시 진해구 이동,경상사고,0,0,2,0,차대차 - 추돌 - 주정차중,안전운전불이행,습기,비,단일로 - 기타,승용,남,34세,상해없음,승용,남,38세,상해없음
2014080200100572,2014년 8월 2일 19시,토요일,경상남도 창원시 진해구 이동,중상사고,0,1,0,0,차대차 - 정면충돌,안전운전불이행,습기,비,교차로 - 교차로부근,승용,남,60세,기타불명,승용,여,38세,중상
2014080200100573,2014년 8월 2일 19시,토요일,경상남도 김해시 외동,중상사고,0,2,2,0,차대차 - 추돌 - 진행중,안전거리미확보,건조,맑음,단일로 - 기타,승용,남,61세,상해없음,승용,여,33세,경상
2014080200100574,2014년 8월 2일 19시,토요일,경상남도 김해시 외동,중상사고,0,1,0,0,차대차 - 측면직각충돌,차로위반,습기,비,단일로 - 기타,승용,남,28세,상해없음,이륜,남,22세,중상
2014080200100575,2014년 8월 2일 19시,토요일,경상남도 거창군 거창읍,중상사고,0,1,0,0,차대차 - 추돌 - 주정차중,안전운전불이행,습기,비,단일로 - 기타,화물,남,39세,상해없음,승용,남,53세,중상
2014080200100576,2014년 8월 2일 19시,토요일,경상남도 창녕군 부곡면,경상사고,0,0,1,1,차대차 - 추돌 - 진행중,안전운전불이행,습기,비,단일로 - 기타,화물,여,58세,상해없음,원동기,남,27세,경상
2014080200100577,2014년 8월 2일 19시,토요일,경상남도 양산시 주진동,중상사고,0,2,1,0,차대차 - 추돌 - 주정차중,안전운전불이행,습기,비,단일로 - 기타,승합,남,55세,상해없음,승용,여,41세,중상
2014080200100578,2014년 8월 2일 19시,토요일,경상남도 하동군 악양면,중상사고,0,2,1,0,차대차 - 기타,중앙선침범,습기,비,단일로 - 기타,화물,남,48세,경상,승용,남,55세,중상
2014080200100579,2014년 8월 2일 19시,토요일,경상남도 거제시 능포동,경상사고,0,0,1,0,차대사람 - 기타,교차로운행방법위반,습기,비,교차로 - 교차로안,승용,여,44세,상해없음,보행자,남,67세,경상
2014080200100611,2014년 8월 2일 20시,토요일,경상남도 창원시 마산합포구 완월동,경상사고,0,0,3,0,차대차 - 측면직각충돌,교차로운행방법위반,습기,비,교차로 - 교차로안,승용,남,44세,상해없음,승용,남,58세,상해없음
2014080200100612,2014년 8월 2일 20시,토요일,경상남도 양산시 신기동,부상신고사고,0,0,0,1,차대차 - 추돌 - 주정차중,안전운전불이행,습기,비,교차로 - 교차로부근,승용,남,44세,상해없음,승용,남,65세,부상신고
2014080200100613,2014년 8월 2일 20시,토요일,경상남도 창원시 마산회원구 합성동,경상사고,0,0,2,0,차대차 - 측면직각충돌,신호위반,습기,비,단일로 - 횡단보도부근,승용,남,53세,상해없음,승용,남,32세,경상
2014080200100614,2014년 8월 2일 20시,토요일,경상남도 김해시 장유면,경상사고,0,0,1,0,차대차 - 추돌 - 주정차중,안전운전불이행,습기,비,단일로 - 기타,원동기,남,19세,경상,승합,남,72세,기타불명
2014080200100666,2014년 8월 2일 21시,토요일,경상남도 양산시 물금읍,경상사고,0,0,1,0,차대사람 - 횡단중,신호위반,습기,비,교차로 - 교차로부근,이륜,남,18세,상해없음,보행자,여,23세,경상
2014080200100667,2014년 8월 2일 21시,토요일,경상남도 양산시 중부동,중상사고,0,1,0,0,차대사람 - 횡단중,보행자보호의무위반,습기,비,교차로 - 교차로부근,승용,남,40세,상해없음,보행자,여,33세,중상
2014080200100706,2014년 8월 2일 22시,토요일,경상남도 진주시 정촌면,중상사고,0,2,0,0,차량단독 - 공작물충돌,안전운전불이행,습기,비,단일로 - 기타,승용,남,62세,상해없음,,,,
2014080200100707,2014년 8월 2일 22시,토요일,경상남도 진주시 이현동,중상사고,0,1,0,0,차량단독 - 공작물충돌,안전운전불이행,습기,비,단일로 - 기타,승용,남,54세,상해없음,,,,
2014080200100708,2014년 8월 2일 22시,토요일,경상남도 통영시 봉평동,경상사고,0,0,1,0,차대차 - 측면직각충돌,안전운전불이행,습기,비,교차로 - 교차로안,승용,여,28세,상해없음,승합,여,48세,경상
2014080200100709,2014년 8월 2일 22시,토요일,경상남도 사천시 송포동,경상사고,0,0,1,0,차대차 - 추돌 - 주정차중,안전운전불이행,습기,비,단일로 - 기타,승용,남,56세,상해없음,승용,남,21세,경상
2014080200100711,2014년 8월 2일 22시,토요일,경상남도 창원시 마산회원구 구암동,경상사고,0,0,3,0,차대차 - 추돌 - 주정차중,안전운전불이행,건조,맑음,단일로 - 기타,승용,남,31세,상해없음,승용,남,35세,경상
2014080200100745,2014년 8월 2일 23시,토요일,경상남도 창원시 마산합포구 해운동,경상사고,0,0,1,0,차대차 - 추돌 - 진행중,중앙선침범,습기,비,단일로 - 기타,승용,남,62세,상해없음,승용,남,62세,경상
2014080200100746,2014년 8월 2일 23시,토요일,경상남도 진주시 칠암동,경상사고,0,0,1,0,차대차 - 추돌 - 주정차중,안전운전불이행,습기,비,교차로 - 교차로부근,승용,남,21세,상해없음,승용,남,49세,경상
2014080300100027,2014년 8월 3일 00시,일요일,경상남도 창원시 진해구 경화동,경상사고,0,0,1,0,차대사람 - 차도통행중,안전운전불이행,습기,비,단일로 - 기타,승용,남,33세,상해없음,보행자,남,59세,경상
2014080300100028,2014년 8월 3일 00시,일요일,경상남도 창원시 진해구 근화동,경상사고,0,0,1,0,차대차 - 측면직각충돌,신호위반,습기,비,교차로 - 교차로안,화물,남,46세,상해없음,승용,남,59세,경상
2014080300100029,2014년 8월 3일 00시,일요일,경상남도 창원시 의창구 봉곡동,중상사고,0,3,0,0,차대차 - 추돌 - 주정차중,안전운전불이행,습기,비,교차로 - 교차로부근,승용,남,27세,상해없음,승용,여,28세,중상
2014080300100055,2014년 8월 3일 01시,일요일,경상남도 창원시 마산회원구 양덕동,경상사고,0,0,1,0,차대차 - 측면직각충돌,안전운전불이행,습기,비,교차로 - 교차로안,승용,남,19세,기타불명,승용,남,49세,상해없음
2014080300100128,2014년 8월 3일 05시,일요일,경상남도 창원시 마산회원구 합성동,경상사고,0,0,1,0,차대차 - 측면직각충돌,안전운전불이행,습기,비,교차로 - 교차로안,승용,여,35세,상해없음,승용,남,33세,경상
2014080300100143,2014년 8월 3일 06시,일요일,경상남도 창원시 성산구 상남동,경상사고,0,0,1,0,차대사람 - 기타,안전운전불이행,습기,비,단일로 - 기타,승용,남,21세,상해없음,보행자,남,21세,경상
2014080300100157,2014년 8월 3일 07시,일요일,경상남도 진주시 하대동,중상사고,0,2,0,0,차량단독 - 공작물충돌,안전운전불이행,습기,비,단일로 - 기타,승용,남,27세,중상,,,,
2014080300100171,2014년 8월 3일 08시,일요일,경상남도 사천시 용강동,경상사고,0,0,1,0,차대차 - 기타,교차로운행방법위반,습기,비,교차로 - 교차로안,승용,남,55세,경상,화물,남,43세,상해없음
2014080300100172,2014년 8월 3일 08시,일요일,경상남도 창원시 의창구 대원동,중상사고,0,1,0,0,차대차 - 추돌 - 주정차중,안전운전불이행,건조,맑음,단일로 - 기타,승용,남,22세,상해없음,승용,남,44세,중상
2014080300100188,2014년 8월 3일 09시,일요일,경상남도 통영시 광도면,중상사고,0,1,3,1,차대차 - 측면직각충돌,중앙선침범,습기,비,교차로 - 교차로부근,승용,남,31세,부상신고,승용,여,51세,중상
2014080300100204,2014년 8월 3일 10시,일요일,경상남도 산청군 단성면,중상사고,0,1,0,0,차대사람 - 길가장자리구역통행중,안전운전불이행,습기,비,단일로 - 기타,승용,여,26세,상해없음,보행자,남,78세,중상
2014080300100221,2014년 8월 3일 11시,일요일,경상남도 거제시 일운면,중상사고,0,4,3,0,차대차 - 추돌 - 진행중,안전운전불이행,건조,흐림,기타 - 기타,화물,남,61세,상해없음,승용,남,23세,중상
2014080300100222,2014년 8월 3일 11시,일요일,경상남도 창원시 마산회원구 내서읍,경상사고,0,0,1,0,차대차 - 추돌 - 주정차중,안전운전불이행,건조,맑음,단일로 - 기타,승용,기타불명,40세,기타불명,승용,여,35세,경상
2014080300100243,2014년 8월 3일 12시,일요일,경상남도 의령군 대의면,중상사고,0,1,1,0,차대차 - 정면충돌,중앙선침범,습기,비,단일로 - 기타,화물,남,52세,상해없음,승용,남,47세,경상
2014080300100244,2014년 8월 3일 12시,일요일,경상남도 창원시 의창구 대산면,경상사고,0,0,1,2,차대차 - 측면직각충돌,신호위반,습기,비,교차로 - 교차로안,승용,남,81세,상해없음,화물,남,31세,경상
2014080300100273,2014년 8월 3일 13시,일요일,경상남도 창원시 의창구 팔용동,경상사고,0,0,1,0,차량단독 - 기타,기타,습기,비,단일로 - 기타,승합,남,44세,상해없음,,,,
2014080300100274,2014년 8월 3일 13시,일요일,경상남도 김해시 진영읍,경상사고,0,0,3,0,차대차 - 추돌 - 주정차중,안전운전불이행,건조,맑음,교차로 - 교차로부근,승용,여,42세,상해없음,승용,남,36세,경상
2014080300100302,2014년 8월 3일 14시,일요일,경상남도 밀양시 하남읍,경상사고,0,0,1,0,차대차 - 추돌 - 진행중,안전운전불이행,습기,흐림,단일로 - 기타,승용,남,70세,상해없음,이륜,남,61세,경상
2014080300100303,2014년 8월 3일 14시,일요일,경상남도 함양군 함양읍,부상신고사고,0,0,0,1,차대차 - 측면직각충돌,교차로운행방법위반,건조,흐림,교차로 - 교차로부근,원동기,남,71세,부상신고,승용,남,56세,상해없음
2014080300100304,2014년 8월 3일 14시,일요일,경상남도 함양군 휴천면,경상사고,0,0,2,0,차대차 - 정면충돌,중앙선침범,습기,비,단일로 - 기타,승용,남,31세,상해없음,승용,남,57세,경상
2014080300100335,2014년 8월 3일 15시,일요일,경상남도 밀양시 교동,부상신고사고,0,0,0,2,차대차 - 측면직각충돌,교차로운행방법위반,건조,맑음,교차로 - 교차로안,화물,남,20세,상해없음,승용,남,55세,부상신고
2014080300100362,2014년 8월 3일 16시,일요일,경상남도 밀양시 단장면,사망사고,1,0,2,0,차대차 - 측면직각충돌,중앙선침범,습기,흐림,단일로 - 기타,화물,남,80세,사망,승용,남,49세,경상
2014080300100391,2014년 8월 3일 17시,일요일,경상남도 창원시 의창구 소답동,중상사고,0,1,0,0,차대차 - 측면직각충돌,직진우회전진행방해,습기,비,교차로 - 교차로안,승용,남,33세,상해없음,원동기,남,22세,중상
2014080300100412,2014년 8월 3일 18시,일요일,경상남도 거창군 거창읍,중상사고,0,1,2,0,차대차 - 측면직각충돌,교차로운행방법위반,건조,맑음,교차로 - 교차로안,승용,여,67세,경상,승용,여,23세,경상
2014080300100433,2014년 8월 3일 19시,일요일,경상남도 밀양시 내이동,경상사고,0,0,1,0,차대차 - 측면직각충돌,교차로운행방법위반,건조,맑음,교차로 - 교차로안,승용,여,47세,상해없음,승용,남,64세,경상
2014080300100434,2014년 8월 3일 19시,일요일,경상남도 김해시 삼정동,중상사고,0,1,0,0,차대사람 - 기타,안전운전불이행,건조,맑음,교차로 - 교차로부근,승용,남,25세,상해없음,보행자,남,55세,중상
2014080300100435,2014년 8월 3일 19시,일요일,경상남도 창원시 마산회원구 석전동,경상사고,0,0,1,0,차대차 - 추돌 - 주정차중,안전운전불이행,습기,비,단일로 - 기타,화물,남,54세,상해없음,승용,여,56세,경상
2014080300100473,2014년 8월 3일 20시,일요일,경상남도 거제시 능포동,경상사고,0,0,1,0,차대차 - 추돌 - 진행중,안전운전불이행,습기,비,교차로 - 교차로안,승용,남,54세,상해없음,이륜,남,17세,경상
2014080300100495,2014년 8월 3일 21시,일요일,경상남도 김해시 삼정동,사망사고,2,2,3,0,차대차 - 측면직각충돌,중앙선침범,습기,비,단일로 - 기타,승용,남,27세,사망,승용,여,31세,경상
2014080300100522,2014년 8월 3일 21시,일요일,경상남도 창원시 진해구 안골동,경상사고,0,0,1,0,차대차 - 기타,안전운전불이행,습기,비,단일로 - 기타,승용,남,48세,상해없음,원동기,남,40세,경상
2014080300100523,2014년 8월 3일 21시,일요일,경상남도 통영시 도천동,중상사고,0,2,0,0,차대차 - 측면직각충돌,신호위반,습기,비,교차로 - 교차로안,승합,남,57세,상해없음,화물,남,50세,중상
2014080300100524,2014년 8월 3일 21시,일요일,경상남도 창원시 마산회원구 내서읍,중상사고,0,1,1,1,차대사람 - 보도통행중,보행자보호의무위반,습기,비,단일로 - 횡단보도상,이륜,남,20세,부상신고,보행자,여,21세,경상
2014080300100563,2014년 8월 3일 22시,일요일,경상남도 밀양시 가곡동,경상사고,0,0,1,0,차대사람 - 횡단중,안전운전불이행,습기,비,단일로 - 횡단보도부근,승용,기타불명,기타불명,기타불명,보행자,여,26세,경상
2014080300100570,2014년 8월 3일 23시,일요일,경상남도 양산시 물금읍,부상신고사고,0,0,0,1,차량단독 - 전도전복,안전운전불이행,건조,맑음,단일로 - 기타,승용,여,25세,상해없음,,,,
2014080300100577,2014년 8월 3일 23시,일요일,경상남도 김해시 장유면,중상사고,0,1,0,0,차대차 - 기타,안전운전불이행,습기,비,단일로 - 기타,승용,남,43세,상해없음,이륜,남,17세,중상
2014080400100013,2014년 8월 4일 00시,월요일,경상남도 창원시 마산합포구 산호동,중상사고,0,2,0,0,차량단독 - 공작물충돌,안전운전불이행,습기,비,단일로 - 기타,승용,여,28세,중상,,,,
2014080400100019,2014년 8월 4일 01시,월요일,경상남도 김해시 장유면,경상사고,0,0,1,0,차대차 - 추돌 - 진행중,안전운전불이행,습기,맑음,단일로 - 기타,승용,남,35세,상해없음,승용,남,32세,경상
2014080400100023,2014년 8월 4일 01시,월요일,경상남도 김해시 삼정동,중상사고,0,1,2,0,차대차 - 측면직각충돌,안전운전불이행,습기,비,교차로 - 교차로안,승용,남,60세,상해없음,승용,남,33세,경상
2014080400100047,2014년 8월 4일 03시,월요일,경상남도 창원시 성산구 상남동,부상신고사고,0,0,0,1,차량단독 - 기타,안전운전불이행,습기,비,단일로 - 기타,이륜,남,38세,부상신고,,,,
2014080400100090,2014년 8월 4일 06시,월요일,경상남도 거제시 동부면,중상사고,0,1,0,0,차대차 - 기타,중앙선침범,건조,맑음,단일로 - 기타,승용,남,50세,기타불명,승용,여,49세,중상
2014080400100143,2014년 8월 4일 08시,월요일,경상남도 김해시 내동,경상사고,0,0,1,0,차대차 - 측면직각충돌,안전운전불이행,건조,맑음,교차로 - 교차로안,승용,여,45세,상해없음,승용,남,59세,경상
2014080400100144,2014년 8월 4일 08시,월요일,경상남도 창녕군 대지면,중상사고,0,1,0,0,차대차 - 정면충돌,중앙선침범,건조,맑음,교차로 - 교차로안,화물,남,54세,상해없음,승용,남,52세,중상
2014080400100188,2014년 8월 4일 10시,월요일,경상남도 고성군 고성읍,중상사고,0,2,0,0,차대차 - 추돌 - 주정차중,안전운전불이행,습기,비,교차로 - 교차로부근,승용,남,29세,상해없음,승용,여,30세,중상
2014080400100189,2014년 8월 4일 10시,월요일,경상남도 창원시 의창구 봉곡동,중상사고,0,1,0,0,차대사람 - 횡단중,안전운전불이행,습기,비,교차로 - 교차로부근,화물,남,40세,상해없음,보행자,여,57세,중상
2014080400100229,2014년 8월 4일 11시,월요일,경상남도 김해시 어방동,부상신고사고,0,0,0,1,차량단독 - 공작물충돌,안전운전불이행,습기,비,단일로 - 기타,승용,남,54세,부상신고,,,,
2014080400100271,2014년 8월 4일 12시,월요일,경상남도 진주시 대안동,중상사고,0,1,0,0,차대차 - 추돌 - 주정차중,안전운전불이행,건조,맑음,교차로 - 교차로부근,승합,남,28세,상해없음,승용,남,47세,상해없음
2014080400100272,2014년 8월 4일 12시,월요일,경상남도 진주시 평거동,경상사고,0,0,1,0,차대차 - 측면직각충돌,직진우회전진행방해,건조,맑음,교차로 - 교차로안,승용,남,54세,상해없음,승용,여,43세,경상
2014080400100273,2014년 8월 4일 12시,월요일,경상남도 거창군 거창읍,경상사고,0,0,1,0,차대차 - 측면직각충돌,교차로운행방법위반,습기,비,교차로 - 교차로안,승용,남,33세,상해없음,승용,남,25세,경상
2014080400100274,2014년 8월 4일 12시,월요일,경상남도 함안군 칠서면,경상사고,0,0,1,0,차대차 - 추돌 - 진행중,교차로운행방법위반,건조,맑음,교차로 - 교차로안,승용,남,36세,상해없음,승용,남,35세,경상
2014080400100275,2014년 8월 4일 12시,월요일,경상남도 의령군 유곡면,경상사고,0,0,3,1,차대차 - 기타,안전운전불이행,기타,흐림,교차로 - 교차로부근,승용,남,59세,경상,승용,남,68세,상해없음
2014080400100276,2014년 8월 4일 12시,월요일,경상남도 김해시 진영읍,경상사고,0,0,1,0,차대차 - 측면직각충돌,교차로운행방법위반,건조,맑음,교차로 - 교차로안,승용,여,63세,상해없음,이륜,남,24세,경상
2014080400100312,2014년 8월 4일 13시,월요일,경상남도 김해시 불암동,중상사고,0,1,0,0,차대차 - 추돌 - 주정차중,안전운전불이행,건조,맑음,단일로 - 기타,화물,남,43세,기타불명,특수,남,38세,상해없음
2014080400100313,2014년 8월 4일 13시,월요일,경상남도 거제시 고현동,경상사고,0,0,1,1,차대차 - 기타,안전운전불이행,건조,맑음,단일로 - 기타,승용,남,42세,상해없음,승용,남,47세,부상신고
2014080400100314,2014년 8월 4일 13시,월요일,경상남도 거제시 고현동,중상사고,0,1,1,0,차대차 - 기타,신호위반,습기,흐림,교차로 - 교차로안,승용,여,58세,상해없음,승용,남,43세,경상
2014080400100315,2014년 8월 4일 13시,월요일,경상남도 거제시 상동동,경상사고,0,0,1,0,차대차 - 기타,교차로운행방법위반,습기,비,교차로 - 교차로안,승용,여,41세,상해없음,승용,여,44세,경상
2014080400100316,2014년 8월 4일 13시,월요일,경상남도 산청군 단성면,중상사고,0,1,5,0,차량단독 - 공작물충돌,안전운전불이행,습기,비,단일로 - 기타,승용,여,45세,상해없음,,,,
2014080400100317,2014년 8월 4일 13시,월요일,경상남도 창원시 의창구 대산면,중상사고,0,1,0,0,차대차 - 기타,신호위반,건조,맑음,교차로 - 교차로안,승용,남,59세,상해없음,화물,남,32세,중상
2014080400100390,2014년 8월 4일 15시,월요일,경상남도 통영시 문화동,경상사고,0,0,3,0,차대차 - 추돌 - 주정차중,안전운전불이행,건조,맑음,단일로 - 기타,승합,남,42세,상해없음,승용,남,27세,경상
2014080400100433,2014년 8월 4일 16시,월요일,경상남도 양산시 삼호동,경상사고,0,0,1,0,차대사람 - 횡단중,안전운전불이행,건조,맑음,단일로 - 기타,승용,여,30세,상해없음,보행자,여,69세,경상
2014080400100434,2014년 8월 4일 16시,월요일,경상남도 거제시 동부면,중상사고,0,2,3,0,차대차 - 기타,중앙선침범,습기,비,단일로 - 기타,승용,남,44세,상해없음,승용,남,57세,경상
2014080400100472,2014년 8월 4일 17시,월요일,경상남도 창원시 마산합포구 대내동,경상사고,0,0,1,0,차대차 - 측면직각충돌,신호위반,건조,맑음,교차로 - 교차로안,승용,남,55세,상해없음,이륜,남,25세,경상
2014080400100473,2014년 8월 4일 17시,월요일,경상남도 진주시 평거동,중상사고,0,1,0,0,차대사람 - 횡단중,안전운전불이행,건조,맑음,단일로 - 기타,승용,여,57세,상해없음,보행자,여,6세,중상
2014080400100474,2014년 8월 4일 17시,월요일,경상남도 양산시 동면,부상신고사고,0,0,0,1,차대사람 - 기타,안전운전불이행,습기,비,단일로 - 기타,승합,남,44세,상해없음,보행자,남,20세,부상신고
2014080400100475,2014년 8월 4일 17시,월요일,경상남도 고성군 고성읍,경상사고,0,0,2,0,차대차 - 정면충돌,안전거리미확보,습기,비,단일로 - 기타,승용,남,58세,상해없음,승용,여,40세,경상
2014080400100512,2014년 8월 4일 18시,월요일,경상남도 진주시 봉곡동,경상사고,0,0,1,0,차대사람 - 보도통행중,보행자보호의무위반,습기,흐림,단일로 - 횡단보도상,승용,남,30세,상해없음,보행자,여,56세,경상
2014080400100513,2014년 8월 4일 18시,월요일,경상남도 통영시 중앙동,경상사고,0,0,5,0,차대차 - 기타,안전운전불이행,건조,맑음,단일로 - 기타,화물,남,59세,상해없음,승용,여,33세,경상
2014080400100545,2014년 8월 4일 19시,월요일,경상남도 창원시 마산회원구 내서읍,경상사고,0,0,1,0,차대차 - 추돌 - 진행중,안전운전불이행,습기,비,교차로 - 교차로부근,화물,남,50세,상해없음,승용,남,52세,경상
2014080400100588,2014년 8월 4일 20시,월요일,경상남도 진주시 신안동,중상사고,0,1,0,0,차대사람 - 보도통행중,보행자보호의무위반,건조,맑음,단일로 - 횡단보도상,승용,남,52세,상해없음,보행자,남,47세,중상
2014080400100589,2014년 8월 4일 20시,월요일,경상남도 창원시 진해구 경화동,경상사고,0,0,1,0,차대차 - 추돌 - 진행중,안전운전불이행,습기,비,단일로 - 기타,화물,남,61세,상해없음,원동기,남,54세,경상
2014080400100590,2014년 8월 4일 20시,월요일,경상남도 양산시 삼호동,부상신고사고,0,0,0,3,차대차 - 측면직각충돌,안전운전불이행,습기,맑음,교차로 - 교차로안,승용,남,28세,부상신고,승용,남,36세,부상신고
2014080400100591,2014년 8월 4일 20시,월요일,경상남도 창원시 성산구 중앙동,경상사고,0,0,1,0,차대차 - 기타,신호위반,습기,비,교차로 - 교차로안,승용,여,21세,상해없음,원동기,남,39세,경상