사고번호,사고일시,요일,시군구,사고내용,사망자수,중상자수,경상자수,부상신고자수,사고유형,법규위반,노면상태,기상상태,도로형태,가해운전자 차종,가해운전자 성별,가해운전자 연령,가해운전자 상해정도,피해운전자 차종,피해운전자 성별,피해운전자 연령,피해운전자 상해정도
2014080400100618,2014년 8월 4일 21시,월요일,경상남도 창원시 진해구 화천동,경상사고,0,0,1,0,차대사람 - 횡단중,안전운전불이행,습기,비,단일로 - 기타,승용,남,49세,상해없음,보행자,여,74세,경상
2014080400100619,2014년 8월 4일 21시,월요일,경상남도 함양군 함양읍,중상사고,0,1,1,0,차대차 - 측면직각충돌,안전운전불이행,습기,흐림,단일로 - 기타,승용,남,66세,경상,승용,남,49세,중상
2014080400100620,2014년 8월 4일 21시,월요일,경상남도 창원시 마산회원구 내서읍,경상사고,0,0,1,0,차대사람 - 보도통행중,신호위반,습기,비,교차로 - 교차로부근,화물,여,33세,상해없음,보행자,남,43세,경상
2014080400100659,2014년 8월 4일 22시,월요일,경상남도 양산시 북정동,경상사고,0,0,1,0,차대차 - 기타,안전운전불이행,습기,비,교차로 - 교차로안,승용,남,52세,상해없음,승용,남,27세,경상
2014080400100691,2014년 8월 4일 23시,월요일,경상남도 창원시 진해구 경화동,경상사고,0,0,1,0,차대차 - 측면직각충돌,신호위반,건조,맑음,교차로 - 교차로안,승용,남,30세,상해없음,승용,남,32세,경상
2014080500100017,2014년 8월 5일 00시,화요일,경상남도 창원시 성산구 상남동,중상사고,0,2,0,0,차대차 - 기타,안전운전불이행,습기,비,단일로 - 기타,승용,남,44세,상해없음,승용,남,58세,중상
2014080500100018,2014년 8월 5일 00시,화요일,경상남도 창원시 마산회원구 내서읍,중상사고,0,1,1,0,차대차 - 측면직각충돌,신호위반,습기,비,교차로 - 교차로안,승용,남,48세,상해없음,승용,남,50세,경상
2014080500100042,2014년 8월 5일 01시,화요일,경상남도 통영시 광도면,경상사고,0,0,1,0,차대사람 - 기타,안전운전불이행,습기,비,기타 - 기타,승용,남,53세,상해없음,보행자,남,33세,경상
2014080500100053,2014년 8월 5일 02시,화요일,경상남도 김해시 구산동,경상사고,0,0,1,0,차대차 - 추돌 - 주정차중,안전운전불이행,습기,비,교차로 - 교차로부근,승용,남,31세,기타불명,승용,남,76세,경상
2014080500100054,2014년 8월 5일 02시,화요일,경상남도 거창군 거창읍,경상사고,0,0,1,0,차대사람 - 길가장자리구역통행중,교차로운행방법위반,건조,맑음,교차로 - 교차로안,화물,남,55세,상해없음,보행자,남,33세,경상
2014080500100055,2014년 8월 5일 02시,화요일,경상남도 창원시 마산회원구 봉암동,경상사고,0,0,1,0,차대차 - 측면직각충돌,신호위반,건조,맑음,교차로 - 교차로안,승용,남,23세,상해없음,승용,남,57세,경상
2014080500100065,2014년 8월 5일 03시,화요일,경상남도 사천시 노룡동,중상사고,0,1,0,0,차대차 - 추돌 - 진행중,안전거리미확보,습기,비,교차로 - 교차로부근,승용,남,22세,상해없음,이륜,남,40세,중상
2014080500100073,2014년 8월 5일 04시,화요일,경상남도 김해시 불암동,중상사고,0,1,0,0,차대사람 - 기타,안전운전불이행,습기,비,단일로 - 기타,화물,남,57세,상해없음,보행자,남,52세,중상
2014080500100081,2014년 8월 5일 05시,화요일,경상남도 김해시 대성동,사망사고,1,0,0,0,차대사람 - 횡단중,안전운전불이행,습기,흐림,단일로 - 기타,승용,남,62세,상해없음,보행자,여,65세,사망
2014080500100128,2014년 8월 5일 08시,화요일,경상남도 통영시 무전동,중상사고,0,1,0,0,차대차 - 측면직각충돌,교차로운행방법위반,건조,맑음,교차로 - 교차로안,승용,남,60세,상해없음,승용,남,33세,상해없음
2014080500100173,2014년 8월 5일 10시,화요일,경상남도 창원시 진해구 명동,경상사고,0,0,1,0,차대차 - 측면직각충돌,안전운전불이행,건조,맑음,교차로 - 교차로부근,화물,남,83세,상해없음,화물,남,60세,경상
2014080500100174,2014년 8월 5일 10시,화요일,경상남도 고성군 마암면,경상사고,0,0,2,0,차대차 - 측면직각충돌,교차로운행방법위반,건조,맑음,교차로 - 교차로안,승용,남,47세,상해없음,승용,남,33세,경상
2014080500100175,2014년 8월 5일 10시,화요일,경상남도 창원시 의창구 명서동,경상사고,0,0,2,0,차대차 - 기타,안전운전불이행,건조,맑음,교차로 - 교차로부근,승용,남,57세,상해없음,화물,남,44세,경상
2014080500100207,2014년 8월 5일 11시,화요일,경상남도 양산시 삼호동,중상사고,0,2,1,0,차대차 - 기타,교차로운행방법위반,건조,맑음,교차로 - 교차로안,승용,여,33세,상해없음,승용,남,45세,경상
2014080500100208,2014년 8월 5일 11시,화요일,경상남도 거제시 아양동,경상사고,0,0,1,0,차대차 - 기타,안전운전불이행,건조,맑음,교차로 - 교차로안,승용,남,48세,상해없음,승용,여,47세,경상
2014080500100209,2014년 8월 5일 11시,화요일,경상남도 창원시 의창구 동읍,중상사고,0,3,5,0,차대차 - 추돌 - 주정차중,안전운전불이행,건조,맑음,단일로 - 기타,승용,남,26세,상해없음,화물,남,56세,경상
2014080500100238,2014년 8월 5일 12시,화요일,경상남도 창원시 진해구 덕산동,중상사고,0,1,1,0,차대차 - 측면직각충돌,기타,건조,맑음,교차로 - 교차로안,승용,여,44세,상해없음,승용,여,47세,중상
2014080500100239,2014년 8월 5일 12시,화요일,경상남도 김해시 서상동,중상사고,0,1,0,0,차대차 - 측면직각충돌,직진우회전진행방해,건조,맑음,교차로 - 교차로안,이륜,남,64세,중상,승용,남,68세,상해없음
2014080500100240,2014년 8월 5일 12시,화요일,경상남도 창녕군 고암면,중상사고,0,1,0,0,차대차 - 정면충돌,중앙선침범,건조,맑음,교차로 - 교차로부근,승용,남,64세,상해없음,원동기,남,34세,중상
2014080500100270,2014년 8월 5일 13시,화요일,경상남도 김해시 진영읍,중상사고,0,2,1,0,차대차 - 정면충돌,중앙선침범,건조,맑음,단일로 - 기타,승용,남,29세,중상,특수,남,54세,중상
2014080500100311,2014년 8월 5일 14시,화요일,경상남도 창원시 마산합포구 상남동,경상사고,0,0,1,0,차대차 - 측면직각충돌,안전운전불이행,건조,맑음,교차로 - 교차로부근,승용,여,52세,상해없음,승용,남,52세,경상
2014080500100312,2014년 8월 5일 14시,화요일,경상남도 통영시 당동,중상사고,0,1,0,0,차량단독 - 기타,안전운전불이행,건조,맑음,단일로 - 기타,이륜,남,56세,중상,,,,
2014080500100313,2014년 8월 5일 14시,화요일,경상남도 김해시 삼계동,중상사고,0,1,0,0,차대차 - 정면충돌,중앙선침범,건조,맑음,단일로 - 기타,승용,남,44세,상해없음,이륜,남,21세,중상
2014080500100314,2014년 8월 5일 14시,화요일,경상남도 창원시 성산구 상남동,경상사고,0,0,1,0,차대사람 - 기타,신호위반,건조,흐림,단일로 - 횡단보도상,승용,여,48세,상해없음,보행자,남,8세,경상
2014080500100346,2014년 8월 5일 15시,화요일,경상남도 창원시 진해구 이동,경상사고,0,0,1,0,차대차 - 측면직각충돌,안전운전불이행,건조,맑음,교차로 - 교차로안,화물,남,32세,상해없음,자전거,남,75세,경상
2014080500100347,2014년 8월 5일 15시,화요일,경상남도 산청군 신등면,중상사고,0,1,1,0,차량단독 - 전도전복,안전운전불이행,건조,맑음,단일로 - 기타,승합,남,64세,상해없음,,,,
2014080500100374,2014년 8월 5일 16시,화요일,경상남도 사천시 동금동,경상사고,0,0,1,0,차대차 - 측면직각충돌,신호위반,건조,맑음,교차로 - 교차로안,이륜,남,69세,상해없음,승용,남,66세,상해없음
2014080500100375,2014년 8월 5일 16시,화요일,경상남도 사천시 선구동,경상사고,0,0,1,0,차대차 - 측면직각충돌,교차로운행방법위반,건조,맑음,교차로 - 교차로안,승용,남,66세,상해없음,승용,여,63세,경상
2014080500100376,2014년 8월 5일 16시,화요일,경상남도 창원시 성산구 상남동,부상신고사고,0,0,0,1,차대사람 - 기타,안전운전불이행,건조,맑음,단일로 - 기타,승합,남,55세,상해없음,보행자,여,54세,부상신고
2014080500100424,2014년 8월 5일 17시,화요일,경상남도 창원시 마산합포구 월포동,경상사고,0,0,1,0,차대차 - 추돌 - 주정차중,안전운전불이행,건조,맑음,교차로 - 교차로부근,화물,남,23세,상해없음,승합,남,53세,경상
2014080500100460,2014년 8월 5일 18시,화요일,경상남도 사천시 서동,중상사고,0,1,0,0,차대사람 - 길가장자리구역통행중,안전운전불이행,건조,맑음,단일로 - 기타,승용,남,46세,상해없음,보행자,여,79세,중상
2014080500100503,2014년 8월 5일 19시,화요일,경상남도 창원시 진해구 이동,중상사고,0,1,0,0,차대차 - 측면직각충돌,직진우회전진행방해,건조,맑음,교차로 - 교차로안,이륜,남,72세,중상,승용,여,53세,상해없음
2014080500100504,2014년 8월 5일 19시,화요일,경상남도 의령군 부림면,중상사고,0,1,1,0,차대사람 - 기타,안전운전불이행,건조,흐림,기타 - 기타,승용,여,26세,상해없음,보행자,여,87세,중상
2014080500100543,2014년 8월 5일 20시,화요일,경상남도 김해시 삼방동,중상사고,0,1,0,0,차대차 - 측면직각충돌,안전운전불이행,건조,맑음,단일로 - 기타,원동기,남,22세,상해없음,원동기,남,19세,중상
2014080500100544,2014년 8월 5일 20시,화요일,경상남도 창원시 마산회원구 내서읍,경상사고,0,0,3,0,차대차 - 추돌 - 주정차중,안전운전불이행,건조,맑음,단일로 - 기타,승용,남,48세,상해없음,승용,남,31세,경상
2014080500100575,2014년 8월 5일 21시,화요일,경상남도 창원시 진해구 경화동,경상사고,0,0,1,0,차대차 - 기타,안전운전불이행,건조,맑음,단일로 - 횡단보도부근,화물,남,50세,기타불명,이륜,남,40세,경상
2014080500100576,2014년 8월 5일 21시,화요일,경상남도 김해시 삼계동,중상사고,0,1,0,0,차대사람 - 횡단중,안전운전불이행,건조,흐림,단일로 - 기타,승용,여,55세,상해없음,보행자,남,67세,중상
2014080600100084,2014년 8월 6일 06시,수요일,경상남도 진주시 계동,중상사고,0,1,0,0,차대차 - 측면직각충돌,교차로운행방법위반,건조,맑음,교차로 - 교차로안,승용,남,57세,상해없음,승용,남,44세,중상
2014080600100085,2014년 8월 6일 06시,수요일,경상남도 함안군 함안면,경상사고,0,0,1,0,차대차 - 기타,안전운전불이행,건조,맑음,단일로 - 기타,승용,남,49세,상해없음,승용,남,66세,경상
2014080600100095,2014년 8월 6일 07시,수요일,경상남도 양산시 하북면,부상신고사고,0,0,0,1,차대차 - 추돌 - 주정차중,안전거리미확보,건조,맑음,단일로 - 기타,승용,남,62세,상해없음,승용,여,44세,부상신고
2014080600100153,2014년 8월 6일 09시,수요일,경상남도 진주시 봉곡동,중상사고,0,1,0,0,차대사람 - 횡단중,보행자보호의무위반,건조,맑음,단일로 - 기타,승용,남,26세,상해없음,보행자,여,80세,중상
2014080600100154,2014년 8월 6일 09시,수요일,경상남도 창원시 진해구 두동,중상사고,0,1,0,0,차대차 - 기타,안전운전불이행,건조,맑음,단일로 - 기타,승용,남,27세,기타불명,승용,남,34세,중상
2014080600100178,2014년 8월 6일 10시,수요일,경상남도 산청군 단성면,중상사고,0,2,0,0,차대차 - 추돌 - 진행중,안전거리미확보,건조,맑음,단일로 - 기타,승용,남,50세,상해없음,승용,남,47세,상해없음
2014080600100179,2014년 8월 6일 10시,수요일,경상남도 산청군 단성면,경상사고,0,0,5,0,차대차 - 추돌 - 진행중,안전거리미확보,건조,맑음,단일로 - 기타,화물,남,55세,상해없음,승용,남,39세,경상
2014080600100205,2014년 8월 6일 11시,수요일,경상남도 밀양시 부북면,중상사고,0,1,2,0,차대차 - 측면직각충돌,교차로운행방법위반,건조,맑음,교차로 - 교차로안,승용,여,39세,상해없음,승용,여,33세,경상
2014080600100206,2014년 8월 6일 11시,수요일,경상남도 김해시 봉황동,경상사고,0,0,1,0,차대사람 - 횡단중,보행자보호의무위반,건조,맑음,단일로 - 횡단보도상,승용,여,42세,상해없음,보행자,남,55세,경상
2014080600100238,2014년 8월 6일 12시,수요일,경상남도 산청군 단성면,중상사고,0,1,0,0,차대사람 - 횡단중,안전운전불이행,건조,맑음,단일로 - 기타,승합,남,57세,상해없음,보행자,여,79세,중상
2014080600100261,2014년 8월 6일 13시,수요일,경상남도 하동군 적량면,사망사고,1,1,0,0,차대차 - 정면충돌,중앙선침범,건조,맑음,단일로 - 기타,승합,남,70세,사망,승합,남,35세,중상
2014080600100262,2014년 8월 6일 13시,수요일,경상남도 의령군 지정면,중상사고,0,1,1,0,차대차 - 기타,안전운전불이행,건조,맑음,교차로 - 교차로부근,승용,남,30세,상해없음,이륜,남,69세,중상
2014080600100263,2014년 8월 6일 13시,수요일,경상남도 함안군 칠원면,경상사고,0,0,1,0,차대차 - 추돌 - 주정차중,안전운전불이행,건조,맑음,단일로 - 기타,승용,남,29세,상해없음,승합,남,27세,상해없음
2014080600100296,2014년 8월 6일 14시,수요일,경상남도 김해시 구산동,경상사고,0,0,1,0,차대차 - 정면충돌,중앙선침범,건조,맑음,단일로 - 기타,승용,남,46세,상해없음,승합,남,64세,경상
2014080600100338,2014년 8월 6일 15시,수요일,경상남도 합천군 야로면,경상사고,0,0,1,0,차대차 - 기타,중앙선침범,건조,맑음,단일로 - 기타,이륜,남,77세,경상,승용,남,40세,상해없음
2014080600100339,2014년 8월 6일 15시,수요일,경상남도 양산시 명동,경상사고,0,0,1,0,차대차 - 기타,안전운전불이행,건조,맑음,교차로 - 교차로안,승합,남,49세,상해없음,자전거,남,16세,경상
2014080600100340,2014년 8월 6일 15시,수요일,경상남도 거제시 장목면,중상사고,0,4,0,0,차대차 - 추돌 - 주정차중,안전운전불이행,건조,맑음,기타 - 기타,승용,여,43세,상해없음,승합,남,43세,중상
2014080600100341,2014년 8월 6일 15시,수요일,경상남도 남해군 삼동면,중상사고,0,2,0,0,차대차 - 추돌 - 진행중,안전운전불이행,건조,맑음,기타 - 기타,승용,남,41세,상해없음,승용,남,29세,중상
2014080600100342,2014년 8월 6일 15시,수요일,경상남도 창원시 마산회원구 내서읍,중상사고,0,1,0,0,차대사람 - 횡단중,보행자보호의무위반,건조,맑음,교차로 - 교차로안,승용,남,55세,상해없음,보행자,남,55세,중상
2014080600100381,2014년 8월 6일 16시,수요일,경상남도 하동군 화개면,사망사고,2,0,0,0,차량단독 - 도로외이탈 - 추락,안전운전불이행,습기,비,단일로 - 기타,화물,남,56세,사망,,,,
2014080600100382,2014년 8월 6일 16시,수요일,경상남도 김해시 진영읍,경상사고,0,0,1,0,차대차 - 기타,안전운전불이행,건조,맑음,기타 - 기타,화물,남,53세,상해없음,자전거,남,15세,경상
2014080600100410,2014년 8월 6일 17시,수요일,경상남도 창녕군 장마면,중상사고,0,1,0,0,차대사람 - 횡단중,안전운전불이행,건조,맑음,교차로 - 교차로안,승용,여,59세,상해없음,보행자,여,47세,중상
2014080600100450,2014년 8월 6일 18시,수요일,경상남도 하동군 진교면,부상신고사고,0,0,0,1,차대차 - 측면직각충돌,신호위반,건조,맑음,교차로 - 교차로안,화물,남,62세,상해없음,승용,여,36세,부상신고
2014080600100451,2014년 8월 6일 18시,수요일,경상남도 남해군 미조면,중상사고,0,1,0,0,차대차 - 기타,중앙선침범,습기,맑음,기타 - 기타,자전거,남,31세,중상,화물,남,36세,상해없음
2014080600100452,2014년 8월 6일 18시,수요일,경상남도 남해군 남해읍,경상사고,0,0,2,0,차대차 - 추돌 - 주정차중,안전운전불이행,건조,맑음,교차로 - 교차로부근,승용,남,69세,상해없음,승용,남,47세,경상
2014080600100453,2014년 8월 6일 18시,수요일,경상남도 의령군 유곡면,경상사고,0,0,1,0,차대차 - 추돌 - 진행중,안전운전불이행,건조,맑음,단일로 - 기타,승용,남,54세,상해없음,이륜,남,64세,경상
2014080600100485,2014년 8월 6일 19시,수요일,경상남도 양산시 물금읍,경상사고,0,0,1,0,차대차 - 기타,안전운전불이행,건조,맑음,교차로 - 교차로안,승용,여,32세,상해없음,승용,남,20세,경상
2014080600100486,2014년 8월 6일 19시,수요일,경상남도 김해시 장유면,중상사고,0,1,0,0,차량단독 - 기타,안전운전불이행,건조,맑음,단일로 - 터널,승용,남,63세,중상,,,,
2014080600100558,2014년 8월 6일 21시,수요일,경상남도 김해시 어방동,경상사고,0,0,1,0,차대사람 - 횡단중,보행자보호의무위반,건조,맑음,단일로 - 횡단보도상,승용,남,41세,상해없음,보행자,여,73세,경상
2014080600100559,2014년 8월 6일 21시,수요일,경상남도 거창군 거창읍,경상사고,0,0,1,0,차대차 - 정면충돌,안전운전불이행,건조,맑음,단일로 - 기타,이륜,여,49세,경상,이륜,남,43세,상해없음
2014080600100560,2014년 8월 6일 21시,수요일,경상남도 창원시 의창구 팔용동,부상신고사고,0,0,0,1,차대차 - 측면직각충돌,중앙선침범,건조,맑음,교차로 - 교차로안,승용,남,55세,상해없음,원동기,남,20세,부상신고
2014080600100593,2014년 8월 6일 22시,수요일,경상남도 김해시 삼계동,중상사고,0,1,0,0,차대차 - 측면직각충돌,안전운전불이행,건조,맑음,단일로 - 기타,승합,남,50세,상해없음,승용,남,49세,상해없음
2014080600100617,2014년 8월 6일 23시,수요일,경상남도 창원시 성산구 성주동,중상사고,0,2,0,0,차대차 - 기타,신호위반,건조,맑음,교차로 - 교차로안,이륜,남,29세,중상,승용,남,23세,상해없음
2014080700100026,2014년 8월 7일 01시,목요일,경상남도 김해시 구산동,중상사고,0,1,1,0,차대차 - 측면직각충돌,차로위반,습기,맑음,교차로 - 교차로부근,승합,남,49세,상해없음,승용,남,59세,중상
2014080700100047,2014년 8월 7일 03시,목요일,경상남도 밀양시 삼랑진읍,중상사고,0,2,1,0,차량단독 - 전도전복,교차로운행방법위반,건조,맑음,교차로 - 교차로부근,승용,남,53세,상해없음,,,,
2014080700100048,2014년 8월 7일 03시,목요일,경상남도 창원시 의창구 동읍,경상사고,0,0,3,0,차대차 - 추돌 - 주정차중,안전운전불이행,건조,맑음,교차로 - 교차로부근,승용,여,31세,상해없음,승용,남,25세,경상
2014080700100049,2014년 8월 7일 03시,목요일,경상남도 김해시 장유면,경상사고,0,0,2,0,차대차 - 측면직각충돌,안전운전불이행,건조,맑음,단일로 - 기타,승용,여,53세,상해없음,승용,여,52세,경상
2014080700100110,2014년 8월 7일 07시,목요일,경상남도 사천시 사남면,경상사고,0,0,1,0,차대차 - 측면직각충돌,직진우회전진행방해,건조,맑음,교차로 - 교차로안,승용,남,40세,상해없음,승용,여,69세,경상
2014080700100111,2014년 8월 7일 07시,목요일,경상남도 창녕군 창녕읍,중상사고,0,1,0,0,차대사람 - 횡단중,신호위반,건조,맑음,교차로 - 교차로안,원동기,남,31세,상해없음,보행자,남,60세,중상
2014080700100112,2014년 8월 7일 07시,목요일,경상남도 하동군 악양면,경상사고,0,0,1,0,차대차 - 측면직각충돌,안전운전불이행,건조,맑음,단일로 - 기타,승합,여,53세,상해없음,농기계,남,72세,경상
2014080700100163,2014년 8월 7일 09시,목요일,경상남도 거제시 고현동,경상사고,0,0,1,0,차대사람 - 횡단중,보행자보호의무위반,건조,맑음,단일로 - 기타,이륜,남,38세,상해없음,보행자,여,38세,경상
2014080700100211,2014년 8월 7일 11시,목요일,경상남도 거제시 고현동,중상사고,0,1,0,0,차대차 - 정면충돌,신호위반,건조,맑음,교차로 - 교차로안,승용,남,22세,상해없음,승용,남,60세,중상
2014080700100272,2014년 8월 7일 13시,목요일,경상남도 거창군 거창읍,경상사고,0,0,2,0,차대차 - 측면직각충돌,교차로운행방법위반,습기,비,교차로 - 교차로안,승용,여,38세,상해없음,승용,여,39세,경상
2014080700100273,2014년 8월 7일 13시,목요일,경상남도 양산시 소주동,부상신고사고,0,0,0,1,차대사람 - 기타,안전운전불이행,건조,맑음,단일로 - 기타,기타불명,기타불명,기타불명,기타불명,보행자,남,72세,부상신고
2014080700100303,2014년 8월 7일 14시,목요일,경상남도 창원시 마산합포구 동성동,중상사고,0,1,0,0,차대사람 - 기타,안전운전불이행,건조,맑음,단일로 - 기타,원동기,남,33세,상해없음,보행자,여,52세,중상
2014080700100304,2014년 8월 7일 14시,목요일,경상남도 거창군 거창읍,부상신고사고,0,0,0,1,차대차 - 측면직각충돌,교차로운행방법위반,습기,비,교차로 - 교차로안,원동기,남,38세,부상신고,승용,여,54세,상해없음
2014080700100305,2014년 8월 7일 14시,목요일,경상남도 함양군 함양읍,경상사고,0,0,1,0,차대차 - 기타,안전운전불이행,습기,비,단일로 - 기타,승용,여,23세,상해없음,승합,남,49세,상해없음
2014080700100306,2014년 8월 7일 14시,목요일,경상남도 하동군 금남면,중상사고,0,1,3,0,차대차 - 측면직각충돌,교차로운행방법위반,건조,맑음,교차로 - 교차로안,승용,남,57세,상해없음,승용,남,56세,경상
2014080700100307,2014년 8월 7일 14시,목요일,경상남도 창원시 성산구 중앙동,경상사고,0,0,1,0,차대차 - 추돌 - 주정차중,안전운전불이행,기타,맑음,단일로 - 기타,승용,여,58세,상해없음,승용,남,48세,경상
2014080700100308,2014년 8월 7일 14시,목요일,경상남도 김해시 진례면,부상신고사고,0,0,0,1,차량단독 - 기타,안전운전불이행,건조,맑음,단일로 - 기타,이륜,남,58세,부상신고,,,,
2014080700100375,2014년 8월 7일 16시,목요일,경상남도 통영시 용남면,중상사고,0,1,0,0,차량단독 - 공작물충돌,안전운전불이행,건조,맑음,단일로 - 기타,승용,여,44세,상해없음,,,,
2014080700100376,2014년 8월 7일 16시,목요일,경상남도 통영시 광도면,부상신고사고,0,0,0,1,차대차 - 기타,안전운전불이행,건조,맑음,단일로 - 기타,자전거,남,16세,부상신고,화물,남,34세,상해없음
2014080700100378,2014년 8월 7일 16시,목요일,경상남도 의령군 궁류면,경상사고,0,0,1,0,차대차 - 정면충돌,중앙선침범,습기,흐림,단일로 - 기타,승용,남,57세,상해없음,화물,남,28세,경상
2014080700100418,2014년 8월 7일 17시,목요일,경상남도 창원시 마산합포구 월영동,경상사고,0,0,1,0,차대사람 - 기타,기타,습기,비,단일로 - 기타,승용,여,71세,상해없음,보행자,여,60세,경상
2014080700100419,2014년 8월 7일 17시,목요일,경상남도 합천군 봉산면,중상사고,0,1,0,0,차대차 - 측면직각충돌,중앙선침범,습기,비,교차로 - 교차로안,승용,남,67세,상해없음,승용,남,43세,중상
2014080700100420,2014년 8월 7일 17시,목요일,경상남도 창원시 성산구 성주동,경상사고,0,0,1,0,차대차 - 기타,안전운전불이행,기타,맑음,단일로 - 기타,승용,남,25세,상해없음,승용,여,34세,경상
2014080700100461,2014년 8월 7일 18시,목요일,경상남도 합천군 합천읍,경상사고,0,0,2,0,차대차 - 측면직각충돌,교차로운행방법위반,습기,비,교차로 - 교차로안,승용,남,57세,상해없음,승용,남,44세,경상
2014080700100462,2014년 8월 7일 18시,목요일,경상남도 김해시 진례면,부상신고사고,0,0,0,1,차량단독 - 기타,안전운전불이행,건조,맑음,단일로 - 기타,이륜,남,40세,부상신고,,,,
2014080700100492,2014년 8월 7일 19시,목요일,경상남도 김해시 어방동,경상사고,0,0,1,0,차대사람 - 횡단중,보행자보호의무위반,건조,맑음,단일로 - 횡단보도상,원동기,남,17세,기타불명,보행자,남,24세,경상
2014080700100493,2014년 8월 7일 19시,목요일,경상남도 산청군 생초면,경상사고,0,0,1,0,차대차 - 기타,안전운전불이행,습기,비,단일로 - 기타,화물,남,46세,상해없음,원동기,남,26세,경상
2014080700100494,2014년 8월 7일 19시,목요일,경상남도 김해시 진례면,부상신고사고,0,0,0,1,차대차 - 기타,안전운전불이행,건조,맑음,교차로 - 교차로부근,승용,여,46세,부상신고,화물,남,51세,상해없음
2014080700100495,2014년 8월 7일 19시,목요일,경상남도 김해시 주촌면,중상사고,0,1,0,0,차대차 - 기타,안전운전불이행,건조,맑음,교차로 - 교차로안,화물,남,43세,상해없음,이륜,남,53세,중상
2014080700100562,2014년 8월 7일 21시,목요일,경상남도 함안군 대산면,경상사고,0,0,1,0,차대차 - 측면직각충돌,안전운전불이행,습기,비,교차로 - 교차로부근,승용,남,21세,상해없음,화물,남,49세,경상
2014080700100563,2014년 8월 7일 21시,목요일,경상남도 함안군 가야읍,경상사고,0,0,3,0,차대차 - 추돌 - 주정차중,안전운전불이행,습기,비,단일로 - 기타,화물,남,62세,상해없음,승용,남,50세,경상
2014080700100564,2014년 8월 7일 21시,목요일,경상남도 창원시 의창구 팔용동,경상사고,0,0,1,0,차대차 - 기타,안전운전불이행,습기,비,단일로 - 기타,승용,남,47세,상해없음,원동기,남,38세,경상
2014080700100600,2014년 8월 7일 22시,목요일,경상남도 양산시 덕계동,경상사고,0,0,1,0,차대차 - 기타,안전운전불이행,습기,비,교차로 - 교차로부근,승용,남,29세,상해없음,승용,여,49세,경상
2014080700100601,2014년 8월 7일 22시,목요일,경상남도 거제시 고현동,경상사고,0,0,1,0,차대차 - 기타,안전운전불이행,건조,맑음,교차로 - 교차로안,이륜,남,34세,상해없음,이륜,남,23세,경상
2014080700100602,2014년 8월 7일 22시,목요일,경상남도 창원시 성산구 외동,중상사고,0,1,1,0,차대사람 - 횡단중,신호위반,건조,흐림,교차로 - 교차로부근,승용,남,22세,상해없음,보행자,여,21세,중상
2014080700100603,2014년 8월 7일 22시,목요일,경상남도 창원시 의창구 봉곡동,사망사고,1,0,0,0,차대사람 - 횡단중,과속,습기,비,단일로 - 기타,승용,남,52세,상해없음,보행자,남,51세,사망
2014080800100038,2014년 8월 8일 01시,금요일,경상남도 밀양시 교동,경상사고,0,0,1,0,차대차 - 측면직각충돌,안전운전불이행,습기,비,교차로 - 교차로안,승용,남,49세,상해없음,승용,여,22세,경상
2014080800100052,2014년 8월 8일 02시,금요일,경상남도 김해시 봉황동,중상사고,0,1,1,0,차대차 - 추돌 - 주정차중,안전운전불이행,건조,맑음,단일로 - 기타,승용,남,55세,상해없음,승용,남,29세,상해없음
2014080800100060,2014년 8월 8일 03시,금요일,경상남도 창원시 의창구 도계동,경상사고,0,0,1,0,차대차 - 측면직각충돌,안전운전불이행,건조,흐림,교차로 - 교차로안,승용,남,38세,상해없음,승용,남,33세,경상
2014080800100061,2014년 8월 8일 03시,금요일,경상남도 창원시 의창구 중동,경상사고,0,0,3,0,차대차 - 측면직각충돌,신호위반,습기,비,교차로 - 교차로안,승용,남,48세,상해없음,승용,남,43세,경상
2014080800100099,2014년 8월 8일 07시,금요일,경상남도 창원시 마산합포구 두월동2가,중상사고,0,1,0,0,차대사람 - 기타,기타,습기,비,단일로 - 기타,승용,남,53세,상해없음,보행자,여,74세,중상
2014080800100100,2014년 8월 8일 07시,금요일,경상남도 김해시 생림면,경상사고,0,0,2,0,차대차 - 추돌 - 주정차중,안전운전불이행,건조,맑음,단일로 - 기타,승용,남,47세,상해없음,승용,남,62세,경상
2014080800100101,2014년 8월 8일 07시,금요일,경상남도 함안군 칠원면,경상사고,0,0,1,0,차대차 - 측면직각충돌,안전운전불이행,건조,맑음,교차로 - 교차로안,승용,남,47세,상해없음,이륜,남,73세,경상
2014080800100188,2014년 8월 8일 10시,금요일,경상남도 창원시 진해구 남문동,경상사고,0,0,2,0,차대차 - 측면직각충돌,교차로운행방법위반,습기,비,교차로 - 교차로안,승용,남,51세,상해없음,승용,여,60세,경상
2014080800100189,2014년 8월 8일 10시,금요일,경상남도 의령군 부림면,경상사고,0,0,1,0,차대차 - 기타,안전운전불이행,건조,맑음,교차로 - 교차로안,농기계,남,78세,상해없음,원동기,남,91세,경상
2014080800100190,2014년 8월 8일 10시,금요일,경상남도 진주시 문산읍,경상사고,0,0,2,0,차대차 - 측면직각충돌,안전운전불이행,건조,맑음,단일로 - 기타,승용,남,26세,상해없음,승용,여,41세,경상
2014080800100224,2014년 8월 8일 11시,금요일,경상남도 김해시 진영읍,중상사고,0,1,0,0,차대차 - 측면직각충돌,안전거리미확보,건조,맑음,단일로 - 기타,이륜,남,72세,상해없음,화물,남,51세,상해없음