사고번호,사고일시,요일,시군구,사고내용,사망자수,중상자수,경상자수,부상신고자수,사고유형,법규위반,노면상태,기상상태,도로형태,가해운전자 차종,가해운전자 성별,가해운전자 연령,가해운전자 상해정도,피해운전자 차종,피해운전자 성별,피해운전자 연령,피해운전자 상해정도
2014080800100252,2014년 8월 8일 12시,금요일,경상남도 김해시 내동,중상사고,0,1,0,0,차대차 - 측면직각충돌,교차로운행방법위반,건조,맑음,교차로 - 교차로안,승용,남,54세,상해없음,승합,남,58세,상해없음
2014080800100287,2014년 8월 8일 13시,금요일,경상남도 창원시 마산합포구 상남동,경상사고,0,0,1,0,차대차 - 추돌 - 진행중,안전거리미확보,건조,맑음,단일로 - 기타,승용,남,57세,상해없음,승용,여,39세,경상
2014080800100288,2014년 8월 8일 13시,금요일,경상남도 창원시 의창구 북면,경상사고,0,0,1,0,차대차 - 기타,안전운전불이행,건조,맑음,단일로 - 기타,승용,남,56세,상해없음,원동기,남,18세,경상
2014080800100289,2014년 8월 8일 13시,금요일,경상남도 창원시 의창구 북면,중상사고,0,1,0,0,차대차 - 기타,안전운전불이행,건조,맑음,교차로 - 교차로부근,승용,남,59세,상해없음,승용,남,49세,중상
2014080800100318,2014년 8월 8일 14시,금요일,경상남도 양산시 명곡동,경상사고,0,0,1,0,차대차 - 기타,중앙선침범,건조,맑음,교차로 - 교차로부근,승합,남,55세,상해없음,화물,여,57세,경상
2014080800100352,2014년 8월 8일 15시,금요일,경상남도 고성군 고성읍,경상사고,0,0,1,0,차대사람 - 길가장자리구역통행중,안전운전불이행,건조,맑음,교차로 - 교차로안,화물,남,53세,상해없음,보행자,남,24세,경상
2014080800100353,2014년 8월 8일 15시,금요일,경상남도 김해시 장유면,경상사고,0,0,1,0,차대차 - 추돌 - 주정차중,안전운전불이행,건조,맑음,단일로 - 기타,승용,남,62세,상해없음,승용,남,50세,상해없음
2014080800100386,2014년 8월 8일 16시,금요일,경상남도 함안군 산인면,중상사고,0,4,1,0,차대차 - 측면직각충돌,안전운전불이행,건조,맑음,단일로 - 기타,승용,여,39세,중상,화물,남,58세,경상
2014080800100422,2014년 8월 8일 17시,금요일,경상남도 진주시 금산면,경상사고,0,0,1,0,차대차 - 측면직각충돌,중앙선침범,건조,맑음,단일로 - 기타,화물,남,60세,상해없음,이륜,남,31세,경상
2014080800100423,2014년 8월 8일 17시,금요일,경상남도 김해시 전하동,중상사고,0,1,0,0,차대차 - 추돌 - 진행중,안전운전불이행,건조,맑음,단일로 - 기타,승용,남,74세,상해없음,자전거,남,53세,중상
2014080800100464,2014년 8월 8일 18시,금요일,경상남도 창원시 진해구 이동,경상사고,0,0,1,0,차대차 - 측면직각충돌,안전운전불이행,건조,맑음,교차로 - 교차로안,승용,여,58세,상해없음,자전거,남,50세,경상
2014080800100465,2014년 8월 8일 18시,금요일,경상남도 하동군 진교면,중상사고,0,1,0,0,차대차 - 기타,안전운전불이행,건조,맑음,단일로 - 기타,승용,남,45세,상해없음,화물,여,44세,중상
2014080800100466,2014년 8월 8일 18시,금요일,경상남도 함안군 가야읍,경상사고,0,0,1,0,차대차 - 기타,안전운전불이행,건조,맑음,기타 - 기타,승합,남,38세,상해없음,자전거,남,46세,경상
2014080800100467,2014년 8월 8일 18시,금요일,경상남도 창원시 의창구 대산면,사망사고,1,0,0,0,차량단독 - 도로외이탈 - 추락,안전운전불이행,건조,맑음,단일로 - 기타,자전거,남,67세,사망,,,,
2014080800100496,2014년 8월 8일 19시,금요일,경상남도 창원시 마산합포구 서성동,경상사고,0,0,2,0,차대차 - 추돌 - 진행중,안전운전불이행,건조,흐림,교차로 - 교차로부근,승용,남,59세,상해없음,승용,남,57세,경상
2014080800100497,2014년 8월 8일 19시,금요일,경상남도 김해시 명법동,중상사고,0,1,1,0,차대차 - 측면직각충돌,신호위반,건조,맑음,교차로 - 교차로안,화물,남,22세,상해없음,승용,남,59세,경상
2014080800100538,2014년 8월 8일 20시,금요일,경상남도 김해시 삼계동,경상사고,0,0,1,0,차대차 - 측면직각충돌,안전거리미확보,습기,비,단일로 - 기타,이륜,남,56세,경상,승용,남,36세,상해없음
2014080800100539,2014년 8월 8일 20시,금요일,경상남도 창원시 의창구 동읍,경상사고,0,0,1,0,차대차 - 추돌 - 진행중,안전운전불이행,건조,맑음,단일로 - 기타,승용,남,51세,상해없음,화물,남,55세,경상
2014080800100582,2014년 8월 8일 21시,금요일,경상남도 진주시 하대동,경상사고,0,0,1,0,차량단독 - 기타,안전운전불이행,건조,맑음,단일로 - 기타,원동기,여,48세,경상,,,,
2014080800100583,2014년 8월 8일 21시,금요일,경상남도 진주시 평거동,경상사고,0,0,1,0,차대차 - 측면직각충돌,중앙선침범,건조,맑음,단일로 - 기타,승용,남,37세,상해없음,이륜,남,17세,경상
2014080800100584,2014년 8월 8일 21시,금요일,경상남도 거제시 상동동,중상사고,0,1,0,0,차대차 - 측면직각충돌,안전운전불이행,건조,맑음,교차로 - 교차로안,승용,여,38세,상해없음,이륜,남,28세,중상
2014080800100585,2014년 8월 8일 21시,금요일,경상남도 김해시 장유면,중상사고,0,1,0,0,차대차 - 측면직각충돌,안전운전불이행,건조,맑음,단일로 - 기타,자전거,남,29세,중상,승용,남,49세,상해없음
2014080800100619,2014년 8월 8일 22시,금요일,경상남도 창원시 마산합포구 동성동,경상사고,0,0,1,0,차대차 - 측면직각충돌,신호위반,건조,맑음,교차로 - 교차로안,승용,남,60세,상해없음,승용,남,56세,경상
2014080800100620,2014년 8월 8일 22시,금요일,경상남도 밀양시 하남읍,경상사고,0,0,1,0,차대사람 - 차도통행중,안전운전불이행,건조,맑음,단일로 - 기타,자전거,남,30세,상해없음,보행자,남,21세,경상
2014080800100621,2014년 8월 8일 22시,금요일,경상남도 거제시 수월동,중상사고,0,1,0,0,차대차 - 측면직각충돌,신호위반,건조,맑음,교차로 - 교차로안,승용,여,43세,상해없음,승용,남,38세,중상
2014080800100645,2014년 8월 8일 23시,금요일,경상남도 창원시 진해구 이동,중상사고,0,1,3,0,차대차 - 측면직각충돌,교차로운행방법위반,습기,비,교차로 - 교차로안,승용,여,45세,중상,승용,남,26세,상해없음
2014080900100016,2014년 8월 9일 00시,토요일,경상남도 양산시 소주동,부상신고사고,0,0,0,1,차량단독 - 공작물충돌,안전운전불이행,습기,비,단일로 - 기타,승용,남,39세,부상신고,,,,
2014080900100145,2014년 8월 9일 08시,토요일,경상남도 진주시 내동면,중상사고,0,1,0,0,차대차 - 측면직각충돌,안전운전불이행,건조,맑음,교차로 - 교차로안,승용,남,55세,상해없음,승용,남,73세,중상
2014080900100170,2014년 8월 9일 09시,토요일,경상남도 통영시 광도면,중상사고,0,1,1,0,차대차 - 측면직각충돌,교차로운행방법위반,건조,맑음,교차로 - 교차로안,승용,남,40세,경상,승용,남,38세,중상
2014080900100171,2014년 8월 9일 09시,토요일,경상남도 사천시 사천읍,경상사고,0,0,1,0,차대사람 - 기타,안전운전불이행,건조,맑음,교차로 - 교차로부근,승용,여,35세,상해없음,보행자,남,7세,경상
2014080900100172,2014년 8월 9일 09시,토요일,경상남도 고성군 회화면,경상사고,0,0,1,0,차대차 - 측면직각충돌,차로위반,건조,맑음,단일로 - 기타,특수,남,29세,상해없음,승용,남,43세,경상
2014080900100223,2014년 8월 9일 11시,토요일,경상남도 함양군 함양읍,중상사고,0,1,0,0,차대사람 - 차도통행중,안전운전불이행,건조,맑음,단일로 - 기타,승용,여,45세,상해없음,보행자,남,61세,중상
2014080900100224,2014년 8월 9일 11시,토요일,경상남도 김해시 진영읍,중상사고,0,1,0,0,차대사람 - 기타,안전운전불이행,건조,맑음,기타 - 기타,승용,남,62세,상해없음,보행자,남,35세,중상
2014080900100268,2014년 8월 9일 12시,토요일,경상남도 창원시 진해구 경화동,경상사고,0,0,1,0,차대차 - 기타,교차로운행방법위반,건조,맑음,교차로 - 교차로안,자전거,남,9세,경상,기타불명,기타불명,기타불명,기타불명
2014080900100269,2014년 8월 9일 12시,토요일,경상남도 창원시 마산회원구 합성동,중상사고,0,1,0,0,차대차 - 기타,안전운전불이행,건조,맑음,교차로 - 교차로안,승용,여,50세,상해없음,승용,여,41세,중상
2014080900100360,2014년 8월 9일 15시,토요일,경상남도 거제시 장평동,경상사고,0,0,2,0,차대차 - 기타,안전거리미확보,건조,맑음,단일로 - 기타,건설기계,남,60세,상해없음,승용,남,36세,경상
2014080900100412,2014년 8월 9일 17시,토요일,경상남도 창원시 마산합포구 월영동,경상사고,0,0,1,0,차대차 - 기타,안전운전불이행,건조,맑음,기타 - 기타,승용,남,56세,상해없음,이륜,남,21세,경상
2014080900100413,2014년 8월 9일 17시,토요일,경상남도 진주시 평거동,경상사고,0,0,1,0,차대사람 - 기타,안전운전불이행,건조,맑음,단일로 - 기타,자전거,남,63세,상해없음,보행자,여,57세,경상
2014080900100445,2014년 8월 9일 18시,토요일,경상남도 밀양시 부북면,중상사고,0,1,0,0,차대사람 - 횡단중,안전운전불이행,건조,맑음,단일로 - 기타,승용,남,32세,상해없음,보행자,남,5세,중상
2014080900100476,2014년 8월 9일 19시,토요일,경상남도 고성군 거류면,중상사고,0,1,1,0,차대차 - 추돌 - 진행중,안전운전불이행,건조,맑음,단일로 - 기타,승용,남,57세,상해없음,농기계,남,78세,중상
2014080900100555,2014년 8월 9일 22시,토요일,경상남도 진주시 초전동,경상사고,0,0,1,0,차대차 - 측면직각충돌,안전운전불이행,건조,맑음,단일로 - 기타,화물,여,43세,상해없음,승합,남,36세,경상
2014080900100589,2014년 8월 9일 23시,토요일,경상남도 양산시 덕계동,경상사고,0,0,2,4,차대차 - 기타,안전거리미확보,건조,맑음,단일로 - 터널,승용,여,48세,상해없음,승용,남,37세,부상신고
2014080900100590,2014년 8월 9일 23시,토요일,경상남도 창원시 마산회원구 합성동,중상사고,0,1,0,0,차대사람 - 횡단중,안전운전불이행,건조,맑음,단일로 - 기타,승용,남,31세,상해없음,보행자,남,58세,중상
2014081000100020,2014년 8월 10일 00시,일요일,경상남도 밀양시 교동,중상사고,0,1,0,0,차대차 - 측면직각충돌,신호위반,건조,흐림,교차로 - 교차로부근,승용,여,51세,상해없음,승용,여,46세,중상
2014081000100021,2014년 8월 10일 00시,일요일,경상남도 김해시 내동,중상사고,0,1,1,0,차대차 - 기타,신호위반,건조,맑음,교차로 - 교차로안,승용,남,61세,기타불명,승용,남,55세,중상
2014081000100078,2014년 8월 10일 04시,일요일,경상남도 창원시 진해구 자은동,중상사고,0,1,1,0,차대사람 - 차도통행중,안전운전불이행,건조,흐림,단일로 - 기타,기타불명,기타불명,기타불명,기타불명,보행자,남,17세,중상
2014081000100127,2014년 8월 10일 08시,일요일,경상남도 창원시 성산구 웅남동,경상사고,0,0,1,0,차대차 - 기타,신호위반,습기,비,교차로 - 교차로안,승용,남,33세,상해없음,승용,남,22세,경상
2014081000100143,2014년 8월 10일 09시,일요일,경상남도 창원시 진해구 송죽동,경상사고,0,0,1,0,차대차 - 기타,안전운전불이행,건조,맑음,단일로 - 기타,승용,남,23세,기타불명,승용,남,57세,경상
2014081000100144,2014년 8월 10일 09시,일요일,경상남도 김해시 상동면,경상사고,0,0,3,0,차대차 - 측면직각충돌,안전운전불이행,건조,맑음,단일로 - 기타,승용,남,53세,상해없음,승용,남,18세,상해없음
2014081000100145,2014년 8월 10일 09시,일요일,경상남도 거제시 아주동,경상사고,0,0,3,0,차대차 - 측면직각충돌,신호위반,건조,맑음,교차로 - 교차로안,승용,남,42세,기타불명,승용,남,42세,경상
2014081000100184,2014년 8월 10일 11시,일요일,경상남도 진주시 가좌동,경상사고,0,0,1,0,차대차 - 측면직각충돌,신호위반,건조,맑음,교차로 - 교차로안,이륜,남,23세,경상,승용,여,38세,상해없음
2014081000100185,2014년 8월 10일 11시,일요일,경상남도 창녕군 유어면,중상사고,0,1,0,0,차대차 - 측면직각충돌,신호위반,건조,맑음,교차로 - 교차로안,승용,여,48세,상해없음,이륜,남,41세,중상
2014081000100186,2014년 8월 10일 11시,일요일,경상남도 양산시 덕계동,부상신고사고,0,0,0,2,차대차 - 측면직각충돌,안전운전불이행,건조,맑음,기타 - 기타,승용,여,47세,상해없음,승용,남,30세,부상신고
2014081000100222,2014년 8월 10일 13시,일요일,경상남도 창원시 마산합포구 진북면,경상사고,0,0,1,0,차대차 - 기타,교차로운행방법위반,습기,흐림,교차로 - 교차로안,승용,남,36세,상해없음,승용,남,77세,경상
2014081000100223,2014년 8월 10일 13시,일요일,경상남도 양산시 중부동,중상사고,0,2,0,0,차대차 - 측면직각충돌,안전운전불이행,습기,흐림,교차로 - 교차로부근,승용,남,32세,중상,특수,남,33세,중상
2014081000100251,2014년 8월 10일 14시,일요일,경상남도 통영시 항남동,중상사고,0,1,0,0,차대사람 - 기타,안전운전불이행,건조,맑음,단일로 - 기타,승용,남,36세,상해없음,보행자,여,55세,중상
2014081000100252,2014년 8월 10일 14시,일요일,경상남도 통영시 광도면,중상사고,0,4,0,0,차량단독 - 공작물충돌,안전운전불이행,건조,맑음,단일로 - 기타,승용,여,56세,상해없음,,,,
2014081000100253,2014년 8월 10일 14시,일요일,경상남도 양산시 물금읍,중상사고,0,1,0,0,차대차 - 측면직각충돌,안전운전불이행,습기,비,단일로 - 기타,승용,여,37세,상해없음,자전거,남,67세,중상
2014081000100254,2014년 8월 10일 14시,일요일,경상남도 의령군 정곡면,중상사고,0,2,0,0,차량단독 - 도로외이탈 - 기타,안전운전불이행,건조,맑음,단일로 - 기타,화물,남,64세,중상,,,,
2014081000100280,2014년 8월 10일 15시,일요일,경상남도 거제시 동부면,경상사고,0,0,1,0,차대차 - 측면직각충돌,교차로운행방법위반,건조,맑음,교차로 - 교차로안,승용,남,54세,상해없음,이륜,남,30세,경상
2014081000100349,2014년 8월 10일 17시,일요일,경상남도 김해시 풍유동,중상사고,0,2,2,0,차대차 - 추돌 - 진행중,안전운전불이행,습기,비,단일로 - 기타,승용,남,39세,기타불명,승용,남,42세,경상
2014081000100407,2014년 8월 10일 19시,일요일,경상남도 밀양시 삼랑진읍,중상사고,0,2,0,0,차대차 - 기타,안전운전불이행,습기,비,단일로 - 기타,승용,남,21세,상해없음,승용,남,40세,중상
2014081000100425,2014년 8월 10일 19시,일요일,경상남도 김해시 구산동,경상사고,0,0,1,0,차대차 - 추돌 - 진행중,안전운전불이행,습기,비,교차로 - 교차로안,승용,여,47세,상해없음,이륜,남,33세,경상
2014081000100426,2014년 8월 10일 19시,일요일,경상남도 거제시 수월동,경상사고,0,0,1,0,차대사람 - 횡단중,안전운전불이행,건조,맑음,단일로 - 기타,원동기,남,16세,기타불명,보행자,여,71세,경상
2014081000100427,2014년 8월 10일 19시,일요일,경상남도 함안군 군북면,경상사고,0,0,1,0,차대차 - 측면직각충돌,직진우회전진행방해,습기,비,교차로 - 교차로안,승합,여,39세,상해없음,자전거,남,66세,경상
2014081000100428,2014년 8월 10일 19시,일요일,경상남도 창원시 성산구 사파동,중상사고,0,1,0,0,차대차 - 기타,안전운전불이행,습기,비,단일로 - 기타,승용,남,51세,상해없음,이륜,남,48세,중상
2014081000100469,2014년 8월 10일 20시,일요일,경상남도 창원시 성산구 웅남동,중상사고,0,1,1,0,차대차 - 기타,안전거리미확보,습기,비,단일로 - 기타,승용,남,54세,상해없음,승용,남,48세,중상
2014081000100521,2014년 8월 10일 22시,일요일,경상남도 거제시 고현동,경상사고,0,0,1,0,차대차 - 기타,안전운전불이행,건조,맑음,단일로 - 기타,화물,남,54세,상해없음,승용,남,40세,경상
2014081000100541,2014년 8월 10일 23시,일요일,경상남도 김해시 외동,중상사고,0,1,0,0,차대사람 - 횡단중,안전운전불이행,습기,비,단일로 - 횡단보도상,승용,남,71세,상해없음,보행자,여,46세,중상
2014081100100010,2014년 8월 11일 01시,월요일,경상남도 김해시 구산동,경상사고,0,0,1,0,차량단독 - 공작물충돌,안전운전불이행,건조,맑음,단일로 - 기타,승용,남,52세,상해없음,,,,
2014081100100017,2014년 8월 11일 02시,월요일,경상남도 거제시 연초면,중상사고,0,1,0,0,차대차 - 추돌 - 진행중,안전운전불이행,건조,맑음,단일로 - 기타,기타불명,기타불명,기타불명,기타불명,이륜,남,55세,중상
2014081100100059,2014년 8월 11일 06시,월요일,경상남도 통영시 광도면,경상사고,0,0,1,0,차대차 - 기타,중앙선침범,건조,맑음,단일로 - 기타,승용,여,32세,상해없음,승합,남,45세,상해없음
2014081100100120,2014년 8월 11일 08시,월요일,경상남도 밀양시 가곡동,중상사고,0,1,0,0,차대차 - 정면충돌,중앙선침범,건조,맑음,단일로 - 기타,승용,여,54세,상해없음,승용,여,35세,상해없음
2014081100100121,2014년 8월 11일 08시,월요일,경상남도 김해시 삼정동,중상사고,0,1,0,0,차대차 - 측면직각충돌,차로위반,건조,맑음,단일로 - 기타,승용,남,42세,상해없음,원동기,남,75세,중상
2014081100100122,2014년 8월 11일 08시,월요일,경상남도 창원시 의창구 대원동,중상사고,0,1,0,0,차대차 - 기타,기타,건조,맑음,단일로 - 횡단보도상,승용,여,35세,상해없음,자전거,남,9세,중상
2014081100100154,2014년 8월 11일 09시,월요일,경상남도 사천시 사천읍,중상사고,0,1,0,0,차대사람 - 횡단중,보행자보호의무위반,건조,맑음,단일로 - 기타,승용,여,31세,상해없음,보행자,남,15세,중상
2014081100100155,2014년 8월 11일 09시,월요일,경상남도 김해시 부원동,경상사고,0,0,1,0,차대차 - 측면직각충돌,안전운전불이행,건조,맑음,교차로 - 교차로안,자전거,남,75세,경상,승용,남,65세,상해없음
2014081100100156,2014년 8월 11일 09시,월요일,경상남도 창원시 성산구 가음정동,경상사고,0,0,2,0,차대차 - 기타,신호위반,건조,맑음,단일로 - 횡단보도상,승용,남,52세,상해없음,승용,남,29세,경상
2014081100100182,2014년 8월 11일 10시,월요일,경상남도 창원시 마산합포구 진동면,중상사고,0,2,1,0,차량단독 - 전도전복,안전운전불이행,건조,맑음,단일로 - 기타,화물,남,38세,경상,,,,
2014081100100183,2014년 8월 11일 10시,월요일,경상남도 통영시 무전동,경상사고,0,0,1,0,차대차 - 측면직각충돌,안전거리미확보,건조,맑음,단일로 - 기타,승용,남,48세,상해없음,이륜,남,76세,경상
2014081100100184,2014년 8월 11일 10시,월요일,경상남도 거제시 고현동,경상사고,0,0,1,0,차대차 - 기타,교차로운행방법위반,건조,맑음,단일로 - 기타,승용,남,63세,기타불명,승용,남,44세,경상
2014081100100240,2014년 8월 11일 12시,월요일,경상남도 창원시 마산합포구 동성동,경상사고,0,0,2,1,차대차 - 측면직각충돌,신호위반,건조,맑음,교차로 - 교차로안,승용,여,58세,부상신고,승용,여,41세,경상
2014081100100241,2014년 8월 11일 12시,월요일,경상남도 창원시 진해구 자은동,중상사고,0,1,0,0,차대차 - 측면직각충돌,교차로운행방법위반,건조,맑음,교차로 - 교차로안,승용,남,25세,상해없음,자전거,남,8세,중상
2014081100100242,2014년 8월 11일 12시,월요일,경상남도 고성군 고성읍,경상사고,0,0,1,0,차대차 - 측면직각충돌,직진우회전진행방해,건조,맑음,교차로 - 교차로안,승용,남,52세,상해없음,이륜,남,31세,경상
2014081100100402,2014년 8월 11일 16시,월요일,경상남도 양산시 남부동,경상사고,0,0,1,0,차대차 - 측면직각충돌,안전운전불이행,건조,맑음,교차로 - 교차로안,승용,남,53세,기타불명,자전거,여,62세,경상
2014081100100403,2014년 8월 11일 16시,월요일,경상남도 하동군 진교면,중상사고,0,1,0,0,차대차 - 기타,안전운전불이행,건조,맑음,단일로 - 기타,화물,남,48세,상해없음,자전거,남,10세,중상
2014081100100485,2014년 8월 11일 18시,월요일,경상남도 창원시 진해구 성내동,경상사고,0,0,1,0,차대차 - 기타,안전운전불이행,건조,맑음,교차로 - 교차로부근,승용,남,55세,상해없음,농기계,남,80세,경상
2014081100100486,2014년 8월 11일 18시,월요일,경상남도 거창군 고제면,부상신고사고,0,0,0,1,차대차 - 측면직각충돌,안전운전불이행,건조,맑음,단일로 - 기타,원동기,여,65세,부상신고,승합,남,57세,상해없음
2014081100100487,2014년 8월 11일 18시,월요일,경상남도 합천군 삼가면,경상사고,0,0,1,0,차대차 - 추돌 - 주정차중,안전운전불이행,건조,맑음,단일로 - 기타,원동기,남,41세,경상,원동기,남,68세,기타불명
2014081100100511,2014년 8월 11일 19시,월요일,경상남도 창원시 마산합포구 부림동,중상사고,0,1,0,0,차대사람 - 횡단중,안전운전불이행,건조,맑음,단일로 - 기타,승용,남,62세,상해없음,보행자,여,71세,중상
2014081100100512,2014년 8월 11일 19시,월요일,경상남도 통영시 북신동,중상사고,0,1,0,0,차대사람 - 횡단중,보행자보호의무위반,건조,맑음,단일로 - 횡단보도상,이륜,남,16세,상해없음,보행자,여,59세,중상
2014081100100513,2014년 8월 11일 19시,월요일,경상남도 거제시 고현동,경상사고,0,0,1,0,차대차 - 기타,교차로운행방법위반,건조,맑음,교차로 - 교차로안,승용,남,19세,상해없음,승용,남,62세,기타불명
2014081100100514,2014년 8월 11일 19시,월요일,경상남도 남해군 삼동면,경상사고,0,0,1,0,차대사람 - 횡단중,보행자보호의무위반,건조,맑음,단일로 - 횡단보도상,승용,남,61세,상해없음,보행자,여,64세,경상
2014081100100558,2014년 8월 11일 20시,월요일,경상남도 창원시 마산합포구 월포동,부상신고사고,0,0,0,1,차량단독 - 공작물충돌,안전운전불이행,건조,맑음,교차로 - 교차로부근,승용,남,26세,부상신고,,,,
2014081100100559,2014년 8월 11일 20시,월요일,경상남도 남해군 창선면,중상사고,0,1,0,0,차량단독 - 전도전복,안전운전불이행,건조,맑음,교차로 - 교차로안,이륜,남,44세,중상,,,,
2014081100100596,2014년 8월 11일 21시,월요일,경상남도 김해시 내동,중상사고,0,1,1,0,차대차 - 추돌 - 진행중,안전운전불이행,건조,맑음,단일로 - 기타,승용,남,60세,상해없음,승용,여,43세,경상
2014081100100597,2014년 8월 11일 21시,월요일,경상남도 남해군 이동면,중상사고,0,1,0,0,차대차 - 기타,중앙선침범,건조,맑음,교차로 - 교차로안,승용,남,52세,상해없음,이륜,남,31세,중상
2014081100100619,2014년 8월 11일 22시,월요일,경상남도 김해시 대동면,중상사고,0,1,0,0,차대사람 - 기타,안전운전불이행,건조,흐림,단일로 - 기타,화물,남,55세,상해없음,보행자,여,57세,중상
2014081100100625,2014년 8월 11일 22시,월요일,경상남도 거제시 장평동,경상사고,0,0,1,0,차대차 - 기타,안전운전불이행,건조,맑음,교차로 - 교차로안,이륜,남,17세,경상,승용,여,59세,상해없음
2014081200100016,2014년 8월 12일 00시,화요일,경상남도 함안군 칠원면,경상사고,0,0,1,0,차대사람 - 길가장자리구역통행중,안전운전불이행,건조,맑음,단일로 - 기타,기타불명,기타불명,기타불명,기타불명,보행자,남,46세,경상
2014081200100017,2014년 8월 12일 00시,화요일,경상남도 김해시 진영읍,경상사고,0,0,3,0,차대차 - 추돌 - 주정차중,안전운전불이행,건조,맑음,교차로 - 교차로부근,승용,남,28세,상해없음,승용,여,47세,경상
2014081200100035,2014년 8월 12일 01시,화요일,경상남도 창원시 진해구 마천동,중상사고,0,1,0,0,차대사람 - 기타,안전운전불이행,건조,맑음,단일로 - 기타,승용,남,44세,상해없음,보행자,남,58세,중상
2014081200100057,2014년 8월 12일 03시,화요일,경상남도 사천시 좌룡동,경상사고,0,0,1,0,차대차 - 측면직각충돌,중앙선침범,건조,맑음,단일로 - 기타,승용,여,38세,상해없음,승합,남,46세,경상
2014081200100066,2014년 8월 12일 04시,화요일,경상남도 창원시 마산회원구 내서읍,경상사고,0,0,2,0,차대차 - 추돌 - 진행중,안전운전불이행,건조,맑음,단일로 - 기타,승용,기타불명,기타불명,기타불명,화물,남,46세,경상
2014081200100111,2014년 8월 12일 07시,화요일,경상남도 양산시 물금읍,경상사고,0,0,1,0,차대차 - 기타,교차로운행방법위반,건조,맑음,교차로 - 교차로안,승용,여,45세,상해없음,승용,남,36세,경상
2014081200100112,2014년 8월 12일 07시,화요일,경상남도 양산시 신기동,경상사고,0,0,1,0,차대차 - 측면직각충돌,안전운전불이행,건조,맑음,교차로 - 교차로안,승용,남,31세,상해없음,승용,남,38세,경상
2014081200100113,2014년 8월 12일 07시,화요일,경상남도 거제시 고현동,경상사고,0,0,1,0,차대차 - 기타,안전운전불이행,건조,맑음,단일로 - 기타,승용,남,32세,상해없음,승용,남,58세,경상
2014081200100114,2014년 8월 12일 07시,화요일,경상남도 거제시 아주동,중상사고,0,1,5,0,차대차 - 추돌 - 진행중,안전운전불이행,건조,맑음,단일로 - 터널,승합,남,50세,상해없음,승용,남,43세,중상
2014081200100141,2014년 8월 12일 08시,화요일,경상남도 거제시 둔덕면,경상사고,0,0,1,0,차량단독 - 기타,안전운전불이행,건조,맑음,단일로 - 기타,승용,여,49세,경상,,,,
2014081200100216,2014년 8월 12일 10시,화요일,경상남도 창원시 마산회원구 회성동,중상사고,0,1,0,0,차대차 - 측면직각충돌,중앙선침범,건조,맑음,단일로 - 기타,승용,남,69세,상해없음,승용,남,59세,중상
2014081200100245,2014년 8월 12일 11시,화요일,경상남도 창원시 마산합포구 서성동,중상사고,0,1,0,0,차대사람 - 기타,안전운전불이행,건조,맑음,교차로 - 교차로부근,승용,여,41세,상해없음,보행자,여,65세,중상
2014081200100246,2014년 8월 12일 11시,화요일,경상남도 창원시 의창구 도계동,중상사고,0,1,0,0,차대사람 - 기타,안전운전불이행,건조,맑음,교차로 - 교차로부근,승합,남,57세,상해없음,보행자,여,67세,중상
2014081200100271,2014년 8월 12일 12시,화요일,경상남도 양산시 명동,중상사고,0,1,1,0,차대차 - 측면직각충돌,안전운전불이행,건조,맑음,교차로 - 교차로안,화물,남,56세,상해없음,화물,남,59세,경상
2014081200100272,2014년 8월 12일 12시,화요일,경상남도 양산시 하북면,중상사고,0,2,1,1,차대차 - 측면직각충돌,신호위반,건조,맑음,교차로 - 교차로안,승용,남,30세,부상신고,승용,남,36세,경상
2014081200100273,2014년 8월 12일 12시,화요일,경상남도 의령군 의령읍,경상사고,0,0,1,0,차대차 - 기타,안전운전불이행,건조,맑음,단일로 - 기타,승용,남,62세,상해없음,이륜,남,73세,경상
2014081200100274,2014년 8월 12일 12시,화요일,경상남도 창원시 마산회원구 합성동,부상신고사고,0,0,0,1,차대차 - 추돌 - 주정차중,안전운전불이행,건조,맑음,단일로 - 기타,승용,남,47세,상해없음,승용,남,31세,부상신고
2014081200100306,2014년 8월 12일 13시,화요일,경상남도 김해시 동상동,경상사고,0,0,1,0,차대사람 - 기타,안전운전불이행,건조,맑음,단일로 - 기타,화물,남,40세,상해없음,보행자,여,62세,경상
2014081200100307,2014년 8월 12일 13시,화요일,경상남도 김해시 대성동,경상사고,0,0,1,0,차대차 - 측면직각충돌,중앙선침범,건조,맑음,교차로 - 교차로안,자전거,남,72세,경상,승합,남,32세,상해없음
2014081200100308,2014년 8월 12일 13시,화요일,경상남도 김해시 전하동,중상사고,0,1,0,0,차대차 - 측면직각충돌,교차로운행방법위반,건조,맑음,교차로 - 교차로안,화물,남,38세,상해없음,자전거,남,75세,중상
2014081200100337,2014년 8월 12일 14시,화요일,경상남도 창원시 마산합포구 창동,중상사고,0,1,0,0,차대차 - 측면직각충돌,안전운전불이행,건조,맑음,교차로 - 교차로안,승용,남,57세,상해없음,이륜,남,75세,중상
2014081200100338,2014년 8월 12일 14시,화요일,경상남도 창원시 마산회원구 구암동,중상사고,0,1,0,0,차대사람 - 횡단중,보행자보호의무위반,건조,맑음,교차로 - 교차로부근,승용,남,45세,상해없음,보행자,여,36세,중상