사고번호,사고일시,요일,시군구,사고내용,사망자수,중상자수,경상자수,부상신고자수,사고유형,법규위반,노면상태,기상상태,도로형태,가해운전자 차종,가해운전자 성별,가해운전자 연령,가해운전자 상해정도,피해운전자 차종,피해운전자 성별,피해운전자 연령,피해운전자 상해정도
2014081600100125,2014년 8월 16일 08시,토요일,경상남도 김해시 한림면,중상사고,0,1,0,0,차대사람 - 기타,안전운전불이행,건조,맑음,단일로 - 기타,화물,남,57세,상해없음,보행자,여,48세,중상
2014081600100157,2014년 8월 16일 09시,토요일,경상남도 창원시 의창구 팔용동,경상사고,0,0,1,0,차대차 - 측면직각충돌,안전운전불이행,건조,맑음,교차로 - 교차로안,승용,남,27세,상해없음,승합,남,24세,상해없음
2014081600100179,2014년 8월 16일 10시,토요일,경상남도 통영시 정량동,경상사고,0,0,1,0,차대차 - 추돌 - 진행중,안전운전불이행,건조,맑음,단일로 - 기타,승용,남,51세,상해없음,자전거,남,58세,경상
2014081600100180,2014년 8월 16일 10시,토요일,경상남도 김해시 상동면,경상사고,0,0,1,0,차량단독 - 공작물충돌,안전운전불이행,건조,맑음,단일로 - 기타,화물,남,49세,경상,,,,
2014081600100181,2014년 8월 16일 10시,토요일,경상남도 창원시 의창구 사림동,경상사고,0,0,1,0,차대차 - 측면직각충돌,신호위반,건조,맑음,교차로 - 교차로안,승용,여,38세,상해없음,승용,남,30세,경상
2014081600100206,2014년 8월 16일 11시,토요일,경상남도 양산시 명곡동,경상사고,0,0,1,0,차대차 - 측면직각충돌,중앙선침범,건조,맑음,단일로 - 기타,화물,남,57세,상해없음,화물,남,41세,경상
2014081600100207,2014년 8월 16일 11시,토요일,경상남도 거제시 옥포동,경상사고,0,0,1,0,차대사람 - 기타,안전운전불이행,건조,맑음,단일로 - 기타,화물,여,55세,상해없음,보행자,여,15세,경상
2014081600100243,2014년 8월 16일 12시,토요일,경상남도 함양군 휴천면,사망사고,1,0,0,2,차대사람 - 기타,안전운전불이행,건조,맑음,단일로 - 기타,승용,여,49세,부상신고,보행자,여,77세,사망
2014081600100314,2014년 8월 16일 14시,토요일,경상남도 진주시 상대동,중상사고,0,2,0,0,차대차 - 측면직각충돌,직진우회전진행방해,건조,맑음,교차로 - 교차로안,승용,남,39세,상해없음,승용,남,58세,중상
2014081600100315,2014년 8월 16일 14시,토요일,경상남도 양산시 북정동,중상사고,0,1,0,0,차대사람 - 횡단중,안전운전불이행,건조,맑음,단일로 - 기타,특수,남,33세,상해없음,보행자,남,65세,중상
2014081600100316,2014년 8월 16일 14시,토요일,경상남도 산청군 시천면,경상사고,0,0,1,0,차대차 - 정면충돌,안전운전불이행,건조,맑음,단일로 - 기타,승용,남,28세,상해없음,원동기,남,17세,경상
2014081600100317,2014년 8월 16일 14시,토요일,경상남도 산청군 시천면,중상사고,0,1,0,0,차량단독 - 공작물충돌,안전운전불이행,건조,맑음,교차로 - 교차로안,화물,남,60세,중상,,,,
2014081600100352,2014년 8월 16일 15시,토요일,경상남도 거제시 장승포동,중상사고,0,1,4,1,차대차 - 기타,중앙선침범,건조,맑음,단일로 - 기타,승용,남,46세,상해없음,승용,여,42세,중상
2014081600100353,2014년 8월 16일 15시,토요일,경상남도 창원시 성산구 중앙동,경상사고,0,0,1,0,차대차 - 기타,교차로운행방법위반,건조,맑음,교차로 - 교차로안,승용,여,28세,상해없음,자전거,남,41세,경상
2014081600100354,2014년 8월 16일 15시,토요일,경상남도 함안군 칠원면,중상사고,0,1,5,0,차대차 - 추돌 - 진행중,안전거리미확보,건조,맑음,단일로 - 기타,승용,남,30세,경상,승용,남,47세,중상
2014081600100385,2014년 8월 16일 16시,토요일,경상남도 창원시 진해구 용원동,경상사고,0,0,1,0,차대차 - 기타,신호위반,건조,맑음,교차로 - 교차로안,승용,남,54세,상해없음,승용,여,47세,경상
2014081600100386,2014년 8월 16일 16시,토요일,경상남도 통영시 미수동,부상신고사고,0,0,0,1,차대차 - 기타,안전운전불이행,건조,맑음,단일로 - 기타,기타불명,기타불명,기타불명,기타불명,승용,남,60세,상해없음
2014081600100423,2014년 8월 16일 17시,토요일,경상남도 창원시 진해구 경화동,중상사고,0,1,0,0,차대차 - 측면직각충돌,안전운전불이행,건조,맑음,교차로 - 교차로안,자전거,남,74세,중상,승용,여,29세,상해없음
2014081600100424,2014년 8월 16일 17시,토요일,경상남도 거제시 장평동,경상사고,0,0,1,0,차대사람 - 횡단중,보행자보호의무위반,건조,맑음,단일로 - 횡단보도상,이륜,남,53세,상해없음,보행자,남,45세,경상
2014081600100425,2014년 8월 16일 17시,토요일,경상남도 거제시 사등면,중상사고,0,1,4,0,차대차 - 추돌 - 진행중,안전거리미확보,건조,맑음,단일로 - 기타,승용,남,53세,상해없음,승용,여,47세,경상
2014081600100426,2014년 8월 16일 17시,토요일,경상남도 함안군 가야읍,경상사고,0,0,1,0,차대차 - 기타,안전운전불이행,건조,맑음,단일로 - 기타,원동기,남,61세,상해없음,자전거,여,65세,경상
2014081600100460,2014년 8월 16일 18시,토요일,경상남도 창원시 마산합포구 상남동,부상신고사고,0,0,0,1,차대사람 - 횡단중,안전운전불이행,건조,맑음,단일로 - 횡단보도부근,자전거,여,15세,상해없음,보행자,여,46세,부상신고
2014081600100461,2014년 8월 16일 18시,토요일,경상남도 창원시 진해구 장천동,중상사고,0,2,0,0,차대차 - 추돌 - 주정차중,안전운전불이행,건조,맑음,교차로 - 교차로안,승용,여,31세,상해없음,승용,남,55세,중상
2014081600100462,2014년 8월 16일 18시,토요일,경상남도 통영시 동호동,중상사고,0,1,4,3,차대사람 - 기타,안전운전불이행,건조,맑음,단일로 - 기타,승용,여,40세,상해없음,보행자,여,25세,경상
2014081600100463,2014년 8월 16일 18시,토요일,경상남도 통영시 서호동,경상사고,0,0,1,0,차대차 - 측면직각충돌,교차로운행방법위반,건조,맑음,교차로 - 교차로안,승용,남,59세,상해없음,이륜,남,17세,경상
2014081600100523,2014년 8월 16일 20시,토요일,경상남도 밀양시 삼랑진읍,경상사고,0,0,1,0,차대차 - 측면직각충돌,교차로운행방법위반,건조,맑음,교차로 - 교차로안,승용,남,41세,상해없음,자전거,남,21세,경상
2014081600100550,2014년 8월 16일 21시,토요일,경상남도 김해시 지내동,경상사고,0,0,1,0,차대차 - 기타,안전운전불이행,건조,흐림,단일로 - 기타,이륜,남,19세,경상,승용,남,42세,상해없음
2014081600100551,2014년 8월 16일 21시,토요일,경상남도 함양군 함양읍,중상사고,0,1,0,0,차대차 - 기타,중앙선침범,건조,맑음,단일로 - 기타,승용,여,45세,상해없음,승용,남,30세,중상
2014081600100552,2014년 8월 16일 21시,토요일,경상남도 고성군 회화면,경상사고,0,0,1,0,차대차 - 측면직각충돌,신호위반,건조,맑음,교차로 - 교차로안,승용,남,32세,상해없음,승용,여,43세,경상
2014081600100591,2014년 8월 16일 22시,토요일,경상남도 창원시 마산합포구 남성동,중상사고,0,2,0,0,차대차 - 측면직각충돌,안전운전불이행,건조,맑음,교차로 - 교차로부근,이륜,남,37세,중상,승용,남,36세,중상
2014081600100592,2014년 8월 16일 22시,토요일,경상남도 통영시 도천동,부상신고사고,0,0,0,1,차대차 - 정면충돌,직진우회전진행방해,건조,맑음,교차로 - 교차로안,승용,남,51세,상해없음,이륜,남,15세,부상신고
2014081600100614,2014년 8월 16일 23시,토요일,경상남도 밀양시 삼문동,경상사고,0,0,2,0,차대차 - 측면직각충돌,교차로운행방법위반,건조,맑음,교차로 - 교차로안,화물,남,54세,상해없음,승용,여,56세,경상
2014081600100615,2014년 8월 16일 23시,토요일,경상남도 김해시 삼계동,중상사고,0,4,0,0,차대차 - 측면직각충돌,직진우회전진행방해,건조,맑음,교차로 - 교차로안,화물,남,23세,중상,승용,남,45세,상해없음
2014081600100616,2014년 8월 16일 23시,토요일,경상남도 양산시 덕계동,경상사고,0,0,1,1,차량단독 - 공작물충돌,기타,습기,비,기타 - 기타,승용,남,53세,부상신고,,,,
2014081700100029,2014년 8월 17일 01시,일요일,경상남도 창원시 진해구 석동,중상사고,0,1,0,0,차대사람 - 차도통행중,안전운전불이행,건조,맑음,단일로 - 기타,승용,남,25세,기타불명,보행자,남,35세,중상
2014081700100030,2014년 8월 17일 01시,일요일,경상남도 창원시 진해구 이동,중상사고,0,1,0,0,차대차 - 기타,안전운전불이행,건조,맑음,단일로 - 횡단보도상,승용,남,65세,상해없음,자전거,남,16세,중상
2014081700100031,2014년 8월 17일 01시,일요일,경상남도 양산시 물금읍,중상사고,0,2,1,0,차대차 - 측면직각충돌,안전운전불이행,건조,맑음,교차로 - 교차로안,승합,남,50세,상해없음,승용,남,59세,경상
2014081700100055,2014년 8월 17일 03시,일요일,경상남도 남해군 미조면,경상사고,0,0,1,0,차량단독 - 전도전복,안전운전불이행,건조,맑음,단일로 - 기타,승용,남,19세,경상,,,,
2014081700100081,2014년 8월 17일 06시,일요일,경상남도 창원시 마산회원구 석전동,경상사고,0,0,1,0,차대차 - 추돌 - 주정차중,안전운전불이행,건조,맑음,단일로 - 횡단보도부근,승용,남,20세,상해없음,승용,남,26세,상해없음
2014081700100094,2014년 8월 17일 07시,일요일,경상남도 김해시 주촌면,중상사고,0,1,1,0,차대차 - 측면직각충돌,신호위반,건조,맑음,교차로 - 교차로안,승용,남,53세,상해없음,승용,남,37세,중상
2014081700100121,2014년 8월 17일 09시,일요일,경상남도 의령군 의령읍,경상사고,0,0,1,0,차대차 - 기타,중앙선침범,건조,맑음,단일로 - 기타,원동기,남,46세,기타불명,승용,여,54세,상해없음
2014081700100131,2014년 8월 17일 10시,일요일,경상남도 밀양시 산외면,중상사고,0,1,0,0,차대차 - 기타,안전운전불이행,건조,맑음,단일로 - 기타,승용,남,67세,상해없음,승용,남,54세,상해없음
2014081700100146,2014년 8월 17일 10시,일요일,경상남도 창원시 마산합포구 현동,중상사고,0,1,0,0,차대차 - 기타,안전거리미확보,건조,맑음,단일로 - 기타,승용,남,44세,상해없음,승용,남,51세,중상
2014081700100147,2014년 8월 17일 10시,일요일,경상남도 통영시 무전동,부상신고사고,0,0,0,1,차대차 - 기타,안전운전불이행,건조,맑음,단일로 - 기타,이륜,남,75세,부상신고,승용,여,27세,상해없음
2014081700100169,2014년 8월 17일 11시,일요일,경상남도 사천시 곤명면,중상사고,0,2,0,0,차대차 - 기타,안전운전불이행,건조,맑음,단일로 - 기타,화물,여,59세,중상,승용,남,56세,상해없음
2014081700100185,2014년 8월 17일 12시,일요일,경상남도 밀양시 삼문동,경상사고,0,0,2,0,차대차 - 추돌 - 주정차중,안전운전불이행,건조,맑음,단일로 - 기타,승용,남,51세,경상,승용,남,55세,경상
2014081700100214,2014년 8월 17일 13시,일요일,경상남도 양산시 신기동,중상사고,0,3,0,0,차대차 - 측면직각충돌,안전운전불이행,건조,맑음,교차로 - 교차로부근,승용,남,35세,기타불명,승용,남,42세,상해없음
2014081700100235,2014년 8월 17일 14시,일요일,경상남도 거창군 남하면,중상사고,0,1,0,0,차대차 - 추돌 - 진행중,안전운전불이행,건조,맑음,단일로 - 기타,화물,남,48세,상해없음,화물,남,78세,중상
2014081700100236,2014년 8월 17일 14시,일요일,경상남도 함양군 지곡면,중상사고,0,1,0,0,차대차 - 측면직각충돌,안전운전불이행,건조,흐림,교차로 - 교차로안,자전거,남,73세,중상,화물,남,54세,상해없음
2014081700100237,2014년 8월 17일 14시,일요일,경상남도 거제시 장평동,경상사고,0,0,1,0,차대차 - 추돌 - 진행중,안전운전불이행,건조,맑음,교차로 - 교차로부근,승용,남,38세,상해없음,승합,남,39세,상해없음
2014081700100271,2014년 8월 17일 15시,일요일,경상남도 김해시 서상동,중상사고,0,1,0,0,차대사람 - 길가장자리구역통행중,안전운전불이행,건조,맑음,단일로 - 기타,승용,남,75세,상해없음,보행자,남,47세,중상
2014081700100272,2014년 8월 17일 15시,일요일,경상남도 합천군 청덕면,경상사고,0,0,1,0,차대사람 - 기타,안전운전불이행,건조,맑음,기타 - 기타,자전거,여,10세,상해없음,보행자,남,11세,경상
2014081700100317,2014년 8월 17일 17시,일요일,경상남도 창원시 진해구 안골동,부상신고사고,0,0,0,1,차량단독 - 전도전복,안전운전불이행,건조,맑음,단일로 - 기타,승용,남,49세,부상신고,,,,
2014081700100318,2014년 8월 17일 17시,일요일,경상남도 김해시 삼계동,경상사고,0,0,1,0,차대차 - 측면직각충돌,중앙선침범,건조,맑음,단일로 - 기타,이륜,남,19세,상해없음,이륜,남,18세,경상
2014081700100319,2014년 8월 17일 17시,일요일,경상남도 거제시 고현동,경상사고,0,0,2,0,차대차 - 기타,직진우회전진행방해,기타,비,교차로 - 교차로안,승용,남,53세,상해없음,원동기,남,26세,경상
2014081700100342,2014년 8월 17일 18시,일요일,경상남도 김해시 삼계동,중상사고,0,1,0,0,차량단독 - 기타,안전운전불이행,건조,흐림,단일로 - 기타,이륜,남,18세,중상,,,,
2014081700100343,2014년 8월 17일 18시,일요일,경상남도 함안군 가야읍,경상사고,0,0,1,0,차대차 - 측면직각충돌,신호위반,건조,맑음,교차로 - 교차로부근,승용,남,35세,상해없음,이륜,남,71세,경상
2014081700100368,2014년 8월 17일 19시,일요일,경상남도 진주시 옥봉동,중상사고,0,1,0,0,차대사람 - 기타,안전운전불이행,건조,맑음,단일로 - 기타,승용,남,48세,상해없음,보행자,남,70세,중상
2014081700100369,2014년 8월 17일 19시,일요일,경상남도 김해시 외동,중상사고,0,1,1,0,차대차 - 기타,안전운전불이행,습기,비,단일로 - 기타,승용,여,60세,상해없음,승용,남,35세,경상
2014081700100429,2014년 8월 17일 21시,일요일,경상남도 창원시 진해구 석동,경상사고,0,0,2,0,차대차 - 추돌 - 주정차중,안전운전불이행,습기,비,교차로 - 교차로부근,승용,여,51세,기타불명,승용,남,25세,경상
2014081700100444,2014년 8월 17일 22시,일요일,경상남도 김해시 진례면,중상사고,0,1,0,0,차대차 - 기타,안전거리미확보,습기,비,단일로 - 기타,화물,남,55세,상해없음,승용,여,23세,상해없음
2014081700100458,2014년 8월 17일 22시,일요일,경상남도 진주시 장대동,중상사고,0,1,1,0,차대차 - 추돌 - 주정차중,안전운전불이행,습기,비,단일로 - 기타,승용,남,52세,상해없음,승용,남,31세,경상
2014081700100482,2014년 8월 17일 23시,일요일,경상남도 김해시 어방동,중상사고,0,1,0,0,차대사람 - 횡단중,보행자보호의무위반,습기,비,단일로 - 기타,이륜,남,17세,상해없음,보행자,여,20세,중상
2014081700100483,2014년 8월 17일 23시,일요일,경상남도 김해시 부원동,경상사고,0,0,1,0,차량단독 - 공작물충돌,안전운전불이행,습기,비,단일로 - 기타,승용,남,40세,경상,,,,
2014081800100017,2014년 8월 18일 00시,월요일,경상남도 진주시 상대동,경상사고,0,0,1,0,차대차 - 측면직각충돌,안전운전불이행,습기,비,교차로 - 교차로안,승용,남,55세,상해없음,승용,남,50세,경상
2014081800100018,2014년 8월 18일 00시,월요일,경상남도 김해시 어방동,중상사고,0,1,0,0,차대차 - 측면직각충돌,직진우회전진행방해,습기,비,교차로 - 교차로안,승용,남,61세,상해없음,이륜,남,54세,중상
2014081800100019,2014년 8월 18일 00시,월요일,경상남도 김해시 장유면,중상사고,0,3,0,0,차대차 - 측면직각충돌,안전운전불이행,습기,비,단일로 - 기타,승용,남,27세,중상,특수,남,41세,기타불명
2014081800100045,2014년 8월 18일 03시,월요일,경상남도 통영시 태평동,중상사고,0,1,0,0,차대사람 - 기타,안전운전불이행,습기,비,단일로 - 기타,승용,남,24세,상해없음,보행자,남,56세,중상
2014081800100046,2014년 8월 18일 03시,월요일,경상남도 창원시 의창구 명서동,중상사고,0,2,0,0,차대차 - 기타,안전운전불이행,습기,비,단일로 - 기타,승용,남,42세,상해없음,승용,남,22세,중상
2014081800100055,2014년 8월 18일 04시,월요일,경상남도 김해시 장유면,중상사고,0,1,0,0,차대사람 - 횡단중,안전운전불이행,습기,비,교차로 - 교차로부근,승용,남,27세,상해없음,보행자,남,40세,중상
2014081800100075,2014년 8월 18일 06시,월요일,경상남도 거제시 장평동,중상사고,0,2,0,0,차대차 - 기타,기타,기타,비,단일로 - 기타,승용,남,35세,상해없음,자전거,남,40세,중상
2014081800100096,2014년 8월 18일 07시,월요일,경상남도 통영시 용남면,경상사고,0,0,1,0,차대차 - 추돌 - 진행중,안전거리미확보,습기,비,단일로 - 기타,승용,남,34세,상해없음,승용,남,30세,경상
2014081800100097,2014년 8월 18일 07시,월요일,경상남도 의령군 유곡면,경상사고,0,0,1,0,차대차 - 측면직각충돌,직진우회전진행방해,건조,흐림,교차로 - 교차로안,화물,남,59세,상해없음,승용,여,54세,경상
2014081800100098,2014년 8월 18일 07시,월요일,경상남도 창원시 성산구 중앙동,경상사고,0,0,1,0,차대차 - 기타,안전운전불이행,건조,맑음,교차로 - 교차로안,승용,남,42세,기타불명,승용,남,52세,경상
2014081800100099,2014년 8월 18일 07시,월요일,경상남도 창원시 마산회원구 합성동,경상사고,0,0,1,0,차대사람 - 횡단중,안전운전불이행,습기,비,교차로 - 교차로안,승용,남,68세,상해없음,보행자,여,68세,경상
2014081800100131,2014년 8월 18일 08시,월요일,경상남도 창원시 마산회원구 내서읍,경상사고,0,0,1,0,차량단독 - 공작물충돌,안전운전불이행,습기,비,교차로 - 교차로부근,승용,남,35세,경상,,,,
2014081800100166,2014년 8월 18일 09시,월요일,경상남도 진주시 상평동,중상사고,0,1,0,0,차대차 - 측면직각충돌,직진우회전진행방해,습기,흐림,교차로 - 교차로안,승용,남,52세,상해없음,화물,남,57세,중상
2014081800100167,2014년 8월 18일 09시,월요일,경상남도 밀양시 하남읍,중상사고,0,1,0,0,차대사람 - 길가장자리구역통행중,안전운전불이행,습기,비,단일로 - 기타,화물,남,35세,상해없음,보행자,여,67세,중상
2014081800100168,2014년 8월 18일 09시,월요일,경상남도 김해시 진영읍,경상사고,0,0,1,0,차대차 - 추돌 - 진행중,안전운전불이행,습기,비,단일로 - 기타,승용,남,31세,기타불명,화물,남,49세,경상
2014081800100194,2014년 8월 18일 10시,월요일,경상남도 창원시 진해구 용원동,중상사고,0,1,0,0,차대사람 - 횡단중,보행자보호의무위반,습기,비,교차로 - 교차로부근,화물,남,46세,상해없음,보행자,여,74세,중상
2014081800100195,2014년 8월 18일 10시,월요일,경상남도 거제시 고현동,중상사고,0,1,0,0,차대사람 - 횡단중,보행자보호의무위반,습기,비,단일로 - 횡단보도상,승용,남,37세,상해없음,보행자,여,77세,중상
2014081800100254,2014년 8월 18일 12시,월요일,경상남도 김해시 삼방동,중상사고,0,1,1,0,차대차 - 측면직각충돌,신호위반,습기,비,교차로 - 교차로부근,건설기계,남,47세,상해없음,승용,남,55세,중상
2014081800100255,2014년 8월 18일 12시,월요일,경상남도 양산시 북부동,경상사고,0,0,1,0,차대차 - 기타,교차로운행방법위반,습기,비,교차로 - 교차로안,화물,남,38세,상해없음,화물,남,52세,경상
2014081800100286,2014년 8월 18일 13시,월요일,경상남도 창원시 의창구 대원동,경상사고,0,0,1,0,차대차 - 측면직각충돌,안전운전불이행,습기,비,교차로 - 교차로안,승용,남,47세,경상,승합,남,35세,상해없음
2014081800100287,2014년 8월 18일 13시,월요일,경상남도 김해시 진영읍,경상사고,0,0,1,0,차대차 - 추돌 - 진행중,안전거리미확보,습기,비,기타 - 기타,승용,남,68세,상해없음,승용,여,30세,경상
2014081800100319,2014년 8월 18일 14시,월요일,경상남도 사천시 벌리동,경상사고,0,0,2,0,차대차 - 측면직각충돌,교차로운행방법위반,습기,비,교차로 - 교차로안,화물,남,52세,상해없음,승용,남,55세,경상
2014081800100320,2014년 8월 18일 14시,월요일,경상남도 고성군 고성읍,경상사고,0,0,3,0,차대차 - 추돌 - 주정차중,안전운전불이행,습기,비,교차로 - 교차로부근,화물,남,48세,기타불명,승용,여,25세,경상
2014081800100321,2014년 8월 18일 14시,월요일,경상남도 함안군 대산면,경상사고,0,0,2,0,차대차 - 측면직각충돌,신호위반,건조,맑음,교차로 - 교차로안,화물,남,45세,상해없음,승용,여,40세,경상
2014081800100384,2014년 8월 18일 16시,월요일,경상남도 거창군 거창읍,중상사고,0,1,0,0,차대차 - 추돌 - 진행중,교차로운행방법위반,습기,비,교차로 - 교차로안,화물,남,51세,상해없음,화물,남,70세,중상
2014081800100416,2014년 8월 18일 17시,월요일,경상남도 양산시 동면,경상사고,0,0,1,0,차대차 - 측면직각충돌,중앙선침범,습기,비,교차로 - 교차로안,승용,남,26세,상해없음,승합,여,26세,경상
2014081800100417,2014년 8월 18일 17시,월요일,경상남도 양산시 하북면,중상사고,0,1,0,1,차대차 - 측면직각충돌,교차로운행방법위반,습기,비,교차로 - 교차로안,승용,남,22세,상해없음,승합,남,54세,부상신고
2014081800100442,2014년 8월 18일 18시,월요일,경상남도 창원시 진해구 자은동,경상사고,0,0,1,0,차대차 - 측면직각충돌,안전운전불이행,습기,비,교차로 - 교차로안,원동기,남,44세,경상,승용,남,32세,상해없음
2014081800100485,2014년 8월 18일 19시,월요일,경상남도 창원시 진해구 경화동,경상사고,0,0,2,0,차대차 - 기타,중앙선침범,습기,비,단일로 - 기타,승용,남,51세,상해없음,승용,여,43세,경상
2014081800100486,2014년 8월 18일 19시,월요일,경상남도 통영시 광도면,중상사고,0,1,0,0,차대차 - 측면직각충돌,차로위반,건조,흐림,단일로 - 기타,승용,여,62세,상해없음,승합,남,27세,중상
2014081800100487,2014년 8월 18일 19시,월요일,경상남도 창원시 성산구 반림동,경상사고,0,0,1,0,차대차 - 추돌 - 주정차중,안전운전불이행,건조,맑음,교차로 - 교차로안,승용,남,55세,상해없음,승용,남,32세,경상
2014081800100525,2014년 8월 18일 20시,월요일,경상남도 남해군 서면,경상사고,0,0,1,0,차량단독 - 도로외이탈 - 추락,안전운전불이행,습기,비,교차로 - 교차로부근,화물,남,64세,경상,,,,
2014081800100526,2014년 8월 18일 20시,월요일,경상남도 창원시 마산회원구 구암동,중상사고,0,1,0,0,차대차 - 추돌 - 진행중,안전운전불이행,습기,비,단일로 - 기타,화물,남,45세,상해없음,승용,남,35세,중상
2014081800100549,2014년 8월 18일 21시,월요일,경상남도 진주시 하대동,경상사고,0,0,2,0,차대사람 - 기타,안전운전불이행,건조,맑음,단일로 - 기타,승용,남,55세,기타불명,보행자,남,39세,경상
2014081800100583,2014년 8월 18일 22시,월요일,경상남도 김해시 삼방동,경상사고,0,0,1,0,차대차 - 측면직각충돌,안전운전불이행,습기,비,단일로 - 기타,원동기,남,16세,경상,승용,여,53세,상해없음
2014081800100584,2014년 8월 18일 22시,월요일,경상남도 창원시 의창구 대산면,중상사고,0,2,0,0,차대차 - 추돌 - 주정차중,안전운전불이행,습기,비,교차로 - 교차로부근,승용,남,45세,상해없음,승용,여,24세,중상
2014081800100617,2014년 8월 18일 23시,월요일,경상남도 거제시 아주동,경상사고,0,0,1,0,차대차 - 추돌 - 주정차중,안전거리미확보,습기,비,교차로 - 교차로부근,승용,남,50세,상해없음,승용,여,49세,경상
2014081900100022,2014년 8월 19일 00시,화요일,경상남도 김해시 지내동,경상사고,0,0,1,0,차대차 - 측면직각충돌,안전운전불이행,습기,비,교차로 - 교차로안,원동기,남,17세,경상,승용,남,51세,상해없음
2014081900100038,2014년 8월 19일 01시,화요일,경상남도 창원시 마산합포구 교방동,중상사고,0,1,0,0,차대차 - 정면충돌,신호위반,습기,비,교차로 - 교차로안,승용,남,34세,상해없음,승용,남,40세,중상
2014081900100039,2014년 8월 19일 01시,화요일,경상남도 김해시 어방동,경상사고,0,0,1,0,차량단독 - 전도전복,안전운전불이행,습기,비,교차로 - 교차로부근,승용,여,22세,경상,,,,
2014081900100099,2014년 8월 19일 05시,화요일,경상남도 김해시 봉황동,경상사고,0,0,2,0,차대차 - 측면직각충돌,교차로운행방법위반,습기,비,교차로 - 교차로안,화물,남,65세,상해없음,승용,남,54세,상해없음
2014081900100100,2014년 8월 19일 05시,화요일,경상남도 창원시 마산회원구 석전동,중상사고,0,1,0,0,차대사람 - 횡단중,안전운전불이행,습기,비,교차로 - 교차로안,승용,남,55세,상해없음,보행자,남,32세,중상
2014081900100113,2014년 8월 19일 06시,화요일,경상남도 김해시 대동면,경상사고,0,0,1,0,차대차 - 기타,교차로운행방법위반,건조,흐림,교차로 - 교차로부근,승용,여,64세,상해없음,이륜,남,62세,경상
2014081900100135,2014년 8월 19일 07시,화요일,경상남도 합천군 초계면,경상사고,0,0,1,0,차대차 - 측면직각충돌,중앙선침범,습기,흐림,단일로 - 기타,승용,남,27세,상해없음,원동기,남,45세,경상
2014081900100173,2014년 8월 19일 08시,화요일,경상남도 진주시 봉곡동,경상사고,0,0,1,0,차대차 - 측면직각충돌,안전거리미확보,습기,비,교차로 - 교차로안,승용,남,47세,상해없음,승용,여,59세,경상
2014081900100174,2014년 8월 19일 08시,화요일,경상남도 진주시 금산면,중상사고,0,1,0,0,차대차 - 기타,교차로운행방법위반,습기,흐림,교차로 - 교차로안,승용,남,64세,상해없음,원동기,남,54세,중상
2014081900100205,2014년 8월 19일 09시,화요일,경상남도 거제시 장평동,중상사고,0,2,3,0,차대차 - 추돌 - 진행중,안전운전불이행,건조,맑음,단일로 - 기타,승합,남,45세,경상,승용,남,49세,경상
2014081900100237,2014년 8월 19일 10시,화요일,경상남도 함안군 법수면,중상사고,0,1,0,0,차대차 - 측면직각충돌,안전운전불이행,건조,맑음,단일로 - 기타,이륜,남,70세,상해없음,승용,여,22세,상해없음
2014081900100267,2014년 8월 19일 11시,화요일,경상남도 거제시 아양동,경상사고,0,0,2,0,차대차 - 추돌 - 진행중,안전운전불이행,건조,맑음,미분류 - 미분류,승용,남,63세,상해없음,승용,남,62세,상해없음
2014081900100268,2014년 8월 19일 11시,화요일,경상남도 김해시 진영읍,경상사고,0,0,1,0,차대차 - 기타,중앙선침범,건조,맑음,교차로 - 교차로부근,승용,여,38세,상해없음,이륜,남,34세,경상
2014081900100293,2014년 8월 19일 12시,화요일,경상남도 양산시 중부동,경상사고,0,0,1,0,차대사람 - 횡단중,신호위반,건조,맑음,단일로 - 횡단보도상,승용,여,46세,상해없음,보행자,남,63세,경상
2014081900100321,2014년 8월 19일 13시,화요일,경상남도 남해군 남해읍,사망사고,1,0,0,0,차대차 - 측면직각충돌,직진우회전진행방해,습기,비,교차로 - 교차로안,승용,남,61세,상해없음,이륜,남,61세,사망
2014081900100322,2014년 8월 19일 13시,화요일,경상남도 김해시 한림면,사망사고,1,0,0,0,차대차 - 기타,안전운전불이행,건조,흐림,단일로 - 기타,승합,남,54세,상해없음,자전거,남,76세,사망
2014081900100323,2014년 8월 19일 13시,화요일,경상남도 김해시 장유면,중상사고,0,1,0,0,차대차 - 기타,안전운전불이행,습기,흐림,교차로 - 교차로부근,승용,남,66세,상해없음,자전거,여,45세,중상
2014081900100389,2014년 8월 19일 15시,화요일,경상남도 거창군 거창읍,경상사고,0,0,1,0,차대차 - 측면직각충돌,중앙선침범,건조,맑음,단일로 - 기타,원동기,남,70세,상해없음,화물,남,69세,상해없음
2014081900100390,2014년 8월 19일 15시,화요일,경상남도 양산시 원동면,사망사고,3,0,0,0,차량단독 - 공작물충돌,중앙선침범,습기,흐림,기타 - 기타,승용,남,78세,사망,,,,
2014081900100422,2014년 8월 19일 16시,화요일,경상남도 진주시 초전동,중상사고,0,1,0,0,차대차 - 기타,안전운전불이행,건조,맑음,교차로 - 교차로안,승용,여,55세,상해없음,승용,여,61세,중상
2014081900100423,2014년 8월 19일 16시,화요일,경상남도 창원시 성산구 외동,중상사고,0,1,1,0,차대차 - 측면직각충돌,신호위반,습기,비,교차로 - 교차로안,승용,남,54세,상해없음,승용,남,57세,경상