사고번호,사고일시,요일,시군구,사고내용,사망자수,중상자수,경상자수,부상신고자수,사고유형,법규위반,노면상태,기상상태,도로형태,가해운전자 차종,가해운전자 성별,가해운전자 연령,가해운전자 상해정도,피해운전자 차종,피해운전자 성별,피해운전자 연령,피해운전자 상해정도
2014081900100504,2014년 8월 19일 18시,화요일,경상남도 양산시 물금읍,중상사고,0,1,0,0,차대차 - 측면직각충돌,기타,건조,맑음,기타 - 기타,화물,남,59세,상해없음,승용,여,62세,중상
2014081900100505,2014년 8월 19일 18시,화요일,경상남도 거제시 아양동,경상사고,0,0,1,0,차대차 - 기타,안전운전불이행,건조,맑음,교차로 - 교차로부근,승합,남,61세,기타불명,승용,남,28세,경상
2014081900100506,2014년 8월 19일 18시,화요일,경상남도 의령군 의령읍,경상사고,0,0,2,0,차대차 - 측면직각충돌,직진우회전진행방해,건조,맑음,교차로 - 교차로안,승용,남,47세,경상,승용,남,36세,경상
2014081900100507,2014년 8월 19일 18시,화요일,경상남도 창원시 의창구 사림동,경상사고,0,0,1,0,차대차 - 측면직각충돌,교차로운행방법위반,습기,흐림,교차로 - 교차로안,승용,남,45세,상해없음,이륜,남,60세,경상
2014081900100547,2014년 8월 19일 19시,화요일,경상남도 양산시 어곡동,부상신고사고,0,0,0,1,차대차 - 추돌 - 진행중,안전거리미확보,건조,맑음,교차로 - 교차로안,승용,남,58세,상해없음,승용,남,32세,상해없음
2014081900100548,2014년 8월 19일 19시,화요일,경상남도 창원시 의창구 도계동,경상사고,0,0,1,0,차대차 - 측면직각충돌,안전운전불이행,습기,비,교차로 - 교차로부근,승용,남,45세,상해없음,자전거,여,58세,경상
2014081900100549,2014년 8월 19일 19시,화요일,경상남도 김해시 진영읍,중상사고,0,1,0,0,차대사람 - 기타,안전운전불이행,건조,맑음,기타 - 기타,승용,남,35세,상해없음,보행자,남,37세,중상
2014081900100615,2014년 8월 19일 21시,화요일,경상남도 거제시 아양동,중상사고,0,1,0,0,차대차 - 기타,신호위반,습기,비,교차로 - 교차로안,승용,남,44세,상해없음,이륜,남,38세,중상
2014081900100616,2014년 8월 19일 21시,화요일,경상남도 함안군 가야읍,중상사고,0,1,0,0,차대사람 - 횡단중,안전운전불이행,건조,맑음,단일로 - 기타,승용,남,47세,상해없음,보행자,남,10세,중상
2014081900100645,2014년 8월 19일 22시,화요일,경상남도 통영시 미수동,중상사고,0,1,0,0,차대사람 - 횡단중,안전운전불이행,습기,비,단일로 - 기타,화물,남,18세,상해없음,보행자,남,32세,중상
2014081900100646,2014년 8월 19일 22시,화요일,경상남도 사천시 사천읍,중상사고,0,1,1,0,차대차 - 정면충돌,신호위반,습기,흐림,교차로 - 교차로안,화물,남,57세,중상,승용,남,56세,경상
2014081900100647,2014년 8월 19일 22시,화요일,경상남도 창원시 의창구 봉곡동,경상사고,0,0,1,0,차대차 - 기타,안전운전불이행,습기,비,단일로 - 기타,승용,남,39세,상해없음,이륜,남,19세,경상
2014081900100670,2014년 8월 19일 23시,화요일,경상남도 진주시 신안동,중상사고,0,1,0,0,차대사람 - 횡단중,안전운전불이행,습기,비,교차로 - 교차로안,승용,남,53세,상해없음,보행자,여,46세,중상
2014081900100671,2014년 8월 19일 23시,화요일,경상남도 창원시 진해구 화천동,중상사고,0,1,0,0,차대사람 - 차도통행중,안전운전불이행,결빙,맑음,단일로 - 기타,승용,여,36세,상해없음,보행자,남,42세,중상
2014081900100672,2014년 8월 19일 23시,화요일,경상남도 창원시 성산구 성주동,경상사고,0,0,3,0,차대차 - 추돌 - 주정차중,안전운전불이행,습기,비,단일로 - 기타,승용,남,26세,상해없음,승용,남,45세,경상
2014081900100673,2014년 8월 19일 23시,화요일,경상남도 창원시 의창구 팔용동,중상사고,0,1,3,0,차대차 - 기타,신호위반,습기,비,교차로 - 교차로안,승용,여,58세,상해없음,승용,남,63세,경상
2014082000100047,2014년 8월 20일 02시,수요일,경상남도 창원시 진해구 안골동,경상사고,0,0,1,0,차대차 - 측면직각충돌,신호위반,습기,비,교차로 - 교차로안,화물,남,43세,상해없음,특수,남,44세,경상
2014082000100048,2014년 8월 20일 02시,수요일,경상남도 김해시 외동,중상사고,0,1,1,0,차대차 - 기타,불법유턴,습기,비,교차로 - 교차로부근,승용,남,59세,상해없음,승용,남,43세,상해없음
2014082000100058,2014년 8월 20일 03시,수요일,경상남도 창원시 진해구 경화동,중상사고,0,1,0,0,차대차 - 추돌 - 진행중,안전운전불이행,습기,비,교차로 - 교차로부근,승용,남,31세,기타불명,원동기,여,55세,중상
2014082000100078,2014년 8월 20일 06시,수요일,경상남도 거제시 고현동,경상사고,0,0,1,0,차대차 - 기타,안전운전불이행,습기,비,교차로 - 교차로부근,이륜,남,51세,경상,승용,남,49세,상해없음
2014082000100100,2014년 8월 20일 07시,수요일,경상남도 고성군 마암면,경상사고,0,0,2,0,차대차 - 추돌 - 진행중,안전거리미확보,습기,비,단일로 - 기타,화물,남,30세,상해없음,승용,남,42세,경상
2014082000100101,2014년 8월 20일 07시,수요일,경상남도 거제시 고현동,경상사고,0,0,1,0,차대차 - 기타,안전운전불이행,습기,비,단일로 - 횡단보도상,자전거,남,55세,경상,이륜,남,35세,상해없음
2014082000100129,2014년 8월 20일 08시,수요일,경상남도 창원시 마산합포구 월영동,경상사고,0,0,1,0,차대차 - 추돌 - 진행중,안전운전불이행,습기,비,단일로 - 기타,승용,남,19세,상해없음,승용,남,46세,경상
2014082000100130,2014년 8월 20일 08시,수요일,경상남도 고성군 고성읍,경상사고,0,0,1,0,차대사람 - 횡단중,안전운전불이행,습기,비,단일로 - 기타,승용,여,45세,상해없음,보행자,여,64세,경상
2014082000100131,2014년 8월 20일 08시,수요일,경상남도 김해시 진영읍,경상사고,0,0,2,0,차대차 - 측면직각충돌,안전운전불이행,건조,맑음,교차로 - 교차로부근,승용,남,22세,상해없음,승합,남,42세,경상
2014082000100161,2014년 8월 20일 09시,수요일,경상남도 김해시 장유면,경상사고,0,0,2,0,차대차 - 측면직각충돌,신호위반,건조,맑음,교차로 - 교차로안,승용,여,32세,상해없음,승용,여,35세,경상
2014082000100192,2014년 8월 20일 10시,수요일,경상남도 진주시 내동면,중상사고,0,1,0,0,차대차 - 기타,중앙선침범,습기,비,교차로 - 교차로부근,자전거,남,28세,중상,승용,남,72세,상해없음
2014082000100193,2014년 8월 20일 10시,수요일,경상남도 사천시 향촌동,경상사고,0,0,1,0,차대차 - 측면직각충돌,교차로운행방법위반,건조,맑음,교차로 - 교차로안,화물,남,56세,상해없음,화물,남,31세,경상
2014082000100194,2014년 8월 20일 10시,수요일,경상남도 고성군 고성읍,경상사고,0,0,1,0,차대차 - 측면직각충돌,교차로운행방법위반,습기,비,교차로 - 교차로안,승용,남,32세,상해없음,승용,여,53세,경상
2014082000100213,2014년 8월 20일 11시,수요일,경상남도 양산시 동면,부상신고사고,0,0,0,1,차대차 - 추돌 - 진행중,안전거리미확보,습기,비,단일로 - 기타,화물,남,40세,상해없음,화물,남,52세,부상신고
2014082000100214,2014년 8월 20일 11시,수요일,경상남도 함안군 가야읍,경상사고,0,0,2,0,차대차 - 기타,안전운전불이행,건조,맑음,단일로 - 기타,화물,여,63세,상해없음,승용,여,34세,경상
2014082000100248,2014년 8월 20일 12시,수요일,경상남도 창원시 진해구 안골동,중상사고,0,1,1,0,차대차 - 추돌 - 주정차중,안전운전불이행,습기,비,단일로 - 기타,승용,여,57세,상해없음,승용,남,33세,경상
2014082000100249,2014년 8월 20일 12시,수요일,경상남도 통영시 미수동,경상사고,0,0,1,0,차대차 - 측면직각충돌,안전운전불이행,습기,비,단일로 - 기타,승용,여,35세,상해없음,승용,남,37세,경상
2014082000100250,2014년 8월 20일 12시,수요일,경상남도 창원시 의창구 대원동,경상사고,0,0,1,0,차대차 - 기타,안전운전불이행,건조,맑음,단일로 - 기타,승용,남,61세,상해없음,승용,남,41세,경상
2014082000100273,2014년 8월 20일 13시,수요일,경상남도 진주시 강남동,경상사고,0,0,1,0,차대사람 - 횡단중,신호위반,건조,맑음,단일로 - 횡단보도상,화물,남,29세,상해없음,보행자,여,71세,경상
2014082000100274,2014년 8월 20일 13시,수요일,경상남도 통영시 광도면,경상사고,0,0,1,0,차대차 - 측면직각충돌,교차로운행방법위반,습기,비,교차로 - 교차로안,승용,여,31세,상해없음,이륜,남,32세,경상
2014082000100275,2014년 8월 20일 13시,수요일,경상남도 김해시 구산동,중상사고,0,1,0,0,차대차 - 추돌 - 주정차중,안전거리미확보,건조,맑음,단일로 - 기타,승용,여,52세,상해없음,이륜,남,49세,중상
2014082000100276,2014년 8월 20일 13시,수요일,경상남도 양산시 남부동,중상사고,0,1,0,0,차대차 - 측면직각충돌,신호위반,습기,비,교차로 - 교차로안,승합,남,58세,상해없음,승용,여,39세,중상
2014082000100277,2014년 8월 20일 13시,수요일,경상남도 창녕군 남지읍,중상사고,0,1,0,0,차대차 - 기타,안전운전불이행,습기,비,단일로 - 기타,화물,남,38세,중상,화물,남,56세,상해없음
2014082000100304,2014년 8월 20일 14시,수요일,경상남도 창원시 진해구 석동,중상사고,0,1,1,0,차대차 - 측면직각충돌,신호위반,습기,비,교차로 - 교차로안,승합,여,43세,상해없음,승합,여,51세,중상
2014082000100305,2014년 8월 20일 14시,수요일,경상남도 양산시 평산동,중상사고,0,1,0,0,차대차 - 측면직각충돌,안전운전불이행,건조,맑음,교차로 - 교차로부근,승용,남,52세,상해없음,화물,남,46세,상해없음
2014082000100343,2014년 8월 20일 15시,수요일,경상남도 창녕군 대지면,경상사고,0,0,1,0,차대차 - 기타,신호위반,습기,비,교차로 - 교차로안,승용,남,83세,경상,건설기계,남,39세,상해없음
2014082000100344,2014년 8월 20일 15시,수요일,경상남도 남해군 이동면,중상사고,0,1,0,0,차대사람 - 기타,안전운전불이행,습기,흐림,기타 - 기타,승용,남,46세,기타불명,보행자,여,50세,중상
2014082000100424,2014년 8월 20일 18시,수요일,경상남도 창원시 마산회원구 봉암동,중상사고,0,1,0,0,차대차 - 측면직각충돌,안전운전불이행,건조,맑음,교차로 - 교차로안,승용,여,23세,상해없음,승용,남,41세,중상
2014082000100463,2014년 8월 20일 19시,수요일,경상남도 창원시 마산합포구 상남동,경상사고,0,0,1,0,차대차 - 측면직각충돌,안전운전불이행,습기,비,교차로 - 교차로부근,이륜,남,25세,경상,승용,남,48세,상해없음
2014082000100464,2014년 8월 20일 19시,수요일,경상남도 거제시 일운면,중상사고,0,1,0,0,차대사람 - 기타,안전운전불이행,습기,비,단일로 - 기타,승용,남,39세,상해없음,보행자,남,75세,중상
2014082000100515,2014년 8월 20일 20시,수요일,경상남도 통영시 무전동,중상사고,0,1,0,0,차대사람 - 횡단중,안전운전불이행,습기,비,단일로 - 기타,승용,남,44세,상해없음,보행자,여,20세,중상
2014082000100516,2014년 8월 20일 20시,수요일,경상남도 사천시 벌리동,경상사고,0,0,1,0,차량단독 - 기타,안전운전불이행,습기,비,단일로 - 횡단보도부근,승용,남,45세,상해없음,,,,
2014082000100585,2014년 8월 20일 22시,수요일,경상남도 양산시 물금읍,중상사고,0,1,0,0,차대사람 - 횡단중,보행자보호의무위반,습기,비,단일로 - 기타,승용,남,23세,상해없음,보행자,여,33세,중상
2014082000100586,2014년 8월 20일 22시,수요일,경상남도 창원시 성산구 내동,경상사고,0,0,1,0,차대차 - 추돌 - 주정차중,안전운전불이행,습기,비,교차로 - 교차로안,승용,남,50세,상해없음,승용,남,30세,경상
2014082000100587,2014년 8월 20일 22시,수요일,경상남도 창원시 마산회원구 봉암동,경상사고,0,0,1,0,차대사람 - 횡단중,보행자보호의무위반,건조,맑음,단일로 - 횡단보도상,이륜,기타불명,40세,기타불명,보행자,여,20세,경상
2014082000100626,2014년 8월 20일 23시,수요일,경상남도 김해시 삼계동,경상사고,0,0,1,0,차대차 - 추돌 - 주정차중,안전운전불이행,습기,비,단일로 - 기타,승용,남,21세,상해없음,승용,남,46세,경상
2014082000100627,2014년 8월 20일 23시,수요일,경상남도 김해시 내동,경상사고,0,0,1,0,차대차 - 측면직각충돌,신호위반,습기,비,교차로 - 교차로안,승용,남,34세,상해없음,승용,남,61세,경상
2014082000100628,2014년 8월 20일 23시,수요일,경상남도 거제시 아주동,중상사고,0,1,0,0,차대차 - 기타,중앙선침범,건조,맑음,단일로 - 기타,기타불명,기타불명,기타불명,기타불명,승용,남,35세,중상
2014082000100629,2014년 8월 20일 23시,수요일,경상남도 창원시 의창구 동정동,경상사고,0,0,1,0,차대차 - 기타,안전운전불이행,건조,맑음,교차로 - 교차로부근,승용,남,31세,상해없음,승용,여,34세,경상
2014082100100024,2014년 8월 21일 00시,목요일,경상남도 창원시 마산합포구 현동,중상사고,0,1,0,0,차대차 - 추돌 - 진행중,안전운전불이행,습기,비,교차로 - 교차로부근,승용,남,37세,중상,승용,남,54세,상해없음
2014082100100044,2014년 8월 21일 01시,목요일,경상남도 창원시 성산구 웅남동,중상사고,0,1,2,0,차대차 - 기타,안전운전불이행,습기,비,단일로 - 기타,승용,남,38세,상해없음,승용,여,52세,경상
2014082100100045,2014년 8월 21일 01시,목요일,경상남도 창원시 성산구 상남동,경상사고,0,0,1,0,차대차 - 추돌 - 주정차중,안전운전불이행,습기,비,단일로 - 기타,기타불명,기타불명,기타불명,기타불명,승용,남,31세,경상
2014082100100046,2014년 8월 21일 01시,목요일,경상남도 창원시 의창구 동정동,중상사고,0,1,0,0,차대차 - 기타,신호위반,건조,맑음,교차로 - 교차로부근,승용,남,18세,상해없음,승용,남,53세,중상
2014082100100068,2014년 8월 21일 02시,목요일,경상남도 양산시 덕계동,중상사고,0,1,0,0,차대사람 - 횡단중,보행자보호의무위반,습기,비,교차로 - 교차로안,승용,여,52세,상해없음,보행자,여,49세,중상
2014082100100095,2014년 8월 21일 04시,목요일,경상남도 양산시 상북면,중상사고,0,1,0,0,차대차 - 측면직각충돌,신호위반,습기,비,교차로 - 교차로안,화물,남,34세,상해없음,승용,여,22세,중상
2014082100100096,2014년 8월 21일 04시,목요일,경상남도 창원시 마산회원구 내서읍,중상사고,0,1,6,0,차대차 - 추돌 - 진행중,안전운전불이행,습기,비,교차로 - 교차로부근,승용,남,29세,상해없음,승용,남,62세,경상
2014082100100177,2014년 8월 21일 08시,목요일,경상남도 통영시 정량동,경상사고,0,0,1,0,차대사람 - 횡단중,신호위반,건조,흐림,교차로 - 교차로안,승용,남,50세,상해없음,보행자,여,80세,경상
2014082100100178,2014년 8월 21일 08시,목요일,경상남도 창원시 마산회원구 봉암동,경상사고,0,0,3,0,차대차 - 기타,안전운전불이행,습기,비,단일로 - 기타,승용,남,55세,상해없음,승용,남,45세,경상
2014082100100207,2014년 8월 21일 09시,목요일,경상남도 진주시 수곡면,사망사고,1,0,0,0,차대차 - 추돌 - 진행중,안전운전불이행,건조,흐림,단일로 - 기타,화물,남,57세,상해없음,이륜,남,83세,사망
2014082100100208,2014년 8월 21일 09시,목요일,경상남도 남해군 창선면,경상사고,0,0,1,0,차대차 - 기타,안전운전불이행,건조,맑음,기타 - 기타,화물,남,59세,상해없음,승합,여,53세,경상
2014082100100231,2014년 8월 21일 10시,목요일,경상남도 밀양시 상남면,부상신고사고,0,0,0,1,차대차 - 측면직각충돌,교차로운행방법위반,건조,흐림,교차로 - 교차로안,승용,남,62세,상해없음,화물,남,48세,부상신고
2014082100100243,2014년 8월 21일 11시,목요일,경상남도 김해시 장유면,중상사고,0,1,0,0,차대사람 - 횡단중,안전운전불이행,건조,맑음,단일로 - 기타,화물,남,50세,상해없음,보행자,남,51세,중상
2014082100100291,2014년 8월 21일 12시,목요일,경상남도 김해시 어방동,중상사고,0,1,2,0,차대차 - 측면직각충돌,직진우회전진행방해,건조,맑음,교차로 - 교차로안,승용,여,50세,상해없음,승용,여,41세,중상
2014082100100292,2014년 8월 21일 12시,목요일,경상남도 남해군 삼동면,경상사고,0,0,1,0,차량단독 - 전도전복,안전운전불이행,건조,맑음,기타 - 기타,화물,남,47세,경상,,,,
2014082100100293,2014년 8월 21일 12시,목요일,경상남도 창원시 의창구 소답동,중상사고,0,1,0,0,차대차 - 측면직각충돌,신호위반,건조,맑음,교차로 - 교차로안,원동기,남,63세,중상,승용,남,48세,상해없음
2014082100100325,2014년 8월 21일 13시,목요일,경상남도 김해시 안동,경상사고,0,0,1,1,차대차 - 정면충돌,안전운전불이행,건조,맑음,교차로 - 교차로안,승용,여,47세,상해없음,승용,남,63세,상해없음
2014082100100326,2014년 8월 21일 13시,목요일,경상남도 김해시 어방동,중상사고,0,1,0,0,차대사람 - 차도통행중,안전운전불이행,건조,맑음,단일로 - 기타,승용,여,58세,상해없음,보행자,여,51세,중상
2014082100100327,2014년 8월 21일 13시,목요일,경상남도 양산시 소주동,경상사고,0,0,1,0,차대사람 - 횡단중,안전운전불이행,건조,맑음,교차로 - 교차로안,승용,남,41세,상해없음,보행자,남,36세,경상
2014082100100357,2014년 8월 21일 14시,목요일,경상남도 김해시 대동면,중상사고,0,1,2,0,차대차 - 측면직각충돌,직진우회전진행방해,건조,맑음,교차로 - 교차로안,이륜,여,59세,경상,화물,남,50세,경상
2014082100100384,2014년 8월 21일 15시,목요일,경상남도 통영시 봉평동,경상사고,0,0,1,0,차대차 - 추돌 - 주정차중,안전운전불이행,건조,맑음,단일로 - 기타,승용,여,33세,상해없음,화물,남,49세,경상
2014082100100450,2014년 8월 21일 17시,목요일,경상남도 거제시 하청면,중상사고,0,1,1,0,차대차 - 기타,안전운전불이행,건조,맑음,교차로 - 교차로안,승용,여,48세,경상,승용,남,62세,중상
2014082100100451,2014년 8월 21일 17시,목요일,경상남도 함안군 칠원면,경상사고,0,0,1,0,차대차 - 측면직각충돌,중앙선침범,건조,맑음,교차로 - 교차로안,승용,여,42세,상해없음,승용,남,66세,경상
2014082100100492,2014년 8월 21일 18시,목요일,경상남도 창원시 마산합포구 신포동1가,부상신고사고,0,0,0,1,차대차 - 추돌 - 진행중,안전운전불이행,건조,맑음,단일로 - 기타,원동기,남,18세,부상신고,승용,남,54세,상해없음
2014082100100493,2014년 8월 21일 18시,목요일,경상남도 통영시 미수동,경상사고,0,0,1,0,차대차 - 측면직각충돌,안전운전불이행,건조,맑음,교차로 - 교차로안,승용,남,48세,상해없음,승용,여,41세,경상
2014082100100494,2014년 8월 21일 18시,목요일,경상남도 창원시 마산회원구 양덕동,중상사고,0,1,0,0,차대차 - 기타,안전운전불이행,건조,맑음,단일로 - 기타,승용,남,35세,상해없음,원동기,여,53세,중상
2014082100100527,2014년 8월 21일 19시,목요일,경상남도 밀양시 가곡동,중상사고,0,1,0,0,차대차 - 정면충돌,중앙선침범,건조,맑음,단일로 - 기타,승용,여,53세,상해없음,승용,남,63세,상해없음
2014082100100528,2014년 8월 21일 19시,목요일,경상남도 하동군 횡천면,중상사고,0,1,1,0,차대차 - 추돌 - 진행중,안전운전불이행,건조,맑음,단일로 - 기타,승용,남,34세,상해없음,농기계,남,18세,경상
2014082100100572,2014년 8월 21일 20시,목요일,경상남도 거제시 옥포동,경상사고,0,0,4,0,차대차 - 기타,중앙선침범,건조,맑음,교차로 - 교차로부근,승용,남,51세,상해없음,승합,남,43세,경상
2014082100100604,2014년 8월 21일 21시,목요일,경상남도 창원시 마산합포구 서성동,경상사고,0,0,5,0,차대차 - 추돌 - 주정차중,안전운전불이행,건조,흐림,단일로 - 기타,승용,남,57세,상해없음,승용,남,46세,경상
2014082100100605,2014년 8월 21일 21시,목요일,경상남도 진주시 상대동,중상사고,0,1,0,0,차대차 - 추돌 - 주정차중,안전운전불이행,건조,맑음,단일로 - 기타,승용,남,47세,상해없음,승용,남,34세,중상
2014082100100606,2014년 8월 21일 21시,목요일,경상남도 창원시 진해구 경화동,경상사고,0,0,1,0,차대차 - 측면직각충돌,중앙선침범,건조,맑음,단일로 - 기타,승용,남,37세,상해없음,자전거,남,36세,경상
2014082100100607,2014년 8월 21일 21시,목요일,경상남도 김해시 생림면,중상사고,0,1,0,1,차대차 - 측면직각충돌,중앙선침범,건조,맑음,단일로 - 기타,화물,남,57세,상해없음,승합,남,68세,중상
2014082100100608,2014년 8월 21일 21시,목요일,경상남도 고성군 회화면,중상사고,0,1,0,0,차대사람 - 차도통행중,안전운전불이행,건조,맑음,단일로 - 기타,기타불명,기타불명,기타불명,기타불명,보행자,남,58세,중상
2014082100100635,2014년 8월 21일 22시,목요일,경상남도 사천시 사천읍,경상사고,0,0,2,0,차대차 - 측면직각충돌,안전운전불이행,건조,맑음,교차로 - 교차로안,화물,남,55세,상해없음,승용,남,40세,경상
2014082100100656,2014년 8월 21일 23시,목요일,경상남도 창원시 진해구 석동,경상사고,0,0,4,0,차대차 - 추돌 - 주정차중,안전운전불이행,건조,맑음,교차로 - 교차로부근,승용,남,30세,상해없음,승용,남,48세,경상
2014082100100657,2014년 8월 21일 23시,목요일,경상남도 양산시 물금읍,중상사고,0,1,2,0,차대차 - 기타,신호위반,건조,맑음,교차로 - 교차로안,승용,남,46세,상해없음,승용,남,65세,경상
2014082100100658,2014년 8월 21일 23시,목요일,경상남도 창원시 의창구 서상동,경상사고,0,0,1,0,차대사람 - 횡단중,안전운전불이행,건조,맑음,단일로 - 기타,승용,남,42세,상해없음,보행자,남,65세,경상
2014082200100073,2014년 8월 22일 04시,금요일,경상남도 진주시 하대동,중상사고,0,2,0,0,차대사람 - 횡단중,보행자보호의무위반,습기,안개,단일로 - 횡단보도상,승용,남,55세,상해없음,보행자,여,74세,중상
2014082200100074,2014년 8월 22일 04시,금요일,경상남도 창원시 진해구 두동,중상사고,0,1,0,0,차대차 - 측면직각충돌,안전운전불이행,건조,맑음,단일로 - 기타,이륜,남,15세,상해없음,건설기계,남,35세,상해없음
2014082200100098,2014년 8월 22일 06시,금요일,경상남도 사천시 서동,경상사고,0,0,1,0,차대사람 - 길가장자리구역통행중,안전운전불이행,건조,맑음,단일로 - 기타,화물,남,44세,상해없음,보행자,여,54세,경상
2014082200100099,2014년 8월 22일 06시,금요일,경상남도 거창군 거창읍,부상신고사고,0,0,0,1,차대차 - 측면직각충돌,교차로운행방법위반,건조,맑음,교차로 - 교차로안,이륜,남,78세,부상신고,승용,남,55세,상해없음
2014082200100151,2014년 8월 22일 08시,금요일,경상남도 밀양시 내이동,중상사고,0,1,0,0,차대차 - 측면직각충돌,교차로운행방법위반,건조,맑음,교차로 - 교차로부근,승용,남,71세,상해없음,승용,남,56세,상해없음
2014082200100152,2014년 8월 22일 08시,금요일,경상남도 김해시 내동,경상사고,0,0,2,0,차대차 - 추돌 - 주정차중,안전운전불이행,건조,맑음,단일로 - 기타,승용,남,60세,경상,화물,남,50세,상해없음
2014082200100153,2014년 8월 22일 08시,금요일,경상남도 김해시 장유면,중상사고,0,2,0,0,차대차 - 기타,안전운전불이행,건조,맑음,단일로 - 기타,승합,남,51세,상해없음,화물,남,56세,중상
2014082200100188,2014년 8월 22일 09시,금요일,경상남도 창녕군 계성면,부상신고사고,0,0,0,1,차대차 - 추돌 - 진행중,안전거리미확보,건조,맑음,단일로 - 기타,원동기,남,72세,부상신고,승용,여,49세,상해없음
2014082200100208,2014년 8월 22일 10시,금요일,경상남도 통영시 무전동,중상사고,0,1,0,0,차대차 - 측면직각충돌,신호위반,건조,맑음,교차로 - 교차로안,승용,남,63세,상해없음,승용,남,41세,중상
2014082200100209,2014년 8월 22일 10시,금요일,경상남도 사천시 사천읍,경상사고,0,0,1,0,차대차 - 기타,안전거리미확보,건조,맑음,단일로 - 기타,승용,남,67세,상해없음,화물,남,67세,경상
2014082200100210,2014년 8월 22일 10시,금요일,경상남도 창녕군 창녕읍,중상사고,0,1,0,0,차대차 - 측면직각충돌,안전운전불이행,건조,맑음,단일로 - 기타,화물,남,54세,상해없음,승용,여,67세,중상
2014082200100276,2014년 8월 22일 12시,금요일,경상남도 창원시 진해구 장천동,중상사고,0,1,2,0,차대차 - 추돌 - 주정차중,안전운전불이행,건조,맑음,단일로 - 기타,특수,남,55세,상해없음,승용,여,41세,중상
2014082200100277,2014년 8월 22일 12시,금요일,경상남도 창원시 성산구 상남동,경상사고,0,0,1,0,차대차 - 기타,신호위반,건조,맑음,단일로 - 기타,승용,여,48세,상해없음,승용,남,29세,경상
2014082200100305,2014년 8월 22일 13시,금요일,경상남도 진주시 정촌면,경상사고,0,0,1,0,차대차 - 기타,중앙선침범,건조,맑음,단일로 - 기타,화물,남,50세,상해없음,승합,남,37세,경상
2014082200100306,2014년 8월 22일 13시,금요일,경상남도 통영시 광도면,중상사고,0,1,0,0,차대사람 - 횡단중,보행자보호의무위반,건조,맑음,교차로 - 교차로부근,화물,남,44세,상해없음,보행자,여,31세,중상
2014082200100307,2014년 8월 22일 13시,금요일,경상남도 김해시 상동면,중상사고,0,1,1,0,차대차 - 정면충돌,중앙선침범,건조,맑음,단일로 - 기타,승용,여,54세,중상,건설기계,남,42세,경상
2014082200100308,2014년 8월 22일 13시,금요일,경상남도 남해군 설천면,사망사고,1,0,0,0,차대차 - 추돌 - 진행중,안전운전불이행,건조,맑음,단일로 - 기타,화물,남,51세,상해없음,이륜,여,77세,사망
2014082200100339,2014년 8월 22일 14시,금요일,경상남도 사천시 용현면,중상사고,0,1,0,0,차대차 - 기타,교차로운행방법위반,건조,맑음,교차로 - 교차로안,화물,남,28세,상해없음,자전거,남,32세,중상
2014082200100340,2014년 8월 22일 14시,금요일,경상남도 사천시 사남면,경상사고,0,0,1,0,차량단독 - 공작물충돌,안전운전불이행,건조,맑음,단일로 - 기타,승용,남,33세,경상,,,,
2014082200100341,2014년 8월 22일 14시,금요일,경상남도 창원시 의창구 두대동,부상신고사고,0,0,0,1,차대사람 - 기타,안전운전불이행,건조,맑음,기타 - 기타,승용,기타불명,기타불명,기타불명,보행자,남,90세 이상,부상신고
2014082200100342,2014년 8월 22일 14시,금요일,경상남도 김해시 장유면,중상사고,0,1,0,0,차대차 - 측면직각충돌,안전운전불이행,건조,맑음,교차로 - 교차로부근,기타불명,기타불명,기타불명,기타불명,자전거,남,13세,중상
2014082200100416,2014년 8월 22일 16시,금요일,경상남도 사천시 사남면,경상사고,0,0,1,4,차대차 - 추돌 - 주정차중,안전운전불이행,건조,맑음,단일로 - 기타,승합,여,56세,상해없음,승용,남,44세,경상
2014082200100417,2014년 8월 22일 16시,금요일,경상남도 남해군 이동면,경상사고,0,0,1,0,차대차 - 추돌 - 주정차중,안전운전불이행,건조,맑음,단일로 - 기타,화물,남,42세,상해없음,승용,남,71세,경상
2014082200100418,2014년 8월 22일 16시,금요일,경상남도 사천시 곤양면,사망사고,1,2,0,0,차대차 - 추돌 - 주정차중,안전운전불이행,건조,맑음,단일로 - 기타,화물,남,65세,사망,화물,남,47세,중상
2014082200100439,2014년 8월 22일 17시,금요일,경상남도 김해시 상동면,경상사고,0,0,3,0,차대차 - 추돌 - 진행중,안전운전불이행,건조,맑음,단일로 - 기타,화물,남,68세,상해없음,승용,여,41세,경상
2014082200100461,2014년 8월 22일 17시,금요일,경상남도 밀양시 삼문동,경상사고,0,0,1,0,차대사람 - 횡단중,안전운전불이행,건조,맑음,단일로 - 기타,이륜,남,51세,상해없음,보행자,여,23세,경상
2014082200100502,2014년 8월 22일 18시,금요일,경상남도 사천시 사남면,중상사고,0,1,2,0,차대차 - 측면직각충돌,신호위반,건조,맑음,교차로 - 교차로안,승용,남,23세,상해없음,승용,남,52세,중상
2014082200100503,2014년 8월 22일 18시,금요일,경상남도 김해시 삼계동,중상사고,0,1,0,0,차대사람 - 기타,안전운전불이행,건조,흐림,교차로 - 교차로안,승용,여,47세,상해없음,보행자,남,10세,중상