사고번호,사고일시,요일,시군구,사고내용,사망자수,중상자수,경상자수,부상신고자수,사고유형,법규위반,노면상태,기상상태,도로형태,가해운전자 차종,가해운전자 성별,가해운전자 연령,가해운전자 상해정도,피해운전자 차종,피해운전자 성별,피해운전자 연령,피해운전자 상해정도
2014082200100504,2014년 8월 22일 18시,금요일,경상남도 양산시 명동,중상사고,0,1,0,0,차대차 - 측면직각충돌,교차로운행방법위반,건조,맑음,교차로 - 교차로안,승용,남,34세,상해없음,승용,여,65세,중상
2014082200100545,2014년 8월 22일 19시,금요일,경상남도 창원시 진해구 여좌동,경상사고,0,0,1,0,차대차 - 측면직각충돌,안전운전불이행,건조,맑음,단일로 - 기타,승용,남,40세,상해없음,승용,여,58세,경상
2014082200100546,2014년 8월 22일 19시,금요일,경상남도 김해시 장유면,중상사고,0,1,0,0,차대차 - 기타,안전운전불이행,건조,맑음,교차로 - 교차로안,승용,남,29세,중상,자전거,남,15세,상해없음
2014082200100582,2014년 8월 22일 20시,금요일,경상남도 양산시 명동,경상사고,0,0,1,0,차대사람 - 기타,안전운전불이행,건조,맑음,교차로 - 교차로부근,원동기,남,16세,상해없음,보행자,남,18세,경상
2014082200100622,2014년 8월 22일 21시,금요일,경상남도 양산시 물금읍,중상사고,0,1,0,0,차대차 - 기타,중앙선침범,건조,맑음,단일로 - 기타,화물,남,53세,상해없음,원동기,남,18세,중상
2014082200100623,2014년 8월 22일 21시,금요일,경상남도 창원시 의창구 동읍,경상사고,0,0,1,0,차대차 - 측면직각충돌,신호위반,건조,맑음,교차로 - 교차로부근,승용,여,49세,상해없음,승용,여,27세,경상
2014082200100624,2014년 8월 22일 21시,금요일,경상남도 창원시 의창구 북면,경상사고,0,0,1,0,차대차 - 정면충돌,안전운전불이행,건조,맑음,교차로 - 교차로안,승용,여,27세,상해없음,승용,여,46세,경상
2014082200100663,2014년 8월 22일 22시,금요일,경상남도 창원시 의창구 북면,경상사고,0,0,1,0,차대차 - 기타,안전운전불이행,건조,맑음,단일로 - 기타,승합,남,60세,상해없음,이륜,남,29세,경상
2014082200100698,2014년 8월 22일 23시,금요일,경상남도 창원시 진해구 이동,경상사고,0,0,1,0,차대차 - 기타,안전운전불이행,건조,맑음,교차로 - 교차로부근,승용,남,39세,상해없음,승용,남,55세,경상
2014082200100699,2014년 8월 22일 23시,금요일,경상남도 통영시 광도면,중상사고,0,1,0,0,차대사람 - 기타,안전운전불이행,습기,비,교차로 - 교차로부근,승용,남,54세,상해없음,보행자,남,31세,중상
2014082300100011,2014년 8월 23일 00시,토요일,경상남도 김해시 불암동,경상사고,0,0,2,0,차대차 - 기타,안전운전불이행,건조,맑음,단일로 - 기타,승용,남,46세,상해없음,승용,남,45세,경상
2014082300100019,2014년 8월 23일 00시,토요일,경상남도 거제시 고현동,경상사고,0,0,1,0,차대차 - 추돌 - 진행중,신호위반,건조,맑음,교차로 - 교차로부근,원동기,남,42세,상해없음,승용,남,61세,경상
2014082300100041,2014년 8월 23일 01시,토요일,경상남도 거제시 장평동,경상사고,0,0,1,0,차대차 - 기타,안전운전불이행,건조,맑음,단일로 - 횡단보도부근,승용,남,25세,상해없음,승용,남,31세,경상
2014082300100055,2014년 8월 23일 02시,토요일,경상남도 거제시 고현동,부상신고사고,0,0,0,1,차량단독 - 공작물충돌,안전운전불이행,건조,맑음,기타 - 기타,승용,남,32세,상해없음,,,,
2014082300100056,2014년 8월 23일 02시,토요일,경상남도 의령군 용덕면,경상사고,0,0,1,0,차량단독 - 도로외이탈 - 추락,안전운전불이행,건조,흐림,기타 - 기타,승용,여,54세,경상,,,,
2014082300100083,2014년 8월 23일 04시,토요일,경상남도 양산시 상북면,경상사고,0,0,1,0,차대차 - 기타,안전운전불이행,건조,맑음,기타 - 기타,승용,남,36세,기타불명,승용,남,54세,경상
2014082300100136,2014년 8월 23일 07시,토요일,경상남도 창녕군 도천면,경상사고,0,0,1,0,차대차 - 측면직각충돌,교차로운행방법위반,건조,맑음,교차로 - 교차로안,승용,남,24세,상해없음,이륜,남,77세,경상
2014082300100137,2014년 8월 23일 07시,토요일,경상남도 함양군 함양읍,경상사고,0,0,2,0,차대차 - 측면직각충돌,신호위반,건조,맑음,교차로 - 교차로안,승용,남,44세,상해없음,승용,남,39세,경상
2014082300100138,2014년 8월 23일 07시,토요일,경상남도 거제시 고현동,중상사고,0,1,0,0,차대차 - 기타,안전운전불이행,건조,맑음,기타 - 기타,승용,남,41세,상해없음,승용,남,38세,중상
2014082300100139,2014년 8월 23일 07시,토요일,경상남도 창원시 마산합포구 산호동,중상사고,0,1,0,0,차량단독 - 공작물충돌,안전운전불이행,건조,맑음,교차로 - 교차로부근,승용,남,52세,중상,,,,
2014082300100161,2014년 8월 23일 08시,토요일,경상남도 김해시 대동면,경상사고,0,0,2,0,차대차 - 추돌 - 진행중,기타,건조,맑음,교차로 - 교차로안,승용,남,36세,경상,승용,남,43세,경상
2014082300100190,2014년 8월 23일 09시,토요일,경상남도 창원시 진해구 안골동,중상사고,0,1,0,0,차대차 - 기타,안전운전불이행,건조,맑음,단일로 - 기타,승용,여,58세,상해없음,이륜,남,34세,중상
2014082300100191,2014년 8월 23일 09시,토요일,경상남도 고성군 하일면,경상사고,0,0,2,0,차대차 - 정면충돌,안전운전불이행,건조,맑음,단일로 - 기타,화물,남,52세,상해없음,승용,남,48세,경상
2014082300100214,2014년 8월 23일 10시,토요일,경상남도 창원시 진해구 도천동,경상사고,0,0,2,0,차대차 - 기타,안전거리미확보,건조,맑음,교차로 - 교차로안,자전거,남,48세,경상,원동기,남,29세,경상
2014082300100215,2014년 8월 23일 10시,토요일,경상남도 창원시 진해구 경화동,경상사고,0,0,2,0,차대차 - 측면직각충돌,신호위반,건조,맑음,교차로 - 교차로안,승용,남,70세,상해없음,승용,여,50세,경상
2014082300100216,2014년 8월 23일 10시,토요일,경상남도 통영시 북신동,중상사고,0,1,0,0,차대사람 - 차도통행중,안전운전불이행,습기,맑음,단일로 - 기타,승용,남,53세,상해없음,보행자,남,15세,중상
2014082300100217,2014년 8월 23일 10시,토요일,경상남도 밀양시 하남읍,경상사고,0,0,1,0,차대차 - 측면직각충돌,교차로운행방법위반,건조,맑음,교차로 - 교차로안,이륜,남,75세,상해없음,원동기,여,53세,경상
2014082300100218,2014년 8월 23일 10시,토요일,경상남도 김해시 삼정동,중상사고,0,2,0,1,차대차 - 측면직각충돌,안전운전불이행,건조,맑음,교차로 - 교차로안,화물,남,34세,상해없음,원동기,남,56세,중상
2014082300100219,2014년 8월 23일 10시,토요일,경상남도 거창군 거창읍,중상사고,0,1,0,0,차대차 - 측면직각충돌,교차로운행방법위반,건조,맑음,교차로 - 교차로안,원동기,남,78세,중상,승용,여,34세,상해없음
2014082300100244,2014년 8월 23일 11시,토요일,경상남도 창원시 의창구 동읍,경상사고,0,0,5,0,차대차 - 추돌 - 주정차중,안전운전불이행,건조,맑음,단일로 - 터널,승합,남,45세,상해없음,승용,남,44세,경상
2014082300100276,2014년 8월 23일 12시,토요일,경상남도 양산시 명동,중상사고,0,1,1,0,차대차 - 기타,중앙선침범,건조,맑음,기타 - 기타,승용,남,45세,상해없음,원동기,남,45세,경상
2014082300100277,2014년 8월 23일 12시,토요일,경상남도 양산시 평산동,경상사고,0,0,1,0,차대차 - 추돌 - 진행중,안전거리미확보,건조,맑음,기타 - 기타,승용,남,45세,기타불명,승용,남,53세,경상
2014082300100337,2014년 8월 23일 14시,토요일,경상남도 통영시 정량동,경상사고,0,0,1,0,차대사람 - 길가장자리구역통행중,안전운전불이행,건조,맑음,단일로 - 기타,승용,여,26세,상해없음,보행자,남,29세,경상
2014082300100338,2014년 8월 23일 14시,토요일,경상남도 사천시 송포동,경상사고,0,0,2,0,차대차 - 추돌 - 주정차중,안전운전불이행,건조,맑음,단일로 - 기타,승용,남,52세,상해없음,승용,남,34세,경상
2014082300100339,2014년 8월 23일 14시,토요일,경상남도 김해시 지내동,경상사고,0,0,2,0,차대차 - 측면직각충돌,안전거리미확보,건조,맑음,단일로 - 기타,승용,남,78세,경상,승용,남,55세,경상
2014082300100340,2014년 8월 23일 14시,토요일,경상남도 함양군 함양읍,중상사고,0,1,0,0,차대차 - 정면충돌,중앙선침범,건조,맑음,단일로 - 기타,화물,남,60세,중상,승합,남,61세,상해없음
2014082300100341,2014년 8월 23일 14시,토요일,경상남도 창녕군 대합면,중상사고,0,1,1,0,차대차 - 기타,안전운전불이행,건조,맑음,단일로 - 기타,승용,남,27세,상해없음,승용,남,51세,경상
2014082300100374,2014년 8월 23일 15시,토요일,경상남도 진주시 신안동,중상사고,0,1,0,0,차대사람 - 횡단중,안전운전불이행,건조,맑음,교차로 - 교차로안,승용,남,22세,상해없음,보행자,남,11세,중상
2014082300100375,2014년 8월 23일 15시,토요일,경상남도 창녕군 남지읍,중상사고,0,1,0,0,차대차 - 추돌 - 주정차중,안전운전불이행,건조,맑음,교차로 - 교차로부근,화물,남,64세,상해없음,원동기,남,37세,상해없음
2014082300100376,2014년 8월 23일 15시,토요일,경상남도 김해시 한림면,경상사고,0,0,1,0,차대차 - 추돌 - 주정차중,안전운전불이행,건조,맑음,단일로 - 기타,화물,남,60세,상해없음,화물,남,72세,상해없음
2014082300100393,2014년 8월 23일 16시,토요일,경상남도 양산시 남부동,중상사고,0,2,0,0,차대차 - 추돌 - 진행중,안전운전불이행,건조,맑음,단일로 - 기타,화물,남,53세,상해없음,승용,여,30세,중상
2014082300100413,2014년 8월 23일 16시,토요일,경상남도 밀양시 부북면,중상사고,0,1,0,0,차대차 - 정면충돌,중앙선침범,건조,맑음,교차로 - 교차로부근,화물,남,61세,상해없음,이륜,남,59세,중상
2014082300100414,2014년 8월 23일 16시,토요일,경상남도 고성군 고성읍,중상사고,0,1,3,0,차대차 - 측면직각충돌,직진우회전진행방해,건조,맑음,교차로 - 교차로안,승용,남,44세,상해없음,승용,남,33세,경상
2014082300100415,2014년 8월 23일 16시,토요일,경상남도 하동군 고전면,경상사고,0,0,1,0,차대차 - 측면직각충돌,교차로운행방법위반,건조,맑음,교차로 - 교차로안,승용,여,50세,상해없음,화물,남,50세,경상
2014082300100448,2014년 8월 23일 17시,토요일,경상남도 김해시 생림면,중상사고,0,1,0,0,차대차 - 측면직각충돌,안전운전불이행,건조,맑음,교차로 - 교차로안,승합,남,55세,상해없음,자전거,여,58세,중상
2014082300100449,2014년 8월 23일 17시,토요일,경상남도 양산시 산막동,경상사고,0,0,2,0,차대차 - 추돌 - 주정차중,안전거리미확보,건조,맑음,교차로 - 교차로부근,승용,남,57세,상해없음,승용,여,49세,경상
2014082300100450,2014년 8월 23일 17시,토요일,경상남도 창원시 성산구 성주동,경상사고,0,0,1,0,차대차 - 추돌 - 주정차중,안전운전불이행,기타,맑음,단일로 - 기타,승용,남,39세,상해없음,승용,남,39세,경상
2014082300100478,2014년 8월 23일 18시,토요일,경상남도 진주시 상봉동,중상사고,0,2,0,0,차대차 - 기타,안전운전불이행,건조,맑음,교차로 - 교차로안,승용,남,57세,상해없음,이륜,남,64세,중상
2014082300100479,2014년 8월 23일 18시,토요일,경상남도 김해시 대성동,경상사고,0,0,1,0,차대차 - 추돌 - 주정차중,안전거리미확보,건조,맑음,단일로 - 기타,승용,남,70세,상해없음,승용,남,24세,경상
2014082300100480,2014년 8월 23일 18시,토요일,경상남도 거제시 사등면,경상사고,0,0,1,0,차대차 - 기타,안전운전불이행,건조,맑음,단일로 - 기타,화물,남,51세,상해없음,승합,남,64세,상해없음
2014082300100527,2014년 8월 23일 19시,토요일,경상남도 거창군 거창읍,경상사고,0,0,1,0,차대차 - 추돌 - 진행중,안전운전불이행,건조,맑음,단일로 - 기타,화물,남,48세,상해없음,승합,여,28세,상해없음
2014082300100528,2014년 8월 23일 19시,토요일,경상남도 창원시 마산회원구 봉암동,경상사고,0,0,1,0,차대차 - 추돌 - 주정차중,안전운전불이행,건조,맑음,교차로 - 교차로부근,승용,남,57세,상해없음,화물,남,49세,경상
2014082300100554,2014년 8월 23일 20시,토요일,경상남도 고성군 회화면,사망사고,1,0,0,0,차대사람 - 횡단중,안전운전불이행,건조,맑음,교차로 - 교차로안,승용,남,32세,상해없음,보행자,여,5세,사망
2014082300100555,2014년 8월 23일 20시,토요일,경상남도 산청군 시천면,경상사고,0,0,1,0,차량단독 - 공작물충돌,안전운전불이행,건조,맑음,교차로 - 교차로안,승용,남,39세,경상,,,,
2014082300100556,2014년 8월 23일 20시,토요일,경상남도 산청군 생초면,경상사고,0,0,1,0,차대차 - 기타,기타,건조,맑음,단일로 - 기타,화물,남,40세,상해없음,승용,남,58세,경상
2014082300100615,2014년 8월 23일 22시,토요일,경상남도 김해시 삼정동,경상사고,0,0,1,0,차대사람 - 횡단중,안전운전불이행,건조,맑음,단일로 - 기타,승합,남,54세,상해없음,보행자,남,36세,경상
2014082300100616,2014년 8월 23일 22시,토요일,경상남도 창원시 의창구 사림동,중상사고,0,1,1,0,차대차 - 추돌 - 주정차중,안전운전불이행,기타,맑음,교차로 - 교차로안,승용,남,33세,상해없음,승용,남,48세,경상
2014082400100015,2014년 8월 24일 00시,일요일,경상남도 창원시 의창구 소계동,중상사고,0,1,0,0,차대차 - 정면충돌,중앙선침범,건조,맑음,교차로 - 교차로부근,승용,남,54세,상해없음,승용,남,39세,중상
2014082400100030,2014년 8월 24일 01시,일요일,경상남도 사천시 정동면,경상사고,0,0,1,0,차대차 - 기타,안전운전불이행,건조,맑음,교차로 - 교차로부근,기타불명,기타불명,기타불명,기타불명,자전거,남,22세,경상
2014082400100053,2014년 8월 24일 03시,일요일,경상남도 창원시 마산합포구 월남동4가,경상사고,0,0,2,0,차대차 - 측면직각충돌,신호위반,건조,맑음,교차로 - 교차로안,승용,남,58세,상해없음,승용,남,31세,경상
2014082400100092,2014년 8월 24일 06시,일요일,경상남도 창원시 성산구 대방동,경상사고,0,0,1,0,차대차 - 기타,안전운전불이행,기타,맑음,교차로 - 교차로안,승용,남,48세,상해없음,승용,남,45세,경상
2014082400100102,2014년 8월 24일 07시,일요일,경상남도 김해시 화목동,중상사고,0,2,0,0,차대차 - 측면직각충돌,신호위반,습기,비,교차로 - 교차로안,승합,남,56세,중상,승용,남,30세,중상
2014082400100129,2014년 8월 24일 09시,일요일,경상남도 창원시 진해구 여좌동,경상사고,0,0,1,0,차대차 - 추돌 - 주정차중,안전운전불이행,건조,맑음,단일로 - 기타,승용,남,67세,상해없음,승용,남,57세,상해없음
2014082400100130,2014년 8월 24일 09시,일요일,경상남도 통영시 서호동,중상사고,0,1,2,0,차대차 - 측면직각충돌,직진우회전진행방해,건조,맑음,교차로 - 교차로안,승용,남,43세,상해없음,승용,남,40세,중상
2014082400100152,2014년 8월 24일 10시,일요일,경상남도 창녕군 성산면,경상사고,0,0,1,0,차대차 - 기타,안전운전불이행,건조,맑음,단일로 - 기타,자전거,남,72세,경상,승용,남,34세,상해없음
2014082400100200,2014년 8월 24일 12시,일요일,경상남도 창원시 마산합포구 예곡동,경상사고,0,0,1,0,차대차 - 추돌 - 진행중,안전운전불이행,건조,흐림,단일로 - 기타,승용,남,76세,상해없음,화물,남,42세,경상
2014082400100201,2014년 8월 24일 12시,일요일,경상남도 함양군 마천면,경상사고,0,0,1,0,차대차 - 정면충돌,중앙선침범,건조,맑음,단일로 - 기타,화물,남,53세,상해없음,승합,남,54세,상해없음
2014082400100232,2014년 8월 24일 13시,일요일,경상남도 창원시 마산합포구 남성동,중상사고,0,1,2,0,차대차 - 측면직각충돌,신호위반,건조,흐림,교차로 - 교차로안,승용,여,27세,경상,승용,남,46세,경상
2014082400100233,2014년 8월 24일 13시,일요일,경상남도 사천시 서포면,중상사고,0,1,2,0,차대차 - 측면직각충돌,직진우회전진행방해,건조,맑음,교차로 - 교차로안,승용,여,61세,중상,승용,남,44세,경상
2014082400100234,2014년 8월 24일 13시,일요일,경상남도 사천시 용현면,경상사고,0,0,1,0,차대차 - 기타,안전운전불이행,기타,흐림,단일로 - 기타,승용,남,49세,상해없음,자전거,여,59세,경상
2014082400100235,2014년 8월 24일 13시,일요일,경상남도 남해군 삼동면,중상사고,0,1,1,0,차량단독 - 기타,안전운전불이행,건조,흐림,기타 - 기타,승용,남,38세,경상,,,,
2014082400100260,2014년 8월 24일 14시,일요일,경상남도 창원시 마산합포구 월영동,경상사고,0,0,1,0,차대차 - 추돌 - 진행중,안전운전불이행,건조,흐림,교차로 - 교차로부근,승용,남,59세,상해없음,승용,남,45세,경상
2014082400100261,2014년 8월 24일 14시,일요일,경상남도 사천시 송포동,경상사고,0,0,3,0,차대차 - 추돌 - 진행중,안전운전불이행,건조,맑음,단일로 - 기타,승용,남,42세,상해없음,승용,여,52세,경상
2014082400100262,2014년 8월 24일 14시,일요일,경상남도 거제시 아주동,경상사고,0,0,4,0,차대차 - 측면직각충돌,신호위반,습기,흐림,교차로 - 교차로부근,승용,남,39세,상해없음,승용,남,42세,경상
2014082400100290,2014년 8월 24일 15시,일요일,경상남도 김해시 어방동,중상사고,0,1,0,0,차대차 - 기타,교차로운행방법위반,건조,맑음,교차로 - 교차로안,이륜,남,21세,기타불명,원동기,여,72세,중상
2014082400100320,2014년 8월 24일 16시,일요일,경상남도 거제시 고현동,중상사고,0,1,0,0,차대사람 - 기타,안전운전불이행,습기,흐림,단일로 - 횡단보도부근,승용,남,30세,상해없음,보행자,여,12세,중상
2014082400100321,2014년 8월 24일 16시,일요일,경상남도 거제시 문동동,경상사고,0,0,4,0,차대차 - 기타,중앙선침범,건조,흐림,단일로 - 기타,승용,남,41세,상해없음,승용,남,20세,경상
2014082400100322,2014년 8월 24일 16시,일요일,경상남도 함안군 군북면,경상사고,0,0,1,0,차대차 - 추돌 - 진행중,안전운전불이행,건조,흐림,단일로 - 기타,승용,남,46세,상해없음,화물,남,31세,경상
2014082400100346,2014년 8월 24일 17시,일요일,경상남도 사천시 축동면,부상신고사고,0,0,0,1,차대차 - 측면직각충돌,신호위반,습기,비,교차로 - 교차로안,화물,남,56세,상해없음,화물,남,48세,부상신고
2014082400100347,2014년 8월 24일 17시,일요일,경상남도 함안군 군북면,경상사고,0,0,1,0,차대차 - 정면충돌,중앙선침범,건조,맑음,단일로 - 기타,승용,여,53세,상해없음,승용,남,29세,경상
2014082400100374,2014년 8월 24일 18시,일요일,경상남도 창원시 성산구 신촌동,중상사고,0,1,0,0,차대사람 - 횡단중,보행자보호의무위반,건조,흐림,단일로 - 횡단보도상,화물,남,29세,상해없음,보행자,남,56세,중상
2014082400100412,2014년 8월 24일 19시,일요일,경상남도 창원시 마산합포구 완월동,경상사고,0,0,1,0,차대차 - 측면직각충돌,안전운전불이행,건조,흐림,교차로 - 교차로부근,승용,남,59세,상해없음,이륜,남,54세,경상
2014082400100413,2014년 8월 24일 19시,일요일,경상남도 밀양시 상남면,중상사고,0,1,0,0,차대차 - 추돌 - 진행중,안전운전불이행,건조,맑음,단일로 - 기타,화물,남,49세,상해없음,자전거,여,60세,중상
2014082400100414,2014년 8월 24일 19시,일요일,경상남도 김해시 장유면,중상사고,0,1,0,0,차대사람 - 기타,안전운전불이행,건조,맑음,단일로 - 기타,승용,여,54세,상해없음,보행자,남,32세,중상
2014082400100455,2014년 8월 24일 20시,일요일,경상남도 창원시 진해구 용원동,경상사고,0,0,5,0,차대차 - 기타,중앙선침범,습기,비,단일로 - 기타,승용,남,62세,상해없음,승합,남,48세,경상
2014082400100456,2014년 8월 24일 20시,일요일,경상남도 거제시 고현동,경상사고,0,0,1,0,차대차 - 측면직각충돌,교차로운행방법위반,습기,흐림,교차로 - 교차로안,승용,여,23세,상해없음,이륜,남,22세,경상
2014082400100457,2014년 8월 24일 20시,일요일,경상남도 김해시 화목동,경상사고,0,0,1,0,차대차 - 측면직각충돌,안전운전불이행,건조,맑음,교차로 - 교차로안,승용,여,45세,상해없음,화물,남,51세,경상
2014082400100484,2014년 8월 24일 21시,일요일,경상남도 양산시 원동면,중상사고,0,1,0,0,차대차 - 측면직각충돌,중앙선침범,건조,맑음,단일로 - 기타,승용,남,44세,상해없음,승합,여,51세,중상
2014082400100485,2014년 8월 24일 21시,일요일,경상남도 창원시 마산회원구 양덕동,경상사고,0,0,2,0,차대차 - 측면직각충돌,안전운전불이행,건조,맑음,단일로 - 기타,승용,남,60세,상해없음,승용,남,24세,경상
2014082400100503,2014년 8월 24일 22시,일요일,경상남도 김해시 구산동,중상사고,0,1,0,0,차대차 - 추돌 - 주정차중,안전거리미확보,건조,맑음,교차로 - 교차로부근,승용,남,33세,상해없음,승용,여,49세,중상
2014082400100522,2014년 8월 24일 23시,일요일,경상남도 창원시 의창구 소답동,경상사고,0,0,2,0,차대차 - 추돌 - 주정차중,안전운전불이행,건조,맑음,교차로 - 교차로부근,승용,남,25세,상해없음,승용,남,36세,경상
2014082500100053,2014년 8월 25일 05시,월요일,경상남도 창원시 마산회원구 석전동,경상사고,0,0,2,0,차대차 - 추돌 - 주정차중,안전운전불이행,습기,비,교차로 - 교차로부근,승용,남,37세,상해없음,승용,남,58세,경상
2014082500100128,2014년 8월 25일 08시,월요일,경상남도 창원시 마산회원구 내서읍,경상사고,0,0,2,0,차대차 - 추돌 - 진행중,안전운전불이행,습기,비,단일로 - 기타,승용,여,33세,상해없음,화물,남,46세,경상
2014082500100163,2014년 8월 25일 09시,월요일,경상남도 진주시 인사동,경상사고,0,0,1,0,차대차 - 측면직각충돌,안전운전불이행,건조,맑음,교차로 - 교차로안,승용,남,30세,상해없음,승용,남,66세,경상
2014082500100164,2014년 8월 25일 09시,월요일,경상남도 사천시 송포동,중상사고,0,5,3,0,차대차 - 추돌 - 주정차중,안전운전불이행,습기,비,단일로 - 기타,화물,남,38세,상해없음,승용,남,51세,경상
2014082500100165,2014년 8월 25일 09시,월요일,경상남도 김해시 서상동,경상사고,0,0,1,0,차대사람 - 차도통행중,안전운전불이행,습기,비,단일로 - 기타,승합,남,55세,상해없음,보행자,여,43세,경상
2014082500100166,2014년 8월 25일 09시,월요일,경상남도 남해군 상주면,중상사고,0,1,0,0,차량단독 - 공작물충돌,안전운전불이행,습기,비,기타 - 기타,승용,남,27세,중상,,,,
2014082500100189,2014년 8월 25일 10시,월요일,경상남도 창원시 마산합포구 진북면,경상사고,0,0,1,0,차대차 - 기타,교차로운행방법위반,건조,맑음,교차로 - 교차로안,화물,남,56세,상해없음,화물,남,59세,경상
2014082500100223,2014년 8월 25일 11시,월요일,경상남도 거제시 사등면,경상사고,0,0,1,0,차대차 - 추돌 - 진행중,안전거리미확보,기타,비,단일로 - 기타,승용,여,33세,상해없음,승용,여,34세,경상
2014082500100251,2014년 8월 25일 12시,월요일,경상남도 김해시 내동,중상사고,0,1,0,0,차대사람 - 보도통행중,안전운전불이행,습기,비,교차로 - 교차로부근,승합,남,41세,상해없음,보행자,여,60세,중상
2014082500100252,2014년 8월 25일 12시,월요일,경상남도 고성군 동해면,중상사고,0,1,0,0,차대차 - 측면직각충돌,중앙선침범,습기,비,단일로 - 기타,화물,남,54세,상해없음,승용,남,33세,중상
2014082500100281,2014년 8월 25일 13시,월요일,경상남도 창원시 마산합포구 중앙동1가,경상사고,0,0,3,0,차대차 - 추돌 - 주정차중,안전거리미확보,습기,비,교차로 - 교차로부근,승용,남,54세,상해없음,화물,남,41세,경상
2014082500100282,2014년 8월 25일 13시,월요일,경상남도 함안군 산인면,경상사고,0,0,4,0,차대차 - 추돌 - 진행중,안전운전불이행,습기,비,단일로 - 기타,승용,남,49세,상해없음,승용,남,40세,경상
2014082500100283,2014년 8월 25일 13시,월요일,경상남도 창원시 마산회원구 양덕동,중상사고,0,1,4,0,차대차 - 측면직각충돌,안전운전불이행,습기,비,교차로 - 교차로안,승용,남,19세,상해없음,승용,남,52세,중상
2014082500100309,2014년 8월 25일 14시,월요일,경상남도 합천군 대양면,부상신고사고,0,0,0,1,차량단독 - 공작물충돌,안전운전불이행,습기,비,단일로 - 기타,승용,여,37세,부상신고,,,,
2014082500100346,2014년 8월 25일 15시,월요일,경상남도 통영시 미수동,중상사고,0,1,0,0,차대사람 - 기타,안전운전불이행,습기,흐림,교차로 - 교차로안,승용,남,50세,상해없음,보행자,여,84세,중상
2014082500100347,2014년 8월 25일 15시,월요일,경상남도 통영시 광도면,경상사고,0,0,1,0,차대사람 - 횡단중,보행자보호의무위반,습기,흐림,단일로 - 횡단보도상,승용,남,54세,상해없음,보행자,남,7세,경상
2014082500100348,2014년 8월 25일 15시,월요일,경상남도 고성군 상리면,중상사고,0,1,0,0,차대차 - 추돌 - 진행중,안전운전불이행,습기,비,단일로 - 기타,승용,남,30세,상해없음,승용,남,42세,중상
2014082500100349,2014년 8월 25일 15시,월요일,경상남도 거제시 능포동,경상사고,0,0,1,0,차대사람 - 차도통행중,안전운전불이행,습기,비,교차로 - 교차로안,기타불명,기타불명,기타불명,기타불명,보행자,여,78세,경상
2014082500100387,2014년 8월 25일 16시,월요일,경상남도 거제시 고현동,경상사고,0,0,1,0,차대차 - 추돌 - 진행중,안전운전불이행,습기,비,교차로 - 교차로부근,승용,남,40세,상해없음,승용,여,35세,경상
2014082500100388,2014년 8월 25일 16시,월요일,경상남도 거제시 장평동,중상사고,0,1,0,0,차대차 - 측면직각충돌,안전운전불이행,습기,비,교차로 - 교차로안,승용,남,32세,상해없음,이륜,남,63세,중상
2014082500100389,2014년 8월 25일 16시,월요일,경상남도 김해시 진영읍,중상사고,0,1,0,0,차대사람 - 기타,안전운전불이행,습기,비,단일로 - 기타,승용,남,57세,상해없음,보행자,여,70세,중상
2014082500100423,2014년 8월 25일 17시,월요일,경상남도 김해시 삼계동,중상사고,0,1,0,0,차대사람 - 횡단중,안전운전불이행,습기,비,단일로 - 기타,승용,남,50세,상해없음,보행자,여,16세,중상
2014082500100424,2014년 8월 25일 17시,월요일,경상남도 양산시 동면,중상사고,0,1,0,0,차대사람 - 기타,안전운전불이행,건조,맑음,단일로 - 기타,화물,남,57세,상해없음,보행자,남,60세,중상
2014082500100425,2014년 8월 25일 17시,월요일,경상남도 고성군 회화면,사망사고,1,0,1,0,차대차 - 측면직각충돌,신호위반,습기,비,교차로 - 교차로안,화물,남,70세,사망,승합,남,40세,경상
2014082500100426,2014년 8월 25일 17시,월요일,경상남도 거창군 남하면,사망사고,1,1,0,0,차대차 - 정면충돌,중앙선침범,습기,비,단일로 - 기타,승합,남,49세,사망,화물,남,55세,중상
2014082500100455,2014년 8월 25일 18시,월요일,경상남도 사천시 향촌동,경상사고,0,0,1,0,차대차 - 기타,안전운전불이행,습기,비,단일로 - 기타,승용,남,51세,상해없음,자전거,남,22세,경상
2014082500100489,2014년 8월 25일 19시,월요일,경상남도 사천시 사천읍,경상사고,0,0,1,0,차대차 - 측면직각충돌,교차로운행방법위반,습기,비,교차로 - 교차로안,승용,남,33세,상해없음,이륜,남,53세,경상
2014082500100490,2014년 8월 25일 19시,월요일,경상남도 밀양시 내이동,중상사고,0,1,0,0,차대사람 - 횡단중,안전운전불이행,습기,비,단일로 - 기타,승용,남,49세,상해없음,보행자,남,56세,중상
2014082500100491,2014년 8월 25일 19시,월요일,경상남도 김해시 삼계동,사망사고,1,0,0,0,차대사람 - 횡단중,안전운전불이행,습기,흐림,단일로 - 기타,화물,남,40세,상해없음,보행자,남,68세,사망
2014082500100492,2014년 8월 25일 19시,월요일,경상남도 함안군 칠원면,경상사고,0,0,1,0,차대사람 - 길가장자리구역통행중,안전운전불이행,습기,비,단일로 - 기타,화물,남,41세,상해없음,보행자,여,58세,경상