사고번호,사고일시,요일,시군구,사고내용,사망자수,중상자수,경상자수,부상신고자수,사고유형,법규위반,노면상태,기상상태,도로형태,가해운전자 차종,가해운전자 성별,가해운전자 연령,가해운전자 상해정도,피해운전자 차종,피해운전자 성별,피해운전자 연령,피해운전자 상해정도
2014082800100604,2014년 8월 28일 21시,목요일,경상남도 거제시 고현동,경상사고,0,0,1,0,차대사람 - 횡단중,보행자보호의무위반,습기,흐림,교차로 - 교차로안,이륜,남,51세,상해없음,보행자,남,14세,경상
2014082800100605,2014년 8월 28일 21시,목요일,경상남도 창원시 성산구 상남동,경상사고,0,0,2,0,차대사람 - 차도통행중,안전운전불이행,건조,맑음,단일로 - 기타,승용,남,19세,상해없음,보행자,남,23세,경상
2014082800100635,2014년 8월 28일 22시,목요일,경상남도 고성군 고성읍,경상사고,0,0,1,0,차대차 - 측면직각충돌,안전거리미확보,건조,맑음,단일로 - 기타,승용,남,22세,상해없음,승용,남,47세,경상
2014082800100661,2014년 8월 28일 23시,목요일,경상남도 거제시 아주동,경상사고,0,0,4,0,차대차 - 기타,안전거리미확보,건조,맑음,교차로 - 교차로부근,승용,남,30세,상해없음,승용,남,63세,경상
2014082900100021,2014년 8월 29일 01시,금요일,경상남도 양산시 상북면,경상사고,0,0,1,0,차대차 - 추돌 - 진행중,안전운전불이행,건조,맑음,단일로 - 기타,승용,남,42세,상해없음,건설기계,남,50세,경상
2014082900100029,2014년 8월 29일 01시,금요일,경상남도 창원시 마산합포구 완월동,중상사고,0,1,2,0,차대차 - 정면충돌,안전운전불이행,건조,맑음,교차로 - 교차로부근,승용,남,51세,중상,승용,남,61세,경상
2014082900100083,2014년 8월 29일 06시,금요일,경상남도 창원시 마산합포구 자산동,중상사고,0,2,3,0,차대차 - 추돌 - 주정차중,안전운전불이행,습기,비,교차로 - 교차로부근,화물,남,61세,상해없음,승용,남,52세,경상
2014082900100101,2014년 8월 29일 07시,금요일,경상남도 창원시 마산합포구 월포동,경상사고,0,0,1,0,차대차 - 측면직각충돌,안전운전불이행,건조,맑음,교차로 - 교차로부근,자전거,여,76세,경상,승용,여,48세,상해없음
2014082900100102,2014년 8월 29일 07시,금요일,경상남도 김해시 구산동,중상사고,0,1,0,0,차대사람 - 기타,보행자보호의무위반,건조,맑음,단일로 - 기타,화물,여,61세,상해없음,보행자,여,69세,중상
2014082900100103,2014년 8월 29일 07시,금요일,경상남도 창녕군 영산면,경상사고,0,0,1,0,차대사람 - 기타,안전운전불이행,건조,맑음,교차로 - 교차로부근,승용,여,49세,상해없음,보행자,여,75세,경상
2014082900100140,2014년 8월 29일 08시,금요일,경상남도 창원시 진해구 경화동,중상사고,0,1,1,0,차대차 - 측면직각충돌,교차로운행방법위반,건조,맑음,교차로 - 교차로안,화물,남,57세,상해없음,승용,남,33세,경상
2014082900100142,2014년 8월 29일 08시,금요일,경상남도 김해시 흥동,중상사고,0,1,0,0,차대사람 - 길가장자리구역통행중,안전운전불이행,건조,맑음,단일로 - 기타,승용,남,24세,상해없음,보행자,여,71세,중상
2014082900100173,2014년 8월 29일 09시,금요일,경상남도 양산시 물금읍,부상신고사고,0,0,0,1,차대차 - 기타,중앙선침범,건조,맑음,단일로 - 기타,승용,남,46세,상해없음,승용,남,32세,부상신고
2014082900100197,2014년 8월 29일 10시,금요일,경상남도 창원시 마산합포구 자산동,경상사고,0,0,2,0,차대차 - 측면직각충돌,안전운전불이행,건조,맑음,교차로 - 교차로부근,승용,여,57세,상해없음,승합,남,59세,상해없음
2014082900100198,2014년 8월 29일 10시,금요일,경상남도 창원시 마산합포구 남성동,중상사고,0,1,0,0,차대사람 - 기타,안전운전불이행,습기,흐림,단일로 - 기타,원동기,기타불명,기타불명,기타불명,보행자,여,62세,중상
2014082900100199,2014년 8월 29일 10시,금요일,경상남도 양산시 삼호동,경상사고,0,0,2,0,차대차 - 기타,직진우회전진행방해,건조,맑음,교차로 - 교차로안,승용,남,60세,상해없음,화물,남,40세,경상
2014082900100228,2014년 8월 29일 11시,금요일,경상남도 창원시 마산합포구 교방동,중상사고,0,1,0,0,차대사람 - 기타,안전운전불이행,건조,맑음,단일로 - 기타,승용,남,25세,상해없음,보행자,남,38세,중상
2014082900100229,2014년 8월 29일 11시,금요일,경상남도 합천군 합천읍,중상사고,0,1,0,0,차대차 - 측면직각충돌,교차로운행방법위반,건조,맑음,교차로 - 교차로안,승용,남,54세,상해없음,원동기,남,39세,중상
2014082900100230,2014년 8월 29일 11시,금요일,경상남도 창원시 의창구 북면,경상사고,0,0,1,0,차대차 - 측면직각충돌,신호위반,건조,맑음,교차로 - 교차로안,화물,남,69세,상해없음,승합,남,41세,상해없음
2014082900100254,2014년 8월 29일 12시,금요일,경상남도 창녕군 이방면,중상사고,0,1,0,0,차대차 - 추돌 - 진행중,안전거리미확보,건조,맑음,단일로 - 기타,원동기,남,75세,중상,화물,남,53세,상해없음
2014082900100255,2014년 8월 29일 12시,금요일,경상남도 양산시 북부동,중상사고,0,1,2,3,차대차 - 기타,차로위반,건조,맑음,단일로 - 기타,승용,남,35세,상해없음,승합,남,54세,부상신고
2014082900100289,2014년 8월 29일 13시,금요일,경상남도 창녕군 창녕읍,중상사고,0,1,0,0,차대사람 - 기타,안전운전불이행,건조,흐림,교차로 - 교차로부근,화물,남,51세,상해없음,보행자,여,80세,중상
2014082900100290,2014년 8월 29일 13시,금요일,경상남도 남해군 남해읍,경상사고,0,0,1,0,차대차 - 기타,안전운전불이행,건조,맑음,기타 - 기타,화물,남,74세,상해없음,화물,여,53세,경상
2014082900100331,2014년 8월 29일 14시,금요일,경상남도 진주시 상평동,경상사고,0,0,2,0,차대차 - 기타,안전거리미확보,건조,맑음,단일로 - 기타,승용,남,34세,상해없음,승용,남,60세,경상
2014082900100332,2014년 8월 29일 14시,금요일,경상남도 거창군 거창읍,중상사고,0,1,0,0,차대차 - 기타,안전운전불이행,건조,맑음,단일로 - 기타,승용,남,57세,상해없음,이륜,여,73세,중상
2014082900100333,2014년 8월 29일 14시,금요일,경상남도 창녕군 성산면,사망사고,1,1,0,0,차대차 - 측면직각충돌,신호위반,건조,맑음,교차로 - 교차로안,화물,남,51세,상해없음,원동기,남,54세,사망
2014082900100334,2014년 8월 29일 14시,금요일,경상남도 의령군 낙서면,중상사고,0,1,0,0,차대차 - 기타,안전운전불이행,습기,맑음,단일로 - 기타,화물,남,42세,상해없음,자전거,남,85세,중상
2014082900100367,2014년 8월 29일 15시,금요일,경상남도 진주시 봉곡동,중상사고,0,1,0,0,차대사람 - 횡단중,보행자보호의무위반,건조,맑음,단일로 - 횡단보도상,승용,여,51세,상해없음,보행자,여,50세,중상
2014082900100368,2014년 8월 29일 15시,금요일,경상남도 창원시 진해구 안골동,중상사고,0,1,1,0,차대차 - 추돌 - 진행중,안전운전불이행,건조,맑음,교차로 - 교차로안,건설기계,남,53세,중상,특수,남,50세,경상
2014082900100369,2014년 8월 29일 15시,금요일,경상남도 밀양시 상남면,경상사고,0,0,4,0,차대차 - 추돌 - 주정차중,안전거리미확보,건조,맑음,교차로 - 교차로부근,화물,남,55세,상해없음,화물,남,42세,경상
2014082900100370,2014년 8월 29일 15시,금요일,경상남도 창원시 마산회원구 내서읍,경상사고,0,0,4,0,차대차 - 추돌 - 주정차중,안전운전불이행,건조,맑음,단일로 - 기타,화물,남,25세,상해없음,승합,남,48세,경상
2014082900100405,2014년 8월 29일 16시,금요일,경상남도 밀양시 단장면,경상사고,0,0,1,0,차대차 - 측면직각충돌,교차로운행방법위반,건조,맑음,교차로 - 교차로안,승용,남,71세,상해없음,승합,남,38세,경상
2014082900100406,2014년 8월 29일 16시,금요일,경상남도 김해시 생림면,중상사고,0,1,0,0,차대차 - 기타,교차로운행방법위반,건조,맑음,교차로 - 교차로안,화물,남,59세,상해없음,농기계,남,73세,중상
2014082900100455,2014년 8월 29일 17시,금요일,경상남도 창원시 마산회원구 봉암동,경상사고,0,0,1,0,차대사람 - 기타,안전운전불이행,건조,흐림,단일로 - 기타,원동기,여,62세,상해없음,보행자,남,73세,경상
2014082900100456,2014년 8월 29일 17시,금요일,경상남도 통영시 광도면,중상사고,0,1,0,0,차대사람 - 횡단중,안전운전불이행,건조,맑음,단일로 - 횡단보도부근,화물,남,48세,상해없음,보행자,남,8세,중상
2014082900100457,2014년 8월 29일 17시,금요일,경상남도 통영시 용남면,경상사고,0,0,1,0,차대차 - 기타,안전거리미확보,건조,맑음,단일로 - 기타,승용,남,26세,상해없음,이륜,남,33세,경상
2014082900100458,2014년 8월 29일 17시,금요일,경상남도 통영시 무전동,중상사고,0,1,1,0,차대사람 - 횡단중,보행자보호의무위반,건조,흐림,단일로 - 횡단보도상,이륜,남,22세,경상,보행자,여,48세,중상
2014082900100459,2014년 8월 29일 17시,금요일,경상남도 양산시 중부동,중상사고,0,1,0,0,차대사람 - 차도통행중,안전운전불이행,건조,맑음,단일로 - 기타,승용,여,30세,기타불명,보행자,여,60세,중상
2014082900100460,2014년 8월 29일 17시,금요일,경상남도 김해시 진영읍,경상사고,0,0,1,0,차대차 - 측면직각충돌,신호위반,건조,맑음,교차로 - 교차로부근,승용,여,49세,상해없음,승용,여,42세,경상
2014082900100504,2014년 8월 29일 18시,금요일,경상남도 창원시 마산합포구 중앙동1가,경상사고,0,0,1,0,차대차 - 측면직각충돌,신호위반,건조,맑음,교차로 - 교차로안,승용,여,56세,상해없음,화물,남,47세,상해없음
2014082900100505,2014년 8월 29일 18시,금요일,경상남도 창원시 마산회원구 구암동,중상사고,0,1,0,0,차대사람 - 차도통행중,안전운전불이행,건조,맑음,단일로 - 기타,화물,남,63세,상해없음,보행자,남,48세,중상
2014082900100545,2014년 8월 29일 19시,금요일,경상남도 남해군 이동면,경상사고,0,0,1,0,차대차 - 기타,안전운전불이행,건조,맑음,기타 - 기타,원동기,남,59세,경상,승용,남,57세,기타불명
2014082900100546,2014년 8월 29일 19시,금요일,경상남도 창원시 의창구 용호동,중상사고,0,1,0,0,차대차 - 추돌 - 진행중,안전운전불이행,건조,맑음,교차로 - 교차로부근,승용,여,49세,상해없음,승용,남,44세,중상
2014082900100583,2014년 8월 29일 20시,금요일,경상남도 창원시 성산구 상남동,경상사고,0,0,2,0,차대차 - 기타,안전운전불이행,건조,맑음,교차로 - 교차로부근,승용,여,23세,상해없음,화물,남,24세,경상
2014082900100626,2014년 8월 29일 21시,금요일,경상남도 창원시 성산구 웅남동,경상사고,0,0,2,0,차대차 - 추돌 - 진행중,안전운전불이행,건조,맑음,교차로 - 교차로부근,승용,남,44세,상해없음,승용,남,35세,경상
2014082900100727,2014년 8월 29일 23시,금요일,경상남도 김해시 내동,중상사고,0,1,0,0,차대차 - 기타,차로위반,건조,맑음,단일로 - 기타,승합,남,27세,상해없음,원동기,남,29세,상해없음
2014083000100021,2014년 8월 30일 00시,토요일,경상남도 창원시 진해구 석동,중상사고,0,2,0,0,차대차 - 추돌 - 주정차중,안전운전불이행,건조,맑음,교차로 - 교차로부근,화물,남,54세,상해없음,승용,남,48세,중상
2014083000100022,2014년 8월 30일 00시,토요일,경상남도 양산시 물금읍,경상사고,0,0,1,0,차대사람 - 횡단중,보행자보호의무위반,건조,맑음,교차로 - 교차로안,승용,남,27세,상해없음,보행자,남,33세,경상
2014083000100045,2014년 8월 30일 01시,토요일,경상남도 통영시 미수동,중상사고,0,1,0,0,차대차 - 추돌 - 주정차중,안전운전불이행,건조,맑음,단일로 - 기타,승용,남,42세,상해없음,승용,남,54세,중상
2014083000100046,2014년 8월 30일 01시,토요일,경상남도 밀양시 삼문동,경상사고,0,0,2,0,차대차 - 측면직각충돌,중앙선침범,건조,맑음,교차로 - 교차로안,승용,남,38세,상해없음,승용,남,57세,경상
2014083000100047,2014년 8월 30일 01시,토요일,경상남도 거제시 옥포동,중상사고,0,1,0,0,차대차 - 추돌 - 진행중,안전거리미확보,건조,맑음,기타 - 기타,승용,남,30세,상해없음,승용,남,38세,중상
2014083000100048,2014년 8월 30일 01시,토요일,경상남도 창원시 의창구 명서동,중상사고,0,1,0,0,차대사람 - 기타,안전운전불이행,건조,맑음,단일로 - 기타,승용,남,22세,상해없음,보행자,남,55세,중상
2014083000100049,2014년 8월 30일 01시,토요일,경상남도 진주시 문산읍,중상사고,0,2,0,0,차대차 - 기타,안전운전불이행,건조,맑음,단일로 - 기타,승용,남,49세,중상,화물,남,54세,중상
2014083000100050,2014년 8월 30일 01시,토요일,경상남도 진주시 문산읍,경상사고,0,0,2,0,차대차 - 추돌 - 진행중,안전운전불이행,건조,맑음,단일로 - 기타,승용,남,32세,상해없음,승용,남,55세,경상
2014083000100073,2014년 8월 30일 02시,토요일,경상남도 창원시 진해구 풍호동,중상사고,0,1,0,0,차대사람 - 기타,안전운전불이행,건조,맑음,단일로 - 기타,승용,남,71세,기타불명,보행자,남,50세,중상
2014083000100074,2014년 8월 30일 02시,토요일,경상남도 김해시 어방동,경상사고,0,0,2,0,차대차 - 기타,교차로운행방법위반,건조,맑음,교차로 - 교차로안,승용,남,50세,상해없음,승합,여,46세,경상
2014083000100144,2014년 8월 30일 06시,토요일,경상남도 사천시 용강동,경상사고,0,0,1,0,차대차 - 측면직각충돌,중앙선침범,건조,맑음,단일로 - 기타,이륜,남,69세,경상,승용,남,39세,상해없음
2014083000100145,2014년 8월 30일 06시,토요일,경상남도 창원시 성산구 신촌동,중상사고,0,1,0,0,차대차 - 기타,중앙선침범,건조,맑음,단일로 - 기타,승용,남,31세,상해없음,승용,남,42세,중상
2014083000100163,2014년 8월 30일 07시,토요일,경상남도 창원시 진해구 용원동,경상사고,0,0,1,0,차대사람 - 횡단중,보행자보호의무위반,건조,맑음,교차로 - 교차로안,승용,남,39세,상해없음,보행자,남,48세,경상
2014083000100164,2014년 8월 30일 07시,토요일,경상남도 양산시 북정동,중상사고,0,1,0,0,차대차 - 기타,안전운전불이행,건조,맑음,단일로 - 기타,승용,남,26세,기타불명,원동기,남,49세,중상
2014083000100165,2014년 8월 30일 07시,토요일,경상남도 김해시 진영읍,경상사고,0,0,1,0,차대차 - 측면직각충돌,중앙선침범,건조,맑음,교차로 - 교차로부근,건설기계,남,64세,상해없음,승합,남,59세,경상
2014083000100195,2014년 8월 30일 08시,토요일,경상남도 김해시 내동,중상사고,0,1,1,0,차대차 - 기타,안전거리미확보,건조,맑음,단일로 - 기타,승용,남,45세,상해없음,승용,남,34세,상해없음
2014083000100196,2014년 8월 30일 08시,토요일,경상남도 김해시 삼계동,중상사고,0,1,0,0,차대차 - 측면직각충돌,기타,건조,맑음,단일로 - 기타,승용,남,50세,상해없음,승용,여,52세,중상
2014083000100230,2014년 8월 30일 09시,토요일,경상남도 통영시 북신동,중상사고,0,1,0,0,차대차 - 측면직각충돌,중앙선침범,건조,맑음,단일로 - 기타,승용,남,41세,상해없음,원동기,남,58세,중상
2014083000100231,2014년 8월 30일 09시,토요일,경상남도 통영시 광도면,경상사고,0,0,2,0,차대차 - 추돌 - 주정차중,안전운전불이행,건조,맑음,교차로 - 교차로부근,승용,남,18세,상해없음,승용,남,56세,경상
2014083000100232,2014년 8월 30일 09시,토요일,경상남도 거제시 고현동,중상사고,0,2,0,0,차대차 - 기타,안전거리미확보,건조,맑음,기타 - 기타,승용,남,59세,상해없음,승용,남,39세,상해없음
2014083000100233,2014년 8월 30일 09시,토요일,경상남도 창원시 의창구 도계동,경상사고,0,0,1,0,차대차 - 측면직각충돌,안전운전불이행,건조,맑음,단일로 - 기타,기타불명,기타불명,기타불명,기타불명,승용,여,46세,경상
2014083000100269,2014년 8월 30일 10시,토요일,경상남도 진주시 상대동,중상사고,0,1,0,0,차대사람 - 횡단중,안전운전불이행,건조,맑음,단일로 - 기타,승용,남,37세,상해없음,보행자,남,16세,중상
2014083000100270,2014년 8월 30일 10시,토요일,경상남도 창원시 진해구 이동,경상사고,0,0,1,0,차대차 - 기타,안전운전불이행,건조,맑음,단일로 - 기타,승용,남,49세,상해없음,승용,여,62세,경상
2014083000100271,2014년 8월 30일 10시,토요일,경상남도 창녕군 창녕읍,경상사고,0,0,1,0,차대차 - 정면충돌,기타,건조,맑음,단일로 - 기타,원동기,남,77세,경상,승합,남,50세,상해없음
2014083000100302,2014년 8월 30일 11시,토요일,경상남도 창원시 진해구 석동,부상신고사고,0,0,0,1,차대차 - 기타,안전운전불이행,건조,맑음,단일로 - 기타,승용,기타불명,기타불명,기타불명,자전거,남,13세,부상신고
2014083000100303,2014년 8월 30일 11시,토요일,경상남도 통영시 무전동,중상사고,0,1,0,0,차대차 - 추돌 - 진행중,교차로운행방법위반,건조,맑음,교차로 - 교차로부근,승용,남,47세,상해없음,승용,남,35세,중상
2014083000100304,2014년 8월 30일 11시,토요일,경상남도 밀양시 가곡동,중상사고,0,1,0,0,차대사람 - 횡단중,보행자보호의무위반,건조,맑음,단일로 - 횡단보도상,승용,남,73세,상해없음,보행자,남,62세,중상
2014083000100342,2014년 8월 30일 12시,토요일,경상남도 창원시 진해구 청안동,경상사고,0,0,3,0,차대차 - 측면직각충돌,중앙선침범,건조,맑음,단일로 - 기타,승용,여,43세,상해없음,승용,남,34세,경상
2014083000100343,2014년 8월 30일 12시,토요일,경상남도 밀양시 상남면,중상사고,0,1,0,0,차대차 - 측면직각충돌,안전운전불이행,건조,맑음,단일로 - 기타,승용,남,50세,상해없음,이륜,남,67세,중상
2014083000100344,2014년 8월 30일 12시,토요일,경상남도 김해시 장유면,중상사고,0,1,0,0,차대사람 - 횡단중,안전운전불이행,건조,맑음,단일로 - 횡단보도상,승용,남,50세,상해없음,보행자,여,40세,중상
2014083000100374,2014년 8월 30일 13시,토요일,경상남도 진주시 호탄동,경상사고,0,0,1,0,차대차 - 측면직각충돌,안전운전불이행,건조,맑음,교차로 - 교차로부근,승합,남,47세,상해없음,승용,남,35세,상해없음
2014083000100375,2014년 8월 30일 13시,토요일,경상남도 양산시 덕계동,중상사고,0,1,0,0,차량단독 - 도로외이탈 - 추락,안전운전불이행,건조,맑음,단일로 - 기타,승용,남,33세,중상,,,,
2014083000100408,2014년 8월 30일 14시,토요일,경상남도 창원시 마산합포구 현동,중상사고,0,3,0,2,차대차 - 기타,안전운전불이행,건조,흐림,단일로 - 기타,승용,남,57세,상해없음,승용,남,62세,중상
2014083000100409,2014년 8월 30일 14시,토요일,경상남도 진주시 상대동,중상사고,0,1,0,1,차대차 - 측면직각충돌,직진우회전진행방해,건조,맑음,교차로 - 교차로안,승용,남,22세,부상신고,승용,남,51세,중상
2014083000100410,2014년 8월 30일 14시,토요일,경상남도 양산시 주남동,중상사고,0,1,0,0,차대차 - 기타,중앙선침범,건조,맑음,단일로 - 기타,건설기계,남,48세,상해없음,승용,남,50세,중상
2014083000100427,2014년 8월 30일 15시,토요일,경상남도 김해시 대동면,경상사고,0,0,2,0,차대차 - 추돌 - 주정차중,안전운전불이행,건조,맑음,단일로 - 기타,승용,남,38세,상해없음,승용,남,53세,경상
2014083000100453,2014년 8월 30일 15시,토요일,경상남도 창녕군 창녕읍,경상사고,0,0,1,0,차대차 - 기타,불법유턴,건조,맑음,단일로 - 기타,승용,남,57세,상해없음,승용,남,34세,상해없음
2014083000100491,2014년 8월 30일 16시,토요일,경상남도 양산시 중부동,중상사고,0,1,0,0,차대차 - 기타,교차로운행방법위반,건조,맑음,교차로 - 교차로안,승용,여,46세,상해없음,승용,여,35세,중상
2014083000100492,2014년 8월 30일 16시,토요일,경상남도 양산시 삼호동,중상사고,0,1,0,0,차대사람 - 기타,안전운전불이행,건조,맑음,교차로 - 교차로부근,화물,남,61세,상해없음,보행자,여,54세,중상
2014083000100536,2014년 8월 30일 17시,토요일,경상남도 창원시 진해구 경화동,경상사고,0,0,1,0,차대사람 - 차도통행중,안전운전불이행,건조,맑음,교차로 - 교차로안,승용,남,52세,기타불명,보행자,여,82세,경상
2014083000100537,2014년 8월 30일 17시,토요일,경상남도 합천군 봉산면,중상사고,0,1,0,0,차대차 - 측면직각충돌,교차로운행방법위반,건조,맑음,교차로 - 교차로안,원동기,남,49세,상해없음,승용,여,45세,상해없음
2014083000100538,2014년 8월 30일 17시,토요일,경상남도 양산시 물금읍,중상사고,0,1,0,0,차대차 - 기타,안전운전불이행,건조,맑음,교차로 - 교차로안,승용,여,61세,기타불명,원동기,남,61세,중상
2014083000100539,2014년 8월 30일 17시,토요일,경상남도 양산시 동면,경상사고,0,0,1,0,차대차 - 기타,안전운전불이행,건조,맑음,단일로 - 기타,승용,남,49세,상해없음,자전거,남,53세,경상
2014083000100575,2014년 8월 30일 18시,토요일,경상남도 창원시 진해구 두동,부상신고사고,0,0,0,1,차대차 - 기타,안전운전불이행,건조,맑음,교차로 - 교차로안,이륜,남,34세,부상신고,승용,남,29세,상해없음
2014083000100576,2014년 8월 30일 18시,토요일,경상남도 거창군 남상면,경상사고,0,0,1,0,차대차 - 추돌 - 진행중,안전거리미확보,건조,맑음,단일로 - 기타,승합,남,41세,상해없음,화물,남,53세,경상
2014083000100577,2014년 8월 30일 18시,토요일,경상남도 함안군 가야읍,중상사고,0,1,1,0,차대차 - 정면충돌,안전운전불이행,건조,맑음,교차로 - 교차로안,화물,여,36세,경상,승용,남,52세,중상
2014083000100613,2014년 8월 30일 19시,토요일,경상남도 의령군 부림면,경상사고,0,0,1,0,차대사람 - 보도통행중,보행자보호의무위반,습기,맑음,교차로 - 교차로안,승용,남,43세,상해없음,보행자,여,12세,경상
2014083000100614,2014년 8월 30일 19시,토요일,경상남도 창원시 의창구 명서동,중상사고,0,1,2,0,차대차 - 추돌 - 진행중,안전운전불이행,건조,맑음,단일로 - 기타,승용,남,25세,상해없음,승용,남,39세,경상
2014083000100654,2014년 8월 30일 20시,토요일,경상남도 창원시 진해구 경화동,경상사고,0,0,1,0,차대차 - 정면충돌,안전운전불이행,건조,맑음,단일로 - 기타,이륜,남,33세,경상,승용,여,25세,상해없음
2014083000100655,2014년 8월 30일 20시,토요일,경상남도 창녕군 남지읍,경상사고,0,0,1,0,차대차 - 측면직각충돌,직진우회전진행방해,습기,흐림,교차로 - 교차로안,승용,남,30세,상해없음,자전거,남,17세,경상
2014083000100720,2014년 8월 30일 22시,토요일,경상남도 사천시 향촌동,경상사고,0,0,1,0,차대차 - 기타,교차로운행방법위반,건조,맑음,교차로 - 교차로안,승용,남,48세,상해없음,이륜,남,23세,경상
2014083000100721,2014년 8월 30일 22시,토요일,경상남도 김해시 외동,중상사고,0,1,0,0,차대사람 - 기타,안전운전불이행,건조,맑음,단일로 - 기타,승용,남,26세,상해없음,보행자,남,42세,중상
2014083000100751,2014년 8월 30일 23시,토요일,경상남도 양산시 교동,경상사고,0,0,2,0,차대차 - 기타,안전운전불이행,건조,맑음,교차로 - 교차로부근,승용,남,36세,기타불명,승용,남,42세,경상
2014083000100752,2014년 8월 30일 23시,토요일,경상남도 함안군 가야읍,중상사고,0,1,0,0,차대차 - 기타,안전운전불이행,건조,맑음,단일로 - 기타,승용,남,33세,상해없음,승용,남,53세,중상
2014083000100753,2014년 8월 30일 23시,토요일,경상남도 창원시 마산회원구 회원동,경상사고,0,0,2,0,차대차 - 측면직각충돌,안전운전불이행,건조,맑음,교차로 - 교차로안,승용,남,32세,상해없음,승용,남,63세,경상
2014083100100031,2014년 8월 31일 01시,일요일,경상남도 창원시 진해구 석동,중상사고,0,1,0,0,차대사람 - 차도통행중,안전운전불이행,건조,맑음,단일로 - 기타,기타불명,기타불명,기타불명,기타불명,보행자,남,23세,중상
2014083100100041,2014년 8월 31일 02시,일요일,경상남도 통영시 무전동,중상사고,0,1,0,0,차대차 - 측면직각충돌,안전운전불이행,건조,맑음,교차로 - 교차로안,화물,남,38세,상해없음,승용,남,48세,중상
2014083100100064,2014년 8월 31일 04시,일요일,경상남도 사천시 용현면,경상사고,0,0,1,0,차량단독 - 전도전복,안전운전불이행,건조,맑음,교차로 - 교차로안,승용,남,47세,상해없음,,,,
2014083100100065,2014년 8월 31일 04시,일요일,경상남도 김해시 진례면,부상신고사고,0,0,0,1,차량단독 - 공작물충돌,안전운전불이행,건조,맑음,단일로 - 기타,승용,남,19세,부상신고,,,,
2014083100100099,2014년 8월 31일 07시,일요일,경상남도 김해시 상동면,경상사고,0,0,1,1,차대차 - 추돌 - 진행중,안전거리미확보,건조,맑음,단일로 - 기타,승용,남,57세,상해없음,승용,남,24세,경상
2014083100100114,2014년 8월 31일 07시,일요일,경상남도 거제시 하청면,중상사고,0,1,0,0,차대사람 - 기타,안전운전불이행,건조,맑음,기타 - 기타,건설기계,남,39세,상해없음,보행자,여,66세,중상
2014083100100131,2014년 8월 31일 08시,일요일,경상남도 함안군 칠서면,경상사고,0,0,3,0,차대차 - 추돌 - 진행중,안전운전불이행,건조,맑음,단일로 - 기타,승용,남,25세,상해없음,화물,남,72세,경상
2014083100100144,2014년 8월 31일 09시,일요일,경상남도 거제시 고현동,중상사고,0,1,0,0,차대사람 - 기타,보행자보호의무위반,건조,맑음,교차로 - 교차로부근,승용,남,72세,상해없음,보행자,남,40세,중상
2014083100100163,2014년 8월 31일 10시,일요일,경상남도 사천시 사남면,중상사고,0,1,0,0,차대사람 - 횡단중,안전운전불이행,건조,맑음,단일로 - 기타,승용,여,54세,상해없음,보행자,여,4세,중상
2014083100100188,2014년 8월 31일 11시,일요일,경상남도 거제시 아주동,경상사고,0,0,1,0,차대차 - 기타,교차로운행방법위반,건조,맑음,교차로 - 교차로안,승용,남,41세,상해없음,승용,남,31세,경상
2014083100100189,2014년 8월 31일 11시,일요일,경상남도 산청군 생초면,부상신고사고,0,0,0,1,차대차 - 측면직각충돌,중앙선침범,건조,맑음,단일로 - 기타,원동기,남,76세,부상신고,건설기계,남,48세,상해없음
2014083100100190,2014년 8월 31일 11시,일요일,경상남도 창원시 의창구 팔용동,중상사고,0,1,0,0,차대차 - 측면직각충돌,신호위반,건조,맑음,교차로 - 교차로안,승용,남,60세,상해없음,원동기,남,24세,중상
2014083100100216,2014년 8월 31일 12시,일요일,경상남도 사천시 축동면,중상사고,0,1,0,0,차대차 - 추돌 - 주정차중,안전운전불이행,건조,맑음,단일로 - 기타,화물,남,62세,상해없음,승용,남,57세,중상
2014083100100217,2014년 8월 31일 12시,일요일,경상남도 함안군 가야읍,경상사고,0,0,3,0,차대차 - 측면직각충돌,안전운전불이행,건조,맑음,교차로 - 교차로안,승용,여,33세,상해없음,승용,남,41세,경상
2014083100100218,2014년 8월 31일 12시,일요일,경상남도 창원시 마산회원구 봉암동,경상사고,0,0,1,0,차대차 - 추돌 - 진행중,안전운전불이행,건조,맑음,교차로 - 교차로부근,화물,남,27세,상해없음,승용,여,46세,경상
2014083100100261,2014년 8월 31일 13시,일요일,경상남도 창원시 성산구 상남동,경상사고,0,0,1,0,차대차 - 기타,안전운전불이행,기타,맑음,단일로 - 기타,승용,남,32세,상해없음,승용,여,51세,경상
2014083100100293,2014년 8월 31일 14시,일요일,경상남도 창원시 마산합포구 진동면,중상사고,0,3,0,0,차대차 - 측면직각충돌,차로위반,건조,맑음,단일로 - 기타,화물,남,49세,상해없음,승용,남,55세,중상
2014083100100294,2014년 8월 31일 14시,일요일,경상남도 고성군 회화면,중상사고,0,2,0,0,차대차 - 측면직각충돌,신호위반,건조,맑음,교차로 - 교차로안,승용,남,34세,상해없음,승용,여,44세,중상
2014083100100323,2014년 8월 31일 15시,일요일,경상남도 통영시 도천동,경상사고,0,0,3,0,차대차 - 추돌 - 주정차중,안전운전불이행,건조,맑음,단일로 - 기타,승용,남,53세,상해없음,승용,남,59세,경상