사고번호,사고일시,요일,시군구,사고내용,사망자수,중상자수,경상자수,부상신고자수,사고유형,법규위반,노면상태,기상상태,도로형태,가해운전자 차종,가해운전자 성별,가해운전자 연령,가해운전자 상해정도,피해운전자 차종,피해운전자 성별,피해운전자 연령,피해운전자 상해정도
2014083100100324,2014년 8월 31일 15시,일요일,경상남도 양산시 교동,경상사고,0,0,1,0,차대차 - 기타,안전운전불이행,건조,맑음,단일로 - 기타,승용,여,52세,상해없음,자전거,남,6세,경상
2014083100100325,2014년 8월 31일 15시,일요일,경상남도 창원시 의창구 팔용동,경상사고,0,0,4,0,차대차 - 측면직각충돌,중앙선침범,건조,맑음,교차로 - 교차로부근,승용,남,25세,상해없음,승용,남,55세,경상
2014083100100349,2014년 8월 31일 16시,일요일,경상남도 사천시 동금동,경상사고,0,0,1,0,차대사람 - 횡단중,안전운전불이행,건조,맑음,단일로 - 기타,승용,남,36세,상해없음,보행자,여,48세,경상
2014083100100350,2014년 8월 31일 16시,일요일,경상남도 양산시 물금읍,경상사고,0,0,1,0,차대사람 - 기타,신호위반,건조,맑음,단일로 - 횡단보도상,승용,남,32세,상해없음,보행자,여,8세,경상
2014083100100351,2014년 8월 31일 16시,일요일,경상남도 김해시 진영읍,경상사고,0,0,2,0,차대차 - 정면충돌,중앙선침범,건조,맑음,교차로 - 교차로부근,승용,남,49세,상해없음,승용,남,31세,경상
2014083100100389,2014년 8월 31일 17시,일요일,경상남도 함양군 유림면,경상사고,0,0,2,2,차대차 - 정면충돌,중앙선침범,건조,맑음,교차로 - 교차로부근,화물,남,57세,상해없음,승용,여,56세,경상
2014083100100419,2014년 8월 31일 18시,일요일,경상남도 김해시 지내동,경상사고,0,0,1,0,차대차 - 측면직각충돌,안전운전불이행,건조,맑음,교차로 - 교차로안,자전거,여,23세,경상,승용,여,45세,상해없음
2014083100100420,2014년 8월 31일 18시,일요일,경상남도 김해시 삼방동,중상사고,0,1,0,0,차대차 - 측면직각충돌,안전운전불이행,건조,맑음,교차로 - 교차로안,승용,남,42세,상해없음,이륜,남,16세,중상
2014083100100421,2014년 8월 31일 18시,일요일,경상남도 거제시 덕포동,경상사고,0,0,1,0,차량단독 - 공작물충돌,안전운전불이행,건조,맑음,단일로 - 기타,화물,여,43세,상해없음,,,,
2014083100100450,2014년 8월 31일 19시,일요일,경상남도 진주시 평거동,중상사고,0,1,1,0,차대차 - 측면직각충돌,신호위반,건조,맑음,교차로 - 교차로안,이륜,남,16세,상해없음,승용,여,38세,경상
2014083100100451,2014년 8월 31일 19시,일요일,경상남도 진주시 명석면,중상사고,0,1,0,0,차량단독 - 전도전복,안전운전불이행,건조,맑음,단일로 - 기타,승용,여,56세,상해없음,,,,
2014083100100452,2014년 8월 31일 19시,일요일,경상남도 양산시 물금읍,중상사고,0,1,3,0,차대차 - 기타,안전거리미확보,건조,맑음,단일로 - 기타,화물,남,66세,상해없음,승용,남,51세,경상
2014083100100489,2014년 8월 31일 20시,일요일,경상남도 창원시 진해구 용원동,경상사고,0,0,1,0,차대차 - 기타,안전거리미확보,건조,맑음,교차로 - 교차로안,승용,여,29세,상해없음,원동기,남,17세,경상
2014083100100508,2014년 8월 31일 21시,일요일,경상남도 양산시 상북면,중상사고,0,1,0,0,차대사람 - 기타,안전운전불이행,건조,맑음,단일로 - 기타,승합,여,47세,상해없음,보행자,남,50세,중상
2014090100100008,2014년 9월 1일 00시,월요일,경상남도 거제시 장평동,중상사고,0,1,1,0,차대차 - 기타,신호위반,건조,맑음,교차로 - 교차로안,승용,남,30세,상해없음,승용,여,36세,중상
2014090100100087,2014년 9월 1일 07시,월요일,경상남도 진주시 신안동,중상사고,0,1,1,0,차대차 - 추돌 - 주정차중,안전운전불이행,건조,맑음,단일로 - 기타,화물,여,61세,경상,승용,여,44세,중상
2014090100100088,2014년 9월 1일 07시,월요일,경상남도 김해시 대동면,경상사고,0,0,1,0,차대차 - 측면직각충돌,기타,건조,맑음,교차로 - 교차로안,승합,남,54세,상해없음,화물,남,50세,경상
2014090100100089,2014년 9월 1일 07시,월요일,경상남도 양산시 신기동,중상사고,0,3,0,0,차대차 - 기타,안전거리미확보,건조,맑음,단일로 - 기타,화물,남,57세,중상,승용,남,43세,중상
2014090100100090,2014년 9월 1일 07시,월요일,경상남도 거제시 고현동,경상사고,0,0,1,0,차대차 - 기타,안전운전불이행,건조,맑음,교차로 - 교차로안,승용,여,62세,상해없음,자전거,남,43세,경상
2014090100100091,2014년 9월 1일 07시,월요일,경상남도 김해시 진영읍,경상사고,0,0,1,0,차대차 - 추돌 - 진행중,안전운전불이행,건조,맑음,단일로 - 기타,승용,기타불명,기타불명,기타불명,승용,남,27세,경상
2014090100100138,2014년 9월 1일 08시,월요일,경상남도 양산시 동면,경상사고,0,0,1,0,차대차 - 측면직각충돌,신호위반,건조,맑음,교차로 - 교차로안,승용,여,47세,상해없음,승용,여,23세,경상
2014090100100139,2014년 9월 1일 08시,월요일,경상남도 거제시 고현동,경상사고,0,0,1,0,차대사람 - 길가장자리구역통행중,안전운전불이행,건조,맑음,교차로 - 교차로부근,원동기,기타불명,기타불명,기타불명,보행자,남,15세,경상
2014090100100211,2014년 9월 1일 10시,월요일,경상남도 창원시 마산회원구 석전동,경상사고,0,0,1,0,차대차 - 추돌 - 주정차중,안전운전불이행,건조,맑음,단일로 - 기타,승용,남,60세,기타불명,승용,여,57세,경상
2014090100100239,2014년 9월 1일 11시,월요일,경상남도 합천군 합천읍,경상사고,0,0,3,0,차대차 - 추돌 - 진행중,교차로운행방법위반,건조,맑음,교차로 - 교차로안,이륜,남,75세,경상,승용,여,25세,경상
2014090100100240,2014년 9월 1일 11시,월요일,경상남도 하동군 하동읍,중상사고,0,1,0,1,차대차 - 추돌 - 진행중,안전운전불이행,건조,맑음,단일로 - 기타,원동기,남,74세,부상신고,화물,남,64세,상해없음
2014090100100241,2014년 9월 1일 11시,월요일,경상남도 거제시 거제면,중상사고,0,1,0,0,차대차 - 정면충돌,중앙선침범,건조,맑음,단일로 - 기타,승용,남,57세,상해없음,승용,여,28세,상해없음
2014090100100276,2014년 9월 1일 12시,월요일,경상남도 창원시 진해구 안골동,경상사고,0,0,1,0,차대차 - 기타,안전운전불이행,건조,맑음,단일로 - 기타,승용,남,64세,기타불명,승합,남,45세,경상
2014090100100277,2014년 9월 1일 12시,월요일,경상남도 창녕군 길곡면,경상사고,0,0,1,0,차대차 - 기타,중앙선침범,건조,맑음,단일로 - 기타,건설기계,남,52세,상해없음,화물,남,44세,경상
2014090100100278,2014년 9월 1일 12시,월요일,경상남도 고성군 하이면,중상사고,0,1,0,0,차대차 - 측면직각충돌,중앙선침범,건조,맑음,단일로 - 기타,승용,여,47세,상해없음,원동기,남,55세,중상
2014090100100304,2014년 9월 1일 13시,월요일,경상남도 거제시 장목면,경상사고,0,0,1,0,차대사람 - 기타,안전운전불이행,건조,맑음,단일로 - 기타,화물,남,63세,기타불명,보행자,남,44세,경상
2014090100100338,2014년 9월 1일 14시,월요일,경상남도 밀양시 무안면,중상사고,0,1,1,0,차대차 - 측면직각충돌,교차로운행방법위반,건조,맑음,교차로 - 교차로안,화물,남,67세,상해없음,화물,남,51세,경상
2014090100100339,2014년 9월 1일 14시,월요일,경상남도 김해시 동상동,중상사고,0,1,0,0,차대사람 - 차도통행중,안전운전불이행,건조,맑음,단일로 - 기타,이륜,남,45세,상해없음,보행자,여,36세,중상
2014090100100375,2014년 9월 1일 15시,월요일,경상남도 진주시 명석면,중상사고,0,2,0,0,차대차 - 추돌 - 진행중,교차로운행방법위반,건조,맑음,단일로 - 기타,승용,남,47세,상해없음,화물,남,47세,중상
2014090100100376,2014년 9월 1일 15시,월요일,경상남도 밀양시 내이동,경상사고,0,0,1,0,차대차 - 측면직각충돌,교차로운행방법위반,건조,맑음,교차로 - 교차로안,승용,남,55세,상해없음,자전거,여,71세,경상
2014090100100377,2014년 9월 1일 15시,월요일,경상남도 합천군 삼가면,중상사고,0,1,0,0,차대차 - 측면직각충돌,중앙선침범,건조,맑음,단일로 - 기타,이륜,남,76세,중상,화물,남,47세,상해없음
2014090100100378,2014년 9월 1일 15시,월요일,경상남도 창원시 의창구 북동,중상사고,0,1,0,0,차대사람 - 기타,안전운전불이행,건조,맑음,교차로 - 교차로안,승용,남,63세,상해없음,보행자,여,71세,중상
2014090100100425,2014년 9월 1일 16시,월요일,경상남도 김해시 외동,중상사고,0,1,0,0,차대차 - 추돌 - 진행중,안전거리미확보,건조,맑음,단일로 - 기타,이륜,남,53세,중상,승용,남,58세,상해없음
2014090100100426,2014년 9월 1일 16시,월요일,경상남도 함양군 안의면,사망사고,1,0,0,0,차대차 - 측면직각충돌,안전운전불이행,건조,맑음,단일로 - 기타,원동기,남,79세,사망,화물,남,66세,상해없음
2014090100100427,2014년 9월 1일 16시,월요일,경상남도 산청군 산청읍,사망사고,1,0,0,0,차대차 - 기타,기타,건조,맑음,단일로 - 기타,건설기계,남,49세,상해없음,이륜,남,33세,사망
2014090100100428,2014년 9월 1일 16시,월요일,경상남도 김해시 장유면,중상사고,0,2,0,0,차대차 - 추돌 - 주정차중,안전운전불이행,건조,맑음,단일로 - 기타,화물,남,30세,상해없음,승용,남,31세,중상
2014090100100471,2014년 9월 1일 17시,월요일,경상남도 사천시 사천읍,경상사고,0,0,1,0,차대사람 - 횡단중,안전운전불이행,건조,맑음,단일로 - 기타,승용,여,64세,상해없음,보행자,여,7세,경상
2014090100100472,2014년 9월 1일 17시,월요일,경상남도 창녕군 남지읍,중상사고,0,1,0,0,차대차 - 정면충돌,안전운전불이행,건조,맑음,기타 - 기타,승용,남,37세,상해없음,승용,남,32세,중상
2014090100100473,2014년 9월 1일 17시,월요일,경상남도 거제시 고현동,경상사고,0,0,1,0,차대사람 - 횡단중,보행자보호의무위반,건조,맑음,단일로 - 횡단보도상,이륜,남,16세,상해없음,보행자,남,59세,경상
2014090100100474,2014년 9월 1일 17시,월요일,경상남도 남해군 이동면,경상사고,0,0,1,0,차대차 - 측면직각충돌,안전운전불이행,건조,맑음,교차로 - 교차로부근,농기계,남,74세,경상,승용,남,36세,상해없음
2014090100100475,2014년 9월 1일 17시,월요일,경상남도 의령군 지정면,경상사고,0,0,1,0,차대차 - 기타,안전운전불이행,건조,맑음,교차로 - 교차로안,승용,남,33세,상해없음,이륜,남,72세,경상
2014090100100476,2014년 9월 1일 17시,월요일,경상남도 김해시 한림면,경상사고,0,0,1,0,차량단독 - 기타,안전운전불이행,건조,맑음,단일로 - 기타,화물,남,62세,경상,,,,
2014090100100539,2014년 9월 1일 18시,월요일,경상남도 밀양시 상남면,중상사고,0,1,0,0,차대차 - 추돌 - 진행중,안전운전불이행,건조,맑음,단일로 - 기타,승용,남,43세,상해없음,자전거,남,46세,중상
2014090100100540,2014년 9월 1일 18시,월요일,경상남도 산청군 시천면,중상사고,0,1,0,0,차대차 - 측면직각충돌,안전운전불이행,건조,맑음,교차로 - 교차로안,승용,여,34세,상해없음,자전거,남,54세,중상
2014090100100567,2014년 9월 1일 19시,월요일,경상남도 김해시 장유면,경상사고,0,0,1,0,차대차 - 추돌 - 진행중,안전거리미확보,건조,맑음,단일로 - 기타,화물,남,29세,상해없음,승용,여,38세,경상
2014090100100591,2014년 9월 1일 19시,월요일,경상남도 창원시 성산구 대방동,중상사고,0,1,1,0,차대차 - 추돌 - 진행중,안전운전불이행,건조,맑음,단일로 - 기타,승용,여,29세,상해없음,원동기,남,53세,중상
2014090100100592,2014년 9월 1일 19시,월요일,경상남도 창원시 의창구 동읍,중상사고,0,1,0,0,차대사람 - 길가장자리구역통행중,안전운전불이행,건조,맑음,단일로 - 기타,승용,여,31세,상해없음,보행자,여,76세,중상
2014090100100633,2014년 9월 1일 20시,월요일,경상남도 창원시 성산구 신촌동,중상사고,0,2,0,0,차대차 - 측면직각충돌,신호위반,건조,맑음,교차로 - 교차로안,승용,남,31세,상해없음,승용,남,53세,중상
2014090100100634,2014년 9월 1일 20시,월요일,경상남도 김해시 한림면,경상사고,0,0,1,0,차대차 - 추돌 - 주정차중,안전거리미확보,건조,맑음,교차로 - 교차로부근,승용,남,20세,상해없음,승용,남,33세,경상
2014090100100692,2014년 9월 1일 22시,월요일,경상남도 창원시 마산회원구 양덕동,중상사고,0,1,0,0,차대차 - 측면직각충돌,안전운전불이행,건조,맑음,교차로 - 교차로안,승용,남,46세,상해없음,이륜,남,40세,중상
2014090100100709,2014년 9월 1일 23시,월요일,경상남도 창원시 진해구 용원동,경상사고,0,0,1,0,차대차 - 기타,안전운전불이행,건조,맑음,단일로 - 기타,원동기,남,20세,경상,승용,남,36세,상해없음
2014090200100014,2014년 9월 2일 00시,화요일,경상남도 진주시 중안동,중상사고,0,1,0,0,차대차 - 측면직각충돌,신호위반,건조,맑음,교차로 - 교차로안,승용,남,46세,상해없음,승용,여,48세,중상
2014090200100015,2014년 9월 2일 00시,화요일,경상남도 김해시 장유면,경상사고,0,0,1,0,차대차 - 추돌 - 진행중,교차로운행방법위반,건조,맑음,교차로 - 교차로안,승용,남,30세,상해없음,승용,남,22세,경상
2014090200100035,2014년 9월 2일 02시,화요일,경상남도 사천시 용현면,경상사고,0,0,3,0,차대차 - 기타,안전운전불이행,건조,맑음,단일로 - 기타,승용,남,18세,상해없음,승용,남,52세,경상
2014090200100062,2014년 9월 2일 05시,화요일,경상남도 창원시 마산합포구 오동동,중상사고,0,1,0,0,차대차 - 측면직각충돌,안전운전불이행,건조,흐림,교차로 - 교차로부근,승용,남,65세,상해없음,승용,남,58세,상해없음
2014090200100102,2014년 9월 2일 07시,화요일,경상남도 김해시 부원동,중상사고,0,1,0,0,차대사람 - 기타,안전운전불이행,건조,맑음,단일로 - 기타,승용,남,65세,상해없음,보행자,여,70세,중상
2014090200100103,2014년 9월 2일 07시,화요일,경상남도 창원시 성산구 대방동,중상사고,0,1,0,0,차대사람 - 기타,안전운전불이행,건조,맑음,단일로 - 기타,승합,남,63세,상해없음,보행자,여,42세,중상
2014090200100147,2014년 9월 2일 08시,화요일,경상남도 창원시 진해구 죽곡동,중상사고,0,1,0,0,차대차 - 기타,안전운전불이행,습기,비,단일로 - 기타,건설기계,남,44세,상해없음,승용,여,33세,중상
2014090200100148,2014년 9월 2일 08시,화요일,경상남도 하동군 하동읍,경상사고,0,0,1,0,차대사람 - 차도통행중,안전운전불이행,건조,맑음,단일로 - 기타,승용,남,52세,기타불명,보행자,여,54세,경상
2014090200100177,2014년 9월 2일 09시,화요일,경상남도 진주시 금산면,중상사고,0,1,0,0,차대사람 - 기타,안전운전불이행,건조,맑음,단일로 - 기타,승용,남,73세,상해없음,보행자,여,86세,중상
2014090200100178,2014년 9월 2일 09시,화요일,경상남도 사천시 이홀동,중상사고,0,1,1,0,차대차 - 정면충돌,중앙선침범,건조,맑음,단일로 - 기타,이륜,남,54세,중상,화물,남,55세,경상
2014090200100179,2014년 9월 2일 09시,화요일,경상남도 양산시 덕계동,경상사고,0,0,2,0,차대차 - 측면직각충돌,교차로운행방법위반,건조,맑음,교차로 - 교차로안,승용,남,30세,경상,승용,남,52세,경상
2014090200100209,2014년 9월 2일 10시,화요일,경상남도 김해시 대동면,중상사고,0,1,0,0,차대차 - 측면직각충돌,안전운전불이행,건조,맑음,단일로 - 교량,화물,여,59세,상해없음,원동기,여,55세,중상
2014090200100210,2014년 9월 2일 10시,화요일,경상남도 합천군 적중면,중상사고,0,1,0,0,차대사람 - 길가장자리구역통행중,안전운전불이행,건조,맑음,교차로 - 교차로부근,승용,남,66세,상해없음,보행자,여,72세,중상
2014090200100211,2014년 9월 2일 10시,화요일,경상남도 하동군 금남면,경상사고,0,0,4,0,차대차 - 측면직각충돌,안전운전불이행,건조,맑음,단일로 - 기타,승용,남,70세,상해없음,승용,여,34세,경상
2014090200100249,2014년 9월 2일 11시,화요일,경상남도 김해시 진영읍,중상사고,0,1,3,0,차대차 - 추돌 - 주정차중,안전운전불이행,기타,흐림,단일로 - 기타,화물,남,62세,상해없음,승용,여,42세,상해없음
2014090200100308,2014년 9월 2일 13시,화요일,경상남도 진주시 문산읍,경상사고,0,0,1,0,차대차 - 추돌 - 진행중,안전운전불이행,건조,맑음,단일로 - 기타,승용,여,46세,기타불명,화물,남,49세,경상
2014090200100309,2014년 9월 2일 13시,화요일,경상남도 통영시 서호동,중상사고,0,1,0,0,차대사람 - 횡단중,보행자보호의무위반,건조,맑음,단일로 - 횡단보도상,승용,여,53세,상해없음,보행자,여,58세,중상
2014090200100310,2014년 9월 2일 13시,화요일,경상남도 합천군 야로면,중상사고,0,1,0,0,차량단독 - 도로외이탈 - 추락,안전운전불이행,건조,맑음,단일로 - 기타,건설기계,남,56세,중상,,,,
2014090200100311,2014년 9월 2일 13시,화요일,경상남도 거제시 고현동,경상사고,0,0,1,0,차대차 - 측면직각충돌,안전거리미확보,건조,맑음,교차로 - 교차로부근,승용,남,23세,상해없음,승용,여,43세,경상
2014090200100343,2014년 9월 2일 14시,화요일,경상남도 김해시 부원동,중상사고,0,1,0,0,차대사람 - 횡단중,안전운전불이행,건조,맑음,교차로 - 교차로안,화물,남,42세,상해없음,보행자,남,44세,중상
2014090200100383,2014년 9월 2일 15시,화요일,경상남도 김해시 삼정동,중상사고,0,1,0,0,차대차 - 측면직각충돌,안전운전불이행,건조,맑음,교차로 - 교차로안,승용,남,49세,상해없음,승합,남,32세,중상
2014090200100384,2014년 9월 2일 15시,화요일,경상남도 양산시 중부동,경상사고,0,0,1,0,차대사람 - 기타,안전운전불이행,건조,맑음,단일로 - 기타,기타불명,기타불명,기타불명,기타불명,보행자,남,12세,경상
2014090200100422,2014년 9월 2일 16시,화요일,경상남도 양산시 남부동,부상신고사고,0,0,0,1,차대사람 - 횡단중,안전운전불이행,건조,맑음,교차로 - 교차로부근,승용,여,31세,상해없음,보행자,남,5세,부상신고
2014090200100467,2014년 9월 2일 17시,화요일,경상남도 김해시 봉황동,경상사고,0,0,1,0,차대차 - 추돌 - 주정차중,안전운전불이행,건조,흐림,교차로 - 교차로부근,승용,남,67세,상해없음,원동기,남,67세,경상
2014090200100468,2014년 9월 2일 17시,화요일,경상남도 함안군 칠원면,경상사고,0,0,1,0,차대차 - 기타,안전운전불이행,건조,흐림,교차로 - 교차로안,승용,여,36세,경상,화물,남,41세,상해없음
2014090200100522,2014년 9월 2일 18시,화요일,경상남도 밀양시 삼랑진읍,경상사고,0,0,1,0,차대차 - 추돌 - 진행중,안전거리미확보,건조,맑음,단일로 - 기타,승용,남,32세,상해없음,승용,남,62세,경상
2014090200100523,2014년 9월 2일 18시,화요일,경상남도 김해시 동상동,중상사고,0,1,0,0,차대차 - 측면직각충돌,안전운전불이행,습기,비,교차로 - 교차로안,승용,남,29세,상해없음,승용,남,57세,상해없음
2014090200100524,2014년 9월 2일 18시,화요일,경상남도 양산시 원동면,중상사고,0,1,0,0,차대차 - 측면직각충돌,중앙선침범,습기,비,단일로 - 기타,화물,남,61세,상해없음,화물,남,47세,중상
2014090200100525,2014년 9월 2일 18시,화요일,경상남도 거제시 고현동,중상사고,0,1,0,0,차대사람 - 횡단중,보행자보호의무위반,건조,흐림,단일로 - 횡단보도상,승용,남,62세,상해없음,보행자,여,13세,중상
2014090200100526,2014년 9월 2일 18시,화요일,경상남도 거제시 고현동,경상사고,0,0,1,0,차대차 - 기타,안전거리미확보,건조,맑음,교차로 - 교차로부근,승용,여,45세,기타불명,승합,남,48세,경상
2014090200100527,2014년 9월 2일 18시,화요일,경상남도 창원시 성산구 내동,경상사고,0,0,1,0,차대차 - 측면직각충돌,교차로운행방법위반,습기,비,교차로 - 교차로안,승용,남,51세,상해없음,승용,남,41세,경상
2014090200100528,2014년 9월 2일 18시,화요일,경상남도 김해시 진영읍,중상사고,0,1,1,0,차대차 - 추돌 - 주정차중,안전운전불이행,습기,비,단일로 - 기타,화물,남,40세,상해없음,승합,남,48세,중상
2014090200100590,2014년 9월 2일 19시,화요일,경상남도 양산시 남부동,중상사고,0,1,0,1,차대차 - 추돌 - 주정차중,안전거리미확보,건조,맑음,단일로 - 기타,승합,남,53세,상해없음,승용,여,30세,중상
2014090200100591,2014년 9월 2일 19시,화요일,경상남도 산청군 신안면,중상사고,0,3,0,0,차대차 - 측면직각충돌,안전운전불이행,습기,비,단일로 - 기타,화물,남,50세,상해없음,화물,남,61세,중상
2014090200100592,2014년 9월 2일 19시,화요일,경상남도 함안군 가야읍,사망사고,1,0,0,0,차대사람 - 횡단중,안전운전불이행,습기,비,단일로 - 기타,승용,남,29세,상해없음,보행자,여,81세,사망
2014090200100593,2014년 9월 2일 19시,화요일,경상남도 김해시 장유면,중상사고,0,1,0,0,차대차 - 기타,안전운전불이행,건조,맑음,교차로 - 교차로안,기타불명,기타불명,기타불명,기타불명,원동기,남,36세,중상
2014090200100651,2014년 9월 2일 20시,화요일,경상남도 사천시 사남면,경상사고,0,0,2,0,차대차 - 추돌 - 진행중,안전운전불이행,습기,비,교차로 - 교차로부근,승용,남,55세,상해없음,승용,남,24세,경상
2014090200100652,2014년 9월 2일 20시,화요일,경상남도 거제시 사등면,경상사고,0,0,1,0,차대차 - 기타,안전거리미확보,건조,맑음,단일로 - 기타,승용,남,38세,상해없음,승용,여,41세,경상
2014090200100708,2014년 9월 2일 21시,화요일,경상남도 진주시 수정동,경상사고,0,0,1,0,차대차 - 기타,안전운전불이행,습기,비,교차로 - 교차로안,자전거,남,51세,경상,승용,여,53세,상해없음
2014090200100709,2014년 9월 2일 21시,화요일,경상남도 진주시 진성면,중상사고,0,2,0,1,차대차 - 기타,직진우회전진행방해,습기,비,교차로 - 교차로안,화물,남,43세,부상신고,승용,여,31세,중상
2014090200100710,2014년 9월 2일 21시,화요일,경상남도 김해시 외동,경상사고,0,0,2,0,차대차 - 측면직각충돌,신호위반,습기,흐림,교차로 - 교차로안,화물,남,60세,상해없음,승용,남,56세,경상
2014090200100764,2014년 9월 2일 22시,화요일,경상남도 통영시 북신동,경상사고,0,0,1,0,차대사람 - 기타,안전운전불이행,습기,비,단일로 - 기타,기타불명,기타불명,기타불명,기타불명,보행자,남,11세,경상
2014090200100765,2014년 9월 2일 22시,화요일,경상남도 창원시 마산회원구 내서읍,중상사고,0,1,0,0,차대사람 - 기타,안전운전불이행,습기,비,단일로 - 기타,화물,남,66세,상해없음,보행자,남,41세,중상
2014090200100766,2014년 9월 2일 22시,화요일,경상남도 창원시 의창구 봉곡동,중상사고,0,1,0,0,차대차 - 추돌 - 진행중,안전운전불이행,습기,비,단일로 - 기타,승합,남,48세,상해없음,원동기,남,22세,중상
2014090200100767,2014년 9월 2일 22시,화요일,경상남도 김해시 진영읍,중상사고,0,1,0,0,차대차 - 정면충돌,신호위반,습기,비,교차로 - 교차로안,승용,남,44세,상해없음,이륜,남,40세,중상
2014090200100768,2014년 9월 2일 22시,화요일,경상남도 창원시 의창구 동읍,중상사고,0,3,6,2,차대차 - 추돌 - 주정차중,안전운전불이행,습기,비,단일로 - 기타,화물,남,46세,기타불명,승합,남,57세,상해없음
2014090200100816,2014년 9월 2일 23시,화요일,경상남도 진주시 상대동,중상사고,0,1,0,0,차대사람 - 기타,안전운전불이행,습기,비,교차로 - 교차로부근,승용,남,41세,상해없음,보행자,남,51세,중상
2014090200100817,2014년 9월 2일 23시,화요일,경상남도 양산시 상북면,중상사고,0,1,0,0,차대사람 - 횡단중,안전운전불이행,습기,비,단일로 - 기타,승용,남,45세,상해없음,보행자,남,37세,중상
2014090300100070,2014년 9월 3일 01시,수요일,경상남도 하동군 고전면,중상사고,0,2,0,0,차량단독 - 도로외이탈 - 추락,안전운전불이행,습기,비,단일로 - 기타,화물,남,19세,중상,,,,
2014090300100135,2014년 9월 3일 05시,수요일,경상남도 거제시 일운면,경상사고,0,0,2,0,차대차 - 기타,중앙선침범,건조,맑음,단일로 - 기타,승용,남,53세,상해없음,승용,남,59세,경상
2014090300100174,2014년 9월 3일 07시,수요일,경상남도 고성군 마암면,경상사고,0,0,2,0,차대차 - 추돌 - 주정차중,안전거리미확보,습기,비,단일로 - 기타,승용,남,53세,상해없음,승용,남,53세,경상
2014090300100216,2014년 9월 3일 08시,수요일,경상남도 거창군 거창읍,중상사고,0,1,0,0,차대차 - 측면직각충돌,중앙선침범,습기,비,단일로 - 기타,화물,남,42세,상해없음,승용,남,45세,중상
2014090300100217,2014년 9월 3일 08시,수요일,경상남도 양산시 중부동,경상사고,0,0,1,0,차대차 - 측면직각충돌,교차로운행방법위반,습기,비,교차로 - 교차로안,승용,여,58세,상해없음,승용,남,57세,경상
2014090300100244,2014년 9월 3일 09시,수요일,경상남도 진주시 상평동,경상사고,0,0,1,0,차대차 - 추돌 - 진행중,안전거리미확보,습기,흐림,교차로 - 교차로부근,승용,남,45세,상해없음,승용,여,48세,상해없음
2014090300100273,2014년 9월 3일 10시,수요일,경상남도 창원시 진해구 석동,중상사고,0,1,0,0,차대차 - 기타,교차로운행방법위반,습기,비,교차로 - 교차로안,원동기,남,65세,중상,승용,여,62세,상해없음
2014090300100297,2014년 9월 3일 11시,수요일,경상남도 창원시 진해구 용원동,경상사고,0,0,2,0,차대차 - 기타,안전운전불이행,습기,비,교차로 - 교차로부근,화물,남,26세,경상,승용,여,45세,경상
2014090300100298,2014년 9월 3일 11시,수요일,경상남도 의령군 봉수면,경상사고,0,0,1,0,차대차 - 기타,안전운전불이행,건조,맑음,단일로 - 기타,특수,남,40세,상해없음,자전거,남,66세,경상
2014090300100326,2014년 9월 3일 12시,수요일,경상남도 진주시 진성면,경상사고,0,0,1,0,차대차 - 측면직각충돌,안전운전불이행,건조,맑음,단일로 - 기타,화물,남,33세,상해없음,승용,여,47세,경상
2014090300100327,2014년 9월 3일 12시,수요일,경상남도 김해시 부원동,중상사고,0,1,1,0,차대차 - 측면직각충돌,신호위반,습기,비,교차로 - 교차로안,승용,남,47세,기타불명,승용,여,28세,중상
2014090300100366,2014년 9월 3일 13시,수요일,경상남도 김해시 장유면,중상사고,0,1,0,0,차대사람 - 차도통행중,안전운전불이행,습기,흐림,기타 - 기타,승용,남,62세,상해없음,보행자,여,54세,중상
2014090300100396,2014년 9월 3일 14시,수요일,경상남도 진주시 이반성면,사망사고,1,0,0,0,차량단독 - 공작물충돌,안전운전불이행,습기,비,단일로 - 기타,화물,남,46세,사망,,,,
2014090300100397,2014년 9월 3일 14시,수요일,경상남도 김해시 생림면,사망사고,1,0,0,0,차량단독 - 공작물충돌,안전운전불이행,습기,비,단일로 - 기타,승용,여,50세,기타불명,,,,
2014090300100398,2014년 9월 3일 14시,수요일,경상남도 창녕군 부곡면,경상사고,0,0,2,0,차대차 - 측면직각충돌,안전운전불이행,습기,비,교차로 - 교차로부근,화물,남,61세,상해없음,승용,남,68세,경상
2014090300100399,2014년 9월 3일 14시,수요일,경상남도 창원시 성산구 중앙동,중상사고,0,1,0,0,차대차 - 기타,안전운전불이행,습기,비,교차로 - 교차로안,승합,남,47세,상해없음,원동기,남,53세,중상
2014090300100400,2014년 9월 3일 14시,수요일,경상남도 창원시 의창구 팔용동,경상사고,0,0,1,0,차대차 - 측면직각충돌,안전운전불이행,습기,비,교차로 - 교차로부근,승용,여,45세,상해없음,원동기,남,16세,경상
2014090300100445,2014년 9월 3일 15시,수요일,경상남도 사천시 사천읍,중상사고,0,1,1,0,차대차 - 기타,신호위반,건조,맑음,교차로 - 교차로안,승용,남,67세,상해없음,화물,남,20세,중상
2014090300100446,2014년 9월 3일 15시,수요일,경상남도 창원시 마산회원구 내서읍,경상사고,0,0,1,0,차량단독 - 공작물충돌,안전운전불이행,습기,비,단일로 - 기타,승용,남,50세,경상,,,,