사고번호,사고일시,요일,시군구,사고내용,사망자수,중상자수,경상자수,부상신고자수,사고유형,법규위반,노면상태,기상상태,도로형태,가해운전자 차종,가해운전자 성별,가해운전자 연령,가해운전자 상해정도,피해운전자 차종,피해운전자 성별,피해운전자 연령,피해운전자 상해정도
2014091300100334,2014년 9월 13일 14시,토요일,경상남도 창원시 진해구 자은동,경상사고,0,0,2,0,차대차 - 측면직각충돌,안전거리미확보,건조,맑음,단일로 - 기타,승용,남,56세,상해없음,승용,남,70세,경상
2014091300100335,2014년 9월 13일 14시,토요일,경상남도 통영시 도산면,중상사고,0,2,0,0,차대차 - 측면직각충돌,안전거리미확보,건조,맑음,단일로 - 기타,화물,남,54세,상해없음,화물,남,66세,중상
2014091300100336,2014년 9월 13일 14시,토요일,경상남도 거제시 두모동,경상사고,0,0,2,0,차대차 - 기타,안전운전불이행,건조,흐림,단일로 - 기타,승용,남,64세,상해없음,승용,남,33세,경상
2014091300100395,2014년 9월 13일 16시,토요일,경상남도 김해시 부원동,경상사고,0,0,1,0,차대차 - 추돌 - 주정차중,안전운전불이행,건조,맑음,단일로 - 기타,이륜,남,44세,경상,승용,여,61세,상해없음
2014091300100397,2014년 9월 13일 16시,토요일,경상남도 창원시 의창구 봉곡동,경상사고,0,0,1,0,차대사람 - 기타,안전운전불이행,건조,맑음,단일로 - 기타,승용,남,68세,상해없음,보행자,여,16세,경상
2014091300100433,2014년 9월 13일 17시,토요일,경상남도 통영시 광도면,중상사고,0,1,0,0,차대차 - 측면직각충돌,신호위반,건조,맑음,교차로 - 교차로안,승용,여,48세,상해없음,이륜,남,69세,중상
2014091300100469,2014년 9월 13일 18시,토요일,경상남도 통영시 무전동,경상사고,0,0,1,0,차대차 - 측면직각충돌,불법유턴,건조,맑음,교차로 - 교차로안,승용,남,33세,상해없음,이륜,남,20세,경상
2014091300100470,2014년 9월 13일 18시,토요일,경상남도 김해시 외동,경상사고,0,0,1,0,차량단독 - 기타,안전운전불이행,건조,맑음,교차로 - 교차로부근,이륜,남,18세,경상,,,,
2014091300100471,2014년 9월 13일 18시,토요일,경상남도 양산시 소주동,경상사고,0,0,1,0,차대차 - 측면직각충돌,직진우회전진행방해,건조,맑음,교차로 - 교차로안,승용,남,72세,상해없음,승용,남,56세,경상
2014091300100510,2014년 9월 13일 19시,토요일,경상남도 고성군 고성읍,경상사고,0,0,1,0,차대사람 - 보도통행중,신호위반,건조,맑음,단일로 - 횡단보도상,승용,남,42세,상해없음,보행자,여,74세,경상
2014091300100547,2014년 9월 13일 20시,토요일,경상남도 통영시 항남동,경상사고,0,0,1,0,차대사람 - 횡단중,안전운전불이행,건조,맑음,교차로 - 교차로안,화물,남,55세,상해없음,보행자,여,40세,경상
2014091300100595,2014년 9월 13일 22시,토요일,경상남도 창원시 마산합포구 해운동,경상사고,0,0,3,0,차대차 - 추돌 - 진행중,안전운전불이행,건조,맑음,단일로 - 기타,승용,여,41세,상해없음,승용,남,33세,경상
2014091300100596,2014년 9월 13일 22시,토요일,경상남도 김해시 내동,중상사고,0,2,1,0,차대차 - 측면직각충돌,직진우회전진행방해,건조,맑음,교차로 - 교차로부근,승용,여,50세,상해없음,승용,남,59세,경상
2014091300100597,2014년 9월 13일 22시,토요일,경상남도 양산시 북정동,경상사고,0,0,1,0,차대사람 - 기타,안전운전불이행,건조,맑음,단일로 - 기타,승용,남,57세,상해없음,보행자,남,21세,경상
2014091300100609,2014년 9월 13일 23시,토요일,경상남도 양산시 하북면,경상사고,0,0,2,0,차대차 - 추돌 - 진행중,안전운전불이행,건조,맑음,단일로 - 기타,승용,남,48세,상해없음,화물,남,29세,경상
2014091400100019,2014년 9월 14일 01시,일요일,경상남도 양산시 동면,중상사고,0,1,1,0,차대차 - 추돌 - 진행중,안전운전불이행,건조,맑음,단일로 - 기타,승용,남,26세,상해없음,화물,남,57세,중상
2014091400100039,2014년 9월 14일 02시,일요일,경상남도 창원시 마산합포구 반월동,경상사고,0,0,1,0,차대차 - 측면직각충돌,안전운전불이행,건조,맑음,교차로 - 교차로안,승용,남,38세,상해없음,승용,남,55세,상해없음
2014091400100040,2014년 9월 14일 02시,일요일,경상남도 통영시 무전동,경상사고,0,0,1,0,차대차 - 측면직각충돌,교차로운행방법위반,건조,맑음,교차로 - 교차로안,승용,남,54세,상해없음,승용,남,68세,상해없음
2014091400100050,2014년 9월 14일 03시,일요일,경상남도 거제시 고현동,경상사고,0,0,1,0,차대사람 - 횡단중,안전운전불이행,건조,맑음,단일로 - 기타,승용,여,43세,상해없음,보행자,남,21세,경상
2014091400100061,2014년 9월 14일 04시,일요일,경상남도 김해시 삼정동,경상사고,0,0,1,0,차대차 - 측면직각충돌,안전운전불이행,건조,맑음,교차로 - 교차로부근,승용,남,23세,상해없음,승용,남,43세,경상
2014091400100113,2014년 9월 14일 08시,일요일,경상남도 거제시 고현동,중상사고,0,2,0,0,차대차 - 기타,중앙선침범,건조,맑음,단일로 - 기타,승용,여,50세,상해없음,승용,남,51세,중상
2014091400100167,2014년 9월 14일 11시,일요일,경상남도 창원시 성산구 상남동,중상사고,0,1,0,0,차대사람 - 기타,안전운전불이행,건조,맑음,단일로 - 교량,승용,남,31세,상해없음,보행자,여,47세,중상
2014091400100191,2014년 9월 14일 12시,일요일,경상남도 의령군 정곡면,경상사고,0,0,1,0,차대차 - 측면직각충돌,교차로운행방법위반,건조,맑음,교차로 - 교차로안,원동기,남,77세,경상,승용,남,50세,상해없음
2014091400100244,2014년 9월 14일 14시,일요일,경상남도 창원시 진해구 이동,경상사고,0,0,1,0,차대차 - 측면직각충돌,안전거리미확보,건조,맑음,교차로 - 교차로안,승용,남,25세,상해없음,승용,여,38세,경상
2014091400100245,2014년 9월 14일 14시,일요일,경상남도 함양군 함양읍,부상신고사고,0,0,0,1,차대차 - 측면직각충돌,기타,건조,맑음,교차로 - 교차로안,원동기,남,17세,부상신고,승용,남,28세,상해없음
2014091400100246,2014년 9월 14일 14시,일요일,경상남도 창원시 마산회원구 석전동,중상사고,0,1,0,0,차대차 - 기타,안전운전불이행,건조,맑음,단일로 - 기타,승용,남,60세,상해없음,원동기,여,53세,중상
2014091400100269,2014년 9월 14일 15시,일요일,경상남도 사천시 서동,중상사고,0,1,0,0,차대사람 - 길가장자리구역통행중,안전운전불이행,건조,맑음,교차로 - 교차로안,승용,남,50세,상해없음,보행자,여,54세,중상
2014091400100270,2014년 9월 14일 15시,일요일,경상남도 거제시 거제면,중상사고,0,2,0,0,차대차 - 기타,안전거리미확보,건조,맑음,단일로 - 기타,승용,남,73세,상해없음,화물,남,77세,중상
2014091400100271,2014년 9월 14일 15시,일요일,경상남도 의령군 의령읍,경상사고,0,0,3,0,차대차 - 측면직각충돌,교차로운행방법위반,건조,맑음,교차로 - 교차로안,승용,여,57세,상해없음,승용,남,68세,경상
2014091400100306,2014년 9월 14일 16시,일요일,경상남도 창원시 마산합포구 예곡동,부상신고사고,0,0,0,1,차대차 - 측면직각충돌,안전운전불이행,건조,맑음,단일로 - 기타,승용,남,32세,부상신고,승용,남,44세,상해없음
2014091400100307,2014년 9월 14일 16시,일요일,경상남도 김해시 진영읍,부상신고사고,0,0,0,1,차량단독 - 공작물충돌,안전운전불이행,건조,맑음,단일로 - 기타,승용,여,54세,부상신고,,,,
2014091400100344,2014년 9월 14일 17시,일요일,경상남도 김해시 삼정동,경상사고,0,0,1,0,차대차 - 측면직각충돌,안전운전불이행,건조,맑음,단일로 - 기타,자전거,남,9세,경상,이륜,남,23세,상해없음
2014091400100402,2014년 9월 14일 19시,일요일,경상남도 창원시 의창구 동읍,중상사고,0,1,1,0,차대차 - 추돌 - 주정차중,안전운전불이행,건조,맑음,단일로 - 기타,화물,남,31세,상해없음,승합,남,51세,중상
2014091400100468,2014년 9월 14일 22시,일요일,경상남도 거제시 장승포동,경상사고,0,0,1,0,차대사람 - 기타,안전운전불이행,건조,맑음,단일로 - 기타,승용,남,18세,상해없음,보행자,남,43세,경상
2014091500100028,2014년 9월 15일 05시,월요일,경상남도 창원시 진해구 장천동,경상사고,0,0,2,0,차대차 - 추돌 - 주정차중,안전운전불이행,건조,맑음,교차로 - 교차로부근,화물,남,74세,상해없음,승용,남,58세,경상
2014091500100029,2014년 9월 15일 05시,월요일,경상남도 밀양시 상남면,사망사고,1,0,0,0,차대사람 - 차도통행중,안전운전불이행,건조,맑음,단일로 - 기타,화물,남,36세,상해없음,보행자,여,77세,사망
2014091500100040,2014년 9월 15일 06시,월요일,경상남도 거제시 고현동,중상사고,0,1,0,0,차대차 - 기타,안전거리미확보,건조,맑음,교차로 - 교차로부근,승용,남,55세,상해없음,승용,남,65세,중상
2014091500100057,2014년 9월 15일 07시,월요일,경상남도 통영시 광도면,경상사고,0,0,3,0,차대차 - 측면직각충돌,중앙선침범,건조,맑음,단일로 - 기타,승용,남,37세,상해없음,원동기,남,32세,경상
2014091500100058,2014년 9월 15일 07시,월요일,경상남도 양산시 물금읍,중상사고,0,1,0,0,차대차 - 기타,신호위반,건조,맑음,교차로 - 교차로안,승용,여,29세,상해없음,승용,남,47세,중상
2014091500100097,2014년 9월 15일 08시,월요일,경상남도 거제시 둔덕면,사망사고,1,0,0,0,차대사람 - 기타,안전운전불이행,건조,맑음,단일로 - 기타,승용,여,47세,상해없음,보행자,여,79세,사망
2014091500100098,2014년 9월 15일 08시,월요일,경상남도 거제시 장평동,경상사고,0,0,1,0,차대차 - 기타,안전거리미확보,건조,맑음,교차로 - 교차로부근,승용,남,50세,기타불명,승용,남,46세,경상
2014091500100099,2014년 9월 15일 08시,월요일,경상남도 의령군 용덕면,중상사고,0,1,0,0,차대차 - 측면직각충돌,교차로운행방법위반,습기,맑음,교차로 - 교차로안,승용,여,45세,상해없음,승용,여,27세,중상
2014091500100135,2014년 9월 15일 09시,월요일,경상남도 창원시 마산회원구 합성동,경상사고,0,0,1,0,차대사람 - 기타,안전운전불이행,건조,맑음,단일로 - 기타,화물,남,24세,상해없음,보행자,여,69세,경상
2014091500100162,2014년 9월 15일 10시,월요일,경상남도 창원시 마산합포구 청계동,중상사고,0,1,0,0,차대사람 - 횡단중,안전운전불이행,건조,맑음,교차로 - 교차로안,화물,남,52세,상해없음,보행자,여,77세,중상
2014091500100163,2014년 9월 15일 10시,월요일,경상남도 양산시 명동,경상사고,0,0,1,0,차대차 - 기타,신호위반,건조,맑음,교차로 - 교차로안,화물,남,23세,상해없음,승용,여,52세,경상
2014091500100164,2014년 9월 15일 10시,월요일,경상남도 김해시 진영읍,경상사고,0,0,1,0,차대차 - 기타,안전거리미확보,건조,맑음,기타 - 기타,건설기계,남,50세,상해없음,승용,여,54세,경상
2014091500100223,2014년 9월 15일 12시,월요일,경상남도 김해시 장유면,경상사고,0,0,1,0,차대차 - 기타,직진우회전진행방해,건조,맑음,교차로 - 교차로안,승용,여,38세,상해없음,승용,남,47세,경상
2014091500100250,2014년 9월 15일 13시,월요일,경상남도 창원시 성산구 대방동,중상사고,0,1,0,0,차대사람 - 기타,보행자보호의무위반,건조,맑음,단일로 - 기타,승용,남,46세,상해없음,보행자,남,93세,중상
2014091500100276,2014년 9월 15일 14시,월요일,경상남도 거제시 아주동,중상사고,0,1,0,0,차대사람 - 횡단중,안전운전불이행,건조,맑음,기타 - 기타,승용,남,48세,상해없음,보행자,여,48세,중상
2014091500100308,2014년 9월 15일 15시,월요일,경상남도 진주시 초전동,중상사고,0,1,0,0,차대차 - 측면직각충돌,직진우회전진행방해,건조,맑음,교차로 - 교차로안,승용,여,46세,상해없음,승용,남,49세,중상
2014091500100309,2014년 9월 15일 15시,월요일,경상남도 밀양시 상남면,중상사고,0,1,0,0,차대차 - 추돌 - 진행중,안전운전불이행,건조,맑음,교차로 - 교차로부근,화물,남,52세,상해없음,승용,여,54세,중상
2014091500100310,2014년 9월 15일 15시,월요일,경상남도 김해시 어방동,경상사고,0,0,1,0,차대차 - 측면직각충돌,안전운전불이행,건조,맑음,단일로 - 기타,승용,남,61세,경상,승합,남,68세,상해없음
2014091500100311,2014년 9월 15일 15시,월요일,경상남도 고성군 삼산면,경상사고,0,0,3,0,차대차 - 추돌 - 진행중,안전거리미확보,건조,맑음,단일로 - 기타,승합,남,44세,상해없음,승용,여,26세,경상
2014091500100312,2014년 9월 15일 15시,월요일,경상남도 김해시 주촌면,중상사고,0,1,0,0,차대차 - 기타,중앙선침범,건조,맑음,기타 - 기타,승용,남,33세,상해없음,승용,남,66세,중상
2014091500100339,2014년 9월 15일 16시,월요일,경상남도 통영시 무전동,중상사고,0,1,0,0,차대사람 - 기타,안전운전불이행,건조,맑음,단일로 - 기타,승용,남,28세,상해없음,보행자,남,19세,중상
2014091500100340,2014년 9월 15일 16시,월요일,경상남도 김해시 동상동,중상사고,0,1,0,0,차대차 - 측면직각충돌,신호위반,건조,맑음,교차로 - 교차로부근,이륜,남,18세,중상,승용,남,59세,상해없음
2014091500100341,2014년 9월 15일 16시,월요일,경상남도 김해시 삼방동,중상사고,0,1,1,0,차대차 - 정면충돌,중앙선침범,건조,맑음,단일로 - 기타,승용,여,25세,경상,승용,남,53세,중상
2014091500100342,2014년 9월 15일 16시,월요일,경상남도 함양군 안의면,경상사고,0,0,1,0,차대차 - 측면직각충돌,안전운전불이행,건조,맑음,단일로 - 기타,승용,남,68세,상해없음,이륜,여,48세,경상
2014091500100376,2014년 9월 15일 17시,월요일,경상남도 김해시 삼방동,중상사고,0,1,0,0,차대차 - 측면직각충돌,안전운전불이행,건조,맑음,교차로 - 교차로안,승용,여,40세,상해없음,이륜,여,33세,중상
2014091500100377,2014년 9월 15일 17시,월요일,경상남도 양산시 동면,중상사고,0,1,0,0,차대차 - 기타,안전운전불이행,건조,맑음,교차로 - 교차로부근,화물,남,57세,상해없음,건설기계,남,58세,상해없음
2014091500100378,2014년 9월 15일 17시,월요일,경상남도 창원시 마산회원구 합성동,중상사고,0,1,0,0,차대차 - 측면직각충돌,안전운전불이행,건조,맑음,단일로 - 기타,승용,여,40세,상해없음,원동기,남,32세,중상
2014091500100379,2014년 9월 15일 17시,월요일,경상남도 김해시 명법동,중상사고,0,1,0,0,차대차 - 기타,신호위반,건조,맑음,교차로 - 교차로안,화물,남,61세,상해없음,승용,여,39세,중상
2014091500100417,2014년 9월 15일 18시,월요일,경상남도 거제시 장목면,중상사고,0,1,0,0,차대차 - 기타,교차로운행방법위반,건조,맑음,교차로 - 교차로안,화물,남,35세,상해없음,이륜,남,43세,중상
2014091500100418,2014년 9월 15일 18시,월요일,경상남도 김해시 진례면,경상사고,0,0,1,0,차대사람 - 기타,안전운전불이행,건조,맑음,교차로 - 교차로부근,승용,남,31세,기타불명,보행자,남,13세,경상
2014091500100461,2014년 9월 15일 19시,월요일,경상남도 진주시 가좌동,중상사고,0,1,0,0,차대사람 - 횡단중,과속,건조,맑음,교차로 - 교차로안,승용,남,28세,상해없음,보행자,남,24세,중상
2014091500100462,2014년 9월 15일 19시,월요일,경상남도 거제시 고현동,중상사고,0,1,0,0,차대차 - 추돌 - 진행중,차로위반,건조,맑음,기타 - 기타,이륜,남,57세,상해없음,원동기,남,48세,중상
2014091500100463,2014년 9월 15일 19시,월요일,경상남도 거제시 문동동,경상사고,0,0,3,0,차대차 - 기타,안전운전불이행,건조,맑음,단일로 - 횡단보도상,승용,여,45세,상해없음,승용,남,56세,경상
2014091500100464,2014년 9월 15일 19시,월요일,경상남도 창원시 마산회원구 내서읍,중상사고,0,1,0,0,차대차 - 기타,안전운전불이행,건조,맑음,교차로 - 교차로안,승합,남,46세,상해없음,자전거,남,48세,중상
2014091500100499,2014년 9월 15일 20시,월요일,경상남도 진주시 상평동,경상사고,0,0,1,0,차대차 - 측면직각충돌,안전운전불이행,건조,맑음,교차로 - 교차로안,승용,남,61세,상해없음,자전거,남,26세,경상
2014091500100500,2014년 9월 15일 20시,월요일,경상남도 진주시 가좌동,중상사고,0,1,0,0,차대사람 - 횡단중,보행자보호의무위반,건조,맑음,단일로 - 기타,승용,남,24세,상해없음,보행자,남,6세,중상
2014091500100501,2014년 9월 15일 20시,월요일,경상남도 김해시 봉황동,경상사고,0,0,1,0,차대차 - 측면직각충돌,안전운전불이행,건조,맑음,교차로 - 교차로안,승용,남,35세,상해없음,자전거,남,51세,경상
2014091500100502,2014년 9월 15일 20시,월요일,경상남도 합천군 율곡면,중상사고,0,1,0,0,차량단독 - 기타,기타,건조,맑음,기타 - 기타,원동기,남,46세,중상,,,,
2014091500100503,2014년 9월 15일 20시,월요일,경상남도 김해시 한림면,사망사고,1,0,0,0,차대사람 - 횡단중,안전운전불이행,건조,맑음,단일로 - 기타,화물,남,48세,상해없음,보행자,여,83세,사망
2014091500100529,2014년 9월 15일 21시,월요일,경상남도 양산시 평산동,경상사고,0,0,2,0,차대차 - 측면직각충돌,안전거리미확보,건조,맑음,단일로 - 기타,기타불명,기타불명,기타불명,기타불명,승용,남,19세,경상
2014091500100547,2014년 9월 15일 22시,월요일,경상남도 김해시 진례면,사망사고,1,1,0,0,차대차 - 추돌 - 주정차중,안전운전불이행,건조,맑음,교차로 - 교차로부근,승용,남,36세,중상,승용,남,35세,사망
2014091600100051,2014년 9월 16일 03시,화요일,경상남도 창원시 마산합포구 자산동,부상신고사고,0,0,0,1,차대차 - 추돌 - 주정차중,안전운전불이행,건조,맑음,단일로 - 기타,승용,여,46세,부상신고,승용,여,37세,상해없음
2014091600100052,2014년 9월 16일 03시,화요일,경상남도 사천시 벌리동,경상사고,0,0,1,0,차대차 - 측면직각충돌,직진우회전진행방해,건조,맑음,교차로 - 교차로안,승용,남,57세,상해없음,화물,남,54세,경상
2014091600100058,2014년 9월 16일 05시,화요일,경상남도 양산시 하북면,부상신고사고,0,0,0,1,차대차 - 기타,차로위반,건조,맑음,단일로 - 기타,승용,기타불명,기타불명,기타불명,승용,남,29세,부상신고
2014091600100074,2014년 9월 16일 06시,화요일,경상남도 창원시 진해구 석동,중상사고,0,1,0,0,차대사람 - 횡단중,안전운전불이행,건조,맑음,단일로 - 기타,승용,남,31세,상해없음,보행자,여,78세,중상
2014091600100075,2014년 9월 16일 06시,화요일,경상남도 김해시 진영읍,중상사고,0,2,0,0,차대차 - 추돌 - 진행중,안전운전불이행,건조,맑음,단일로 - 기타,승용,남,30세,상해없음,화물,남,60세,상해없음
2014091600100101,2014년 9월 16일 07시,화요일,경상남도 진주시 초전동,경상사고,0,0,1,0,차대차 - 기타,안전운전불이행,건조,맑음,교차로 - 교차로부근,승용,여,43세,상해없음,승용,남,63세,경상
2014091600100102,2014년 9월 16일 07시,화요일,경상남도 김해시 대성동,경상사고,0,0,1,0,차대사람 - 횡단중,안전운전불이행,건조,맑음,단일로 - 기타,화물,남,45세,상해없음,보행자,여,80세,경상
2014091600100103,2014년 9월 16일 07시,화요일,경상남도 창녕군 창녕읍,중상사고,0,1,0,0,차대차 - 측면직각충돌,직진우회전진행방해,건조,맑음,교차로 - 교차로안,승용,여,38세,상해없음,원동기,여,52세,중상
2014091600100104,2014년 9월 16일 07시,화요일,경상남도 창녕군 대지면,중상사고,0,1,0,0,차대차 - 기타,교차로운행방법위반,건조,맑음,교차로 - 교차로안,승합,남,68세,상해없음,화물,남,60세,중상
2014091600100105,2014년 9월 16일 07시,화요일,경상남도 김해시 장유면,중상사고,0,1,0,0,차대차 - 추돌 - 진행중,안전운전불이행,건조,맑음,단일로 - 기타,승용,남,25세,상해없음,승용,남,49세,중상
2014091600100136,2014년 9월 16일 08시,화요일,경상남도 창원시 진해구 마천동,경상사고,0,0,1,0,차대사람 - 기타,보행자보호의무위반,건조,맑음,교차로 - 교차로안,승용,여,47세,상해없음,보행자,남,11세,경상
2014091600100137,2014년 9월 16일 08시,화요일,경상남도 창원시 진해구 원포동,경상사고,0,0,1,0,차대차 - 기타,안전운전불이행,건조,맑음,단일로 - 기타,원동기,남,21세,경상,승용,남,22세,상해없음
2014091600100138,2014년 9월 16일 08시,화요일,경상남도 김해시 봉황동,경상사고,0,0,1,0,차대차 - 측면직각충돌,안전운전불이행,건조,맑음,교차로 - 교차로부근,자전거,남,16세,경상,승용,여,24세,상해없음
2014091600100139,2014년 9월 16일 08시,화요일,경상남도 창원시 마산합포구 산호동,중상사고,0,1,0,0,차대차 - 측면직각충돌,안전운전불이행,건조,맑음,단일로 - 기타,승용,여,45세,상해없음,이륜,남,70세,중상
2014091600100182,2014년 9월 16일 09시,화요일,경상남도 김해시 진영읍,중상사고,0,1,0,0,차대사람 - 횡단중,안전운전불이행,건조,맑음,교차로 - 교차로부근,승용,여,49세,상해없음,보행자,남,82세,중상
2014091600100201,2014년 9월 16일 10시,화요일,경상남도 창원시 마산합포구 진동면,중상사고,0,1,0,0,차대차 - 추돌 - 주정차중,안전운전불이행,건조,맑음,단일로 - 기타,화물,남,41세,상해없음,화물,남,57세,중상
2014091600100202,2014년 9월 16일 10시,화요일,경상남도 김해시 부원동,경상사고,0,0,1,0,차대사람 - 기타,안전운전불이행,건조,맑음,단일로 - 기타,승용,남,27세,상해없음,보행자,남,57세,경상
2014091600100225,2014년 9월 16일 11시,화요일,경상남도 창원시 진해구 광화동,경상사고,0,0,1,0,차대차 - 기타,교차로운행방법위반,건조,맑음,교차로 - 교차로부근,특수,남,41세,상해없음,승용,여,62세,경상
2014091600100226,2014년 9월 16일 11시,화요일,경상남도 합천군 합천읍,경상사고,0,0,1,0,차대차 - 측면직각충돌,교차로운행방법위반,건조,맑음,교차로 - 교차로안,이륜,남,37세,경상,승용,여,50세,상해없음
2014091600100227,2014년 9월 16일 11시,화요일,경상남도 양산시 물금읍,부상신고사고,0,0,0,1,차대사람 - 기타,안전운전불이행,건조,맑음,교차로 - 교차로부근,화물,남,63세,상해없음,보행자,여,47세,부상신고
2014091600100284,2014년 9월 16일 14시,화요일,경상남도 거제시 고현동,경상사고,0,0,1,0,차대사람 - 횡단중,신호위반,건조,맑음,교차로 - 교차로안,이륜,남,18세,상해없음,보행자,남,9세,경상
2014091600100285,2014년 9월 16일 14시,화요일,경상남도 창원시 마산회원구 합성동,중상사고,0,1,0,0,차대차 - 기타,안전운전불이행,건조,맑음,교차로 - 교차로부근,자전거,여,27세,중상,승용,남,57세,상해없음
2014091600100318,2014년 9월 16일 15시,화요일,경상남도 창원시 마산합포구 진동면,중상사고,0,1,0,0,차대사람 - 횡단중,안전운전불이행,건조,맑음,단일로 - 기타,승용,여,50세,상해없음,보행자,여,50세,중상
2014091600100319,2014년 9월 16일 15시,화요일,경상남도 김해시 어방동,경상사고,0,0,1,0,차대사람 - 횡단중,안전운전불이행,건조,맑음,교차로 - 교차로부근,승용,남,60세,상해없음,보행자,여,70세,경상
2014091600100344,2014년 9월 16일 16시,화요일,경상남도 사천시 서포면,중상사고,0,1,0,0,차량단독 - 공작물충돌,안전운전불이행,건조,맑음,단일로 - 기타,승용,남,42세,중상,,,,
2014091600100345,2014년 9월 16일 16시,화요일,경상남도 김해시 내동,중상사고,0,1,0,0,차대사람 - 기타,안전운전불이행,건조,맑음,단일로 - 기타,승용,여,40세,상해없음,보행자,남,67세,중상
2014091600100387,2014년 9월 16일 17시,화요일,경상남도 밀양시 내이동,경상사고,0,0,1,0,차대사람 - 횡단중,안전운전불이행,건조,맑음,단일로 - 기타,승용,남,61세,상해없음,보행자,여,67세,경상
2014091600100388,2014년 9월 16일 17시,화요일,경상남도 김해시 삼정동,중상사고,0,2,0,0,차대차 - 측면직각충돌,신호위반,건조,맑음,교차로 - 교차로안,이륜,남,44세,상해없음,승용,남,23세,중상
2014091600100429,2014년 9월 16일 18시,화요일,경상남도 창원시 의창구 팔용동,부상신고사고,0,0,0,1,차대사람 - 기타,기타,건조,맑음,단일로 - 기타,화물,남,45세,상해없음,보행자,남,54세,부상신고
2014091600100462,2014년 9월 16일 19시,화요일,경상남도 진주시 상대동,중상사고,0,1,2,0,차대차 - 측면직각충돌,신호위반,건조,맑음,교차로 - 교차로안,승용,여,48세,중상,승용,여,30세,경상
2014091600100463,2014년 9월 16일 19시,화요일,경상남도 양산시 물금읍,경상사고,0,0,1,0,차대차 - 추돌 - 주정차중,안전운전불이행,건조,맑음,교차로 - 교차로부근,원동기,남,61세,상해없음,원동기,남,39세,경상
2014091600100464,2014년 9월 16일 19시,화요일,경상남도 김해시 진영읍,사망사고,1,0,0,0,차대사람 - 횡단중,안전운전불이행,건조,맑음,단일로 - 기타,화물,여,43세,상해없음,보행자,여,62세,사망
2014091600100519,2014년 9월 16일 21시,화요일,경상남도 밀양시 내이동,경상사고,0,0,2,0,차대차 - 측면직각충돌,안전운전불이행,건조,맑음,교차로 - 교차로부근,승용,남,47세,상해없음,승용,남,49세,경상
2014091600100520,2014년 9월 16일 21시,화요일,경상남도 양산시 신기동,경상사고,0,0,1,0,차대차 - 기타,교차로운행방법위반,건조,맑음,교차로 - 교차로안,승용,남,33세,상해없음,자전거,남,51세,경상
2014091600100548,2014년 9월 16일 22시,화요일,경상남도 창원시 진해구 청안동,경상사고,0,0,1,0,차량단독 - 기타,안전운전불이행,건조,맑음,단일로 - 기타,승용,남,37세,상해없음,,,,
2014091600100549,2014년 9월 16일 22시,화요일,경상남도 사천시 죽림동,사망사고,1,0,0,0,차대사람 - 횡단중,안전운전불이행,건조,맑음,단일로 - 기타,승용,남,67세,상해없음,보행자,여,71세,사망
2014091700100025,2014년 9월 17일 01시,수요일,경상남도 김해시 진영읍,부상신고사고,0,0,0,1,차대차 - 정면충돌,안전운전불이행,건조,맑음,단일로 - 기타,승용,남,55세,부상신고,화물,남,42세,상해없음
2014091700100043,2014년 9월 17일 02시,수요일,경상남도 창원시 마산회원구 석전동,경상사고,0,0,1,0,차대사람 - 횡단중,신호위반,건조,맑음,단일로 - 횡단보도상,승용,남,35세,상해없음,보행자,남,35세,경상
2014091700100073,2014년 9월 17일 05시,수요일,경상남도 창원시 마산회원구 양덕동,중상사고,0,1,0,0,차대차 - 기타,안전운전불이행,건조,맑음,단일로 - 기타,승용,여,63세,상해없음,자전거,남,54세,중상
2014091700100087,2014년 9월 17일 06시,수요일,경상남도 밀양시 가곡동,경상사고,0,0,1,0,차대차 - 추돌 - 진행중,안전운전불이행,건조,맑음,단일로 - 기타,승용,남,64세,상해없음,이륜,남,50세,경상
2014091700100088,2014년 9월 17일 06시,수요일,경상남도 합천군 율곡면,중상사고,0,2,2,0,차대차 - 측면직각충돌,신호위반,습기,비,교차로 - 교차로안,승용,남,52세,상해없음,승용,남,44세,경상
2014091700100110,2014년 9월 17일 07시,수요일,경상남도 김해시 삼방동,중상사고,0,2,2,0,차대차 - 추돌 - 진행중,중앙선침범,습기,흐림,단일로 - 기타,승용,남,27세,상해없음,승용,남,33세,중상
2014091700100144,2014년 9월 17일 08시,수요일,경상남도 통영시 미수동,경상사고,0,0,2,0,차대차 - 추돌 - 주정차중,안전운전불이행,건조,맑음,교차로 - 교차로부근,승용,남,62세,상해없음,승용,여,54세,경상
2014091700100145,2014년 9월 17일 08시,수요일,경상남도 고성군 고성읍,경상사고,0,0,1,0,차대차 - 추돌 - 주정차중,안전운전불이행,건조,맑음,단일로 - 기타,화물,남,44세,상해없음,승용,남,43세,경상
2014091700100173,2014년 9월 17일 09시,수요일,경상남도 남해군 상주면,중상사고,0,1,0,0,차대차 - 측면직각충돌,안전운전불이행,건조,맑음,교차로 - 교차로안,화물,남,43세,상해없음,이륜,남,64세,중상
2014091700100195,2014년 9월 17일 10시,수요일,경상남도 거제시 고현동,경상사고,0,0,1,0,차대차 - 기타,교차로운행방법위반,건조,맑음,교차로 - 교차로안,승용,남,34세,상해없음,승용,남,59세,경상