사고번호,사고일시,요일,시군구,사고내용,사망자수,중상자수,경상자수,부상신고자수,사고유형,법규위반,노면상태,기상상태,도로형태,가해운전자 차종,가해운전자 성별,가해운전자 연령,가해운전자 상해정도,피해운전자 차종,피해운전자 성별,피해운전자 연령,피해운전자 상해정도
2014091700100224,2014년 9월 17일 11시,수요일,경상남도 창원시 마산합포구 중앙동1가,중상사고,0,1,1,0,차대사람 - 횡단중,신호위반,건조,흐림,단일로 - 횡단보도상,화물,남,62세,상해없음,보행자,여,91세,경상
2014091700100254,2014년 9월 17일 12시,수요일,경상남도 진주시 문산읍,경상사고,0,0,2,0,차대차 - 추돌 - 주정차중,안전운전불이행,건조,맑음,교차로 - 교차로부근,화물,남,61세,상해없음,화물,남,50세,경상
2014091700100287,2014년 9월 17일 13시,수요일,경상남도 진주시 망경동,중상사고,0,1,0,0,차대차 - 측면직각충돌,직진우회전진행방해,습기,흐림,교차로 - 교차로안,승용,남,66세,상해없음,승용,여,45세,중상
2014091700100288,2014년 9월 17일 13시,수요일,경상남도 밀양시 상남면,경상사고,0,0,1,0,차대차 - 추돌 - 진행중,교차로운행방법위반,건조,맑음,교차로 - 교차로안,화물,남,53세,상해없음,승용,남,53세,경상
2014091700100319,2014년 9월 17일 14시,수요일,경상남도 밀양시 무안면,중상사고,0,2,0,0,차량단독 - 공작물충돌,안전운전불이행,건조,맑음,단일로 - 기타,승용,여,53세,중상,,,,
2014091700100343,2014년 9월 17일 15시,수요일,경상남도 진주시 칠암동,중상사고,0,1,0,0,차대사람 - 길가장자리구역통행중,안전운전불이행,습기,비,단일로 - 기타,화물,남,71세,상해없음,보행자,여,70세,중상
2014091700100344,2014년 9월 17일 15시,수요일,경상남도 창원시 진해구 안골동,경상사고,0,0,1,0,차대사람 - 기타,보행자보호의무위반,건조,흐림,단일로 - 횡단보도상,승용,여,44세,상해없음,보행자,남,11세,경상
2014091700100345,2014년 9월 17일 15시,수요일,경상남도 합천군 대병면,중상사고,0,3,0,0,차대차 - 정면충돌,중앙선침범,건조,맑음,단일로 - 기타,승용,남,50세,중상,승용,남,47세,중상
2014091700100376,2014년 9월 17일 16시,수요일,경상남도 창원시 의창구 신월동,중상사고,0,1,0,0,차대사람 - 차도통행중,안전운전불이행,건조,맑음,단일로 - 기타,승용,남,64세,상해없음,보행자,여,17세,중상
2014091700100377,2014년 9월 17일 16시,수요일,경상남도 창원시 성산구 신촌동,중상사고,0,1,0,0,차대사람 - 횡단중,신호위반,건조,흐림,교차로 - 교차로부근,화물,남,46세,상해없음,보행자,여,66세,중상
2014091700100378,2014년 9월 17일 16시,수요일,경상남도 창원시 성산구 가음동,중상사고,0,1,0,0,차대사람 - 횡단중,안전운전불이행,건조,맑음,교차로 - 교차로부근,승용,여,51세,상해없음,보행자,여,67세,중상
2014091700100379,2014년 9월 17일 16시,수요일,경상남도 김해시 장유면,경상사고,0,0,1,0,차대사람 - 기타,안전운전불이행,건조,맑음,교차로 - 교차로부근,기타불명,기타불명,기타불명,기타불명,보행자,남,12세,경상
2014091700100418,2014년 9월 17일 17시,수요일,경상남도 거제시 고현동,부상신고사고,0,0,0,1,차대차 - 기타,신호위반,건조,맑음,단일로 - 기타,이륜,남,16세,상해없음,승용,여,52세,부상신고
2014091700100419,2014년 9월 17일 17시,수요일,경상남도 창원시 의창구 용동,경상사고,0,0,2,0,차대차 - 측면직각충돌,안전운전불이행,건조,흐림,교차로 - 교차로안,승합,남,45세,상해없음,승용,남,28세,경상
2014091700100469,2014년 9월 17일 18시,수요일,경상남도 창원시 진해구 안골동,경상사고,0,0,1,0,차대차 - 기타,안전운전불이행,습기,비,단일로 - 기타,승용,남,60세,상해없음,승용,여,34세,상해없음
2014091700100470,2014년 9월 17일 18시,수요일,경상남도 통영시 광도면,중상사고,0,1,0,0,차대차 - 측면직각충돌,안전운전불이행,건조,맑음,교차로 - 교차로부근,승용,남,37세,상해없음,자전거,남,10세,중상
2014091700100471,2014년 9월 17일 18시,수요일,경상남도 김해시 구산동,중상사고,0,1,0,0,차대사람 - 보도통행중,안전운전불이행,습기,비,교차로 - 교차로부근,승용,남,57세,상해없음,보행자,여,31세,중상
2014091700100472,2014년 9월 17일 18시,수요일,경상남도 김해시 내동,경상사고,0,0,2,0,차대차 - 정면충돌,안전운전불이행,습기,비,교차로 - 교차로부근,승용,남,52세,상해없음,승용,여,48세,경상
2014091700100473,2014년 9월 17일 18시,수요일,경상남도 합천군 가야면,중상사고,0,1,1,0,차대차 - 측면직각충돌,중앙선침범,습기,흐림,단일로 - 기타,승용,남,56세,상해없음,승용,남,64세,경상
2014091700100474,2014년 9월 17일 18시,수요일,경상남도 창녕군 남지읍,경상사고,0,0,1,0,차대사람 - 기타,안전운전불이행,건조,맑음,단일로 - 기타,기타불명,기타불명,기타불명,기타불명,보행자,여,72세,경상
2014091700100475,2014년 9월 17일 18시,수요일,경상남도 산청군 단성면,경상사고,0,0,1,0,차대차 - 정면충돌,중앙선침범,건조,맑음,단일로 - 기타,화물,남,52세,상해없음,승용,여,52세,경상
2014091700100476,2014년 9월 17일 18시,수요일,경상남도 창원시 마산회원구 내서읍,경상사고,0,0,2,0,차대차 - 추돌 - 진행중,안전운전불이행,습기,비,단일로 - 기타,승용,남,58세,상해없음,승용,남,40세,경상
2014091700100523,2014년 9월 17일 19시,수요일,경상남도 김해시 안동,중상사고,0,1,0,0,차대사람 - 보도통행중,안전운전불이행,습기,비,단일로 - 기타,승용,남,43세,상해없음,보행자,남,24세,중상
2014091700100524,2014년 9월 17일 19시,수요일,경상남도 거창군 남상면,중상사고,0,1,0,0,차대차 - 추돌 - 진행중,안전운전불이행,건조,맑음,단일로 - 기타,화물,남,57세,상해없음,자전거,여,52세,중상
2014091700100525,2014년 9월 17일 19시,수요일,경상남도 함안군 칠원면,중상사고,0,1,0,0,차대사람 - 횡단중,안전운전불이행,습기,비,단일로 - 기타,승용,남,44세,상해없음,보행자,남,61세,중상
2014091700100564,2014년 9월 17일 20시,수요일,경상남도 고성군 고성읍,경상사고,0,0,5,0,차대차 - 측면직각충돌,안전운전불이행,건조,맑음,단일로 - 기타,화물,남,57세,상해없음,승용,여,35세,경상
2014091700100594,2014년 9월 17일 21시,수요일,경상남도 거제시 상동동,경상사고,0,0,1,0,차대사람 - 횡단중,안전운전불이행,건조,맑음,단일로 - 기타,승용,남,27세,상해없음,보행자,남,41세,경상
2014091700100595,2014년 9월 17일 21시,수요일,경상남도 함안군 군북면,중상사고,0,2,2,0,차대차 - 측면직각충돌,신호위반,건조,맑음,교차로 - 교차로안,승용,남,45세,중상,화물,남,60세,경상
2014091700100596,2014년 9월 17일 21시,수요일,경상남도 창원시 의창구 도계동,경상사고,0,0,1,0,차대차 - 기타,안전운전불이행,건조,맑음,단일로 - 기타,화물,남,48세,상해없음,승용,여,45세,경상
2014091700100629,2014년 9월 17일 22시,수요일,경상남도 창원시 진해구 이동,경상사고,0,0,1,0,차대차 - 기타,안전운전불이행,건조,맑음,교차로 - 교차로안,승용,남,53세,상해없음,승용,남,26세,상해없음
2014091700100654,2014년 9월 17일 23시,수요일,경상남도 고성군 고성읍,경상사고,0,0,1,0,차대차 - 측면직각충돌,교차로운행방법위반,건조,맑음,교차로 - 교차로안,승용,여,21세,경상,승용,남,34세,상해없음
2014091700100655,2014년 9월 17일 23시,수요일,경상남도 거제시 능포동,부상신고사고,0,0,0,1,차대사람 - 길가장자리구역통행중,안전운전불이행,건조,맑음,교차로 - 교차로부근,승용,남,24세,상해없음,보행자,남,29세,부상신고
2014091700100656,2014년 9월 17일 23시,수요일,경상남도 함안군 함안면,경상사고,0,0,1,0,차대차 - 측면직각충돌,교차로운행방법위반,건조,맑음,교차로 - 교차로안,승용,남,54세,상해없음,화물,남,49세,경상
2014091800100012,2014년 9월 18일 00시,목요일,경상남도 창원시 의창구 팔용동,중상사고,0,1,0,0,차대사람 - 차도통행중,안전운전불이행,건조,맑음,단일로 - 기타,승용,남,37세,상해없음,보행자,남,39세,중상
2014091800100029,2014년 9월 18일 01시,목요일,경상남도 김해시 구산동,중상사고,0,2,2,0,차대차 - 측면직각충돌,신호위반,건조,맑음,교차로 - 교차로안,승용,남,52세,상해없음,승용,남,55세,중상
2014091800100044,2014년 9월 18일 02시,목요일,경상남도 창원시 마산회원구 양덕동,중상사고,0,1,0,0,차대차 - 측면직각충돌,신호위반,건조,맑음,교차로 - 교차로안,승용,남,73세,상해없음,승용,남,63세,상해없음
2014091800100075,2014년 9월 18일 06시,목요일,경상남도 창원시 진해구 석동,경상사고,0,0,1,0,차대차 - 기타,안전운전불이행,건조,맑음,교차로 - 교차로안,승용,여,49세,기타불명,승용,남,49세,경상
2014091800100076,2014년 9월 18일 06시,목요일,경상남도 김해시 장유면,중상사고,0,1,0,0,차대차 - 측면직각충돌,직진우회전진행방해,건조,맑음,교차로 - 교차로안,승용,남,47세,상해없음,승용,여,49세,중상
2014091800100102,2014년 9월 18일 07시,목요일,경상남도 창원시 진해구 장천동,경상사고,0,0,4,0,차대차 - 기타,안전운전불이행,건조,맑음,단일로 - 기타,승용,남,39세,상해없음,승용,남,61세,경상
2014091800100103,2014년 9월 18일 07시,목요일,경상남도 밀양시 삼문동,경상사고,0,0,1,0,차대사람 - 횡단중,보행자보호의무위반,건조,맑음,단일로 - 횡단보도상,승용,남,64세,상해없음,보행자,남,10세,경상
2014091800100104,2014년 9월 18일 07시,목요일,경상남도 창녕군 남지읍,중상사고,0,1,0,0,차대차 - 기타,중앙선침범,건조,맑음,단일로 - 기타,승용,남,32세,기타불명,화물,남,48세,중상
2014091800100105,2014년 9월 18일 07시,목요일,경상남도 창원시 성산구 가음정동,부상신고사고,0,0,0,1,차대차 - 기타,안전운전불이행,건조,맑음,단일로 - 기타,기타불명,기타불명,기타불명,기타불명,자전거,남,14세,부상신고
2014091800100106,2014년 9월 18일 07시,목요일,경상남도 김해시 이동,중상사고,0,1,0,0,차대차 - 측면직각충돌,신호위반,건조,맑음,교차로 - 교차로안,승용,남,64세,상해없음,이륜,남,34세,중상
2014091800100150,2014년 9월 18일 08시,목요일,경상남도 김해시 삼계동,중상사고,0,1,0,0,차량단독 - 기타,안전운전불이행,건조,맑음,단일로 - 기타,이륜,남,20세,중상,,,,
2014091800100151,2014년 9월 18일 08시,목요일,경상남도 의령군 정곡면,경상사고,0,0,1,0,차대차 - 추돌 - 진행중,안전운전불이행,건조,맑음,단일로 - 기타,승용,여,48세,상해없음,승용,남,37세,경상
2014091800100169,2014년 9월 18일 09시,목요일,경상남도 창원시 마산합포구 오동동,중상사고,0,1,0,0,차대사람 - 기타,안전운전불이행,건조,맑음,단일로 - 기타,승용,남,61세,상해없음,보행자,남,37세,중상
2014091800100170,2014년 9월 18일 09시,목요일,경상남도 하동군 하동읍,경상사고,0,0,1,0,차대차 - 기타,중앙선침범,건조,맑음,단일로 - 기타,승용,여,61세,상해없음,화물,여,53세,경상
2014091800100203,2014년 9월 18일 10시,목요일,경상남도 창원시 진해구 경화동,중상사고,0,1,0,0,차대차 - 기타,교차로운행방법위반,건조,맑음,교차로 - 교차로안,승용,여,43세,상해없음,원동기,남,74세,중상
2014091800100230,2014년 9월 18일 11시,목요일,경상남도 김해시 어방동,중상사고,0,1,0,0,차대차 - 추돌 - 주정차중,안전운전불이행,건조,맑음,단일로 - 기타,화물,남,42세,상해없음,승용,남,31세,중상
2014091800100231,2014년 9월 18일 11시,목요일,경상남도 하동군 하동읍,경상사고,0,0,1,0,차대차 - 추돌 - 진행중,안전운전불이행,건조,맑음,단일로 - 기타,승용,남,54세,상해없음,승용,남,46세,경상
2014091800100250,2014년 9월 18일 12시,목요일,경상남도 거제시 거제면,경상사고,0,0,1,0,차대차 - 추돌 - 진행중,안전운전불이행,건조,맑음,교차로 - 교차로부근,승합,남,44세,상해없음,농기계,남,59세,경상
2014091800100251,2014년 9월 18일 12시,목요일,경상남도 창원시 마산회원구 양덕동,경상사고,0,0,3,0,차대차 - 측면직각충돌,안전운전불이행,건조,흐림,단일로 - 기타,승용,남,49세,상해없음,승용,남,35세,경상
2014091800100283,2014년 9월 18일 13시,목요일,경상남도 하동군 화개면,중상사고,0,1,0,0,차대사람 - 기타,안전운전불이행,건조,맑음,단일로 - 기타,승합,남,45세,상해없음,보행자,여,63세,중상
2014091800100312,2014년 9월 18일 14시,목요일,경상남도 사천시 봉남동,중상사고,0,1,0,0,차대사람 - 길가장자리구역통행중,안전운전불이행,건조,맑음,단일로 - 기타,승용,여,50세,상해없음,보행자,여,71세,중상
2014091800100313,2014년 9월 18일 14시,목요일,경상남도 창원시 마산회원구 양덕동,경상사고,0,0,1,0,차대사람 - 기타,안전운전불이행,건조,맑음,기타 - 기타,승용,남,63세,상해없음,보행자,남,71세,경상
2014091800100341,2014년 9월 18일 15시,목요일,경상남도 창원시 진해구 자은동,경상사고,0,0,1,0,차대차 - 추돌 - 주정차중,안전운전불이행,건조,맑음,교차로 - 교차로부근,화물,남,53세,상해없음,화물,남,34세,경상
2014091800100342,2014년 9월 18일 15시,목요일,경상남도 통영시 봉평동,부상신고사고,0,0,0,1,차대사람 - 기타,안전운전불이행,건조,맑음,단일로 - 기타,승용,여,51세,상해없음,보행자,여,33세,부상신고
2014091800100343,2014년 9월 18일 15시,목요일,경상남도 함안군 군북면,경상사고,0,0,1,0,차대차 - 기타,안전운전불이행,건조,맑음,단일로 - 기타,화물,남,57세,상해없음,이륜,남,74세,경상
2014091800100391,2014년 9월 18일 16시,목요일,경상남도 산청군 단성면,경상사고,0,0,1,0,차대차 - 측면직각충돌,중앙선침범,건조,맑음,단일로 - 기타,자전거,남,74세,경상,화물,남,63세,상해없음
2014091800100423,2014년 9월 18일 17시,목요일,경상남도 김해시 상동면,경상사고,0,0,3,0,차대차 - 측면직각충돌,안전운전불이행,건조,맑음,교차로 - 교차로안,승용,남,63세,경상,승용,여,53세,경상
2014091800100468,2014년 9월 18일 18시,목요일,경상남도 진주시 이현동,중상사고,0,1,0,0,차대사람 - 횡단중,보행자보호의무위반,건조,맑음,단일로 - 기타,화물,남,48세,상해없음,보행자,남,11세,중상
2014091800100505,2014년 9월 18일 19시,목요일,경상남도 양산시 북부동,부상신고사고,0,0,0,1,차량단독 - 기타,기타,건조,맑음,단일로 - 기타,승합,남,49세,상해없음,,,,
2014091800100506,2014년 9월 18일 19시,목요일,경상남도 산청군 생비량면,경상사고,0,0,1,0,차대차 - 추돌 - 진행중,안전운전불이행,건조,맑음,단일로 - 기타,승용,남,45세,상해없음,농기계,남,44세,경상
2014091800100540,2014년 9월 18일 20시,목요일,경상남도 양산시 덕계동,경상사고,0,0,1,1,차대사람 - 기타,안전운전불이행,건조,맑음,단일로 - 기타,승용,남,70세,상해없음,보행자,여,55세,경상
2014091800100541,2014년 9월 18일 20시,목요일,경상남도 김해시 장유면,경상사고,0,0,1,0,차대차 - 측면직각충돌,안전거리미확보,건조,맑음,단일로 - 기타,승용,여,46세,상해없음,승합,남,54세,상해없음
2014091800100581,2014년 9월 18일 21시,목요일,경상남도 진주시 상대동,중상사고,0,1,0,0,차대차 - 측면직각충돌,직진우회전진행방해,건조,맑음,교차로 - 교차로안,승용,남,27세,상해없음,승용,여,53세,중상
2014091800100582,2014년 9월 18일 21시,목요일,경상남도 거제시 고현동,경상사고,0,0,1,0,차대차 - 기타,안전운전불이행,건조,맑음,교차로 - 교차로안,기타불명,기타불명,기타불명,기타불명,이륜,남,55세,경상
2014091800100618,2014년 9월 18일 22시,목요일,경상남도 창원시 마산합포구 진전면,사망사고,1,0,0,0,차량단독 - 공작물충돌,안전운전불이행,건조,맑음,단일로 - 기타,화물,남,41세,사망,,,,
2014091800100641,2014년 9월 18일 23시,목요일,경상남도 창원시 마산합포구 산호동,중상사고,0,1,0,0,차대사람 - 길가장자리구역통행중,안전운전불이행,건조,맑음,단일로 - 기타,승용,남,59세,상해없음,보행자,남,28세,중상
2014091900100024,2014년 9월 19일 00시,금요일,경상남도 양산시 남부동,경상사고,0,0,1,0,차대차 - 기타,기타,건조,맑음,교차로 - 교차로부근,승용,남,48세,상해없음,자전거,남,54세,경상
2014091900100040,2014년 9월 19일 01시,금요일,경상남도 창원시 마산합포구 남성동,중상사고,0,1,0,0,차대사람 - 기타,안전운전불이행,건조,맑음,기타 - 기타,화물,남,71세,상해없음,보행자,여,44세,중상
2014091900100041,2014년 9월 19일 01시,금요일,경상남도 창원시 의창구 팔용동,경상사고,0,0,2,0,차대차 - 추돌 - 주정차중,안전운전불이행,건조,맑음,교차로 - 교차로부근,승용,남,65세,상해없음,승용,남,40세,상해없음
2014091900100084,2014년 9월 19일 06시,금요일,경상남도 거제시 옥포동,중상사고,0,1,0,0,차대차 - 기타,신호위반,건조,맑음,교차로 - 교차로부근,승용,남,53세,상해없음,원동기,남,34세,중상
2014091900100123,2014년 9월 19일 07시,금요일,경상남도 양산시 북부동,중상사고,0,1,0,0,차대사람 - 횡단중,안전운전불이행,건조,맑음,교차로 - 교차로안,승합,남,67세,상해없음,보행자,여,72세,중상
2014091900100172,2014년 9월 19일 08시,금요일,경상남도 양산시 북정동,중상사고,0,1,0,0,차대사람 - 기타,보행자보호의무위반,건조,맑음,교차로 - 교차로부근,승용,남,26세,상해없음,보행자,여,7세,중상
2014091900100173,2014년 9월 19일 08시,금요일,경상남도 거제시 동부면,경상사고,0,0,1,0,차대차 - 기타,안전거리미확보,건조,맑음,단일로 - 기타,승합,남,21세,기타불명,승용,여,54세,경상
2014091900100206,2014년 9월 19일 09시,금요일,경상남도 통영시 산양읍,중상사고,0,1,0,0,차대사람 - 차도통행중,안전운전불이행,건조,맑음,단일로 - 기타,화물,남,67세,상해없음,보행자,여,42세,중상
2014091900100234,2014년 9월 19일 10시,금요일,경상남도 사천시 용현면,경상사고,0,0,1,0,차대사람 - 기타,기타,건조,맑음,교차로 - 교차로부근,화물,남,49세,상해없음,보행자,여,47세,경상
2014091900100290,2014년 9월 19일 12시,금요일,경상남도 거제시 고현동,경상사고,0,0,1,0,차대차 - 추돌 - 진행중,안전운전불이행,건조,맑음,교차로 - 교차로안,승용,여,47세,상해없음,승용,남,33세,경상
2014091900100291,2014년 9월 19일 12시,금요일,경상남도 김해시 한림면,경상사고,0,0,1,0,차대차 - 정면충돌,교차로운행방법위반,건조,맑음,교차로 - 교차로안,승용,남,35세,경상,승용,남,47세,상해없음
2014091900100326,2014년 9월 19일 13시,금요일,경상남도 통영시 북신동,경상사고,0,0,1,0,차대차 - 추돌 - 주정차중,안전운전불이행,건조,맑음,교차로 - 교차로부근,승용,남,53세,상해없음,승용,남,42세,경상
2014091900100353,2014년 9월 19일 14시,금요일,경상남도 거창군 위천면,경상사고,0,0,2,0,차대차 - 정면충돌,중앙선침범,건조,맑음,단일로 - 기타,승용,여,39세,경상,건설기계,남,57세,경상
2014091900100354,2014년 9월 19일 14시,금요일,경상남도 양산시 동면,경상사고,0,0,1,0,차대차 - 기타,교차로운행방법위반,건조,맑음,교차로 - 교차로안,화물,남,54세,상해없음,승용,여,41세,경상
2014091900100388,2014년 9월 19일 15시,금요일,경상남도 진주시 상대동,부상신고사고,0,0,0,1,차대차 - 측면직각충돌,교차로운행방법위반,건조,맑음,교차로 - 교차로안,자전거,남,18세,부상신고,승용,남,28세,상해없음
2014091900100389,2014년 9월 19일 15시,금요일,경상남도 거제시 수월동,중상사고,0,1,0,0,차대사람 - 횡단중,보행자보호의무위반,건조,맑음,단일로 - 횡단보도상,승합,남,54세,상해없음,보행자,여,7세,중상
2014091900100390,2014년 9월 19일 15시,금요일,경상남도 창원시 마산회원구 구암동,중상사고,0,1,2,0,차대차 - 추돌 - 주정차중,안전운전불이행,건조,맑음,단일로 - 기타,승용,남,60세,기타불명,승용,기타불명,기타불명,기타불명
2014091900100419,2014년 9월 19일 16시,금요일,경상남도 창원시 마산합포구 중앙동2가,중상사고,0,1,0,0,차대차 - 측면직각충돌,신호위반,건조,맑음,교차로 - 교차로안,원동기,남,42세,중상,승용,여,48세,상해없음
2014091900100420,2014년 9월 19일 16시,금요일,경상남도 거창군 거창읍,경상사고,0,0,1,0,차대차 - 측면직각충돌,안전운전불이행,건조,맑음,단일로 - 기타,승용,여,50세,상해없음,자전거,남,14세,경상
2014091900100421,2014년 9월 19일 16시,금요일,경상남도 창녕군 계성면,경상사고,0,0,1,0,차대차 - 기타,안전거리미확보,건조,맑음,교차로 - 교차로부근,승용,여,37세,상해없음,승용,남,65세,경상
2014091900100422,2014년 9월 19일 16시,금요일,경상남도 함안군 칠서면,중상사고,0,1,0,0,차대차 - 정면충돌,중앙선침범,건조,맑음,단일로 - 기타,화물,남,40세,기타불명,건설기계,남,51세,중상
2014091900100474,2014년 9월 19일 17시,금요일,경상남도 거제시 연초면,중상사고,0,1,0,0,차대차 - 정면충돌,안전운전불이행,건조,맑음,단일로 - 기타,건설기계,남,59세,상해없음,승용,남,33세,중상
2014091900100521,2014년 9월 19일 18시,금요일,경상남도 양산시 물금읍,중상사고,0,1,0,0,차대사람 - 횡단중,보행자보호의무위반,건조,맑음,단일로 - 기타,승용,여,36세,상해없음,보행자,여,13세,중상
2014091900100572,2014년 9월 19일 19시,금요일,경상남도 진주시 동성동,중상사고,0,1,0,0,차대사람 - 기타,안전운전불이행,건조,맑음,교차로 - 교차로안,승합,남,35세,상해없음,보행자,남,50세,중상
2014091900100573,2014년 9월 19일 19시,금요일,경상남도 김해시 안동,경상사고,0,0,1,0,차대차 - 기타,안전운전불이행,건조,맑음,교차로 - 교차로안,기타불명,기타불명,기타불명,기타불명,원동기,남,36세,경상
2014091900100574,2014년 9월 19일 19시,금요일,경상남도 거창군 남하면,사망사고,1,0,0,0,차대차 - 추돌 - 주정차중,안전운전불이행,건조,맑음,단일로 - 기타,화물,남,39세,상해없음,이륜,남,72세,상해없음
2014091900100620,2014년 9월 19일 20시,금요일,경상남도 진주시 상대동,중상사고,0,1,0,0,차대사람 - 횡단중,안전운전불이행,건조,맑음,교차로 - 교차로안,화물,남,48세,상해없음,보행자,남,54세,중상
2014091900100662,2014년 9월 19일 21시,금요일,경상남도 김해시 장유면,중상사고,0,2,2,0,차대차 - 추돌 - 주정차중,안전운전불이행,건조,맑음,단일로 - 기타,승용,남,45세,상해없음,승용,남,53세,중상
2014091900100698,2014년 9월 19일 22시,금요일,경상남도 진주시 평거동,경상사고,0,0,2,0,차대차 - 측면직각충돌,안전거리미확보,건조,맑음,단일로 - 기타,이륜,남,17세,경상,승합,남,43세,상해없음
2014091900100734,2014년 9월 19일 23시,금요일,경상남도 창원시 마산회원구 봉암동,중상사고,0,1,0,0,차대사람 - 기타,안전운전불이행,건조,맑음,교차로 - 교차로안,승용,남,44세,상해없음,보행자,남,46세,중상
2014092000100019,2014년 9월 20일 00시,토요일,경상남도 함안군 가야읍,경상사고,0,0,1,0,차대차 - 추돌 - 진행중,안전운전불이행,건조,맑음,교차로 - 교차로부근,승용,남,30세,상해없음,승용,남,57세,경상
2014092000100045,2014년 9월 20일 01시,토요일,경상남도 창원시 마산합포구 월영동,경상사고,0,0,2,0,차대차 - 추돌 - 진행중,중앙선침범,건조,맑음,단일로 - 기타,승용,남,23세,상해없음,승용,남,62세,경상
2014092000100046,2014년 9월 20일 01시,토요일,경상남도 창원시 마산회원구 내서읍,경상사고,0,0,2,0,차대차 - 측면직각충돌,안전운전불이행,건조,맑음,교차로 - 교차로부근,승용,남,23세,경상,승용,남,53세,경상
2014092000100136,2014년 9월 20일 06시,토요일,경상남도 통영시 서호동,사망사고,1,0,0,0,차대사람 - 기타,안전운전불이행,건조,맑음,교차로 - 교차로부근,승용,남,68세,상해없음,보행자,여,75세,사망
2014092000100137,2014년 9월 20일 06시,토요일,경상남도 거제시 사등면,경상사고,0,0,1,0,차대차 - 측면직각충돌,교차로운행방법위반,건조,맑음,교차로 - 교차로안,승용,남,26세,상해없음,승용,남,30세,상해없음
2014092000100185,2014년 9월 20일 08시,토요일,경상남도 사천시 용강동,경상사고,0,0,1,0,차대차 - 측면직각충돌,신호위반,건조,맑음,교차로 - 교차로안,승용,남,34세,상해없음,화물,남,46세,상해없음
2014092000100186,2014년 9월 20일 08시,토요일,경상남도 양산시 중부동,경상사고,0,0,1,0,차대차 - 기타,안전운전불이행,건조,맑음,교차로 - 교차로안,승용,남,37세,상해없음,승용,남,21세,경상
2014092000100187,2014년 9월 20일 08시,토요일,경상남도 남해군 남해읍,경상사고,0,0,1,0,차대차 - 측면직각충돌,안전운전불이행,건조,맑음,교차로 - 교차로안,승용,남,75세,경상,화물,남,63세,상해없음
2014092000100188,2014년 9월 20일 08시,토요일,경상남도 창원시 의창구 봉곡동,중상사고,0,1,0,0,차대차 - 추돌 - 주정차중,안전운전불이행,건조,맑음,단일로 - 기타,승용,여,31세,상해없음,승용,남,43세,중상
2014092000100214,2014년 9월 20일 09시,토요일,경상남도 진주시 가좌동,경상사고,0,0,2,0,차대차 - 측면직각충돌,직진우회전진행방해,건조,맑음,교차로 - 교차로안,승용,남,61세,상해없음,승용,여,44세,경상
2014092000100215,2014년 9월 20일 09시,토요일,경상남도 창원시 마산회원구 석전동,경상사고,0,0,2,0,차대차 - 기타,안전운전불이행,건조,맑음,교차로 - 교차로부근,승용,남,49세,상해없음,화물,남,48세,경상
2014092000100216,2014년 9월 20일 09시,토요일,경상남도 김해시 진례면,중상사고,0,1,0,0,차대차 - 기타,안전운전불이행,건조,맑음,교차로 - 교차로부근,승용,여,51세,상해없음,이륜,남,70세,중상
2014092000100243,2014년 9월 20일 10시,토요일,경상남도 거제시 연초면,중상사고,0,1,1,0,차대차 - 기타,교차로운행방법위반,건조,맑음,교차로 - 교차로안,화물,남,39세,상해없음,승용,남,62세,경상
2014092000100244,2014년 9월 20일 10시,토요일,경상남도 창원시 의창구 봉곡동,경상사고,0,0,1,0,차대차 - 측면직각충돌,안전운전불이행,건조,맑음,단일로 - 기타,승용,남,67세,상해없음,자전거,남,64세,경상
2014092000100275,2014년 9월 20일 11시,토요일,경상남도 창녕군 대지면,중상사고,0,1,0,0,차대차 - 추돌 - 주정차중,안전운전불이행,건조,맑음,교차로 - 교차로부근,화물,남,39세,상해없음,승용,남,56세,상해없음
2014092000100276,2014년 9월 20일 11시,토요일,경상남도 양산시 중부동,경상사고,0,0,1,0,차대차 - 기타,안전운전불이행,건조,맑음,기타 - 기타,화물,남,66세,상해없음,승용,남,34세,경상
2014092000100277,2014년 9월 20일 11시,토요일,경상남도 고성군 마암면,중상사고,0,1,2,0,차대차 - 측면직각충돌,안전운전불이행,건조,맑음,교차로 - 교차로안,승용,여,52세,상해없음,화물,남,40세,경상
2014092000100278,2014년 9월 20일 11시,토요일,경상남도 거제시 능포동,경상사고,0,0,1,0,차대차 - 기타,안전운전불이행,건조,맑음,교차로 - 교차로안,승용,남,62세,경상,승용,여,51세,상해없음
2014092000100279,2014년 9월 20일 11시,토요일,경상남도 창원시 마산회원구 구암동,경상사고,0,0,3,0,차대차 - 추돌 - 주정차중,안전운전불이행,건조,맑음,미분류 - 미분류,승용,남,23세,상해없음,승용,남,30세,경상
2014092000100318,2014년 9월 20일 12시,토요일,경상남도 함안군 가야읍,경상사고,0,0,1,0,차대차 - 기타,중앙선침범,건조,맑음,단일로 - 기타,승용,남,57세,상해없음,승용,여,27세,경상
2014092000100319,2014년 9월 20일 12시,토요일,경상남도 창원시 마산회원구 양덕동,부상신고사고,0,0,0,1,차대차 - 측면직각충돌,안전운전불이행,건조,맑음,단일로 - 기타,승용,남,62세,상해없음,승용,남,24세,상해없음