사고번호,사고일시,요일,시군구,사고내용,사망자수,중상자수,경상자수,부상신고자수,사고유형,법규위반,노면상태,기상상태,도로형태,가해운전자 차종,가해운전자 성별,가해운전자 연령,가해운전자 상해정도,피해운전자 차종,피해운전자 성별,피해운전자 연령,피해운전자 상해정도
2014092000100351,2014년 9월 20일 13시,토요일,경상남도 사천시 용현면,경상사고,0,0,4,0,차대차 - 측면직각충돌,직진우회전진행방해,건조,맑음,교차로 - 교차로안,승용,남,48세,경상,승용,여,38세,경상
2014092000100352,2014년 9월 20일 13시,토요일,경상남도 함안군 칠서면,경상사고,0,0,1,0,차대차 - 추돌 - 진행중,안전운전불이행,건조,맑음,단일로 - 기타,승용,남,41세,상해없음,승용,남,38세,경상
2014092000100404,2014년 9월 20일 14시,토요일,경상남도 통영시 광도면,경상사고,0,0,1,0,차대차 - 기타,신호위반,건조,맑음,교차로 - 교차로안,승용,남,68세,상해없음,승용,남,55세,상해없음
2014092000100405,2014년 9월 20일 14시,토요일,경상남도 양산시 명동,경상사고,0,0,1,0,차대차 - 기타,안전거리미확보,건조,맑음,단일로 - 기타,승용,남,67세,상해없음,승합,남,46세,상해없음
2014092000100406,2014년 9월 20일 14시,토요일,경상남도 창원시 마산회원구 석전동,경상사고,0,0,4,0,차대차 - 추돌 - 주정차중,안전운전불이행,건조,맑음,단일로 - 기타,승용,남,52세,상해없음,승용,여,54세,경상
2014092000100451,2014년 9월 20일 15시,토요일,경상남도 사천시 용강동,경상사고,0,0,1,1,차대차 - 추돌 - 주정차중,안전운전불이행,건조,맑음,교차로 - 교차로부근,승용,여,39세,상해없음,승용,남,36세,부상신고
2014092000100452,2014년 9월 20일 15시,토요일,경상남도 의령군 대의면,중상사고,0,2,0,0,차량단독 - 공작물충돌,안전운전불이행,건조,맑음,교차로 - 교차로부근,승용,남,57세,중상,,,,
2014092000100453,2014년 9월 20일 15시,토요일,경상남도 창원시 성산구 사파동,경상사고,0,0,1,0,차대사람 - 기타,안전운전불이행,건조,맑음,단일로 - 기타,승용,남,56세,상해없음,보행자,남,4세,경상
2014092000100526,2014년 9월 20일 17시,토요일,경상남도 통영시 봉평동,중상사고,0,2,0,0,차대차 - 측면직각충돌,신호위반,건조,맑음,교차로 - 교차로안,이륜,남,83세,중상,화물,남,43세,상해없음
2014092000100527,2014년 9월 20일 17시,토요일,경상남도 김해시 내동,중상사고,0,1,0,0,차대차 - 측면직각충돌,신호위반,건조,맑음,교차로 - 교차로안,화물,남,55세,상해없음,승용,남,52세,상해없음
2014092000100528,2014년 9월 20일 17시,토요일,경상남도 창녕군 장마면,중상사고,0,1,0,0,차대차 - 측면직각충돌,직진우회전진행방해,건조,맑음,교차로 - 교차로안,이륜,남,80세,중상,승합,남,49세,상해없음
2014092000100568,2014년 9월 20일 18시,토요일,경상남도 진주시 초전동,경상사고,0,0,3,0,차대차 - 기타,안전운전불이행,건조,맑음,단일로 - 기타,승용,여,53세,상해없음,승용,남,31세,경상
2014092000100569,2014년 9월 20일 18시,토요일,경상남도 김해시 내동,사망사고,1,0,0,0,차대사람 - 횡단중,안전운전불이행,건조,맑음,교차로 - 교차로안,승용,남,49세,상해없음,보행자,여,75세,사망
2014092000100617,2014년 9월 20일 19시,토요일,경상남도 양산시 중부동,부상신고사고,0,0,0,1,차대차 - 기타,신호위반,건조,맑음,교차로 - 교차로안,승용,여,41세,상해없음,승용,남,25세,부상신고
2014092000100618,2014년 9월 20일 19시,토요일,경상남도 산청군 단성면,중상사고,0,1,0,0,차대차 - 추돌 - 진행중,안전운전불이행,건조,맑음,단일로 - 기타,승용,남,60세,상해없음,농기계,남,45세,중상
2014092000100619,2014년 9월 20일 19시,토요일,경상남도 함안군 칠원면,경상사고,0,0,2,0,차대차 - 추돌 - 진행중,안전운전불이행,건조,맑음,단일로 - 기타,승용,남,62세,상해없음,승용,남,46세,경상
2014092000100650,2014년 9월 20일 20시,토요일,경상남도 진주시 이현동,사망사고,1,0,0,0,차대사람 - 횡단중,안전운전불이행,건조,맑음,단일로 - 횡단보도상,승용,남,56세,상해없음,보행자,남,80세,사망
2014092000100692,2014년 9월 20일 21시,토요일,경상남도 함양군 함양읍,경상사고,0,0,2,0,차대차 - 측면직각충돌,교차로운행방법위반,건조,맑음,교차로 - 교차로안,승용,여,60세,상해없음,승용,여,44세,경상
2014092000100722,2014년 9월 20일 22시,토요일,경상남도 사천시 사천읍,부상신고사고,0,0,0,1,차대차 - 추돌 - 진행중,안전거리미확보,건조,맑음,단일로 - 기타,승용,여,32세,상해없음,승용,남,56세,기타불명
2014092000100723,2014년 9월 20일 22시,토요일,경상남도 김해시 삼정동,중상사고,0,1,0,0,차대사람 - 횡단중,안전운전불이행,건조,맑음,교차로 - 교차로안,이륜,남,58세,상해없음,보행자,여,18세,중상
2014092000100740,2014년 9월 20일 23시,토요일,경상남도 김해시 대동면,중상사고,0,4,3,0,차대차 - 추돌 - 진행중,안전운전불이행,건조,맑음,단일로 - 기타,승용,남,22세,상해없음,승용,여,35세,중상
2014092000100752,2014년 9월 20일 23시,토요일,경상남도 양산시 물금읍,경상사고,0,0,1,0,차대차 - 측면직각충돌,교차로운행방법위반,건조,맑음,교차로 - 교차로안,승용,남,21세,상해없음,원동기,남,40세,경상
2014092000100753,2014년 9월 20일 23시,토요일,경상남도 양산시 물금읍,경상사고,0,0,1,0,차대차 - 측면직각충돌,교차로운행방법위반,건조,맑음,교차로 - 교차로안,원동기,남,20세,경상,승용,남,20세,상해없음
2014092000100754,2014년 9월 20일 23시,토요일,경상남도 창원시 의창구 명서동,중상사고,0,1,1,0,차대차 - 추돌 - 주정차중,안전운전불이행,건조,맑음,교차로 - 교차로부근,승용,남,58세,상해없음,승용,남,62세,경상
2014092100100018,2014년 9월 21일 00시,일요일,경상남도 김해시 외동,중상사고,0,1,2,0,차대차 - 측면직각충돌,신호위반,건조,맑음,교차로 - 교차로안,승용,남,23세,상해없음,승용,남,22세,중상
2014092100100019,2014년 9월 21일 00시,일요일,경상남도 김해시 삼방동,중상사고,0,1,0,0,차대사람 - 횡단중,안전운전불이행,건조,맑음,단일로 - 기타,승용,남,55세,상해없음,보행자,여,41세,중상
2014092100100052,2014년 9월 21일 02시,일요일,경상남도 창원시 마산합포구 중성동,경상사고,0,0,2,3,차대차 - 추돌 - 진행중,안전거리미확보,건조,맑음,단일로 - 기타,승용,남,27세,상해없음,승용,남,60세,경상
2014092100100066,2014년 9월 21일 03시,일요일,경상남도 거제시 아주동,중상사고,0,2,0,0,차대차 - 기타,교차로운행방법위반,건조,맑음,교차로 - 교차로안,승용,여,41세,중상,승용,남,48세,중상
2014092100100098,2014년 9월 21일 06시,일요일,경상남도 진주시 가좌동,사망사고,1,0,0,0,차대사람 - 기타,안전운전불이행,건조,맑음,교차로 - 교차로부근,승용,남,23세,상해없음,보행자,여,86세,사망
2014092100100099,2014년 9월 21일 06시,일요일,경상남도 산청군 신안면,경상사고,0,0,1,0,차대차 - 측면직각충돌,교차로운행방법위반,건조,맑음,교차로 - 교차로안,화물,남,21세,상해없음,승용,남,76세,경상
2014092100100100,2014년 9월 21일 06시,일요일,경상남도 함안군 산인면,중상사고,0,1,0,0,차대사람 - 기타,안전운전불이행,건조,맑음,단일로 - 기타,화물,남,60세,상해없음,보행자,여,70세,중상
2014092100100101,2014년 9월 21일 06시,일요일,경상남도 창원시 의창구 동정동,중상사고,0,1,0,0,차대차 - 추돌 - 주정차중,안전운전불이행,건조,맑음,단일로 - 기타,건설기계,남,43세,상해없음,특수,남,48세,중상
2014092100100118,2014년 9월 21일 07시,일요일,경상남도 하동군 옥종면,중상사고,0,1,0,0,차대차 - 정면충돌,안전운전불이행,건조,맑음,단일로 - 교량,화물,남,70세,상해없음,이륜,남,67세,중상
2014092100100136,2014년 9월 21일 08시,일요일,경상남도 양산시 남부동,중상사고,0,1,1,0,차대차 - 추돌 - 주정차중,안전거리미확보,건조,맑음,교차로 - 교차로부근,승용,남,35세,상해없음,화물,남,58세,중상
2014092100100175,2014년 9월 21일 10시,일요일,경상남도 창원시 진해구 경화동,경상사고,0,0,2,0,차대차 - 측면직각충돌,교차로운행방법위반,건조,맑음,교차로 - 교차로안,승용,남,67세,경상,건설기계,남,36세,상해없음
2014092100100197,2014년 9월 21일 11시,일요일,경상남도 밀양시 산내면,경상사고,0,0,1,0,차대차 - 측면직각충돌,교차로운행방법위반,건조,맑음,교차로 - 교차로안,승용,여,31세,상해없음,이륜,남,24세,경상
2014092100100244,2014년 9월 21일 13시,일요일,경상남도 김해시 대동면,경상사고,0,0,1,0,차대차 - 기타,교차로운행방법위반,건조,맑음,교차로 - 교차로안,승용,여,28세,상해없음,이륜,남,86세,경상
2014092100100245,2014년 9월 21일 13시,일요일,경상남도 양산시 하북면,경상사고,0,0,2,0,차대차 - 측면직각충돌,중앙선침범,건조,맑음,단일로 - 기타,승용,남,68세,상해없음,승용,남,38세,경상
2014092100100288,2014년 9월 21일 14시,일요일,경상남도 사천시 사천읍,중상사고,0,1,0,3,차대차 - 추돌 - 주정차중,안전운전불이행,건조,맑음,단일로 - 기타,승용,남,52세,상해없음,승용,남,35세,부상신고
2014092100100351,2014년 9월 21일 16시,일요일,경상남도 창녕군 창녕읍,경상사고,0,0,5,0,차대차 - 기타,중앙선침범,건조,맑음,단일로 - 기타,승용,여,32세,상해없음,승용,남,43세,경상
2014092100100352,2014년 9월 21일 16시,일요일,경상남도 하동군 북천면,중상사고,0,1,0,0,차대사람 - 횡단중,안전운전불이행,건조,맑음,단일로 - 기타,승용,남,38세,상해없음,보행자,남,10세,중상
2014092100100445,2014년 9월 21일 19시,일요일,경상남도 김해시 삼계동,경상사고,0,0,1,0,차대차 - 측면직각충돌,안전운전불이행,건조,맑음,단일로 - 기타,승용,남,21세,상해없음,원동기,남,17세,경상
2014092100100446,2014년 9월 21일 19시,일요일,경상남도 양산시 동면,경상사고,0,0,1,0,차대차 - 측면직각충돌,안전거리미확보,건조,맑음,단일로 - 기타,승용,남,56세,상해없음,승용,남,46세,경상
2014092100100521,2014년 9월 21일 21시,일요일,경상남도 함양군 함양읍,중상사고,0,1,0,0,차대차 - 측면직각충돌,신호위반,건조,맑음,교차로 - 교차로안,이륜,남,49세,상해없음,이륜,남,28세,중상
2014092100100522,2014년 9월 21일 21시,일요일,경상남도 하동군 진교면,사망사고,1,0,0,0,차대사람 - 기타,안전운전불이행,건조,맑음,기타 - 기타,화물,남,39세,상해없음,보행자,여,51세,사망
2014092100100523,2014년 9월 21일 21시,일요일,경상남도 창원시 의창구 대산면,경상사고,0,0,2,0,차대차 - 기타,안전운전불이행,건조,맑음,교차로 - 교차로안,승용,여,56세,상해없음,승용,남,21세,경상
2014092100100540,2014년 9월 21일 22시,일요일,경상남도 거제시 고현동,경상사고,0,0,2,0,차대차 - 기타,안전운전불이행,건조,맑음,교차로 - 교차로부근,승용,남,39세,상해없음,승용,남,33세,경상
2014092100100541,2014년 9월 21일 22시,일요일,경상남도 창원시 의창구 명서동,경상사고,0,0,2,0,차대차 - 추돌 - 주정차중,안전운전불이행,건조,맑음,단일로 - 기타,승용,남,56세,상해없음,승합,남,53세,경상
2014092200100022,2014년 9월 22일 03시,월요일,경상남도 창원시 진해구 여좌동,중상사고,0,2,5,0,차대차 - 기타,안전운전불이행,건조,맑음,단일로 - 기타,승합,남,54세,상해없음,승용,남,59세,기타불명
2014092200100084,2014년 9월 22일 07시,월요일,경상남도 진주시 이현동,중상사고,0,1,0,0,차대차 - 측면직각충돌,안전운전불이행,건조,맑음,단일로 - 기타,승용,여,42세,상해없음,승용,남,33세,중상
2014092200100085,2014년 9월 22일 07시,월요일,경상남도 김해시 진례면,경상사고,0,0,2,0,차대차 - 기타,중앙선침범,건조,맑음,단일로 - 기타,승용,남,68세,상해없음,승용,남,30세,경상
2014092200100164,2014년 9월 22일 09시,월요일,경상남도 하동군 북천면,중상사고,0,3,0,0,차대차 - 정면충돌,중앙선침범,건조,맑음,단일로 - 기타,승용,남,59세,상해없음,승용,남,34세,중상
2014092200100190,2014년 9월 22일 10시,월요일,경상남도 창원시 마산합포구 완월동,경상사고,0,0,1,0,차대차 - 기타,안전운전불이행,건조,맑음,교차로 - 교차로부근,승용,남,55세,상해없음,승합,남,57세,상해없음
2014092200100191,2014년 9월 22일 10시,월요일,경상남도 창원시 진해구 근화동,중상사고,0,1,0,0,차대차 - 추돌 - 진행중,안전운전불이행,건조,맑음,단일로 - 기타,기타불명,기타불명,기타불명,기타불명,자전거,남,72세,중상
2014092200100192,2014년 9월 22일 10시,월요일,경상남도 거창군 거창읍,경상사고,0,0,1,0,차대차 - 기타,교차로운행방법위반,건조,맑음,교차로 - 교차로안,승용,남,56세,상해없음,이륜,남,34세,경상
2014092200100193,2014년 9월 22일 10시,월요일,경상남도 양산시 동면,중상사고,0,1,0,0,차대차 - 기타,차로위반,건조,맑음,단일로 - 기타,승용,여,52세,상해없음,승용,남,26세,중상
2014092200100194,2014년 9월 22일 10시,월요일,경상남도 산청군 신등면,경상사고,0,0,1,0,차대사람 - 기타,기타,건조,맑음,단일로 - 기타,승합,남,55세,상해없음,보행자,여,72세,경상
2014092200100223,2014년 9월 22일 11시,월요일,경상남도 거제시 고현동,경상사고,0,0,1,0,차대차 - 추돌 - 진행중,안전운전불이행,건조,맑음,교차로 - 교차로안,승용,여,42세,상해없음,승용,남,23세,경상
2014092200100224,2014년 9월 22일 11시,월요일,경상남도 거제시 고현동,경상사고,0,0,1,0,차대차 - 기타,안전운전불이행,건조,맑음,교차로 - 교차로안,건설기계,남,60세,상해없음,승용,여,40세,경상
2014092200100225,2014년 9월 22일 11시,월요일,경상남도 창원시 의창구 명서동,경상사고,0,0,1,0,차대차 - 측면직각충돌,신호위반,건조,맑음,교차로 - 교차로안,화물,남,45세,상해없음,승용,여,56세,경상
2014092200100253,2014년 9월 22일 12시,월요일,경상남도 밀양시 삼문동,중상사고,0,1,0,0,차대차 - 측면직각충돌,교차로운행방법위반,건조,맑음,교차로 - 교차로안,화물,남,58세,상해없음,승용,남,45세,중상
2014092200100254,2014년 9월 22일 12시,월요일,경상남도 밀양시 산내면,경상사고,0,0,1,0,차대차 - 측면직각충돌,안전운전불이행,건조,맑음,단일로 - 기타,승용,기타불명,기타불명,기타불명,승용,남,66세,상해없음
2014092200100255,2014년 9월 22일 12시,월요일,경상남도 거창군 거창읍,중상사고,0,1,0,0,차대차 - 기타,안전운전불이행,건조,맑음,단일로 - 기타,화물,남,46세,상해없음,이륜,남,60세,중상
2014092200100256,2014년 9월 22일 12시,월요일,경상남도 양산시 삼호동,경상사고,0,0,1,0,차대차 - 측면직각충돌,안전거리미확보,건조,맑음,단일로 - 기타,원동기,남,58세,경상,화물,남,25세,상해없음
2014092200100292,2014년 9월 22일 13시,월요일,경상남도 사천시 벌리동,경상사고,0,0,2,0,차대차 - 측면직각충돌,교차로운행방법위반,건조,맑음,교차로 - 교차로부근,원동기,남,63세,경상,승용,여,62세,경상
2014092200100325,2014년 9월 22일 14시,월요일,경상남도 김해시 동상동,경상사고,0,0,1,0,차대차 - 측면직각충돌,안전운전불이행,건조,맑음,교차로 - 교차로안,이륜,여,57세,경상,이륜,남,28세,상해없음
2014092200100326,2014년 9월 22일 14시,월요일,경상남도 창원시 의창구 신월동,경상사고,0,0,1,0,차대사람 - 기타,신호위반,건조,맑음,단일로 - 기타,승용,남,33세,상해없음,보행자,남,8세,경상
2014092200100361,2014년 9월 22일 15시,월요일,경상남도 진주시 상대동,경상사고,0,0,1,0,차대차 - 기타,안전운전불이행,건조,맑음,교차로 - 교차로안,승용,남,51세,상해없음,원동기,남,41세,경상
2014092200100362,2014년 9월 22일 15시,월요일,경상남도 사천시 향촌동,경상사고,0,0,2,0,차대차 - 측면직각충돌,안전운전불이행,건조,맑음,단일로 - 기타,화물,남,55세,경상,화물,남,62세,경상
2014092200100363,2014년 9월 22일 15시,월요일,경상남도 거창군 거창읍,경상사고,0,0,1,0,차대사람 - 횡단중,안전운전불이행,건조,맑음,단일로 - 횡단보도상,화물,남,53세,상해없음,보행자,여,23세,경상
2014092200100364,2014년 9월 22일 15시,월요일,경상남도 거제시 장목면,중상사고,0,2,0,0,차대차 - 기타,중앙선침범,건조,맑음,단일로 - 기타,승용,남,44세,상해없음,화물,남,55세,중상
2014092200100365,2014년 9월 22일 15시,월요일,경상남도 함안군 산인면,중상사고,0,2,0,0,차대차 - 기타,신호위반,건조,맑음,교차로 - 교차로부근,화물,남,42세,상해없음,화물,남,24세,중상
2014092200100402,2014년 9월 22일 16시,월요일,경상남도 진주시 상평동,중상사고,0,1,0,0,차대차 - 기타,안전운전불이행,건조,맑음,교차로 - 교차로안,승용,남,35세,상해없음,이륜,남,50세,중상
2014092200100403,2014년 9월 22일 16시,월요일,경상남도 김해시 내동,경상사고,0,0,1,0,차대차 - 측면직각충돌,안전운전불이행,건조,맑음,단일로 - 기타,승용,여,22세,상해없음,자전거,남,13세,경상
2014092200100404,2014년 9월 22일 16시,월요일,경상남도 창원시 의창구 사림동,경상사고,0,0,1,0,차대차 - 기타,교차로운행방법위반,건조,맑음,교차로 - 교차로안,승용,남,40세,상해없음,자전거,남,23세,경상
2014092200100439,2014년 9월 22일 17시,월요일,경상남도 창원시 마산합포구 두월동1가,중상사고,0,2,5,0,차대차 - 추돌 - 주정차중,안전운전불이행,건조,맑음,단일로 - 기타,승합,남,46세,중상,화물,남,55세,상해없음
2014092200100440,2014년 9월 22일 17시,월요일,경상남도 양산시 동면,중상사고,0,1,0,0,차대차 - 기타,교차로운행방법위반,건조,맑음,교차로 - 교차로안,화물,남,33세,상해없음,승용,남,58세,중상
2014092200100492,2014년 9월 22일 18시,월요일,경상남도 진주시 미천면,중상사고,0,1,0,0,차대차 - 기타,안전운전불이행,건조,맑음,단일로 - 기타,화물,남,52세,상해없음,자전거,남,45세,중상
2014092200100493,2014년 9월 22일 18시,월요일,경상남도 양산시 유산동,경상사고,0,0,2,0,차대차 - 기타,안전운전불이행,건조,맑음,단일로 - 기타,승용,남,54세,상해없음,승용,남,50세,상해없음
2014092200100494,2014년 9월 22일 18시,월요일,경상남도 양산시 소주동,부상신고사고,0,0,0,1,차량단독 - 기타,기타,건조,맑음,단일로 - 기타,승합,남,46세,상해없음,,,,
2014092200100530,2014년 9월 22일 19시,월요일,경상남도 밀양시 가곡동,중상사고,0,1,0,0,차대차 - 측면직각충돌,신호위반,건조,맑음,교차로 - 교차로부근,승용,남,50세,상해없음,자전거,여,6세,중상
2014092200100531,2014년 9월 22일 19시,월요일,경상남도 고성군 마암면,중상사고,0,1,1,0,차대차 - 측면직각충돌,신호위반,건조,맑음,교차로 - 교차로안,승용,남,48세,상해없음,승용,남,26세,경상
2014092200100532,2014년 9월 22일 19시,월요일,경상남도 창원시 성산구 대방동,중상사고,0,1,0,0,차대사람 - 횡단중,신호위반,건조,맑음,단일로 - 횡단보도상,기타불명,기타불명,기타불명,기타불명,보행자,여,14세,중상
2014092200100567,2014년 9월 22일 20시,월요일,경상남도 함양군 마천면,경상사고,0,0,2,0,차대차 - 측면직각충돌,중앙선침범,건조,맑음,단일로 - 기타,화물,남,67세,상해없음,승용,남,61세,경상
2014092200100617,2014년 9월 22일 22시,월요일,경상남도 진주시 강남동,중상사고,0,1,0,0,차대차 - 추돌 - 주정차중,안전운전불이행,건조,맑음,단일로 - 기타,승용,남,24세,상해없음,승용,여,35세,중상
2014092200100644,2014년 9월 22일 23시,월요일,경상남도 함안군 가야읍,경상사고,0,0,1,0,차대차 - 기타,차로위반,건조,맑음,단일로 - 기타,승용,남,53세,상해없음,승용,남,38세,상해없음
2014092200100645,2014년 9월 22일 23시,월요일,경상남도 함안군 가야읍,사망사고,1,0,0,0,차대차 - 추돌 - 진행중,안전운전불이행,건조,맑음,단일로 - 기타,특수,남,61세,상해없음,건설기계,남,53세,상해없음
2014092300100080,2014년 9월 23일 05시,화요일,경상남도 창원시 진해구 이동,중상사고,0,1,0,0,차대사람 - 차도통행중,안전운전불이행,건조,맑음,교차로 - 교차로안,승합,남,42세,상해없음,보행자,남,50세,중상
2014092300100081,2014년 9월 23일 05시,화요일,경상남도 창원시 의창구 명서동,경상사고,0,0,1,0,차대차 - 측면직각충돌,안전운전불이행,건조,맑음,교차로 - 교차로안,승합,남,47세,상해없음,승합,남,55세,경상
2014092300100092,2014년 9월 23일 06시,화요일,경상남도 고성군 거류면,중상사고,0,1,0,0,차대차 - 측면직각충돌,안전거리미확보,건조,맑음,단일로 - 기타,승용,남,32세,상해없음,이륜,남,53세,중상
2014092300100161,2014년 9월 23일 08시,화요일,경상남도 사천시 정동면,경상사고,0,0,1,0,차대차 - 측면직각충돌,신호위반,건조,맑음,교차로 - 교차로안,이륜,남,72세,경상,승용,여,36세,상해없음
2014092300100162,2014년 9월 23일 08시,화요일,경상남도 거제시 장평동,경상사고,0,0,1,0,차대차 - 측면직각충돌,중앙선침범,건조,맑음,단일로 - 기타,건설기계,남,39세,기타불명,승용,여,36세,경상
2014092300100193,2014년 9월 23일 09시,화요일,경상남도 창원시 마산합포구 상남동,경상사고,0,0,2,0,차대차 - 측면직각충돌,신호위반,건조,맑음,교차로 - 교차로안,승용,남,74세,경상,승용,남,63세,경상
2014092300100194,2014년 9월 23일 09시,화요일,경상남도 거창군 거창읍,경상사고,0,0,1,0,차대차 - 추돌 - 주정차중,교차로운행방법위반,건조,맑음,교차로 - 교차로안,승용,여,46세,경상,승용,남,49세,상해없음
2014092300100195,2014년 9월 23일 09시,화요일,경상남도 창녕군 부곡면,경상사고,0,0,1,0,차대차 - 기타,신호위반,건조,맑음,교차로 - 교차로안,건설기계,남,54세,상해없음,승용,남,35세,경상
2014092300100196,2014년 9월 23일 09시,화요일,경상남도 함안군 산인면,중상사고,0,2,5,0,차대차 - 기타,교차로운행방법위반,건조,맑음,교차로 - 교차로안,특수,남,55세,상해없음,승합,남,62세,상해없음
2014092300100252,2014년 9월 23일 11시,화요일,경상남도 김해시 부원동,중상사고,0,1,0,0,차대차 - 측면직각충돌,중앙선침범,건조,맑음,단일로 - 기타,승용,여,27세,상해없음,승용,여,42세,중상
2014092300100253,2014년 9월 23일 11시,화요일,경상남도 김해시 명법동,중상사고,0,1,0,0,차대차 - 측면직각충돌,차로위반,건조,맑음,단일로 - 기타,화물,남,46세,상해없음,승용,남,37세,중상
2014092300100286,2014년 9월 23일 12시,화요일,경상남도 창원시 마산회원구 양덕동,경상사고,0,0,1,0,차대차 - 정면충돌,중앙선침범,건조,맑음,단일로 - 기타,승용,남,20세,상해없음,승용,남,53세,경상
2014092300100311,2014년 9월 23일 13시,화요일,경상남도 밀양시 산외면,사망사고,1,0,0,0,차대사람 - 길가장자리구역통행중,안전운전불이행,건조,맑음,단일로 - 기타,화물,남,76세,상해없음,보행자,남,75세,사망
2014092300100312,2014년 9월 23일 13시,화요일,경상남도 김해시 삼방동,중상사고,0,1,1,0,차대사람 - 기타,안전운전불이행,건조,맑음,교차로 - 교차로부근,승용,여,26세,상해없음,보행자,여,64세,경상
2014092300100313,2014년 9월 23일 13시,화요일,경상남도 합천군 율곡면,경상사고,0,0,1,0,차량단독 - 전도전복,안전운전불이행,건조,맑음,단일로 - 기타,원동기,남,68세,경상,,,,
2014092300100314,2014년 9월 23일 13시,화요일,경상남도 거제시 고현동,경상사고,0,0,1,0,차대차 - 기타,안전운전불이행,습기,비,교차로 - 교차로부근,승용,여,59세,상해없음,승용,여,41세,경상
2014092300100345,2014년 9월 23일 14시,화요일,경상남도 진주시 문산읍,경상사고,0,0,1,0,차대차 - 측면직각충돌,안전운전불이행,건조,맑음,교차로 - 교차로안,원동기,남,28세,경상,화물,남,52세,상해없음
2014092300100347,2014년 9월 23일 14시,화요일,경상남도 사천시 정동면,중상사고,0,1,0,0,차대차 - 기타,안전운전불이행,건조,맑음,단일로 - 기타,기타불명,기타불명,기타불명,기타불명,이륜,여,68세,중상
2014092300100348,2014년 9월 23일 14시,화요일,경상남도 양산시 중부동,경상사고,0,0,1,0,차대차 - 기타,교차로운행방법위반,건조,맑음,교차로 - 교차로안,승용,여,40세,상해없음,승용,여,39세,경상
2014092300100383,2014년 9월 23일 15시,화요일,경상남도 통영시 무전동,중상사고,0,1,0,0,차대사람 - 횡단중,안전운전불이행,습기,비,단일로 - 기타,승용,남,64세,상해없음,보행자,남,8세,중상
2014092300100384,2014년 9월 23일 15시,화요일,경상남도 하동군 금남면,중상사고,0,2,1,0,차대차 - 측면직각충돌,안전운전불이행,건조,맑음,단일로 - 기타,승용,남,51세,상해없음,화물,남,52세,경상
2014092300100385,2014년 9월 23일 15시,화요일,경상남도 창원시 의창구 팔용동,경상사고,0,0,1,0,차대사람 - 횡단중,보행자보호의무위반,건조,맑음,단일로 - 횡단보도상,화물,남,47세,상해없음,보행자,여,61세,경상
2014092300100386,2014년 9월 23일 15시,화요일,경상남도 김해시 장유면,중상사고,0,1,0,0,차대차 - 측면직각충돌,차로위반,건조,맑음,단일로 - 기타,이륜,남,21세,중상,승용,남,31세,상해없음
2014092300100401,2014년 9월 23일 16시,화요일,경상남도 김해시 대동면,중상사고,0,2,0,0,차대차 - 측면직각충돌,안전운전불이행,건조,맑음,단일로 - 기타,승용,여,60세,상해없음,화물,남,67세,중상
2014092300100457,2014년 9월 23일 17시,화요일,경상남도 거제시 장목면,경상사고,0,0,2,0,차대차 - 기타,기타,건조,맑음,교차로 - 교차로안,화물,남,34세,상해없음,승용,여,53세,경상
2014092300100503,2014년 9월 23일 18시,화요일,경상남도 진주시 신안동,중상사고,0,1,0,0,차대차 - 기타,중앙선침범,습기,비,단일로 - 기타,자전거,여,11세,중상,원동기,남,16세,상해없음
2014092300100504,2014년 9월 23일 18시,화요일,경상남도 김해시 삼계동,경상사고,0,0,2,0,차대차 - 추돌 - 진행중,안전거리미확보,습기,비,단일로 - 기타,승용,여,64세,경상,승용,여,37세,경상
2014092300100505,2014년 9월 23일 18시,화요일,경상남도 김해시 장유면,중상사고,0,1,0,0,차량단독 - 공작물충돌,안전운전불이행,건조,맑음,단일로 - 기타,승용,남,52세,중상,,,,
2014092300100555,2014년 9월 23일 19시,화요일,경상남도 창원시 마산합포구 월영동,경상사고,0,0,4,0,차대차 - 추돌 - 진행중,안전거리미확보,습기,비,단일로 - 기타,승용,남,34세,경상,승용,남,49세,경상
2014092300100556,2014년 9월 23일 19시,화요일,경상남도 창원시 진해구 용원동,중상사고,0,1,0,0,차대차 - 측면직각충돌,안전운전불이행,건조,맑음,단일로 - 기타,자전거,남,59세,중상,승용,남,36세,상해없음
2014092300100557,2014년 9월 23일 19시,화요일,경상남도 통영시 도산면,중상사고,0,1,0,0,차대차 - 측면직각충돌,안전운전불이행,습기,비,단일로 - 기타,승용,남,39세,상해없음,승용,여,38세,중상
2014092300100558,2014년 9월 23일 19시,화요일,경상남도 통영시 도산면,경상사고,0,0,1,0,차대차 - 측면직각충돌,안전운전불이행,습기,비,단일로 - 기타,화물,남,60세,상해없음,승용,여,33세,경상
2014092300100559,2014년 9월 23일 19시,화요일,경상남도 김해시 어방동,중상사고,0,2,0,0,차대사람 - 차도통행중,안전운전불이행,습기,비,단일로 - 기타,화물,남,47세,상해없음,보행자,남,43세,중상
2014092300100560,2014년 9월 23일 19시,화요일,경상남도 양산시 어곡동,경상사고,0,0,1,0,차대사람 - 횡단중,신호위반,습기,비,교차로 - 교차로부근,승용,남,37세,상해없음,보행자,남,48세,경상