사고번호,사고일시,요일,시군구,사고내용,사망자수,중상자수,경상자수,부상신고자수,사고유형,법규위반,노면상태,기상상태,도로형태,가해운전자 차종,가해운전자 성별,가해운전자 연령,가해운전자 상해정도,피해운전자 차종,피해운전자 성별,피해운전자 연령,피해운전자 상해정도
2014092600100560,2014년 9월 26일 19시,금요일,경상남도 진주시 내동면,사망사고,1,2,0,0,차대차 - 추돌 - 진행중,안전운전불이행,건조,맑음,단일로 - 기타,승용,남,49세,사망,건설기계,남,52세,중상
2014092600100561,2014년 9월 26일 19시,금요일,경상남도 통영시 북신동,경상사고,0,0,1,0,차대사람 - 횡단중,중앙선침범,건조,맑음,단일로 - 횡단보도상,이륜,남,34세,상해없음,보행자,여,52세,경상
2014092600100562,2014년 9월 26일 19시,금요일,경상남도 김해시 내동,경상사고,0,0,4,0,차대차 - 측면직각충돌,신호위반,건조,맑음,교차로 - 교차로부근,승용,남,24세,상해없음,승용,여,31세,경상
2014092600100563,2014년 9월 26일 19시,금요일,경상남도 양산시 물금읍,부상신고사고,0,0,0,2,차대차 - 추돌 - 주정차중,안전거리미확보,건조,맑음,단일로 - 기타,승용,여,30세,상해없음,승용,남,27세,부상신고
2014092600100564,2014년 9월 26일 19시,금요일,경상남도 거제시 아주동,경상사고,0,0,1,0,차대사람 - 길가장자리구역통행중,안전운전불이행,건조,맑음,교차로 - 교차로부근,승용,남,26세,상해없음,보행자,남,42세,경상
2014092600100565,2014년 9월 26일 19시,금요일,경상남도 김해시 진영읍,경상사고,0,0,1,0,차대차 - 추돌 - 진행중,안전운전불이행,건조,맑음,단일로 - 기타,승용,남,27세,상해없음,승용,남,35세,경상
2014092600100607,2014년 9월 26일 20시,금요일,경상남도 창원시 마산합포구 산호동,사망사고,1,0,0,0,차대사람 - 횡단중,안전운전불이행,건조,맑음,단일로 - 기타,승용,남,56세,상해없음,보행자,남,34세,사망
2014092600100608,2014년 9월 26일 20시,금요일,경상남도 창원시 의창구 팔용동,중상사고,0,1,0,0,차대사람 - 기타,안전운전불이행,건조,맑음,단일로 - 기타,이륜,남,62세,상해없음,보행자,남,56세,중상
2014092600100658,2014년 9월 26일 21시,금요일,경상남도 진주시 장대동,중상사고,0,1,0,0,차대사람 - 기타,안전운전불이행,건조,맑음,기타 - 기타,승합,남,61세,상해없음,보행자,남,18세,중상
2014092600100659,2014년 9월 26일 21시,금요일,경상남도 밀양시 내이동,중상사고,0,1,1,0,차대차 - 측면직각충돌,안전운전불이행,건조,맑음,교차로 - 교차로안,승용,여,48세,상해없음,원동기,여,39세,중상
2014092600100706,2014년 9월 26일 22시,금요일,경상남도 진주시 평거동,경상사고,0,0,1,0,차대차 - 추돌 - 주정차중,안전운전불이행,건조,맑음,단일로 - 기타,승용,여,25세,상해없음,승용,여,49세,경상
2014092600100742,2014년 9월 26일 23시,금요일,경상남도 창원시 의창구 서상동,중상사고,0,1,0,0,차대사람 - 기타,안전운전불이행,건조,맑음,단일로 - 기타,원동기,남,18세,상해없음,보행자,남,46세,중상
2014092700100039,2014년 9월 27일 01시,토요일,경상남도 김해시 구산동,중상사고,0,1,2,0,차대차 - 측면직각충돌,안전운전불이행,건조,맑음,교차로 - 교차로안,승용,남,52세,경상,이륜,남,19세,중상
2014092700100080,2014년 9월 27일 03시,토요일,경상남도 양산시 상북면,부상신고사고,0,0,0,1,차량단독 - 기타,기타,건조,맑음,단일로 - 기타,승용,남,45세,상해없음,,,,
2014092700100096,2014년 9월 27일 04시,토요일,경상남도 창원시 의창구 대산면,경상사고,0,0,1,0,차대차 - 추돌 - 주정차중,안전운전불이행,건조,맑음,교차로 - 교차로부근,승용,남,25세,상해없음,승용,여,43세,경상
2014092700100150,2014년 9월 27일 07시,토요일,경상남도 창원시 마산합포구 산호동,경상사고,0,0,1,0,차대차 - 기타,안전운전불이행,건조,맑음,교차로 - 교차로안,승용,남,57세,상해없음,자전거,여,22세,경상
2014092700100151,2014년 9월 27일 07시,토요일,경상남도 김해시 한림면,중상사고,0,1,0,0,차대차 - 측면직각충돌,안전운전불이행,건조,맑음,교차로 - 교차로안,승합,남,51세,상해없음,승용,여,57세,상해없음
2014092700100181,2014년 9월 27일 08시,토요일,경상남도 하동군 청암면,경상사고,0,0,1,0,차대차 - 측면직각충돌,교차로운행방법위반,건조,맑음,교차로 - 교차로안,승용,여,43세,상해없음,이륜,여,65세,경상
2014092700100215,2014년 9월 27일 09시,토요일,경상남도 사천시 사천읍,경상사고,0,0,1,0,차대차 - 측면직각충돌,중앙선침범,건조,맑음,단일로 - 기타,화물,남,69세,상해없음,승합,남,72세,경상
2014092700100216,2014년 9월 27일 09시,토요일,경상남도 남해군 미조면,중상사고,0,1,0,0,차대차 - 기타,기타,건조,맑음,교차로 - 교차로안,원동기,남,58세,중상,화물,남,52세,상해없음
2014092700100248,2014년 9월 27일 10시,토요일,경상남도 김해시 삼계동,중상사고,0,1,0,0,차대차 - 기타,안전거리미확보,건조,맑음,단일로 - 기타,승용,남,70세,상해없음,승용,남,35세,중상
2014092700100249,2014년 9월 27일 10시,토요일,경상남도 함양군 안의면,중상사고,0,1,0,0,차대차 - 추돌 - 진행중,안전운전불이행,건조,맑음,단일로 - 교량,화물,남,45세,기타불명,승용,여,58세,중상
2014092700100250,2014년 9월 27일 10시,토요일,경상남도 양산시 물금읍,중상사고,0,1,0,0,차대차 - 기타,안전운전불이행,건조,맑음,단일로 - 기타,자전거,남,62세,상해없음,자전거,남,28세,중상
2014092700100251,2014년 9월 27일 10시,토요일,경상남도 의령군 의령읍,중상사고,0,1,0,0,차대차 - 측면직각충돌,신호위반,건조,맑음,교차로 - 교차로안,이륜,남,75세,중상,승용,남,27세,상해없음
2014092700100280,2014년 9월 27일 11시,토요일,경상남도 사천시 동금동,중상사고,0,1,0,0,차대사람 - 횡단중,신호위반,건조,맑음,교차로 - 교차로안,승용,여,59세,기타불명,보행자,여,75세,중상
2014092700100281,2014년 9월 27일 11시,토요일,경상남도 밀양시 내이동,중상사고,0,1,0,0,차대차 - 측면직각충돌,안전운전불이행,건조,맑음,교차로 - 교차로안,승용,남,70세,상해없음,자전거,여,73세,중상
2014092700100282,2014년 9월 27일 11시,토요일,경상남도 김해시 대동면,경상사고,0,0,1,0,차대사람 - 차도통행중,안전운전불이행,건조,맑음,단일로 - 기타,자전거,남,35세,경상,보행자,남,2세,상해없음
2014092700100283,2014년 9월 27일 11시,토요일,경상남도 양산시 남부동,중상사고,0,1,0,0,차대차 - 측면직각충돌,신호위반,건조,맑음,단일로 - 기타,승용,남,31세,상해없음,자전거,남,6세,중상
2014092700100319,2014년 9월 27일 12시,토요일,경상남도 창원시 마산합포구 상남동,경상사고,0,0,1,0,차대차 - 기타,안전거리미확보,건조,맑음,단일로 - 기타,승용,남,73세,상해없음,이륜,남,51세,경상
2014092700100320,2014년 9월 27일 12시,토요일,경상남도 김해시 어방동,중상사고,0,2,1,0,차대차 - 측면직각충돌,신호위반,건조,맑음,교차로 - 교차로안,승용,남,64세,상해없음,승용,남,58세,경상
2014092700100321,2014년 9월 27일 12시,토요일,경상남도 김해시 대동면,중상사고,0,1,0,0,차대사람 - 기타,안전운전불이행,건조,맑음,단일로 - 기타,승용,남,54세,상해없음,보행자,남,65세,중상
2014092700100322,2014년 9월 27일 12시,토요일,경상남도 고성군 고성읍,경상사고,0,0,2,0,차대차 - 측면직각충돌,직진우회전진행방해,건조,맑음,교차로 - 교차로안,승용,남,26세,상해없음,승용,남,56세,상해없음
2014092700100370,2014년 9월 27일 13시,토요일,경상남도 합천군 야로면,경상사고,0,0,2,0,차대차 - 측면직각충돌,중앙선침범,건조,맑음,단일로 - 기타,승용,남,51세,상해없음,승용,남,55세,경상
2014092700100371,2014년 9월 27일 13시,토요일,경상남도 하동군 북천면,중상사고,0,1,0,0,차대차 - 정면충돌,안전운전불이행,건조,맑음,단일로 - 기타,승용,남,40세,중상,승용,여,47세,상해없음
2014092700100372,2014년 9월 27일 13시,토요일,경상남도 창원시 의창구 용호동,경상사고,0,0,1,0,차대차 - 기타,안전운전불이행,건조,맑음,교차로 - 교차로안,승용,남,43세,상해없음,이륜,남,30세,경상
2014092700100413,2014년 9월 27일 14시,토요일,경상남도 김해시 내동,경상사고,0,0,1,0,차대차 - 추돌 - 진행중,안전거리미확보,건조,맑음,단일로 - 기타,자전거,남,57세,상해없음,자전거,남,51세,경상
2014092700100414,2014년 9월 27일 14시,토요일,경상남도 창원시 의창구 도계동,중상사고,0,1,0,0,차대사람 - 횡단중,안전운전불이행,건조,맑음,교차로 - 교차로안,승용,여,44세,상해없음,보행자,남,10세,중상
2014092700100442,2014년 9월 27일 15시,토요일,경상남도 진주시 상대동,중상사고,0,1,0,0,차대차 - 측면직각충돌,안전운전불이행,건조,맑음,교차로 - 교차로부근,화물,남,37세,상해없음,원동기,여,74세,중상
2014092700100443,2014년 9월 27일 15시,토요일,경상남도 김해시 대동면,중상사고,0,1,0,0,차대차 - 측면직각충돌,직진우회전진행방해,건조,맑음,교차로 - 교차로안,원동기,남,63세,중상,승합,남,54세,상해없음
2014092700100444,2014년 9월 27일 15시,토요일,경상남도 남해군 창선면,중상사고,0,1,0,0,차대사람 - 횡단중,보행자보호의무위반,건조,맑음,단일로 - 횡단보도상,화물,여,50세,상해없음,보행자,남,10세,중상
2014092700100445,2014년 9월 27일 15시,토요일,경상남도 남해군 남해읍,중상사고,0,1,0,0,차량단독 - 전도전복,안전운전불이행,건조,흐림,단일로 - 기타,농기계,남,77세,중상,,,,
2014092700100446,2014년 9월 27일 15시,토요일,경상남도 함안군 가야읍,중상사고,0,1,0,0,차대사람 - 기타,안전운전불이행,건조,맑음,단일로 - 기타,화물,남,41세,상해없음,보행자,남,10세,중상
2014092700100487,2014년 9월 27일 16시,토요일,경상남도 진주시 내동면,경상사고,0,0,4,0,차대차 - 측면직각충돌,안전운전불이행,건조,맑음,교차로 - 교차로안,건설기계,남,63세,상해없음,승용,남,36세,경상
2014092700100488,2014년 9월 27일 16시,토요일,경상남도 창원시 진해구 석동,경상사고,0,0,1,0,차대차 - 기타,안전운전불이행,건조,맑음,교차로 - 교차로부근,원동기,남,20세,경상,승용,남,55세,상해없음
2014092700100489,2014년 9월 27일 16시,토요일,경상남도 밀양시 하남읍,중상사고,0,1,0,0,차대차 - 측면직각충돌,안전운전불이행,건조,맑음,교차로 - 교차로안,화물,여,61세,상해없음,이륜,남,68세,중상
2014092700100490,2014년 9월 27일 16시,토요일,경상남도 양산시 남부동,중상사고,0,1,0,0,차대사람 - 기타,안전운전불이행,건조,맑음,단일로 - 기타,승용,남,53세,상해없음,보행자,남,47세,중상
2014092700100527,2014년 9월 27일 17시,토요일,경상남도 거창군 거창읍,중상사고,0,2,3,0,차대차 - 추돌 - 주정차중,안전운전불이행,건조,맑음,단일로 - 기타,승용,여,38세,상해없음,승용,여,48세,경상
2014092700100528,2014년 9월 27일 17시,토요일,경상남도 창원시 성산구 반림동,경상사고,0,0,2,0,차대차 - 추돌 - 주정차중,안전운전불이행,건조,맑음,단일로 - 기타,승용,남,45세,상해없음,승용,남,59세,경상
2014092700100563,2014년 9월 27일 18시,토요일,경상남도 진주시 이반성면,경상사고,0,0,2,0,차대차 - 추돌 - 주정차중,안전운전불이행,건조,맑음,교차로 - 교차로부근,승용,여,48세,상해없음,승용,남,35세,경상
2014092700100608,2014년 9월 27일 19시,토요일,경상남도 진주시 평거동,경상사고,0,0,1,0,차대차 - 기타,안전거리미확보,건조,맑음,교차로 - 교차로부근,승합,남,45세,상해없음,승용,여,39세,상해없음
2014092700100609,2014년 9월 27일 19시,토요일,경상남도 사천시 사천읍,중상사고,0,1,0,0,차대사람 - 횡단중,보행자보호의무위반,건조,맑음,교차로 - 교차로부근,승용,남,51세,상해없음,보행자,남,60세,중상
2014092700100610,2014년 9월 27일 19시,토요일,경상남도 밀양시 내이동,경상사고,0,0,1,0,차대사람 - 길가장자리구역통행중,안전운전불이행,건조,맑음,교차로 - 교차로부근,화물,남,65세,상해없음,보행자,남,43세,경상
2014092700100611,2014년 9월 27일 19시,토요일,경상남도 창원시 성산구 상남동,중상사고,0,1,0,0,차대차 - 기타,안전운전불이행,건조,맑음,교차로 - 교차로안,승용,남,33세,상해없음,이륜,남,23세,중상
2014092700100649,2014년 9월 27일 20시,토요일,경상남도 창원시 진해구 용원동,경상사고,0,0,1,0,차대차 - 측면직각충돌,안전거리미확보,건조,맑음,교차로 - 교차로부근,승용,남,63세,상해없음,승용,여,45세,경상
2014092700100683,2014년 9월 27일 21시,토요일,경상남도 김해시 외동,중상사고,0,1,0,0,차대차 - 측면직각충돌,중앙선침범,건조,맑음,교차로 - 교차로부근,이륜,남,16세,상해없음,이륜,남,19세,중상
2014092700100716,2014년 9월 27일 22시,토요일,경상남도 진주시 망경동,중상사고,0,1,0,0,차대차 - 측면직각충돌,안전운전불이행,건조,맑음,교차로 - 교차로안,승용,남,63세,상해없음,자전거,남,17세,중상
2014092700100740,2014년 9월 27일 23시,토요일,경상남도 거제시 옥포동,중상사고,0,1,0,0,차대사람 - 기타,안전운전불이행,건조,맑음,단일로 - 기타,승용,남,34세,상해없음,보행자,남,46세,중상
2014092800100012,2014년 9월 28일 00시,일요일,경상남도 거창군 거창읍,중상사고,0,1,1,0,차량단독 - 전도전복,안전운전불이행,건조,맑음,단일로 - 기타,승용,여,49세,경상,,,,
2014092800100028,2014년 9월 28일 01시,일요일,경상남도 창원시 진해구 안골동,경상사고,0,0,1,0,차량단독 - 공작물충돌,안전운전불이행,건조,맑음,단일로 - 기타,원동기,남,21세,경상,,,,
2014092800100082,2014년 9월 28일 04시,일요일,경상남도 거제시 아주동,중상사고,0,1,0,0,차대차 - 정면충돌,중앙선침범,건조,맑음,단일로 - 기타,승용,남,27세,기타불명,승용,여,30세,중상
2014092800100096,2014년 9월 28일 06시,일요일,경상남도 창원시 진해구 속천동,중상사고,0,1,0,0,차대차 - 추돌 - 주정차중,안전운전불이행,건조,맑음,단일로 - 기타,원동기,남,30세,중상,승용,남,31세,기타불명
2014092800100097,2014년 9월 28일 06시,일요일,경상남도 거제시 덕포동,중상사고,0,1,0,0,차대사람 - 길가장자리구역통행중,안전운전불이행,건조,맑음,단일로 - 기타,승용,남,54세,상해없음,보행자,남,57세,중상
2014092800100129,2014년 9월 28일 08시,일요일,경상남도 사천시 선구동,중상사고,0,1,0,0,차대사람 - 횡단중,보행자보호의무위반,건조,맑음,교차로 - 교차로안,승용,여,41세,상해없음,보행자,여,56세,중상
2014092800100130,2014년 9월 28일 08시,일요일,경상남도 김해시 대동면,중상사고,0,1,0,0,차대차 - 측면직각충돌,직진우회전진행방해,건조,맑음,교차로 - 교차로안,승용,남,68세,상해없음,화물,남,71세,중상
2014092800100131,2014년 9월 28일 08시,일요일,경상남도 합천군 삼가면,경상사고,0,0,1,0,차량단독 - 전도전복,안전운전불이행,건조,맑음,단일로 - 기타,특수,남,40세,경상,,,,
2014092800100132,2014년 9월 28일 08시,일요일,경상남도 창원시 마산회원구 양덕동,경상사고,0,0,1,0,차대사람 - 보도통행중,보행자보호의무위반,건조,맑음,교차로 - 교차로부근,화물,남,63세,상해없음,보행자,여,33세,경상
2014092800100160,2014년 9월 28일 10시,일요일,경상남도 진주시 망경동,경상사고,0,0,1,0,차대차 - 기타,중앙선침범,건조,맑음,단일로 - 기타,승용,남,54세,상해없음,승용,남,27세,경상
2014092800100161,2014년 9월 28일 10시,일요일,경상남도 양산시 동면,중상사고,0,1,0,0,차대차 - 기타,교차로운행방법위반,건조,맑음,교차로 - 교차로부근,승용,남,64세,상해없음,자전거,남,57세,중상
2014092800100179,2014년 9월 28일 11시,일요일,경상남도 창원시 진해구 경화동,경상사고,0,0,1,0,차대차 - 측면직각충돌,차로위반,건조,맑음,단일로 - 기타,승용,남,43세,상해없음,승용,남,33세,경상
2014092800100180,2014년 9월 28일 11시,일요일,경상남도 사천시 향촌동,중상사고,0,1,0,0,차대차 - 기타,안전운전불이행,건조,맑음,단일로 - 기타,승용,여,54세,상해없음,자전거,남,74세,중상
2014092800100207,2014년 9월 28일 12시,일요일,경상남도 창원시 진해구 석동,경상사고,0,0,1,0,차대차 - 측면직각충돌,교차로운행방법위반,건조,맑음,교차로 - 교차로안,원동기,남,46세,경상,승용,남,61세,상해없음
2014092800100208,2014년 9월 28일 12시,일요일,경상남도 함양군 함양읍,경상사고,0,0,1,0,차대차 - 기타,안전운전불이행,건조,맑음,단일로 - 기타,화물,남,55세,상해없음,승용,여,37세,경상
2014092800100268,2014년 9월 28일 14시,일요일,경상남도 창원시 마산합포구 진동면,중상사고,0,1,0,0,차대사람 - 기타,안전운전불이행,건조,맑음,교차로 - 교차로안,승용,남,39세,상해없음,보행자,여,80세,중상
2014092800100269,2014년 9월 28일 14시,일요일,경상남도 합천군 가야면,경상사고,0,0,1,0,차대사람 - 차도통행중,안전운전불이행,건조,맑음,교차로 - 교차로부근,승용,남,35세,상해없음,보행자,남,12세,경상
2014092800100270,2014년 9월 28일 14시,일요일,경상남도 창녕군 대지면,중상사고,0,1,0,0,차대차 - 기타,안전운전불이행,건조,맑음,교차로 - 교차로안,이륜,남,82세,중상,승용,여,50세,상해없음
2014092800100271,2014년 9월 28일 14시,일요일,경상남도 거제시 일운면,중상사고,0,1,1,0,차대차 - 정면충돌,안전운전불이행,건조,맑음,단일로 - 기타,승용,남,32세,경상,승용,여,33세,중상
2014092800100299,2014년 9월 28일 15시,일요일,경상남도 통영시 도남동,경상사고,0,0,1,0,차대차 - 측면직각충돌,안전거리미확보,건조,맑음,교차로 - 교차로부근,승합,남,55세,상해없음,승용,남,63세,상해없음
2014092800100300,2014년 9월 28일 15시,일요일,경상남도 사천시 용현면,중상사고,0,4,2,1,차대차 - 추돌 - 진행중,안전거리미확보,건조,맑음,교차로 - 교차로부근,승용,남,55세,중상,승용,남,61세,경상
2014092800100301,2014년 9월 28일 15시,일요일,경상남도 김해시 외동,경상사고,0,0,1,0,차대차 - 측면직각충돌,안전운전불이행,건조,맑음,교차로 - 교차로안,승용,여,50세,상해없음,자전거,남,43세,경상
2014092800100302,2014년 9월 28일 15시,일요일,경상남도 합천군 삼가면,중상사고,0,1,0,0,차대차 - 추돌 - 진행중,안전거리미확보,건조,맑음,단일로 - 기타,승용,남,51세,상해없음,승용,남,50세,중상
2014092800100304,2014년 9월 28일 15시,일요일,경상남도 함안군 칠원면,사망사고,1,0,1,0,차대차 - 정면충돌,중앙선침범,건조,맑음,단일로 - 기타,승용,남,64세,사망,승용,남,58세,경상
2014092800100326,2014년 9월 28일 16시,일요일,경상남도 창원시 진해구 충무동,경상사고,0,0,3,0,차대차 - 측면직각충돌,안전운전불이행,건조,맑음,교차로 - 교차로부근,승합,남,34세,경상,승용,남,37세,경상
2014092800100327,2014년 9월 28일 16시,일요일,경상남도 사천시 향촌동,경상사고,0,0,1,1,차대차 - 측면직각충돌,교차로운행방법위반,건조,맑음,교차로 - 교차로안,승용,여,56세,상해없음,화물,남,26세,경상
2014092800100354,2014년 9월 28일 17시,일요일,경상남도 창원시 마산합포구 진동면,경상사고,0,0,4,0,차대차 - 추돌 - 진행중,안전거리미확보,건조,맑음,단일로 - 터널,승용,남,51세,상해없음,승용,남,27세,경상
2014092800100355,2014년 9월 28일 17시,일요일,경상남도 김해시 장유면,중상사고,0,2,0,0,차대차 - 기타,신호위반,건조,맑음,교차로 - 교차로안,승용,여,53세,상해없음,승용,남,60세,상해없음
2014092800100399,2014년 9월 28일 18시,일요일,경상남도 창원시 진해구 대죽동,경상사고,0,0,2,0,차대차 - 추돌 - 진행중,안전거리미확보,건조,맑음,교차로 - 교차로부근,승용,남,62세,상해없음,승용,남,55세,상해없음
2014092800100400,2014년 9월 28일 18시,일요일,경상남도 밀양시 삼문동,경상사고,0,0,4,0,차대차 - 추돌 - 주정차중,안전운전불이행,건조,맑음,단일로 - 교량,승용,남,54세,상해없음,승용,남,34세,경상
2014092800100435,2014년 9월 28일 19시,일요일,경상남도 밀양시 삼문동,부상신고사고,0,0,0,1,차대차 - 정면충돌,안전운전불이행,건조,맑음,단일로 - 기타,승용,여,53세,상해없음,원동기,남,37세,부상신고
2014092800100436,2014년 9월 28일 19시,일요일,경상남도 거창군 남하면,경상사고,0,0,1,0,차대차 - 정면충돌,중앙선침범,건조,맑음,단일로 - 기타,승용,남,30세,상해없음,화물,남,50세,경상
2014092800100437,2014년 9월 28일 19시,일요일,경상남도 창녕군 영산면,부상신고사고,0,0,0,1,차대차 - 기타,중앙선침범,건조,맑음,단일로 - 기타,이륜,남,64세,부상신고,승용,여,30세,상해없음
2014092800100438,2014년 9월 28일 19시,일요일,경상남도 양산시 물금읍,경상사고,0,0,1,0,차대차 - 기타,안전거리미확보,건조,맑음,단일로 - 기타,승합,남,54세,상해없음,승용,남,30세,경상
2014092800100439,2014년 9월 28일 19시,일요일,경상남도 거제시 거제면,경상사고,0,0,1,0,차대차 - 기타,안전운전불이행,건조,맑음,교차로 - 교차로안,승용,남,66세,상해없음,승용,남,68세,경상
2014092800100469,2014년 9월 28일 20시,일요일,경상남도 김해시 어방동,경상사고,0,0,1,0,차대차 - 측면직각충돌,교차로운행방법위반,건조,맑음,교차로 - 교차로안,승용,남,24세,상해없음,승용,여,60세,경상
2014092800100500,2014년 9월 28일 21시,일요일,경상남도 창녕군 남지읍,중상사고,0,1,0,0,차대차 - 측면직각충돌,안전운전불이행,건조,맑음,교차로 - 교차로안,승용,남,60세,상해없음,원동기,남,17세,중상
2014092900100026,2014년 9월 29일 02시,월요일,경상남도 창원시 의창구 용호동,중상사고,0,1,2,0,차대차 - 기타,안전운전불이행,건조,맑음,교차로 - 교차로부근,화물,남,37세,상해없음,승합,남,58세,경상
2014092900100030,2014년 9월 29일 03시,월요일,경상남도 사천시 벌리동,경상사고,0,0,1,0,차대차 - 측면직각충돌,직진우회전진행방해,건조,맑음,교차로 - 교차로안,승용,남,45세,상해없음,승용,남,25세,경상
2014092900100036,2014년 9월 29일 04시,월요일,경상남도 창원시 의창구 소답동,중상사고,0,2,0,0,차대차 - 기타,안전운전불이행,건조,맑음,단일로 - 기타,승용,남,65세,기타불명,승용,여,53세,중상
2014092900100068,2014년 9월 29일 06시,월요일,경상남도 창원시 마산합포구 월남동5가,중상사고,0,1,0,0,차량단독 - 전도전복,안전운전불이행,건조,맑음,단일로 - 기타,원동기,남,24세,중상,,,,
2014092900100069,2014년 9월 29일 06시,월요일,경상남도 창원시 마산합포구 서성동,경상사고,0,0,3,0,차대차 - 기타,신호위반,건조,맑음,교차로 - 교차로안,승용,남,80세,상해없음,승용,남,68세,경상
2014092900100070,2014년 9월 29일 06시,월요일,경상남도 양산시 북정동,부상신고사고,0,0,0,1,차대차 - 기타,교차로운행방법위반,건조,맑음,교차로 - 교차로안,화물,남,38세,상해없음,승용,남,52세,상해없음
2014092900100071,2014년 9월 29일 06시,월요일,경상남도 거제시 아양동,중상사고,0,2,0,0,차대차 - 기타,안전운전불이행,건조,맑음,단일로 - 터널,승합,남,20세,상해없음,승용,남,34세,중상
2014092900100094,2014년 9월 29일 07시,월요일,경상남도 창원시 의창구 팔용동,중상사고,0,1,0,0,차대차 - 측면직각충돌,안전운전불이행,건조,맑음,단일로 - 기타,기타불명,기타불명,기타불명,기타불명,승용,여,48세,상해없음
2014092900100127,2014년 9월 29일 08시,월요일,경상남도 창원시 진해구 용원동,경상사고,0,0,1,0,차대차 - 측면직각충돌,안전운전불이행,건조,맑음,단일로 - 기타,승용,여,35세,상해없음,원동기,여,24세,경상
2014092900100128,2014년 9월 29일 08시,월요일,경상남도 남해군 창선면,경상사고,0,0,1,0,차대차 - 기타,안전운전불이행,건조,맑음,단일로 - 기타,승용,남,49세,상해없음,원동기,남,15세,경상
2014092900100164,2014년 9월 29일 09시,월요일,경상남도 합천군 합천읍,경상사고,0,0,1,0,차대사람 - 보도통행중,안전운전불이행,건조,맑음,교차로 - 교차로안,화물,남,53세,상해없음,보행자,남,68세,경상
2014092900100165,2014년 9월 29일 09시,월요일,경상남도 창녕군 남지읍,경상사고,0,0,2,0,차대차 - 기타,안전운전불이행,건조,맑음,단일로 - 기타,승용,여,51세,경상,화물,남,55세,경상
2014092900100166,2014년 9월 29일 09시,월요일,경상남도 양산시 남부동,경상사고,0,0,1,0,차대차 - 추돌 - 주정차중,안전운전불이행,건조,맑음,교차로 - 교차로부근,승용,남,52세,상해없음,승용,여,38세,경상
2014092900100167,2014년 9월 29일 09시,월요일,경상남도 산청군 시천면,중상사고,0,1,0,0,차대차 - 측면직각충돌,안전운전불이행,건조,맑음,단일로 - 기타,화물,여,67세,상해없음,원동기,남,34세,중상
2014092900100198,2014년 9월 29일 10시,월요일,경상남도 양산시 중부동,부상신고사고,0,0,0,1,차대사람 - 기타,안전운전불이행,건조,맑음,단일로 - 기타,승용,남,47세,상해없음,보행자,남,52세,부상신고
2014092900100225,2014년 9월 29일 11시,월요일,경상남도 진주시 상평동,중상사고,0,1,0,0,차대사람 - 보도통행중,기타,건조,맑음,기타 - 기타,승용,여,57세,상해없음,보행자,여,81세,중상
2014092900100258,2014년 9월 29일 12시,월요일,경상남도 창원시 마산합포구 교방동,중상사고,0,1,0,0,차대사람 - 길가장자리구역통행중,안전운전불이행,건조,맑음,단일로 - 기타,승용,남,67세,상해없음,보행자,여,55세,중상
2014092900100259,2014년 9월 29일 12시,월요일,경상남도 거제시 거제면,경상사고,0,0,5,0,차대차 - 측면직각충돌,교차로운행방법위반,건조,맑음,교차로 - 교차로안,화물,남,48세,상해없음,승합,남,39세,경상
2014092900100260,2014년 9월 29일 12시,월요일,경상남도 거제시 고현동,중상사고,0,1,0,0,차대차 - 측면직각충돌,교차로운행방법위반,습기,흐림,교차로 - 교차로안,승용,여,33세,상해없음,이륜,남,22세,중상
2014092900100261,2014년 9월 29일 12시,월요일,경상남도 김해시 진영읍,경상사고,0,0,1,0,차대차 - 측면직각충돌,중앙선침범,건조,맑음,단일로 - 기타,승용,여,43세,상해없음,승용,남,45세,경상
2014092900100327,2014년 9월 29일 14시,월요일,경상남도 진주시 상대동,사망사고,1,0,0,0,차량단독 - 기타,기타,건조,흐림,단일로 - 기타,승합,남,49세,상해없음,,,,
2014092900100328,2014년 9월 29일 14시,월요일,경상남도 창원시 진해구 남문동,중상사고,0,1,0,0,차대차 - 측면직각충돌,안전운전불이행,건조,맑음,단일로 - 기타,건설기계,남,53세,상해없음,화물,남,36세,중상
2014092900100329,2014년 9월 29일 14시,월요일,경상남도 사천시 용강동,경상사고,0,0,1,0,차대차 - 측면직각충돌,교차로운행방법위반,건조,흐림,교차로 - 교차로안,승용,남,59세,상해없음,화물,남,64세,경상
2014092900100330,2014년 9월 29일 14시,월요일,경상남도 창녕군 창녕읍,경상사고,0,0,1,0,차대차 - 측면직각충돌,교차로운행방법위반,습기,비,교차로 - 교차로안,승용,남,58세,상해없음,자전거,남,6세,경상
2014092900100331,2014년 9월 29일 14시,월요일,경상남도 김해시 장유면,부상신고사고,0,0,0,1,차대사람 - 횡단중,안전운전불이행,건조,맑음,교차로 - 교차로부근,승용,기타불명,기타불명,기타불명,보행자,남,15세,부상신고
2014092900100402,2014년 9월 29일 16시,월요일,경상남도 사천시 사천읍,중상사고,0,1,0,0,차대차 - 정면충돌,안전운전불이행,습기,비,단일로 - 기타,승용,여,31세,상해없음,승용,남,46세,중상
2014092900100403,2014년 9월 29일 16시,월요일,경상남도 김해시 장유면,경상사고,0,0,1,0,차대차 - 추돌 - 주정차중,안전운전불이행,건조,맑음,단일로 - 기타,승용,여,39세,상해없음,화물,남,28세,경상