사고번호,사고일시,요일,시군구,사고내용,사망자수,중상자수,경상자수,부상신고자수,사고유형,법규위반,노면상태,기상상태,도로형태,가해운전자 차종,가해운전자 성별,가해운전자 연령,가해운전자 상해정도,피해운전자 차종,피해운전자 성별,피해운전자 연령,피해운전자 상해정도
2014100200100369,2014년 10월 2일 16시,목요일,경상남도 김해시 대동면,중상사고,0,1,0,0,차량단독 - 공작물충돌,기타,건조,맑음,단일로 - 기타,화물,남,44세,중상,,,,
2014100200100382,2014년 10월 2일 16시,목요일,경상남도 거제시 상동동,중상사고,0,1,0,0,차대차 - 기타,안전운전불이행,건조,맑음,교차로 - 교차로안,승용,여,54세,상해없음,이륜,남,42세,중상
2014100200100383,2014년 10월 2일 16시,목요일,경상남도 거제시 고현동,부상신고사고,0,0,0,2,차대차 - 기타,교차로운행방법위반,건조,맑음,교차로 - 교차로안,승용,남,48세,상해없음,이륜,남,18세,부상신고
2014100200100421,2014년 10월 2일 17시,목요일,경상남도 창녕군 대합면,중상사고,0,1,0,0,차대사람 - 기타,안전운전불이행,건조,맑음,단일로 - 기타,승용,남,53세,상해없음,보행자,남,89세,중상
2014100200100487,2014년 10월 2일 18시,목요일,경상남도 창원시 마산회원구 양덕동,중상사고,0,1,0,0,차대차 - 기타,안전운전불이행,건조,맑음,단일로 - 기타,이륜,남,71세,중상,승합,남,55세,상해없음
2014100200100548,2014년 10월 2일 19시,목요일,경상남도 진주시 주약동,중상사고,0,1,0,0,차대사람 - 횡단중,안전운전불이행,건조,맑음,교차로 - 교차로안,승용,여,26세,상해없음,보행자,여,80세,중상
2014100200100549,2014년 10월 2일 19시,목요일,경상남도 창원시 진해구 근화동,경상사고,0,0,2,0,차대차 - 기타,안전운전불이행,건조,맑음,단일로 - 기타,승용,남,41세,상해없음,승용,남,42세,경상
2014100200100573,2014년 10월 2일 20시,목요일,경상남도 진주시 신안동,경상사고,0,0,1,0,차대차 - 기타,안전운전불이행,건조,맑음,교차로 - 교차로안,자전거,여,31세,경상,승용,남,53세,상해없음
2014100200100574,2014년 10월 2일 20시,목요일,경상남도 창원시 의창구 팔용동,경상사고,0,0,1,0,차대사람 - 횡단중,보행자보호의무위반,건조,맑음,교차로 - 교차로안,승용,남,27세,상해없음,보행자,여,24세,경상
2014100200100612,2014년 10월 2일 21시,목요일,경상남도 창원시 진해구 경화동,경상사고,0,0,2,0,차대차 - 기타,신호위반,건조,맑음,교차로 - 교차로안,승용,남,22세,상해없음,승용,남,57세,경상
2014100200100613,2014년 10월 2일 21시,목요일,경상남도 김해시 대성동,경상사고,0,0,1,0,차대차 - 추돌 - 주정차중,안전운전불이행,건조,맑음,교차로 - 교차로부근,승합,남,58세,상해없음,승용,남,30세,경상
2014100200100614,2014년 10월 2일 21시,목요일,경상남도 고성군 고성읍,중상사고,0,1,0,0,차대사람 - 횡단중,안전운전불이행,건조,맑음,교차로 - 교차로안,승용,여,19세,상해없음,보행자,남,69세,중상
2014100200100615,2014년 10월 2일 21시,목요일,경상남도 창원시 마산회원구 합성동,경상사고,0,0,1,0,차대사람 - 기타,안전운전불이행,건조,맑음,교차로 - 교차로부근,승용,여,56세,상해없음,보행자,남,47세,경상
2014100200100616,2014년 10월 2일 21시,목요일,경상남도 창원시 의창구 중동,부상신고사고,0,0,0,2,차대사람 - 횡단중,신호위반,건조,맑음,교차로 - 교차로부근,이륜,남,16세,상해없음,보행자,남,30세,부상신고
2014100200100681,2014년 10월 2일 23시,목요일,경상남도 창원시 진해구 충무동,경상사고,0,0,1,0,차대차 - 기타,안전운전불이행,건조,맑음,교차로 - 교차로안,원동기,남,19세,경상,승용,남,52세,상해없음
2014100300100023,2014년 10월 3일 00시,금요일,경상남도 창원시 마산회원구 내서읍,경상사고,0,0,1,0,차대차 - 측면직각충돌,신호위반,건조,맑음,교차로 - 교차로안,승용,남,24세,상해없음,승용,남,29세,경상
2014100300100043,2014년 10월 3일 01시,금요일,경상남도 창원시 성산구 양곡동,경상사고,0,0,1,0,차대차 - 기타,안전운전불이행,건조,맑음,교차로 - 교차로부근,화물,남,42세,상해없음,승용,남,26세,경상
2014100300100059,2014년 10월 3일 02시,금요일,경상남도 창원시 성산구 상남동,경상사고,0,0,1,0,차대차 - 기타,교차로운행방법위반,기타,맑음,교차로 - 교차로안,승용,남,25세,경상,승용,남,19세,상해없음
2014100300100078,2014년 10월 3일 03시,금요일,경상남도 김해시 외동,중상사고,0,1,0,0,차대사람 - 길가장자리구역통행중,안전운전불이행,건조,맑음,교차로 - 교차로안,승용,남,39세,상해없음,보행자,여,15세,중상
2014100300100079,2014년 10월 3일 03시,금요일,경상남도 거제시 아양동,중상사고,0,1,0,0,차대차 - 기타,안전운전불이행,건조,맑음,단일로 - 기타,승용,남,23세,상해없음,승용,남,31세,중상
2014100300100119,2014년 10월 3일 06시,금요일,경상남도 창원시 마산합포구 두월동2가,경상사고,0,0,1,0,차대차 - 측면직각충돌,신호위반,건조,맑음,교차로 - 교차로안,승용,남,41세,경상,승용,남,66세,상해없음
2014100300100120,2014년 10월 3일 06시,금요일,경상남도 김해시 삼정동,중상사고,0,1,0,0,차대사람 - 길가장자리구역통행중,신호위반,건조,맑음,단일로 - 횡단보도상,화물,남,29세,상해없음,보행자,여,61세,중상
2014100300100179,2014년 10월 3일 09시,금요일,경상남도 김해시 삼정동,중상사고,0,1,0,0,차대차 - 기타,교차로운행방법위반,건조,맑음,교차로 - 교차로안,승용,남,55세,상해없음,이륜,남,62세,중상
2014100300100180,2014년 10월 3일 09시,금요일,경상남도 거제시 사등면,부상신고사고,0,0,0,1,차대사람 - 기타,안전운전불이행,건조,맑음,단일로 - 기타,화물,남,52세,상해없음,보행자,남,42세,부상신고
2014100300100181,2014년 10월 3일 09시,금요일,경상남도 창원시 성산구 성주동,중상사고,0,1,0,0,차대차 - 측면직각충돌,중앙선침범,건조,맑음,단일로 - 기타,승용,남,25세,상해없음,승용,남,41세,중상
2014100300100205,2014년 10월 3일 10시,금요일,경상남도 진주시 망경동,중상사고,0,1,0,0,차대사람 - 기타,안전운전불이행,건조,맑음,단일로 - 기타,승용,남,51세,상해없음,보행자,남,63세,중상
2014100300100206,2014년 10월 3일 10시,금요일,경상남도 진주시 가좌동,경상사고,0,0,1,0,차대사람 - 기타,안전운전불이행,건조,맑음,단일로 - 기타,원동기,남,24세,상해없음,보행자,남,3세,경상
2014100300100207,2014년 10월 3일 10시,금요일,경상남도 사천시 향촌동,중상사고,0,1,4,0,차대차 - 추돌 - 주정차중,안전운전불이행,건조,맑음,단일로 - 기타,특수,남,40세,상해없음,승합,남,49세,경상
2014100300100208,2014년 10월 3일 10시,금요일,경상남도 고성군 고성읍,중상사고,0,1,1,0,차대차 - 측면직각충돌,안전운전불이행,건조,맑음,단일로 - 기타,화물,남,41세,상해없음,원동기,남,86세,중상
2014100300100241,2014년 10월 3일 11시,금요일,경상남도 진주시 장대동,중상사고,0,1,0,0,차대사람 - 기타,안전운전불이행,건조,맑음,단일로 - 기타,승용,남,55세,상해없음,보행자,여,59세,중상
2014100300100242,2014년 10월 3일 11시,금요일,경상남도 합천군 야로면,중상사고,0,1,0,0,차대차 - 정면충돌,중앙선침범,건조,맑음,단일로 - 기타,원동기,남,23세,중상,화물,남,52세,상해없음
2014100300100243,2014년 10월 3일 11시,금요일,경상남도 하동군 적량면,중상사고,0,1,0,0,차대차 - 측면직각충돌,안전운전불이행,건조,맑음,교차로 - 교차로안,자전거,남,15세,중상,화물,남,41세,상해없음
2014100300100259,2014년 10월 3일 12시,금요일,경상남도 김해시 상동면,중상사고,0,3,1,0,차대차 - 정면충돌,중앙선침범,건조,맑음,단일로 - 기타,승용,남,25세,상해없음,승용,남,41세,중상
2014100300100275,2014년 10월 3일 12시,금요일,경상남도 통영시 무전동,중상사고,0,1,0,0,차대차 - 측면직각충돌,안전운전불이행,건조,맑음,교차로 - 교차로안,승용,남,50세,상해없음,원동기,남,80세,중상
2014100300100276,2014년 10월 3일 12시,금요일,경상남도 통영시 광도면,부상신고사고,0,0,0,1,차대사람 - 기타,안전운전불이행,건조,맑음,단일로 - 기타,기타불명,기타불명,기타불명,기타불명,보행자,남,12세,부상신고
2014100300100277,2014년 10월 3일 12시,금요일,경상남도 창원시 성산구 사파동,중상사고,0,1,0,0,차대차 - 기타,안전운전불이행,건조,맑음,교차로 - 교차로안,승용,남,34세,기타불명,화물,남,38세,중상
2014100300100291,2014년 10월 3일 13시,금요일,경상남도 김해시 대동면,경상사고,0,0,1,0,차대차 - 추돌 - 진행중,안전운전불이행,건조,맑음,단일로 - 기타,승용,기타불명,기타불명,기타불명,승용,여,37세,경상
2014100300100311,2014년 10월 3일 13시,금요일,경상남도 김해시 동상동,경상사고,0,0,1,0,차대사람 - 기타,안전운전불이행,건조,맑음,단일로 - 기타,승용,남,42세,상해없음,보행자,여,58세,경상
2014100300100312,2014년 10월 3일 13시,금요일,경상남도 김해시 내동,경상사고,0,0,1,0,차대차 - 기타,안전운전불이행,건조,맑음,단일로 - 기타,이륜,남,43세,경상,승용,여,35세,상해없음
2014100300100313,2014년 10월 3일 13시,금요일,경상남도 함안군 대산면,중상사고,0,1,0,0,차대사람 - 기타,안전운전불이행,건조,맑음,단일로 - 기타,화물,남,46세,상해없음,보행자,여,72세,중상
2014100300100347,2014년 10월 3일 14시,금요일,경상남도 하동군 진교면,중상사고,0,1,0,0,차대차 - 측면직각충돌,안전운전불이행,건조,맑음,교차로 - 교차로안,승용,남,71세,상해없음,특수,남,43세,중상
2014100300100348,2014년 10월 3일 14시,금요일,경상남도 거제시 하청면,사망사고,1,0,0,0,차량단독 - 기타,안전운전불이행,건조,맑음,단일로 - 기타,특수,남,56세,사망,,,,
2014100300100375,2014년 10월 3일 15시,금요일,경상남도 창원시 마산합포구 월영동,경상사고,0,0,4,0,차대차 - 측면직각충돌,안전운전불이행,건조,맑음,교차로 - 교차로안,승용,남,44세,상해없음,승용,남,37세,경상
2014100300100376,2014년 10월 3일 15시,금요일,경상남도 통영시 중앙동,중상사고,0,1,0,0,차대사람 - 차도통행중,안전운전불이행,건조,맑음,단일로 - 기타,승용,남,33세,상해없음,보행자,여,51세,중상
2014100300100377,2014년 10월 3일 15시,금요일,경상남도 사천시 곤명면,중상사고,0,3,0,0,차대차 - 측면직각충돌,직진우회전진행방해,건조,맑음,교차로 - 교차로안,승용,여,26세,상해없음,승용,남,45세,중상
2014100300100378,2014년 10월 3일 15시,금요일,경상남도 김해시 내동,중상사고,0,2,0,0,차대사람 - 횡단중,안전운전불이행,건조,맑음,단일로 - 기타,승용,여,49세,상해없음,보행자,여,13세,중상
2014100300100379,2014년 10월 3일 15시,금요일,경상남도 양산시 물금읍,중상사고,0,1,0,0,차대차 - 측면직각충돌,안전운전불이행,건조,맑음,단일로 - 기타,자전거,여,47세,상해없음,자전거,여,48세,중상
2014100300100380,2014년 10월 3일 15시,금요일,경상남도 창원시 성산구 상남동,중상사고,0,1,1,0,차대사람 - 기타,안전운전불이행,건조,맑음,단일로 - 기타,승용,남,51세,상해없음,보행자,여,20세,중상
2014100300100381,2014년 10월 3일 15시,금요일,경상남도 창원시 마산회원구 내서읍,경상사고,0,0,2,0,차대차 - 추돌 - 주정차중,안전운전불이행,건조,맑음,교차로 - 교차로부근,승용,여,46세,상해없음,승용,남,50세,경상
2014100300100401,2014년 10월 3일 16시,금요일,경상남도 김해시 대동면,중상사고,0,1,0,0,차대차 - 측면직각충돌,안전운전불이행,건조,맑음,단일로 - 기타,건설기계,남,51세,상해없음,승용,남,44세,중상
2014100300100424,2014년 10월 3일 16시,금요일,경상남도 진주시 상봉동,중상사고,0,1,1,0,차대차 - 측면직각충돌,직진우회전진행방해,건조,맑음,교차로 - 교차로안,화물,남,47세,경상,승용,남,52세,중상
2014100300100425,2014년 10월 3일 16시,금요일,경상남도 진주시 내동면,경상사고,0,0,2,0,차대차 - 추돌 - 진행중,안전운전불이행,건조,맑음,단일로 - 기타,원동기,남,25세,경상,승용,남,58세,경상
2014100300100426,2014년 10월 3일 16시,금요일,경상남도 진주시 동성동,경상사고,0,0,2,0,차대차 - 추돌 - 진행중,안전거리미확보,건조,맑음,단일로 - 기타,승용,남,37세,상해없음,승용,여,31세,경상
2014100300100427,2014년 10월 3일 16시,금요일,경상남도 창원시 진해구 용원동,중상사고,0,1,0,0,차대차 - 측면직각충돌,교차로운행방법위반,건조,맑음,교차로 - 교차로안,화물,남,48세,상해없음,이륜,남,24세,중상
2014100300100428,2014년 10월 3일 16시,금요일,경상남도 창원시 의창구 중동,중상사고,0,1,0,0,차대차 - 기타,교차로운행방법위반,건조,맑음,교차로 - 교차로안,승용,여,47세,상해없음,자전거,남,17세,중상
2014100300100429,2014년 10월 3일 16시,금요일,경상남도 진주시 판문동,경상사고,0,0,1,0,차대차 - 추돌 - 진행중,안전운전불이행,건조,맑음,단일로 - 기타,기타불명,기타불명,기타불명,기타불명,승용,여,49세,경상
2014100300100449,2014년 10월 3일 17시,금요일,경상남도 김해시 대동면,경상사고,0,0,2,0,차대차 - 추돌 - 진행중,안전거리미확보,건조,맑음,단일로 - 기타,화물,남,23세,상해없음,승용,남,33세,경상
2014100300100469,2014년 10월 3일 17시,금요일,경상남도 밀양시 가곡동,중상사고,0,1,0,0,차대사람 - 차도통행중,안전운전불이행,건조,맑음,단일로 - 기타,기타불명,기타불명,기타불명,기타불명,보행자,여,73세,중상
2014100300100470,2014년 10월 3일 17시,금요일,경상남도 김해시 안동,중상사고,0,1,0,0,차대차 - 기타,신호위반,건조,맑음,교차로 - 교차로안,승용,남,60세,상해없음,이륜,남,50세,중상
2014100300100471,2014년 10월 3일 17시,금요일,경상남도 김해시 외동,중상사고,0,1,0,1,차대차 - 기타,교차로운행방법위반,건조,맑음,교차로 - 교차로안,승용,남,47세,상해없음,이륜,남,17세,부상신고
2014100300100514,2014년 10월 3일 18시,금요일,경상남도 진주시 집현면,사망사고,1,0,0,0,차대사람 - 기타,안전운전불이행,건조,맑음,단일로 - 기타,승용,여,43세,상해없음,보행자,남,54세,사망
2014100300100515,2014년 10월 3일 18시,금요일,경상남도 진주시 인사동,경상사고,0,0,1,0,차대차 - 추돌 - 진행중,안전거리미확보,건조,맑음,단일로 - 기타,승용,남,39세,상해없음,원동기,남,54세,경상
2014100300100516,2014년 10월 3일 18시,금요일,경상남도 합천군 삼가면,경상사고,0,0,4,0,차대차 - 정면충돌,중앙선침범,건조,맑음,단일로 - 기타,승용,남,22세,상해없음,승용,남,35세,경상
2014100300100517,2014년 10월 3일 18시,금요일,경상남도 양산시 북부동,부상신고사고,0,0,0,1,차대사람 - 기타,안전운전불이행,건조,맑음,단일로 - 기타,자전거,남,72세,상해없음,보행자,남,59세,부상신고
2014100300100518,2014년 10월 3일 18시,금요일,경상남도 거제시 고현동,부상신고사고,0,0,0,1,차대차 - 기타,안전거리미확보,건조,맑음,단일로 - 기타,승용,남,18세,상해없음,승용,남,47세,부상신고
2014100300100565,2014년 10월 3일 19시,금요일,경상남도 김해시 장유면,중상사고,0,1,0,0,차대차 - 추돌 - 주정차중,안전운전불이행,건조,맑음,단일로 - 기타,승용,남,48세,상해없음,승용,남,46세,중상
2014100300100600,2014년 10월 3일 20시,금요일,경상남도 진주시 상대동,경상사고,0,0,1,0,차대차 - 측면직각충돌,안전운전불이행,건조,맑음,단일로 - 횡단보도상,자전거,남,60세,경상,승용,여,37세,상해없음
2014100300100601,2014년 10월 3일 20시,금요일,경상남도 통영시 무전동,경상사고,0,0,1,0,차대차 - 측면직각충돌,신호위반,건조,맑음,교차로 - 교차로안,원동기,남,26세,상해없음,승용,남,63세,경상
2014100300100602,2014년 10월 3일 20시,금요일,경상남도 창원시 의창구 팔용동,중상사고,0,1,0,0,차대차 - 측면직각충돌,신호위반,건조,맑음,교차로 - 교차로안,승용,남,23세,상해없음,원동기,남,32세,중상
2014100300100637,2014년 10월 3일 21시,금요일,경상남도 진주시 하대동,중상사고,0,1,2,0,차대차 - 추돌 - 주정차중,안전거리미확보,건조,맑음,단일로 - 기타,화물,남,31세,경상,승용,남,43세,경상
2014100300100661,2014년 10월 3일 22시,금요일,경상남도 통영시 광도면,경상사고,0,0,2,0,차대차 - 측면직각충돌,안전운전불이행,건조,맑음,교차로 - 교차로안,승용,남,31세,상해없음,승용,남,37세,경상
2014100300100662,2014년 10월 3일 22시,금요일,경상남도 창원시 성산구 상남동,중상사고,0,1,0,0,차대차 - 기타,안전운전불이행,건조,맑음,단일로 - 기타,승용,남,59세,상해없음,이륜,남,24세,중상
2014100300100663,2014년 10월 3일 22시,금요일,경상남도 창원시 성산구 외동,경상사고,0,0,4,0,차대차 - 추돌 - 주정차중,안전운전불이행,건조,맑음,단일로 - 기타,화물,남,36세,상해없음,승용,남,45세,경상
2014100400100018,2014년 10월 4일 00시,토요일,경상남도 창원시 마산합포구 우산동,경상사고,0,0,2,1,차대차 - 추돌 - 진행중,안전운전불이행,건조,맑음,단일로 - 기타,승용,남,52세,부상신고,승용,남,45세,경상
2014100400100031,2014년 10월 4일 01시,토요일,경상남도 진주시 봉곡동,경상사고,0,0,3,0,차대차 - 추돌 - 진행중,안전거리미확보,건조,맑음,단일로 - 기타,승용,남,24세,상해없음,승용,여,27세,경상
2014100400100077,2014년 10월 4일 06시,토요일,경상남도 양산시 물금읍,경상사고,0,0,4,0,차대차 - 추돌 - 진행중,안전운전불이행,건조,맑음,단일로 - 기타,화물,남,42세,상해없음,승용,남,61세,상해없음
2014100400100119,2014년 10월 4일 08시,토요일,경상남도 고성군 마암면,경상사고,0,0,1,0,차대차 - 기타,안전운전불이행,건조,맑음,단일로 - 기타,화물,남,57세,상해없음,자전거,여,65세,경상
2014100400100120,2014년 10월 4일 08시,토요일,경상남도 김해시 풍유동,중상사고,0,1,0,0,차대차 - 측면직각충돌,안전운전불이행,건조,맑음,교차로 - 교차로부근,승용,남,45세,상해없음,이륜,여,53세,중상
2014100400100138,2014년 10월 4일 09시,토요일,경상남도 창원시 진해구 석동,중상사고,0,1,0,0,차대차 - 추돌 - 진행중,안전운전불이행,건조,맑음,교차로 - 교차로부근,화물,남,58세,상해없음,승용,여,53세,중상
2014100400100139,2014년 10월 4일 09시,토요일,경상남도 창원시 성산구 반지동,부상신고사고,0,0,0,1,차대차 - 기타,신호위반,건조,맑음,교차로 - 교차로안,이륜,남,21세,부상신고,승용,여,32세,상해없음
2014100400100174,2014년 10월 4일 10시,토요일,경상남도 김해시 전하동,중상사고,0,1,0,0,차대차 - 측면직각충돌,신호위반,건조,맑음,교차로 - 교차로안,승용,남,39세,상해없음,승용,남,63세,중상
2014100400100205,2014년 10월 4일 11시,토요일,경상남도 양산시 하북면,중상사고,0,1,0,1,차대차 - 측면직각충돌,교차로운행방법위반,건조,맑음,교차로 - 교차로안,승용,여,65세,부상신고,화물,남,59세,중상
2014100400100206,2014년 10월 4일 11시,토요일,경상남도 거제시 장평동,경상사고,0,0,1,0,차대차 - 기타,신호위반,건조,맑음,교차로 - 교차로부근,승용,여,29세,상해없음,자전거,남,27세,경상
2014100400100245,2014년 10월 4일 12시,토요일,경상남도 거창군 거창읍,부상신고사고,0,0,0,1,차대차 - 기타,교차로운행방법위반,건조,맑음,교차로 - 교차로안,승용,여,27세,상해없음,자전거,남,7세,부상신고
2014100400100246,2014년 10월 4일 12시,토요일,경상남도 합천군 용주면,중상사고,0,1,0,1,차대차 - 측면직각충돌,안전운전불이행,건조,맑음,교차로 - 교차로부근,승용,여,22세,부상신고,화물,남,55세,중상
2014100400100247,2014년 10월 4일 12시,토요일,경상남도 거제시 일운면,부상신고사고,0,0,0,2,차량단독 - 기타,안전운전불이행,건조,맑음,단일로 - 기타,이륜,남,46세,부상신고,,,,
2014100400100248,2014년 10월 4일 12시,토요일,경상남도 함안군 가야읍,사망사고,1,0,3,0,차대차 - 기타,안전운전불이행,건조,맑음,단일로 - 기타,특수,남,56세,상해없음,승용,남,55세,경상
2014100400100282,2014년 10월 4일 13시,토요일,경상남도 사천시 향촌동,경상사고,0,0,2,0,차대차 - 추돌 - 주정차중,안전운전불이행,건조,맑음,교차로 - 교차로부근,승용,남,50세,상해없음,승용,남,38세,경상
2014100400100283,2014년 10월 4일 13시,토요일,경상남도 거제시 장평동,중상사고,0,1,0,0,차대차 - 기타,안전거리미확보,건조,맑음,교차로 - 교차로부근,건설기계,남,49세,상해없음,승용,남,41세,중상
2014100400100284,2014년 10월 4일 13시,토요일,경상남도 남해군 이동면,중상사고,0,1,0,0,차대사람 - 횡단중,안전운전불이행,건조,맑음,기타 - 기타,승용,남,77세,상해없음,보행자,여,86세,중상
2014100400100285,2014년 10월 4일 13시,토요일,경상남도 창원시 마산합포구 산호동,중상사고,0,1,0,0,차대사람 - 횡단중,신호위반,건조,맑음,단일로 - 기타,승용,여,26세,상해없음,보행자,남,34세,중상
2014100400100322,2014년 10월 4일 14시,토요일,경상남도 사천시 동금동,중상사고,0,1,0,0,차대차 - 추돌 - 진행중,안전운전불이행,건조,맑음,단일로 - 기타,이륜,남,80세,상해없음,자전거,남,89세,중상
2014100400100323,2014년 10월 4일 14시,토요일,경상남도 양산시 삼호동,경상사고,0,0,2,0,차대차 - 기타,교차로운행방법위반,건조,맑음,단일로 - 기타,승용,남,53세,상해없음,승용,남,40세,경상
2014100400100324,2014년 10월 4일 14시,토요일,경상남도 양산시 상북면,중상사고,0,2,1,0,차대차 - 정면충돌,중앙선침범,건조,맑음,교차로 - 교차로안,화물,여,52세,상해없음,승용,남,34세,중상
2014100400100355,2014년 10월 4일 15시,토요일,경상남도 사천시 용현면,중상사고,0,2,0,1,차대차 - 측면직각충돌,중앙선침범,건조,맑음,단일로 - 기타,이륜,남,82세,중상,화물,남,72세,부상신고
2014100400100356,2014년 10월 4일 15시,토요일,경상남도 남해군 삼동면,경상사고,0,0,1,0,차대사람 - 길가장자리구역통행중,안전운전불이행,건조,맑음,기타 - 기타,승합,남,63세,상해없음,보행자,남,26세,경상
2014100400100390,2014년 10월 4일 16시,토요일,경상남도 남해군 창선면,경상사고,0,0,1,0,차대차 - 추돌 - 주정차중,안전운전불이행,건조,맑음,기타 - 기타,승용,남,26세,상해없음,승용,남,51세,경상
2014100400100391,2014년 10월 4일 16시,토요일,경상남도 김해시 흥동,경상사고,0,0,3,0,차대차 - 측면직각충돌,안전운전불이행,건조,맑음,교차로 - 교차로안,화물,남,26세,경상,승용,남,58세,경상
2014100400100428,2014년 10월 4일 17시,토요일,경상남도 사천시 사남면,경상사고,0,0,4,0,차대차 - 추돌 - 주정차중,안전운전불이행,건조,맑음,교차로 - 교차로부근,승용,남,59세,상해없음,승용,남,58세,경상
2014100400100429,2014년 10월 4일 17시,토요일,경상남도 사천시 좌룡동,경상사고,0,0,2,0,차대차 - 추돌 - 주정차중,안전운전불이행,건조,맑음,교차로 - 교차로안,화물,남,22세,상해없음,승용,여,53세,경상
2014100400100430,2014년 10월 4일 17시,토요일,경상남도 거제시 아주동,중상사고,0,1,0,0,차대차 - 기타,중앙선침범,건조,맑음,단일로 - 기타,승용,남,25세,상해없음,이륜,남,33세,중상
2014100400100431,2014년 10월 4일 17시,토요일,경상남도 남해군 미조면,경상사고,0,0,1,0,차대사람 - 기타,안전운전불이행,건조,맑음,기타 - 기타,승용,여,42세,상해없음,보행자,여,37세,경상
2014100400100432,2014년 10월 4일 17시,토요일,경상남도 창원시 성산구 신촌동,중상사고,0,1,0,0,차대사람 - 횡단중,안전운전불이행,건조,맑음,교차로 - 교차로부근,승용,남,36세,상해없음,보행자,남,85세,중상
2014100400100433,2014년 10월 4일 17시,토요일,경상남도 창원시 마산회원구 합성동,중상사고,0,1,0,0,차대차 - 기타,안전운전불이행,건조,맑음,미분류 - 미분류,기타불명,기타불명,기타불명,기타불명,자전거,남,65세,중상
2014100400100434,2014년 10월 4일 17시,토요일,경상남도 창원시 의창구 동읍,경상사고,0,0,1,0,차대차 - 기타,직진우회전진행방해,건조,맑음,교차로 - 교차로안,승용,여,60세,상해없음,승용,남,27세,상해없음
2014100400100474,2014년 10월 4일 18시,토요일,경상남도 통영시 도산면,경상사고,0,0,3,0,차대차 - 추돌 - 진행중,안전운전불이행,건조,흐림,단일로 - 기타,승합,남,71세,상해없음,승용,남,51세,경상
2014100400100475,2014년 10월 4일 18시,토요일,경상남도 김해시 내동,경상사고,0,0,1,0,차대차 - 측면직각충돌,안전운전불이행,건조,맑음,단일로 - 기타,승용,남,52세,상해없음,승용,여,44세,경상
2014100400100508,2014년 10월 4일 19시,토요일,경상남도 김해시 어방동,중상사고,0,1,0,0,차대차 - 측면직각충돌,안전거리미확보,건조,맑음,교차로 - 교차로안,승용,남,48세,상해없음,이륜,남,16세,중상
2014100400100509,2014년 10월 4일 19시,토요일,경상남도 김해시 내동,중상사고,0,1,0,0,차대차 - 추돌 - 진행중,안전거리미확보,건조,맑음,교차로 - 교차로부근,승용,남,38세,상해없음,이륜,남,28세,중상
2014100400100528,2014년 10월 4일 20시,토요일,경상남도 창원시 마산회원구 내서읍,경상사고,0,0,1,0,차대차 - 기타,안전운전불이행,건조,맑음,단일로 - 기타,승용,여,60세,상해없음,승용,남,32세,경상
2014100400100563,2014년 10월 4일 21시,토요일,경상남도 진주시 호탄동,경상사고,0,0,2,0,차대차 - 추돌 - 주정차중,안전운전불이행,건조,맑음,교차로 - 교차로부근,승용,남,57세,상해없음,승용,여,42세,경상
2014100400100625,2014년 10월 4일 23시,토요일,경상남도 창원시 성산구 가음동,부상신고사고,0,0,0,1,차대차 - 기타,신호위반,건조,맑음,교차로 - 교차로안,원동기,남,24세,부상신고,승용,남,35세,상해없음
2014100400100626,2014년 10월 4일 23시,토요일,경상남도 창원시 마산회원구 양덕동,경상사고,0,0,1,0,차대차 - 기타,안전운전불이행,건조,맑음,단일로 - 기타,승용,남,18세,상해없음,승용,남,54세,상해없음
2014100400100627,2014년 10월 4일 23시,토요일,경상남도 창원시 의창구 소답동,중상사고,0,1,0,0,차대사람 - 기타,안전운전불이행,건조,맑음,단일로 - 기타,승용,여,25세,상해없음,보행자,남,51세,중상
2014100500100013,2014년 10월 5일 00시,일요일,경상남도 진주시 옥봉동,중상사고,0,1,2,0,차대차 - 추돌 - 진행중,안전운전불이행,건조,맑음,단일로 - 기타,승용,남,38세,상해없음,승용,남,36세,경상
2014100500100014,2014년 10월 5일 00시,일요일,경상남도 김해시 동상동,경상사고,0,0,2,0,차대차 - 정면충돌,중앙선침범,건조,맑음,단일로 - 기타,화물,남,26세,상해없음,승용,여,37세,경상
2014100500100074,2014년 10월 5일 05시,일요일,경상남도 김해시 외동,경상사고,0,0,1,0,차대차 - 추돌 - 진행중,안전운전불이행,건조,맑음,단일로 - 기타,승용,남,59세,상해없음,승용,남,52세,상해없음
2014100500100122,2014년 10월 5일 09시,일요일,경상남도 거제시 고현동,중상사고,0,1,2,0,차대차 - 기타,교차로운행방법위반,건조,맑음,교차로 - 교차로안,승용,남,36세,상해없음,승합,남,44세,경상
2014100500100191,2014년 10월 5일 12시,일요일,경상남도 함안군 칠원면,경상사고,0,0,1,0,차대사람 - 기타,안전운전불이행,건조,맑음,교차로 - 교차로안,승합,남,42세,상해없음,보행자,여,16세,경상
2014100500100192,2014년 10월 5일 12시,일요일,경상남도 창원시 의창구 동정동,경상사고,0,0,2,0,차대차 - 추돌 - 주정차중,안전운전불이행,건조,맑음,단일로 - 기타,승용,남,48세,상해없음,승용,남,35세,경상