사고번호,사고일시,요일,시군구,사고내용,사망자수,중상자수,경상자수,부상신고자수,사고유형,법규위반,노면상태,기상상태,도로형태,가해운전자 차종,가해운전자 성별,가해운전자 연령,가해운전자 상해정도,피해운전자 차종,피해운전자 성별,피해운전자 연령,피해운전자 상해정도
2014100500100222,2014년 10월 5일 13시,일요일,경상남도 함안군 칠원면,중상사고,0,1,0,0,차대사람 - 기타,안전운전불이행,건조,맑음,기타 - 기타,승용,남,35세,상해없음,보행자,남,56세,중상
2014100500100243,2014년 10월 5일 14시,일요일,경상남도 거제시 사등면,중상사고,0,1,0,0,차대사람 - 기타,교차로운행방법위반,건조,맑음,교차로 - 교차로안,승용,남,30세,상해없음,보행자,여,73세,중상
2014100500100244,2014년 10월 5일 14시,일요일,경상남도 거제시 아주동,중상사고,0,4,4,0,차대차 - 추돌 - 주정차중,안전거리미확보,건조,맑음,단일로 - 기타,승용,남,59세,상해없음,승용,남,29세,중상
2014100500100279,2014년 10월 5일 15시,일요일,경상남도 밀양시 단장면,경상사고,0,0,1,0,차대사람 - 기타,안전운전불이행,건조,맑음,단일로 - 기타,승합,남,55세,상해없음,보행자,남,40세,경상
2014100500100280,2014년 10월 5일 15시,일요일,경상남도 밀양시 내이동,경상사고,0,0,1,0,차대차 - 측면직각충돌,교차로운행방법위반,건조,맑음,교차로 - 교차로안,승용,남,60세,상해없음,이륜,남,82세,경상
2014100500100281,2014년 10월 5일 15시,일요일,경상남도 산청군 신안면,중상사고,0,1,0,0,차대차 - 기타,안전운전불이행,건조,맑음,교차로 - 교차로안,원동기,남,75세,상해없음,화물,남,68세,상해없음
2014100500100331,2014년 10월 5일 16시,일요일,경상남도 진주시 하대동,중상사고,0,1,0,0,차대차 - 측면직각충돌,신호위반,건조,맑음,교차로 - 교차로안,승용,남,81세,상해없음,자전거,남,60세,중상
2014100500100332,2014년 10월 5일 16시,일요일,경상남도 진주시 장대동,중상사고,0,1,0,0,차대사람 - 차도통행중,안전운전불이행,건조,맑음,단일로 - 기타,기타불명,기타불명,기타불명,기타불명,보행자,남,75세,중상
2014100500100333,2014년 10월 5일 16시,일요일,경상남도 하동군 양보면,중상사고,0,1,0,0,차대차 - 추돌 - 주정차중,안전운전불이행,건조,맑음,단일로 - 기타,승용,여,64세,상해없음,농기계,남,68세,중상
2014100500100427,2014년 10월 5일 19시,일요일,경상남도 김해시 진례면,중상사고,0,1,0,0,차대차 - 추돌 - 진행중,안전운전불이행,건조,맑음,단일로 - 기타,승용,남,35세,상해없음,자전거,남,38세,중상
2014100500100442,2014년 10월 5일 20시,일요일,경상남도 양산시 동면,경상사고,0,0,3,0,차대차 - 추돌 - 진행중,안전운전불이행,건조,맑음,단일로 - 기타,승용,남,24세,상해없음,승용,남,59세,경상
2014100500100460,2014년 10월 5일 20시,일요일,경상남도 양산시 물금읍,부상신고사고,0,0,0,1,차대차 - 기타,안전운전불이행,건조,맑음,교차로 - 교차로안,승용,남,50세,상해없음,원동기,남,20세,부상신고
2014100600100032,2014년 10월 6일 03시,월요일,경상남도 통영시 도천동,중상사고,0,2,0,0,차대차 - 측면직각충돌,차로위반,건조,맑음,단일로 - 기타,화물,남,51세,중상,승용,남,33세,중상
2014100600100039,2014년 10월 6일 04시,월요일,경상남도 창원시 마산합포구 산호동,경상사고,0,0,1,0,차대차 - 측면직각충돌,안전운전불이행,건조,맑음,단일로 - 기타,승용,남,56세,상해없음,승용,남,35세,경상
2014100600100044,2014년 10월 6일 05시,월요일,경상남도 창원시 마산합포구 교방동,중상사고,0,1,1,0,차대차 - 측면직각충돌,신호위반,건조,맑음,교차로 - 교차로안,승용,남,39세,상해없음,승용,남,59세,경상
2014100600100054,2014년 10월 6일 06시,월요일,경상남도 김해시 부원동,중상사고,0,1,0,0,차대사람 - 횡단중,안전운전불이행,건조,맑음,교차로 - 교차로부근,이륜,남,30세,상해없음,보행자,여,69세,중상
2014100600100087,2014년 10월 6일 07시,월요일,경상남도 창원시 마산합포구 자산동,경상사고,0,0,6,0,차대차 - 추돌 - 주정차중,안전운전불이행,건조,맑음,단일로 - 기타,승용,여,43세,경상,승용,남,43세,경상
2014100600100133,2014년 10월 6일 08시,월요일,경상남도 통영시 봉평동,경상사고,0,0,1,0,차대차 - 측면직각충돌,교차로운행방법위반,건조,맑음,교차로 - 교차로안,승용,남,51세,상해없음,승용,남,25세,경상
2014100600100134,2014년 10월 6일 08시,월요일,경상남도 거창군 거창읍,경상사고,0,0,1,0,차대차 - 측면직각충돌,교차로운행방법위반,건조,맑음,교차로 - 교차로안,승용,여,49세,상해없음,자전거,남,11세,경상
2014100600100135,2014년 10월 6일 08시,월요일,경상남도 창원시 성산구 사파동,중상사고,0,1,3,0,차대차 - 기타,안전운전불이행,건조,맑음,단일로 - 기타,승용,남,65세,상해없음,승용,여,27세,중상
2014100600100189,2014년 10월 6일 09시,월요일,경상남도 진주시 옥봉동,중상사고,0,1,1,0,차대차 - 기타,교차로운행방법위반,건조,맑음,교차로 - 교차로부근,승용,남,57세,상해없음,승용,남,48세,경상
2014100600100190,2014년 10월 6일 09시,월요일,경상남도 창원시 의창구 서상동,중상사고,0,2,1,0,차대차 - 추돌 - 진행중,안전거리미확보,건조,맑음,단일로 - 기타,화물,남,58세,상해없음,승용,여,49세,경상
2014100600100223,2014년 10월 6일 10시,월요일,경상남도 창원시 진해구 자은동,중상사고,0,1,0,0,차대사람 - 기타,안전운전불이행,건조,맑음,단일로 - 횡단보도부근,승용,남,41세,상해없음,보행자,남,91세,중상
2014100600100255,2014년 10월 6일 11시,월요일,경상남도 창녕군 영산면,부상신고사고,0,0,0,1,차대차 - 측면직각충돌,안전운전불이행,건조,맑음,단일로 - 기타,승용,남,51세,기타불명,자전거,남,75세,부상신고
2014100600100290,2014년 10월 6일 12시,월요일,경상남도 통영시 항남동,경상사고,0,0,1,0,차대차 - 측면직각충돌,신호위반,건조,맑음,교차로 - 교차로안,화물,남,63세,상해없음,이륜,남,18세,경상
2014100600100291,2014년 10월 6일 12시,월요일,경상남도 함양군 유림면,사망사고,1,0,0,0,차대사람 - 기타,안전운전불이행,건조,맑음,단일로 - 기타,화물,남,44세,상해없음,보행자,남,72세,사망
2014100600100292,2014년 10월 6일 12시,월요일,경상남도 창원시 의창구 대산면,경상사고,0,0,1,0,차대사람 - 횡단중,안전운전불이행,건조,맑음,단일로 - 기타,승용,남,67세,상해없음,보행자,여,43세,경상
2014100600100321,2014년 10월 6일 13시,월요일,경상남도 통영시 북신동,중상사고,0,1,0,0,차대차 - 측면직각충돌,직진우회전진행방해,건조,맑음,교차로 - 교차로안,화물,남,37세,상해없음,화물,남,67세,중상
2014100600100322,2014년 10월 6일 13시,월요일,경상남도 거창군 거창읍,중상사고,0,1,0,0,차대차 - 정면충돌,중앙선침범,건조,맑음,교차로 - 교차로안,승합,남,45세,상해없음,원동기,남,24세,중상
2014100600100323,2014년 10월 6일 13시,월요일,경상남도 거제시 아양동,중상사고,0,1,0,0,차대사람 - 기타,교차로운행방법위반,건조,맑음,교차로 - 교차로부근,특수,남,51세,상해없음,보행자,남,41세,중상
2014100600100355,2014년 10월 6일 14시,월요일,경상남도 거제시 장평동,경상사고,0,0,2,0,차대차 - 기타,안전운전불이행,건조,맑음,기타 - 기타,승합,여,44세,상해없음,승용,남,33세,경상
2014100600100356,2014년 10월 6일 14시,월요일,경상남도 남해군 삼동면,중상사고,0,1,0,0,차량단독 - 전도전복,안전운전불이행,건조,맑음,기타 - 기타,농기계,남,72세,중상,,,,
2014100600100390,2014년 10월 6일 15시,월요일,경상남도 진주시 상대동,중상사고,0,1,1,0,차대차 - 기타,교차로운행방법위반,건조,맑음,교차로 - 교차로부근,승용,남,48세,상해없음,승용,여,36세,중상
2014100600100391,2014년 10월 6일 15시,월요일,경상남도 밀양시 삼랑진읍,중상사고,0,1,0,0,차대차 - 추돌 - 진행중,중앙선침범,건조,맑음,단일로 - 기타,승용,남,62세,상해없음,이륜,남,65세,중상
2014100600100392,2014년 10월 6일 15시,월요일,경상남도 양산시 물금읍,중상사고,0,1,0,0,차대차 - 측면직각충돌,직진우회전진행방해,건조,맑음,교차로 - 교차로안,승용,남,61세,중상,건설기계,남,48세,상해없음
2014100600100428,2014년 10월 6일 16시,월요일,경상남도 통영시 인평동,경상사고,0,0,1,0,차대차 - 측면직각충돌,기타,건조,맑음,단일로 - 기타,화물,남,50세,상해없음,이륜,남,67세,경상
2014100600100429,2014년 10월 6일 16시,월요일,경상남도 김해시 구산동,중상사고,0,2,0,0,차대차 - 추돌 - 진행중,안전운전불이행,건조,맑음,교차로 - 교차로안,승용,남,64세,상해없음,승용,여,56세,중상
2014100600100430,2014년 10월 6일 16시,월요일,경상남도 창원시 마산회원구 양덕동,경상사고,0,0,1,0,차대차 - 측면직각충돌,안전운전불이행,건조,맑음,단일로 - 기타,승합,여,57세,상해없음,자전거,남,16세,경상
2014100600100474,2014년 10월 6일 17시,월요일,경상남도 창원시 마산합포구 진동면,중상사고,0,1,0,1,차대차 - 측면직각충돌,안전거리미확보,건조,맑음,단일로 - 기타,화물,남,48세,부상신고,승용,남,51세,중상
2014100600100475,2014년 10월 6일 17시,월요일,경상남도 창원시 마산합포구 진동면,중상사고,0,1,0,1,차대차 - 측면직각충돌,신호위반,건조,맑음,교차로 - 교차로안,화물,남,54세,부상신고,승용,여,67세,중상
2014100600100476,2014년 10월 6일 17시,월요일,경상남도 거창군 거창읍,경상사고,0,0,1,1,차대차 - 측면직각충돌,교차로운행방법위반,건조,맑음,단일로 - 기타,화물,남,74세,부상신고,승용,남,33세,경상
2014100600100529,2014년 10월 6일 18시,월요일,경상남도 양산시 덕계동,경상사고,0,0,1,0,차대차 - 기타,안전운전불이행,건조,맑음,단일로 - 기타,승용,남,24세,상해없음,원동기,남,19세,경상
2014100600100530,2014년 10월 6일 18시,월요일,경상남도 거제시 장평동,중상사고,0,1,0,0,차대사람 - 횡단중,보행자보호의무위반,건조,맑음,단일로 - 횡단보도상,승용,여,25세,상해없음,보행자,여,9세,중상
2014100600100565,2014년 10월 6일 19시,월요일,경상남도 창원시 마산합포구 월영동,경상사고,0,0,1,1,차대차 - 추돌 - 주정차중,안전거리미확보,건조,흐림,단일로 - 기타,승용,남,50세,경상,승용,남,32세,부상신고
2014100600100566,2014년 10월 6일 19시,월요일,경상남도 진주시 상봉동,중상사고,0,1,0,0,차대사람 - 횡단중,보행자보호의무위반,건조,맑음,단일로 - 횡단보도상,화물,남,48세,상해없음,보행자,남,27세,중상
2014100600100567,2014년 10월 6일 19시,월요일,경상남도 통영시 무전동,중상사고,0,2,5,1,차대차 - 측면직각충돌,안전거리미확보,건조,맑음,단일로 - 기타,승용,남,53세,상해없음,승합,남,58세,중상
2014100600100568,2014년 10월 6일 19시,월요일,경상남도 양산시 명동,경상사고,0,0,1,0,차대사람 - 기타,안전운전불이행,건조,맑음,교차로 - 교차로부근,승용,여,30세,상해없음,보행자,남,59세,경상
2014100600100569,2014년 10월 6일 19시,월요일,경상남도 거제시 고현동,중상사고,0,1,0,0,차대차 - 기타,안전운전불이행,건조,맑음,교차로 - 교차로안,승용,남,54세,상해없음,이륜,남,54세,중상
2014100600100601,2014년 10월 6일 20시,월요일,경상남도 진주시 상대동,사망사고,1,0,0,0,차대사람 - 횡단중,안전운전불이행,건조,맑음,단일로 - 기타,승용,남,39세,상해없음,보행자,남,51세,사망
2014100600100641,2014년 10월 6일 21시,월요일,경상남도 김해시 삼계동,경상사고,0,0,1,0,차대사람 - 횡단중,안전운전불이행,건조,맑음,단일로 - 기타,이륜,남,18세,상해없음,보행자,여,14세,경상
2014100600100667,2014년 10월 6일 22시,월요일,경상남도 밀양시 상남면,중상사고,0,1,0,0,차대차 - 기타,안전운전불이행,건조,맑음,단일로 - 기타,승용,남,59세,상해없음,승용,남,43세,중상
2014100600100688,2014년 10월 6일 23시,월요일,경상남도 진주시 장대동,중상사고,0,1,0,0,차대사람 - 횡단중,교차로운행방법위반,건조,맑음,단일로 - 횡단보도상,승용,남,24세,상해없음,보행자,여,71세,중상
2014100600100689,2014년 10월 6일 23시,월요일,경상남도 창원시 성산구 상남동,경상사고,0,0,1,0,차대차 - 측면직각충돌,안전운전불이행,건조,맑음,교차로 - 교차로부근,승용,남,45세,상해없음,자전거,남,20세,경상
2014100700100019,2014년 10월 7일 01시,화요일,경상남도 양산시 물금읍,부상신고사고,0,0,0,1,차대사람 - 기타,안전운전불이행,건조,맑음,기타 - 기타,승용,여,32세,상해없음,보행자,남,40세,부상신고
2014100700100063,2014년 10월 7일 06시,화요일,경상남도 진주시 판문동,중상사고,0,1,0,0,차대차 - 기타,안전운전불이행,건조,맑음,단일로 - 기타,승용,남,21세,상해없음,자전거,남,57세,중상
2014100700100064,2014년 10월 7일 06시,화요일,경상남도 거창군 웅양면,중상사고,0,1,0,0,차대차 - 측면직각충돌,안전운전불이행,건조,맑음,교차로 - 교차로안,화물,남,52세,상해없음,농기계,남,80세,중상
2014100700100065,2014년 10월 7일 06시,화요일,경상남도 거제시 수월동,중상사고,0,1,0,0,차대차 - 기타,교차로운행방법위반,건조,맑음,교차로 - 교차로안,승용,여,57세,상해없음,이륜,남,33세,중상
2014100700100095,2014년 10월 7일 07시,화요일,경상남도 거창군 거창읍,경상사고,0,0,1,0,차대사람 - 길가장자리구역통행중,안전운전불이행,건조,맑음,단일로 - 기타,자전거,남,17세,상해없음,보행자,여,72세,경상
2014100700100133,2014년 10월 7일 08시,화요일,경상남도 함양군 함양읍,경상사고,0,0,1,0,차대차 - 측면직각충돌,교차로운행방법위반,건조,맑음,교차로 - 교차로안,화물,남,58세,경상,화물,남,42세,상해없음
2014100700100134,2014년 10월 7일 08시,화요일,경상남도 양산시 동면,중상사고,0,1,0,0,차대차 - 측면직각충돌,중앙선침범,건조,맑음,기타 - 기타,이륜,남,68세,중상,승용,남,54세,상해없음
2014100700100135,2014년 10월 7일 08시,화요일,경상남도 함안군 여항면,중상사고,0,1,1,0,차대차 - 측면직각충돌,안전운전불이행,건조,맑음,교차로 - 교차로안,승용,여,58세,경상,승용,여,53세,중상
2014100700100174,2014년 10월 7일 09시,화요일,경상남도 거창군 거창읍,중상사고,0,1,0,0,차대차 - 측면직각충돌,교차로운행방법위반,건조,맑음,교차로 - 교차로부근,승용,남,53세,상해없음,승용,남,60세,중상
2014100700100205,2014년 10월 7일 10시,화요일,경상남도 진주시 문산읍,중상사고,0,1,0,0,차대차 - 기타,안전거리미확보,건조,맑음,단일로 - 기타,기타불명,기타불명,기타불명,기타불명,화물,남,58세,중상
2014100700100228,2014년 10월 7일 11시,화요일,경상남도 거제시 옥포동,경상사고,0,0,1,1,차대차 - 기타,안전거리미확보,건조,맑음,교차로 - 교차로부근,승용,남,72세,상해없음,승용,남,42세,경상
2014100700100229,2014년 10월 7일 11시,화요일,경상남도 함안군 가야읍,경상사고,0,0,1,0,차대차 - 측면직각충돌,안전거리미확보,건조,맑음,단일로 - 기타,승용,남,49세,상해없음,승용,남,47세,경상
2014100700100261,2014년 10월 7일 12시,화요일,경상남도 양산시 북부동,경상사고,0,0,1,0,차대사람 - 기타,안전운전불이행,건조,맑음,교차로 - 교차로안,승합,남,39세,상해없음,보행자,여,59세,경상
2014100700100262,2014년 10월 7일 12시,화요일,경상남도 양산시 북부동,중상사고,0,1,0,0,차대사람 - 기타,안전운전불이행,건조,맑음,교차로 - 교차로부근,승합,남,48세,상해없음,보행자,여,53세,중상
2014100700100323,2014년 10월 7일 14시,화요일,경상남도 거제시 사등면,경상사고,0,0,1,0,차대차 - 기타,안전거리미확보,건조,맑음,단일로 - 기타,승용,남,48세,상해없음,승합,남,35세,경상
2014100700100364,2014년 10월 7일 15시,화요일,경상남도 창원시 진해구 석동,중상사고,0,1,0,0,차대사람 - 횡단중,보행자보호의무위반,건조,맑음,단일로 - 횡단보도상,승용,남,45세,상해없음,보행자,남,7세,중상
2014100700100365,2014년 10월 7일 15시,화요일,경상남도 의령군 의령읍,경상사고,0,0,1,0,차대차 - 추돌 - 진행중,안전운전불이행,건조,맑음,단일로 - 기타,승용,남,61세,상해없음,승용,남,53세,경상
2014100700100401,2014년 10월 7일 16시,화요일,경상남도 밀양시 초동면,중상사고,0,1,0,0,차대차 - 측면직각충돌,기타,건조,맑음,교차로 - 교차로안,승용,여,51세,상해없음,원동기,남,54세,중상
2014100700100402,2014년 10월 7일 16시,화요일,경상남도 김해시 진영읍,경상사고,0,0,1,0,차대사람 - 기타,불법유턴,건조,맑음,단일로 - 기타,화물,남,48세,상해없음,보행자,여,56세,경상
2014100700100438,2014년 10월 7일 17시,화요일,경상남도 거제시 아주동,중상사고,0,1,0,0,차대사람 - 횡단중,기타,건조,맑음,교차로 - 교차로부근,승용,여,49세,상해없음,보행자,여,8세,중상
2014100700100484,2014년 10월 7일 18시,화요일,경상남도 창원시 진해구 제황산동,중상사고,0,1,0,0,차대차 - 측면직각충돌,안전운전불이행,건조,맑음,단일로 - 횡단보도상,승용,남,65세,상해없음,자전거,남,69세,중상
2014100700100485,2014년 10월 7일 18시,화요일,경상남도 사천시 사남면,경상사고,0,0,1,0,차대차 - 추돌 - 주정차중,안전운전불이행,건조,맑음,교차로 - 교차로부근,승용,남,42세,상해없음,승용,남,42세,경상
2014100700100486,2014년 10월 7일 18시,화요일,경상남도 거제시 사등면,경상사고,0,0,1,0,차대차 - 기타,안전거리미확보,건조,맑음,교차로 - 교차로부근,승용,남,66세,상해없음,승용,여,61세,경상
2014100700100487,2014년 10월 7일 18시,화요일,경상남도 창원시 의창구 소계동,경상사고,0,0,1,0,차대사람 - 기타,안전운전불이행,건조,맑음,단일로 - 기타,승용,남,63세,상해없음,보행자,남,56세,경상
2014100700100488,2014년 10월 7일 18시,화요일,경상남도 김해시 장유면,중상사고,0,1,0,0,차대차 - 측면직각충돌,신호위반,건조,맑음,단일로 - 기타,이륜,남,45세,중상,승용,여,37세,상해없음
2014100700100489,2014년 10월 7일 18시,화요일,경상남도 김해시 풍유동,중상사고,0,1,0,0,차대차 - 측면직각충돌,안전운전불이행,건조,맑음,단일로 - 기타,승용,남,31세,상해없음,승용,여,41세,중상
2014100700100524,2014년 10월 7일 19시,화요일,경상남도 거제시 장평동,경상사고,0,0,2,0,차대차 - 기타,안전운전불이행,건조,맑음,단일로 - 기타,이륜,남,52세,상해없음,승용,여,33세,상해없음
2014100700100582,2014년 10월 7일 21시,화요일,경상남도 창원시 진해구 여좌동,경상사고,0,0,1,0,차대차 - 측면직각충돌,교차로운행방법위반,건조,맑음,교차로 - 교차로안,승용,남,39세,상해없음,자전거,남,56세,경상
2014100700100583,2014년 10월 7일 21시,화요일,경상남도 김해시 진영읍,경상사고,0,0,1,0,차대사람 - 차도통행중,안전운전불이행,건조,맑음,단일로 - 기타,승용,남,51세,상해없음,보행자,여,48세,경상
2014100700100611,2014년 10월 7일 22시,화요일,경상남도 양산시 덕계동,중상사고,0,1,0,0,차대사람 - 횡단중,보행자보호의무위반,건조,맑음,단일로 - 기타,승용,여,65세,상해없음,보행자,여,19세,중상
2014100800100047,2014년 10월 8일 04시,수요일,경상남도 양산시 상북면,경상사고,0,0,1,0,차대차 - 측면직각충돌,안전운전불이행,건조,맑음,교차로 - 교차로부근,화물,남,61세,상해없음,승용,남,41세,경상
2014100800100056,2014년 10월 8일 05시,수요일,경상남도 창원시 진해구 자은동,경상사고,0,0,1,0,차대차 - 측면직각충돌,안전운전불이행,건조,맑음,교차로 - 교차로안,원동기,남,17세,경상,승합,남,20세,상해없음
2014100800100057,2014년 10월 8일 05시,수요일,경상남도 양산시 삼호동,경상사고,0,0,1,1,차대차 - 측면직각충돌,안전운전불이행,건조,맑음,교차로 - 교차로안,승용,기타불명,기타불명,기타불명,승용,남,34세,경상
2014100800100058,2014년 10월 8일 05시,수요일,경상남도 창원시 성산구 중앙동,경상사고,0,0,1,0,차대차 - 기타,안전운전불이행,건조,맑음,교차로 - 교차로부근,승용,남,57세,상해없음,원동기,남,18세,경상
2014100800100070,2014년 10월 8일 06시,수요일,경상남도 거창군 가조면,중상사고,0,2,0,0,차량단독 - 전도전복,안전운전불이행,건조,맑음,교차로 - 교차로안,승용,여,30세,상해없음,,,,
2014100800100091,2014년 10월 8일 07시,수요일,경상남도 통영시 광도면,중상사고,0,1,0,0,차대차 - 추돌 - 진행중,안전거리미확보,건조,맑음,교차로 - 교차로부근,승용,남,51세,상해없음,승용,여,41세,중상
2014100800100092,2014년 10월 8일 07시,수요일,경상남도 김해시 장유면,중상사고,0,1,0,0,차대사람 - 횡단중,보행자보호의무위반,건조,맑음,단일로 - 횡단보도상,승용,여,45세,상해없음,보행자,여,29세,중상
2014100800100130,2014년 10월 8일 08시,수요일,경상남도 김해시 부원동,중상사고,0,1,0,0,차대차 - 측면직각충돌,안전운전불이행,건조,맑음,교차로 - 교차로안,승용,여,38세,상해없음,원동기,남,49세,중상
2014100800100132,2014년 10월 8일 08시,수요일,경상남도 창원시 마산회원구 내서읍,중상사고,0,1,0,0,차대사람 - 횡단중,안전운전불이행,건조,맑음,단일로 - 기타,승용,여,71세,상해없음,보행자,여,57세,중상
2014100800100133,2014년 10월 8일 08시,수요일,경상남도 창원시 의창구 명서동,경상사고,0,0,1,0,차대차 - 기타,안전운전불이행,건조,맑음,교차로 - 교차로부근,승용,남,56세,상해없음,승용,여,41세,경상
2014100800100134,2014년 10월 8일 08시,수요일,경상남도 김해시 진영읍,경상사고,0,0,1,0,차대차 - 측면직각충돌,안전운전불이행,건조,맑음,단일로 - 기타,승용,여,39세,상해없음,자전거,남,36세,경상
2014100800100164,2014년 10월 8일 09시,수요일,경상남도 통영시 광도면,중상사고,0,1,1,0,차대차 - 기타,안전거리미확보,건조,맑음,단일로 - 기타,승용,남,49세,상해없음,승용,여,40세,중상
2014100800100192,2014년 10월 8일 10시,수요일,경상남도 통영시 광도면,경상사고,0,0,1,0,차대차 - 측면직각충돌,안전거리미확보,건조,맑음,교차로 - 교차로안,승용,남,53세,상해없음,승용,여,54세,경상
2014100800100222,2014년 10월 8일 11시,수요일,경상남도 사천시 서동,중상사고,0,1,0,0,차대차 - 기타,안전운전불이행,건조,맑음,교차로 - 교차로안,승용,남,59세,상해없음,자전거,남,80세,중상
2014100800100223,2014년 10월 8일 11시,수요일,경상남도 양산시 덕계동,중상사고,0,1,0,0,차대사람 - 기타,보행자보호의무위반,건조,맑음,단일로 - 횡단보도상,원동기,남,77세,상해없음,보행자,여,72세,중상
2014100800100275,2014년 10월 8일 13시,수요일,경상남도 밀양시 남포동,경상사고,0,0,1,0,차대차 - 기타,안전거리미확보,건조,맑음,단일로 - 기타,승용,남,34세,상해없음,승용,여,48세,경상
2014100800100325,2014년 10월 8일 14시,수요일,경상남도 밀양시 산내면,경상사고,0,0,1,0,차대차 - 추돌 - 진행중,안전운전불이행,건조,맑음,단일로 - 기타,기타불명,기타불명,기타불명,기타불명,자전거,남,9세,경상
2014100800100326,2014년 10월 8일 14시,수요일,경상남도 창녕군 남지읍,중상사고,0,1,1,0,차대차 - 측면직각충돌,직진우회전진행방해,건조,맑음,교차로 - 교차로안,화물,남,57세,중상,승합,남,55세,경상
2014100800100327,2014년 10월 8일 14시,수요일,경상남도 거제시 옥포동,경상사고,0,0,1,0,차대차 - 기타,안전운전불이행,건조,맑음,교차로 - 교차로부근,건설기계,남,43세,상해없음,승용,남,35세,상해없음
2014100800100354,2014년 10월 8일 15시,수요일,경상남도 의령군 부림면,중상사고,0,1,0,0,차량단독 - 도로외이탈 - 기타,안전운전불이행,건조,맑음,단일로 - 기타,이륜,남,72세,중상,,,,
2014100800100355,2014년 10월 8일 15시,수요일,경상남도 함안군 칠원면,경상사고,0,0,1,0,차대차 - 추돌 - 주정차중,안전거리미확보,건조,맑음,단일로 - 기타,화물,남,40세,상해없음,특수,남,49세,상해없음
2014100800100389,2014년 10월 8일 16시,수요일,경상남도 사천시 정동면,부상신고사고,0,0,0,1,차대사람 - 기타,안전운전불이행,건조,맑음,단일로 - 기타,화물,남,64세,상해없음,보행자,남,79세,부상신고
2014100800100390,2014년 10월 8일 16시,수요일,경상남도 하동군 옥종면,경상사고,0,0,1,0,차대사람 - 길가장자리구역통행중,안전운전불이행,건조,맑음,단일로 - 기타,승용,여,53세,상해없음,보행자,여,81세,경상
2014100800100391,2014년 10월 8일 16시,수요일,경상남도 거제시 고현동,경상사고,0,0,1,0,차대차 - 추돌 - 주정차중,안전운전불이행,건조,맑음,교차로 - 교차로안,승용,여,27세,상해없음,이륜,남,48세,경상
2014100800100435,2014년 10월 8일 17시,수요일,경상남도 창원시 마산합포구 반월동,경상사고,0,0,1,0,차량단독 - 기타,기타,건조,맑음,단일로 - 기타,승합,남,47세,상해없음,,,,
2014100800100436,2014년 10월 8일 17시,수요일,경상남도 남해군 창선면,경상사고,0,0,1,0,차대사람 - 길가장자리구역통행중,안전운전불이행,건조,맑음,기타 - 기타,이륜,남,40세,상해없음,보행자,여,73세,경상
2014100800100437,2014년 10월 8일 17시,수요일,경상남도 창원시 의창구 명서동,경상사고,0,0,1,0,차대사람 - 횡단중,보행자보호의무위반,건조,맑음,단일로 - 횡단보도상,화물,남,59세,상해없음,보행자,남,8세,경상
2014100800100493,2014년 10월 8일 18시,수요일,경상남도 진주시 하대동,경상사고,0,0,1,0,차대차 - 기타,직진우회전진행방해,건조,맑음,교차로 - 교차로안,승용,여,37세,상해없음,승용,남,56세,경상
2014100800100494,2014년 10월 8일 18시,수요일,경상남도 밀양시 무안면,사망사고,1,0,0,0,차대차 - 정면충돌,중앙선침범,건조,흐림,단일로 - 기타,화물,남,53세,상해없음,이륜,남,25세,사망
2014100800100495,2014년 10월 8일 18시,수요일,경상남도 김해시 상동면,중상사고,0,2,1,0,차대차 - 정면충돌,안전운전불이행,건조,맑음,단일로 - 기타,승용,남,37세,상해없음,승용,남,30세,중상
2014100800100496,2014년 10월 8일 18시,수요일,경상남도 합천군 율곡면,사망사고,1,0,0,0,차대사람 - 차도통행중,안전운전불이행,건조,맑음,단일로 - 기타,승용,남,30세,상해없음,보행자,여,80세,사망
2014100800100497,2014년 10월 8일 18시,수요일,경상남도 창녕군 도천면,경상사고,0,0,1,0,차대차 - 측면직각충돌,신호위반,건조,맑음,교차로 - 교차로안,농기계,남,63세,경상,승합,남,35세,상해없음
2014100800100523,2014년 10월 8일 19시,수요일,경상남도 김해시 불암동,중상사고,0,1,0,0,차대차 - 기타,안전운전불이행,건조,맑음,단일로 - 기타,화물,남,64세,상해없음,승용,여,54세,중상
2014100800100551,2014년 10월 8일 19시,수요일,경상남도 김해시 장유면,중상사고,0,1,0,0,차대사람 - 기타,안전운전불이행,건조,맑음,교차로 - 교차로부근,승용,남,35세,상해없음,보행자,남,56세,중상
2014100800100584,2014년 10월 8일 20시,수요일,경상남도 창원시 진해구 성내동,경상사고,0,0,1,0,차량단독 - 공작물충돌,안전운전불이행,건조,맑음,단일로 - 기타,화물,남,34세,경상,,,,
2014100800100629,2014년 10월 8일 21시,수요일,경상남도 김해시 구산동,경상사고,0,0,1,0,차대사람 - 횡단중,보행자보호의무위반,건조,맑음,교차로 - 교차로부근,기타불명,기타불명,기타불명,기타불명,보행자,남,45세,경상
2014100800100630,2014년 10월 8일 21시,수요일,경상남도 김해시 삼정동,경상사고,0,0,1,0,차대차 - 추돌 - 진행중,안전거리미확보,건조,맑음,교차로 - 교차로부근,승용,남,26세,상해없음,승용,남,51세,경상
2014100800100631,2014년 10월 8일 21시,수요일,경상남도 김해시 외동,중상사고,0,1,0,0,차대차 - 측면직각충돌,교차로운행방법위반,건조,맑음,교차로 - 교차로안,승용,여,42세,상해없음,이륜,남,25세,중상