사고번호,사고일시,요일,시군구,사고내용,사망자수,중상자수,경상자수,부상신고자수,사고유형,법규위반,노면상태,기상상태,도로형태,가해운전자 차종,가해운전자 성별,가해운전자 연령,가해운전자 상해정도,피해운전자 차종,피해운전자 성별,피해운전자 연령,피해운전자 상해정도
2014100800100664,2014년 10월 8일 22시,수요일,경상남도 하동군 하동읍,중상사고,0,1,0,0,차대차 - 측면직각충돌,교차로운행방법위반,건조,맑음,교차로 - 교차로부근,승합,남,49세,상해없음,승용,남,26세,중상
2014100800100665,2014년 10월 8일 22시,수요일,경상남도 거제시 옥포동,중상사고,0,1,0,0,차대사람 - 길가장자리구역통행중,안전운전불이행,건조,맑음,단일로 - 기타,승용,남,56세,상해없음,보행자,남,43세,중상
2014100800100666,2014년 10월 8일 22시,수요일,경상남도 창원시 의창구 팔용동,경상사고,0,0,1,0,차량단독 - 공작물충돌,안전운전불이행,건조,맑음,교차로 - 교차로부근,승용,남,63세,상해없음,,,,
2014100800100690,2014년 10월 8일 23시,수요일,경상남도 진주시 하대동,경상사고,0,0,1,0,차대사람 - 기타,보행자보호의무위반,건조,맑음,단일로 - 횡단보도상,승용,남,62세,상해없음,보행자,여,42세,경상
2014100800100691,2014년 10월 8일 23시,수요일,경상남도 양산시 교동,중상사고,0,1,1,0,차대차 - 기타,안전운전불이행,건조,맑음,단일로 - 기타,승용,남,21세,상해없음,승용,남,35세,중상
2014100800100692,2014년 10월 8일 23시,수요일,경상남도 창원시 의창구 도계동,중상사고,0,1,0,0,차대사람 - 차도통행중,안전운전불이행,건조,맑음,단일로 - 기타,승용,여,37세,상해없음,보행자,남,52세,중상
2014100900100024,2014년 10월 9일 00시,목요일,경상남도 사천시 사천읍,경상사고,0,0,1,0,차대사람 - 횡단중,안전운전불이행,건조,맑음,교차로 - 교차로안,승용,남,31세,상해없음,보행자,남,37세,경상
2014100900100025,2014년 10월 9일 00시,목요일,경상남도 양산시 중부동,중상사고,0,1,0,0,차대사람 - 기타,보행자보호의무위반,건조,맑음,단일로 - 기타,승용,남,55세,상해없음,보행자,여,21세,중상
2014100900100026,2014년 10월 9일 00시,목요일,경상남도 창원시 성산구 내동,중상사고,0,1,1,0,차대차 - 기타,신호위반,건조,맑음,교차로 - 교차로안,승용,남,20세,상해없음,승용,남,52세,경상
2014100900100040,2014년 10월 9일 01시,목요일,경상남도 양산시 동면,중상사고,0,1,0,0,차대차 - 추돌 - 주정차중,안전운전불이행,건조,맑음,단일로 - 기타,승용,남,36세,상해없음,화물,남,50세,중상
2014100900100072,2014년 10월 9일 02시,목요일,경상남도 창원시 성산구 중앙동,경상사고,0,0,4,0,차대차 - 기타,안전운전불이행,건조,맑음,단일로 - 기타,승용,남,45세,상해없음,승용,남,50세,경상
2014100900100111,2014년 10월 9일 05시,목요일,경상남도 김해시 삼방동,중상사고,0,1,0,0,차대차 - 기타,교차로운행방법위반,건조,맑음,교차로 - 교차로부근,승용,남,50세,상해없음,자전거,남,52세,중상
2014100900100150,2014년 10월 9일 07시,목요일,경상남도 창원시 마산합포구 신포동2가,부상신고사고,0,0,0,1,차대차 - 측면직각충돌,안전운전불이행,건조,맑음,교차로 - 교차로안,원동기,남,72세,부상신고,승합,남,54세,상해없음
2014100900100151,2014년 10월 9일 07시,목요일,경상남도 남해군 남해읍,중상사고,0,1,0,0,차대차 - 추돌 - 진행중,안전운전불이행,건조,맑음,기타 - 기타,화물,남,47세,상해없음,농기계,남,73세,중상
2014100900100178,2014년 10월 9일 08시,목요일,경상남도 진주시 금곡면,중상사고,0,1,1,0,차대차 - 정면충돌,중앙선침범,건조,맑음,단일로 - 기타,화물,남,45세,중상,화물,남,66세,경상
2014100900100179,2014년 10월 9일 08시,목요일,경상남도 김해시 대성동,중상사고,0,1,0,0,차대차 - 기타,교차로운행방법위반,건조,맑음,교차로 - 교차로안,승용,남,49세,상해없음,원동기,여,26세,중상
2014100900100214,2014년 10월 9일 10시,목요일,경상남도 통영시 무전동,경상사고,0,0,7,0,차대차 - 추돌 - 진행중,안전운전불이행,건조,맑음,단일로 - 기타,화물,남,53세,상해없음,승용,남,47세,경상
2014100900100249,2014년 10월 9일 11시,목요일,경상남도 거창군 거창읍,중상사고,0,1,1,0,차대차 - 측면직각충돌,안전운전불이행,건조,맑음,미분류 - 미분류,화물,남,47세,중상,승용,남,69세,경상
2014100900100262,2014년 10월 9일 12시,목요일,경상남도 김해시 대동면,경상사고,0,0,2,0,차대차 - 기타,안전운전불이행,건조,맑음,단일로 - 기타,승용,여,61세,상해없음,승용,여,48세,경상
2014100900100275,2014년 10월 9일 12시,목요일,경상남도 창원시 진해구 남양동,경상사고,0,0,1,0,차대차 - 정면충돌,안전운전불이행,건조,맑음,단일로 - 교량,승용,남,68세,상해없음,이륜,남,51세,경상
2014100900100276,2014년 10월 9일 12시,목요일,경상남도 통영시 광도면,경상사고,0,0,2,0,차대차 - 측면직각충돌,안전운전불이행,건조,맑음,교차로 - 교차로안,화물,남,29세,상해없음,승용,여,35세,경상
2014100900100277,2014년 10월 9일 12시,목요일,경상남도 합천군 쌍책면,중상사고,0,1,0,0,차대차 - 정면충돌,안전운전불이행,건조,맑음,단일로 - 기타,화물,남,24세,상해없음,원동기,여,63세,중상
2014100900100338,2014년 10월 9일 14시,목요일,경상남도 진주시 평거동,중상사고,0,1,0,0,차대사람 - 길가장자리구역통행중,안전운전불이행,건조,맑음,단일로 - 기타,승용,여,32세,상해없음,보행자,여,85세,중상
2014100900100339,2014년 10월 9일 14시,목요일,경상남도 진주시 장재동,경상사고,0,0,2,0,차대차 - 추돌 - 주정차중,안전운전불이행,건조,맑음,단일로 - 기타,승용,여,41세,상해없음,승용,여,30세,경상
2014100900100340,2014년 10월 9일 14시,목요일,경상남도 창원시 진해구 용원동,중상사고,0,3,0,0,차대차 - 측면직각충돌,안전운전불이행,건조,맑음,단일로 - 기타,승용,남,76세,상해없음,승용,여,41세,상해없음
2014100900100365,2014년 10월 9일 15시,목요일,경상남도 양산시 남부동,중상사고,0,1,0,0,차대사람 - 기타,안전운전불이행,건조,맑음,단일로 - 기타,승용,여,56세,상해없음,보행자,여,11세,중상
2014100900100366,2014년 10월 9일 15시,목요일,경상남도 함안군 칠북면,중상사고,0,3,1,0,차대차 - 정면충돌,중앙선침범,건조,맑음,단일로 - 기타,승용,여,51세,중상,승용,남,63세,중상
2014100900100367,2014년 10월 9일 15시,목요일,경상남도 창원시 마산회원구 내서읍,경상사고,0,0,1,0,차대차 - 측면직각충돌,안전운전불이행,건조,맑음,교차로 - 교차로부근,원동기,남,70세,경상,승용,여,19세,상해없음
2014100900100404,2014년 10월 9일 16시,목요일,경상남도 사천시 곤양면,중상사고,0,1,0,0,차대차 - 기타,안전운전불이행,건조,맑음,단일로 - 기타,승용,남,58세,상해없음,자전거,남,12세,중상
2014100900100405,2014년 10월 9일 16시,목요일,경상남도 양산시 중부동,중상사고,0,1,0,0,차대사람 - 기타,안전운전불이행,건조,맑음,미분류 - 미분류,자전거,남,33세,상해없음,보행자,여,76세,중상
2014100900100406,2014년 10월 9일 16시,목요일,경상남도 함안군 군북면,경상사고,0,0,2,0,차대차 - 측면직각충돌,안전거리미확보,건조,맑음,단일로 - 기타,승용,남,49세,상해없음,원동기,남,62세,상해없음
2014100900100432,2014년 10월 9일 17시,목요일,경상남도 사천시 사천읍,경상사고,0,0,1,0,차대차 - 측면직각충돌,신호위반,건조,맑음,교차로 - 교차로안,승용,남,44세,상해없음,이륜,남,30세,경상
2014100900100433,2014년 10월 9일 17시,목요일,경상남도 양산시 덕계동,경상사고,0,0,1,0,차대사람 - 기타,기타,건조,맑음,단일로 - 기타,승용,여,37세,상해없음,보행자,여,10세,경상
2014100900100434,2014년 10월 9일 17시,목요일,경상남도 거제시 고현동,중상사고,0,1,0,0,차대사람 - 기타,보행자보호의무위반,건조,맑음,단일로 - 횡단보도상,승용,남,32세,상해없음,보행자,여,7세,중상
2014100900100435,2014년 10월 9일 17시,목요일,경상남도 창원시 성산구 반림동,중상사고,0,1,0,0,차대차 - 기타,안전운전불이행,건조,맑음,교차로 - 교차로부근,승용,남,68세,상해없음,자전거,남,51세,중상
2014100900100436,2014년 10월 9일 17시,목요일,경상남도 김해시 장유면,중상사고,0,1,0,0,차대차 - 정면충돌,안전운전불이행,건조,맑음,단일로 - 기타,화물,남,45세,상해없음,이륜,남,64세,중상
2014100900100482,2014년 10월 9일 18시,목요일,경상남도 창원시 진해구 경화동,중상사고,0,1,0,0,차대차 - 측면직각충돌,안전운전불이행,건조,맑음,교차로 - 교차로안,승용,남,59세,상해없음,이륜,남,55세,중상
2014100900100483,2014년 10월 9일 18시,목요일,경상남도 김해시 장유면,중상사고,0,1,0,0,차대차 - 측면직각충돌,교차로운행방법위반,건조,맑음,교차로 - 교차로부근,승용,남,42세,상해없음,이륜,남,27세,중상
2014100900100582,2014년 10월 9일 21시,목요일,경상남도 창원시 진해구 용원동,중상사고,0,1,0,0,차대차 - 측면직각충돌,안전운전불이행,건조,맑음,교차로 - 교차로안,승용,남,34세,중상,특수,남,53세,상해없음
2014100900100583,2014년 10월 9일 21시,목요일,경상남도 밀양시 하남읍,경상사고,0,0,1,0,차대차 - 추돌 - 진행중,안전운전불이행,건조,맑음,단일로 - 기타,승용,남,49세,상해없음,승용,남,67세,상해없음
2014100900100584,2014년 10월 9일 21시,목요일,경상남도 거창군 거창읍,중상사고,0,1,0,0,차대사람 - 횡단중,안전운전불이행,건조,맑음,단일로 - 기타,이륜,여,50세,상해없음,보행자,여,8세,중상
2014100900100585,2014년 10월 9일 21시,목요일,경상남도 거제시 능포동,중상사고,0,1,1,0,차대차 - 추돌 - 진행중,차로위반,건조,맑음,기타 - 기타,자전거,남,21세,상해없음,이륜,남,17세,경상
2014101000100017,2014년 10월 10일 01시,금요일,경상남도 김해시 삼계동,경상사고,0,0,2,0,차대차 - 측면직각충돌,안전운전불이행,건조,맑음,교차로 - 교차로부근,승용,여,41세,상해없음,이륜,남,22세,경상
2014101000100030,2014년 10월 10일 02시,금요일,경상남도 통영시 도천동,중상사고,0,1,0,0,차대사람 - 기타,안전운전불이행,건조,맑음,기타 - 기타,승용,여,60세,상해없음,보행자,남,31세,중상
2014101000100041,2014년 10월 10일 03시,금요일,경상남도 창원시 성산구 귀곡동,경상사고,0,0,1,0,차대차 - 기타,안전운전불이행,건조,맑음,단일로 - 기타,특수,남,54세,상해없음,승용,남,19세,경상
2014101000100046,2014년 10월 10일 04시,금요일,경상남도 창원시 의창구 명서동,중상사고,0,1,0,0,차대사람 - 횡단중,안전운전불이행,건조,맑음,교차로 - 교차로안,승용,남,46세,상해없음,보행자,남,22세,중상
2014101000100056,2014년 10월 10일 05시,금요일,경상남도 김해시 삼정동,중상사고,0,2,0,0,차대차 - 측면직각충돌,안전운전불이행,건조,맑음,단일로 - 기타,승용,남,27세,중상,특수,남,47세,중상
2014101000100109,2014년 10월 10일 07시,금요일,경상남도 함양군 수동면,사망사고,1,0,0,0,차량단독 - 공작물충돌,안전운전불이행,건조,맑음,교차로 - 교차로안,승용,남,53세,사망,,,,
2014101000100110,2014년 10월 10일 07시,금요일,경상남도 거제시 상동동,중상사고,0,1,0,0,차대차 - 측면직각충돌,교차로운행방법위반,건조,맑음,교차로 - 교차로부근,승합,남,65세,상해없음,승용,남,43세,중상
2014101000100158,2014년 10월 10일 08시,금요일,경상남도 김해시 외동,중상사고,0,1,0,0,차대사람 - 횡단중,안전운전불이행,건조,맑음,단일로 - 기타,승용,여,41세,상해없음,보행자,남,76세,중상
2014101000100201,2014년 10월 10일 09시,금요일,경상남도 거제시 연초면,중상사고,0,1,2,0,차대차 - 기타,안전운전불이행,건조,맑음,단일로 - 기타,승용,남,26세,상해없음,승용,여,32세,중상
2014101000100202,2014년 10월 10일 09시,금요일,경상남도 의령군 의령읍,중상사고,0,1,0,0,차대차 - 추돌 - 진행중,안전운전불이행,건조,맑음,단일로 - 기타,화물,남,67세,상해없음,이륜,남,76세,중상
2014101000100244,2014년 10월 10일 10시,금요일,경상남도 창원시 마산합포구 월남동5가,중상사고,0,1,0,0,차대사람 - 횡단중,보행자보호의무위반,건조,맑음,단일로 - 횡단보도상,승합,남,50세,상해없음,보행자,여,77세,중상
2014101000100245,2014년 10월 10일 10시,금요일,경상남도 창원시 진해구 남양동,중상사고,0,1,0,0,차대사람 - 기타,안전운전불이행,건조,맑음,단일로 - 기타,건설기계,남,53세,상해없음,보행자,여,85세,중상
2014101000100246,2014년 10월 10일 10시,금요일,경상남도 김해시 상동면,중상사고,0,1,0,1,차대차 - 추돌 - 주정차중,안전운전불이행,건조,맑음,단일로 - 기타,화물,남,45세,상해없음,화물,남,66세,중상
2014101000100247,2014년 10월 10일 10시,금요일,경상남도 하동군 하동읍,중상사고,0,1,0,0,차대차 - 측면직각충돌,안전운전불이행,건조,맑음,교차로 - 교차로안,승용,남,55세,상해없음,원동기,남,69세,중상
2014101000100248,2014년 10월 10일 10시,금요일,경상남도 창원시 성산구 신촌동,경상사고,0,0,1,0,차대차 - 기타,안전운전불이행,건조,맑음,기타 - 기타,화물,남,49세,기타불명,승용,남,52세,경상
2014101000100278,2014년 10월 10일 11시,금요일,경상남도 창원시 마산합포구 월영동,중상사고,0,2,7,1,차대차 - 추돌 - 주정차중,안전운전불이행,건조,맑음,단일로 - 기타,건설기계,남,56세,상해없음,승용,남,28세,경상
2014101000100279,2014년 10월 10일 11시,금요일,경상남도 통영시 광도면,경상사고,0,0,3,0,차대차 - 추돌 - 진행중,안전거리미확보,건조,맑음,단일로 - 기타,승용,남,34세,상해없음,화물,남,74세,경상
2014101000100280,2014년 10월 10일 11시,금요일,경상남도 거창군 거창읍,중상사고,0,1,0,0,차대차 - 측면직각충돌,교차로운행방법위반,건조,맑음,교차로 - 교차로안,승용,여,44세,상해없음,원동기,남,27세,중상
2014101000100281,2014년 10월 10일 11시,금요일,경상남도 창녕군 남지읍,경상사고,0,0,1,0,차대차 - 측면직각충돌,중앙선침범,건조,맑음,단일로 - 기타,승용,여,59세,상해없음,이륜,남,80세,경상
2014101000100334,2014년 10월 10일 13시,금요일,경상남도 진주시 명석면,중상사고,0,1,0,0,차대차 - 추돌 - 주정차중,안전운전불이행,건조,맑음,단일로 - 기타,화물,남,66세,상해없음,자전거,남,60세,중상
2014101000100367,2014년 10월 10일 14시,금요일,경상남도 사천시 대방동,부상신고사고,0,0,0,3,차대차 - 추돌 - 진행중,안전운전불이행,건조,맑음,단일로 - 기타,화물,남,49세,상해없음,승용,남,38세,부상신고
2014101000100368,2014년 10월 10일 14시,금요일,경상남도 창원시 마산회원구 석전동,중상사고,0,2,0,0,차대차 - 측면직각충돌,신호위반,건조,맑음,교차로 - 교차로안,이륜,남,53세,중상,승용,남,68세,중상
2014101000100409,2014년 10월 10일 15시,금요일,경상남도 진주시 평거동,중상사고,0,1,0,0,차대차 - 측면직각충돌,교차로운행방법위반,건조,맑음,교차로 - 교차로안,승용,남,49세,상해없음,승용,남,18세,중상
2014101000100410,2014년 10월 10일 15시,금요일,경상남도 양산시 덕계동,경상사고,0,0,1,0,차대차 - 정면충돌,직진우회전진행방해,건조,맑음,교차로 - 교차로안,화물,남,22세,상해없음,원동기,남,60세,경상
2014101000100411,2014년 10월 10일 15시,금요일,경상남도 의령군 의령읍,경상사고,0,0,2,0,차대차 - 측면직각충돌,교차로운행방법위반,건조,맑음,교차로 - 교차로안,승용,남,74세,경상,화물,남,50세,경상
2014101000100459,2014년 10월 10일 16시,금요일,경상남도 산청군 신안면,경상사고,0,0,3,3,차대차 - 정면충돌,안전운전불이행,건조,맑음,단일로 - 기타,화물,남,29세,부상신고,화물,여,59세,경상
2014101000100504,2014년 10월 10일 17시,금요일,경상남도 양산시 물금읍,경상사고,0,0,1,0,차대차 - 측면직각충돌,안전운전불이행,건조,맑음,교차로 - 교차로부근,승용,남,55세,기타불명,승용,여,55세,경상
2014101000100505,2014년 10월 10일 17시,금요일,경상남도 양산시 물금읍,중상사고,0,1,0,0,차대차 - 기타,신호위반,건조,맑음,교차로 - 교차로안,원동기,남,56세,중상,승용,남,22세,상해없음
2014101000100552,2014년 10월 10일 18시,금요일,경상남도 진주시 신안동,경상사고,0,0,1,0,차대차 - 추돌 - 진행중,신호위반,건조,맑음,교차로 - 교차로안,원동기,남,26세,상해없음,자전거,남,47세,경상
2014101000100553,2014년 10월 10일 18시,금요일,경상남도 진주시 내동면,경상사고,0,0,1,0,차대차 - 측면직각충돌,안전거리미확보,건조,맑음,단일로 - 기타,승용,남,37세,상해없음,승합,남,48세,경상
2014101000100554,2014년 10월 10일 18시,금요일,경상남도 양산시 유산동,경상사고,0,0,1,0,차대차 - 기타,신호위반,건조,맑음,교차로 - 교차로부근,화물,남,65세,상해없음,특수,남,53세,상해없음
2014101000100555,2014년 10월 10일 18시,금요일,경상남도 의령군 유곡면,중상사고,0,3,1,0,차대차 - 정면충돌,중앙선침범,건조,흐림,단일로 - 기타,승용,여,55세,경상,승용,남,58세,중상
2014101000100556,2014년 10월 10일 18시,금요일,경상남도 창원시 의창구 대산면,부상신고사고,0,0,0,1,차대차 - 기타,안전운전불이행,건조,맑음,교차로 - 교차로부근,승용,남,28세,상해없음,승용,남,52세,상해없음
2014101000100612,2014년 10월 10일 19시,금요일,경상남도 창원시 진해구 경화동,경상사고,0,0,1,0,차대사람 - 횡단중,보행자보호의무위반,건조,맑음,교차로 - 교차로부근,승용,남,49세,상해없음,보행자,남,57세,경상
2014101000100613,2014년 10월 10일 19시,금요일,경상남도 양산시 물금읍,중상사고,0,1,0,0,차대사람 - 기타,안전운전불이행,건조,맑음,단일로 - 기타,승용,남,41세,상해없음,보행자,남,58세,중상
2014101000100651,2014년 10월 10일 20시,금요일,경상남도 함안군 군북면,사망사고,1,0,0,0,차대사람 - 횡단중,안전운전불이행,건조,맑음,단일로 - 횡단보도부근,특수,남,58세,상해없음,보행자,남,49세,사망
2014101000100664,2014년 10월 10일 21시,금요일,경상남도 양산시 동면,중상사고,0,2,0,0,차대차 - 추돌 - 진행중,안전거리미확보,건조,맑음,단일로 - 기타,승용,남,49세,상해없음,승용,남,48세,상해없음
2014101000100677,2014년 10월 10일 21시,금요일,경상남도 밀양시 단장면,중상사고,0,1,1,0,차대차 - 정면충돌,중앙선침범,건조,맑음,단일로 - 기타,승용,남,56세,상해없음,승용,남,59세,경상
2014101000100678,2014년 10월 10일 21시,금요일,경상남도 창녕군 도천면,경상사고,0,0,2,0,차대차 - 측면직각충돌,안전운전불이행,건조,맑음,교차로 - 교차로안,화물,남,51세,상해없음,승용,남,22세,경상
2014101000100711,2014년 10월 10일 22시,금요일,경상남도 거제시 고현동,경상사고,0,0,1,0,차대사람 - 기타,안전운전불이행,건조,맑음,기타 - 기타,승용,남,24세,상해없음,보행자,여,15세,경상
2014101000100745,2014년 10월 10일 23시,금요일,경상남도 사천시 벌리동,중상사고,0,1,2,0,차대차 - 측면직각충돌,중앙선침범,건조,맑음,단일로 - 기타,승용,남,74세,상해없음,승용,남,42세,경상
2014101000100746,2014년 10월 10일 23시,금요일,경상남도 창원시 성산구 사파동,경상사고,0,0,1,0,차대차 - 측면직각충돌,교차로운행방법위반,기타,맑음,교차로 - 교차로안,승용,남,53세,상해없음,이륜,남,35세,경상
2014101100100021,2014년 10월 11일 00시,토요일,경상남도 창녕군 남지읍,중상사고,0,1,0,0,차대차 - 측면직각충돌,안전운전불이행,건조,맑음,단일로 - 기타,이륜,남,49세,중상,승용,남,34세,상해없음
2014101100100058,2014년 10월 11일 03시,토요일,경상남도 창원시 진해구 경화동,부상신고사고,0,0,0,1,차대차 - 기타,안전운전불이행,건조,맑음,단일로 - 기타,원동기,남,59세,부상신고,승용,남,29세,상해없음
2014101100100059,2014년 10월 11일 03시,토요일,경상남도 양산시 상북면,중상사고,0,1,0,0,차량단독 - 공작물충돌,안전운전불이행,건조,맑음,단일로 - 기타,화물,남,50세,중상,,,,
2014101100100071,2014년 10월 11일 04시,토요일,경상남도 창원시 의창구 봉곡동,경상사고,0,0,1,0,차대사람 - 기타,안전운전불이행,건조,맑음,단일로 - 기타,승용,남,35세,상해없음,보행자,남,22세,경상
2014101100100101,2014년 10월 11일 06시,토요일,경상남도 김해시 봉황동,중상사고,0,1,0,0,차대차 - 측면직각충돌,교차로운행방법위반,건조,맑음,교차로 - 교차로부근,승용,남,53세,상해없음,이륜,남,59세,중상
2014101100100119,2014년 10월 11일 07시,토요일,경상남도 창원시 진해구 안골동,경상사고,0,0,2,0,차대차 - 측면직각충돌,안전운전불이행,건조,맑음,교차로 - 교차로안,승용,남,26세,상해없음,승용,남,34세,경상
2014101100100121,2014년 10월 11일 07시,토요일,경상남도 창원시 마산회원구 양덕동,중상사고,0,1,0,0,차대차 - 추돌 - 주정차중,안전운전불이행,건조,맑음,단일로 - 기타,승용,남,53세,기타불명,이륜,남,67세,중상
2014101100100141,2014년 10월 11일 08시,토요일,경상남도 거제시 고현동,중상사고,0,1,1,0,차대차 - 기타,신호위반,건조,맑음,교차로 - 교차로안,승용,남,37세,상해없음,이륜,남,37세,중상
2014101100100165,2014년 10월 11일 09시,토요일,경상남도 통영시 무전동,사망사고,1,0,0,0,차대사람 - 횡단중,안전운전불이행,건조,맑음,단일로 - 기타,승용,남,47세,상해없음,보행자,여,77세,사망
2014101100100166,2014년 10월 11일 09시,토요일,경상남도 거창군 거창읍,중상사고,0,1,0,0,차대차 - 정면충돌,교차로운행방법위반,건조,맑음,교차로 - 교차로안,승용,남,32세,상해없음,원동기,여,46세,중상
2014101100100196,2014년 10월 11일 10시,토요일,경상남도 창원시 마산합포구 신포동2가,경상사고,0,0,1,0,차대차 - 측면직각충돌,안전운전불이행,건조,맑음,교차로 - 교차로안,화물,여,52세,상해없음,승용,여,60세,경상
2014101100100197,2014년 10월 11일 10시,토요일,경상남도 진주시 인사동,중상사고,0,1,0,0,차대차 - 정면충돌,안전운전불이행,건조,맑음,교차로 - 교차로안,승용,남,32세,상해없음,자전거,남,72세,중상
2014101100100198,2014년 10월 11일 10시,토요일,경상남도 양산시 남부동,경상사고,0,0,1,0,차대차 - 측면직각충돌,신호위반,건조,맑음,교차로 - 교차로안,승용,여,30세,상해없음,승용,남,34세,경상
2014101100100234,2014년 10월 11일 11시,토요일,경상남도 진주시 상봉동,중상사고,0,1,0,0,차대사람 - 횡단중,보행자보호의무위반,건조,맑음,단일로 - 기타,원동기,남,18세,상해없음,보행자,여,50세,중상
2014101100100235,2014년 10월 11일 11시,토요일,경상남도 진주시 망경동,중상사고,0,1,0,0,차대사람 - 횡단중,보행자보호의무위반,건조,맑음,단일로 - 기타,승용,남,61세,상해없음,보행자,여,54세,중상
2014101100100236,2014년 10월 11일 11시,토요일,경상남도 합천군 초계면,경상사고,0,0,1,0,차량단독 - 공작물충돌,안전운전불이행,건조,맑음,단일로 - 기타,화물,남,50세,경상,,,,
2014101100100302,2014년 10월 11일 13시,토요일,경상남도 김해시 대동면,중상사고,0,1,0,0,차대사람 - 길가장자리구역통행중,안전운전불이행,건조,맑음,단일로 - 기타,화물,여,46세,상해없음,보행자,여,64세,중상
2014101100100333,2014년 10월 11일 14시,토요일,경상남도 합천군 청덕면,경상사고,0,0,1,0,차대차 - 추돌 - 진행중,안전운전불이행,건조,맑음,교차로 - 교차로부근,건설기계,남,37세,상해없음,승용,여,52세,경상
2014101100100334,2014년 10월 11일 14시,토요일,경상남도 산청군 시천면,중상사고,0,1,1,2,차대차 - 측면직각충돌,중앙선침범,건조,맑음,교차로 - 교차로부근,승용,여,63세,중상,승용,남,85세,부상신고
2014101100100335,2014년 10월 11일 14시,토요일,경상남도 창원시 의창구 팔용동,부상신고사고,0,0,0,1,차대차 - 추돌 - 진행중,안전운전불이행,건조,맑음,단일로 - 기타,승용,남,59세,상해없음,승용,남,34세,상해없음
2014101100100381,2014년 10월 11일 15시,토요일,경상남도 김해시 어방동,중상사고,0,1,0,0,차대차 - 정면충돌,신호위반,건조,맑음,교차로 - 교차로안,승용,남,50세,상해없음,승용,여,37세,중상
2014101100100382,2014년 10월 11일 15시,토요일,경상남도 남해군 남해읍,중상사고,0,1,0,0,차량단독 - 전도전복,안전운전불이행,건조,맑음,기타 - 기타,이륜,남,69세,중상,,,,
2014101100100429,2014년 10월 11일 16시,토요일,경상남도 창원시 진해구 용원동,경상사고,0,0,1,0,차대차 - 측면직각충돌,교차로운행방법위반,건조,맑음,교차로 - 교차로안,승용,여,39세,경상,건설기계,남,61세,상해없음
2014101100100430,2014년 10월 11일 16시,토요일,경상남도 김해시 어방동,경상사고,0,0,1,0,차대사람 - 길가장자리구역통행중,안전운전불이행,건조,맑음,단일로 - 기타,승용,남,43세,상해없음,보행자,여,33세,경상
2014101100100431,2014년 10월 11일 16시,토요일,경상남도 양산시 명동,부상신고사고,0,0,0,1,차대차 - 측면직각충돌,교차로운행방법위반,건조,맑음,교차로 - 교차로안,이륜,여,53세,부상신고,승용,여,45세,상해없음
2014101100100432,2014년 10월 11일 16시,토요일,경상남도 거제시 아주동,부상신고사고,0,0,0,1,차대차 - 추돌 - 주정차중,안전운전불이행,건조,맑음,단일로 - 기타,승용,여,34세,상해없음,승용,여,43세,부상신고
2014101100100433,2014년 10월 11일 16시,토요일,경상남도 창원시 의창구 대산면,경상사고,0,0,1,0,차대차 - 측면직각충돌,교차로운행방법위반,건조,맑음,교차로 - 교차로안,승용,남,50세,상해없음,승용,남,53세,경상
2014101100100468,2014년 10월 11일 17시,토요일,경상남도 양산시 북부동,중상사고,0,1,0,1,차대차 - 추돌 - 진행중,안전거리미확보,건조,맑음,단일로 - 기타,승용,남,50세,상해없음,승용,남,59세,중상
2014101100100469,2014년 10월 11일 17시,토요일,경상남도 사천시 곤양면,중상사고,0,2,9,0,차대차 - 추돌 - 진행중,안전운전불이행,건조,맑음,단일로 - 기타,승용,남,57세,경상,승합,남,46세,상해없음
2014101100100515,2014년 10월 11일 18시,토요일,경상남도 함양군 서하면,경상사고,0,0,3,1,차대차 - 측면직각충돌,교차로운행방법위반,건조,맑음,교차로 - 교차로안,건설기계,남,36세,부상신고,화물,남,64세,경상
2014101100100516,2014년 10월 11일 18시,토요일,경상남도 거제시 장평동,경상사고,0,0,1,0,차대차 - 측면직각충돌,중앙선침범,건조,맑음,단일로 - 기타,이륜,남,22세,상해없음,이륜,남,22세,경상
2014101100100517,2014년 10월 11일 18시,토요일,경상남도 창원시 성산구 중앙동,중상사고,0,1,0,0,차대사람 - 보도통행중,기타,건조,맑음,단일로 - 기타,승용,여,52세,상해없음,보행자,남,34세,중상
2014101100100518,2014년 10월 11일 18시,토요일,경상남도 창원시 의창구 대산면,중상사고,0,1,1,0,차대차 - 추돌 - 진행중,안전운전불이행,건조,맑음,단일로 - 기타,화물,남,51세,상해없음,승용,여,44세,중상
2014101100100562,2014년 10월 11일 19시,토요일,경상남도 김해시 어방동,경상사고,0,0,1,0,차대차 - 추돌 - 주정차중,안전운전불이행,건조,맑음,단일로 - 기타,승용,여,43세,상해없음,승용,남,50세,경상
2014101100100597,2014년 10월 11일 20시,토요일,경상남도 진주시 정촌면,경상사고,0,0,1,0,차대차 - 추돌 - 주정차중,안전운전불이행,건조,맑음,교차로 - 교차로부근,승합,남,52세,경상,승합,남,52세,상해없음
2014101100100598,2014년 10월 11일 20시,토요일,경상남도 창원시 의창구 팔용동,중상사고,0,2,0,0,차대사람 - 기타,안전운전불이행,건조,맑음,교차로 - 교차로안,승용,여,49세,상해없음,보행자,여,18세,중상