사고번호,사고일시,요일,시군구,사고내용,사망자수,중상자수,경상자수,부상신고자수,사고유형,법규위반,노면상태,기상상태,도로형태,가해운전자 차종,가해운전자 성별,가해운전자 연령,가해운전자 상해정도,피해운전자 차종,피해운전자 성별,피해운전자 연령,피해운전자 상해정도
2014102000100535,2014년 10월 20일 18시,월요일,경상남도 김해시 봉황동,경상사고,0,0,1,0,차대차 - 추돌 - 진행중,안전거리미확보,습기,비,교차로 - 교차로안,승용,여,46세,상해없음,승용,여,69세,경상
2014102000100536,2014년 10월 20일 18시,월요일,경상남도 창녕군 대지면,경상사고,0,0,1,0,차대차 - 측면직각충돌,안전운전불이행,습기,비,단일로 - 기타,화물,남,26세,상해없음,화물,여,59세,경상
2014102000100537,2014년 10월 20일 18시,월요일,경상남도 거제시 옥포동,경상사고,0,0,1,0,차대차 - 추돌 - 주정차중,안전운전불이행,기타,비,교차로 - 교차로부근,화물,남,59세,상해없음,승용,남,31세,경상
2014102000100538,2014년 10월 20일 18시,월요일,경상남도 창원시 마산회원구 구암동,경상사고,0,0,1,0,차대사람 - 횡단중,안전운전불이행,습기,비,교차로 - 교차로안,승용,여,40세,상해없음,보행자,여,37세,경상
2014102000100539,2014년 10월 20일 18시,월요일,경상남도 창원시 마산회원구 회원동,중상사고,0,1,0,0,차대사람 - 횡단중,보행자보호의무위반,습기,비,단일로 - 기타,승용,남,35세,상해없음,보행자,여,74세,중상
2014102000100540,2014년 10월 20일 18시,월요일,경상남도 창원시 의창구 팔용동,중상사고,0,1,0,0,차대사람 - 횡단중,안전운전불이행,습기,비,단일로 - 기타,화물,남,33세,상해없음,보행자,남,71세,중상
2014102000100582,2014년 10월 20일 19시,월요일,경상남도 양산시 중부동,경상사고,0,0,1,0,차대차 - 추돌 - 주정차중,안전거리미확보,습기,비,교차로 - 교차로부근,승용,여,47세,상해없음,승용,여,38세,경상
2014102000100583,2014년 10월 20일 19시,월요일,경상남도 김해시 진례면,경상사고,0,0,1,0,차량단독 - 공작물충돌,안전운전불이행,습기,비,단일로 - 기타,승용,남,29세,경상,,,,
2014102000100617,2014년 10월 20일 20시,월요일,경상남도 김해시 외동,중상사고,0,1,0,0,차대차 - 측면직각충돌,직진우회전진행방해,습기,비,교차로 - 교차로안,승용,남,59세,상해없음,이륜,남,27세,중상
2014102000100618,2014년 10월 20일 20시,월요일,경상남도 창원시 의창구 팔용동,중상사고,0,1,0,0,차대사람 - 횡단중,안전운전불이행,습기,비,교차로 - 교차로안,승용,남,23세,상해없음,보행자,여,42세,중상
2014102000100650,2014년 10월 20일 21시,월요일,경상남도 창원시 마산합포구 월포동,중상사고,0,1,0,0,차대사람 - 횡단중,안전운전불이행,습기,흐림,단일로 - 기타,승용,남,58세,상해없음,보행자,여,57세,중상
2014102000100651,2014년 10월 20일 21시,월요일,경상남도 진주시 가좌동,경상사고,0,0,1,0,차대차 - 추돌 - 주정차중,안전운전불이행,습기,비,교차로 - 교차로부근,승용,남,57세,상해없음,승용,여,27세,경상
2014102000100652,2014년 10월 20일 21시,월요일,경상남도 밀양시 내일동,경상사고,0,0,1,0,차대사람 - 횡단중,안전운전불이행,습기,비,교차로 - 교차로안,승용,여,50세,상해없음,보행자,남,55세,경상
2014102000100679,2014년 10월 20일 22시,월요일,경상남도 김해시 장유면,중상사고,0,1,0,0,차대사람 - 횡단중,신호위반,습기,비,교차로 - 교차로부근,승용,남,24세,상해없음,보행자,여,42세,중상
2014102000100702,2014년 10월 20일 23시,월요일,경상남도 창원시 진해구 도천동,중상사고,0,1,2,0,차대차 - 기타,교차로운행방법위반,습기,비,교차로 - 교차로안,화물,남,49세,경상,승용,남,57세,중상
2014102100100012,2014년 10월 21일 00시,화요일,경상남도 창원시 진해구 안골동,중상사고,0,1,0,0,차대차 - 기타,안전운전불이행,습기,비,단일로 - 기타,화물,남,40세,상해없음,건설기계,남,37세,중상
2014102100100013,2014년 10월 21일 00시,화요일,경상남도 거제시 연초면,중상사고,0,1,0,0,차대차 - 기타,안전운전불이행,기타,흐림,단일로 - 기타,승용,여,55세,상해없음,승용,남,51세,중상
2014102100100040,2014년 10월 21일 02시,화요일,경상남도 창원시 마산합포구 오동동,경상사고,0,0,1,0,차대사람 - 기타,안전운전불이행,건조,맑음,단일로 - 기타,승용,남,60세,상해없음,보행자,남,29세,경상
2014102100100041,2014년 10월 21일 02시,화요일,경상남도 창원시 마산합포구 덕동동,경상사고,0,0,1,0,차량단독 - 공작물충돌,안전운전불이행,습기,비,단일로 - 기타,승용,남,26세,경상,,,,
2014102100100042,2014년 10월 21일 02시,화요일,경상남도 거제시 수월동,경상사고,0,0,1,0,차량단독 - 공작물충돌,안전운전불이행,기타,기타,교차로 - 교차로부근,승용,남,24세,상해없음,,,,
2014102100100065,2014년 10월 21일 04시,화요일,경상남도 양산시 덕계동,중상사고,0,1,0,0,차대사람 - 기타,안전운전불이행,습기,비,단일로 - 기타,승합,남,54세,상해없음,보행자,여,64세,중상
2014102100100078,2014년 10월 21일 05시,화요일,경상남도 창원시 의창구 봉곡동,중상사고,0,1,0,0,차대사람 - 횡단중,보행자보호의무위반,습기,흐림,교차로 - 교차로부근,승용,남,28세,상해없음,보행자,여,87세,중상
2014102100100095,2014년 10월 21일 06시,화요일,경상남도 김해시 삼정동,사망사고,1,0,0,0,차대사람 - 횡단중,보행자보호의무위반,습기,비,단일로 - 기타,승용,남,28세,상해없음,보행자,남,60세,사망
2014102100100116,2014년 10월 21일 07시,화요일,경상남도 진주시 봉곡동,중상사고,0,1,1,0,차대차 - 측면직각충돌,교차로운행방법위반,습기,비,교차로 - 교차로안,승용,남,55세,상해없음,승용,남,76세,경상
2014102100100154,2014년 10월 21일 08시,화요일,경상남도 고성군 상리면,경상사고,0,0,2,0,차대차 - 추돌 - 주정차중,안전거리미확보,건조,맑음,단일로 - 기타,승용,남,44세,상해없음,승용,남,22세,경상
2014102100100184,2014년 10월 21일 09시,화요일,경상남도 김해시 삼방동,경상사고,0,0,1,0,차대차 - 측면직각충돌,교차로운행방법위반,건조,맑음,교차로 - 교차로안,자전거,남,73세,경상,화물,남,43세,상해없음
2014102100100185,2014년 10월 21일 09시,화요일,경상남도 거제시 동부면,경상사고,0,0,1,0,차대차 - 측면직각충돌,교차로운행방법위반,건조,맑음,교차로 - 교차로안,승용,여,55세,상해없음,화물,남,56세,경상
2014102100100214,2014년 10월 21일 10시,화요일,경상남도 김해시 부원동,경상사고,0,0,1,0,차대차 - 측면직각충돌,신호위반,습기,흐림,교차로 - 교차로안,승용,남,25세,상해없음,화물,남,47세,경상
2014102100100259,2014년 10월 21일 12시,화요일,경상남도 김해시 장유면,경상사고,0,0,1,1,차대차 - 측면직각충돌,안전운전불이행,습기,비,단일로 - 기타,승용,여,27세,부상신고,화물,남,31세,경상
2014102100100289,2014년 10월 21일 13시,화요일,경상남도 거제시 옥포동,경상사고,0,0,1,0,차대차 - 측면직각충돌,안전운전불이행,건조,맑음,단일로 - 기타,승용,남,32세,상해없음,원동기,남,49세,경상
2014102100100324,2014년 10월 21일 14시,화요일,경상남도 진주시 칠암동,중상사고,0,1,0,0,차대사람 - 횡단중,안전운전불이행,습기,흐림,단일로 - 기타,승합,남,62세,상해없음,보행자,여,75세,중상
2014102100100325,2014년 10월 21일 14시,화요일,경상남도 거창군 거창읍,경상사고,0,0,1,0,차대사람 - 차도통행중,교차로운행방법위반,건조,맑음,교차로 - 교차로안,승용,여,56세,상해없음,보행자,여,53세,경상
2014102100100369,2014년 10월 21일 15시,화요일,경상남도 진주시 칠암동,중상사고,0,1,0,0,차대사람 - 횡단중,보행자보호의무위반,습기,비,단일로 - 기타,승용,남,22세,상해없음,보행자,여,52세,중상
2014102100100370,2014년 10월 21일 15시,화요일,경상남도 창원시 의창구 신월동,경상사고,0,0,1,0,차대차 - 추돌 - 주정차중,안전운전불이행,건조,맑음,교차로 - 교차로부근,승용,여,56세,상해없음,승용,남,32세,경상
2014102100100398,2014년 10월 21일 16시,화요일,경상남도 창원시 진해구 자은동,경상사고,0,0,1,0,차대사람 - 차도통행중,안전운전불이행,습기,비,단일로 - 기타,승용,남,64세,상해없음,보행자,남,13세,경상
2014102100100399,2014년 10월 21일 16시,화요일,경상남도 김해시 삼계동,중상사고,0,2,0,0,차대사람 - 횡단중,중앙선침범,습기,비,단일로 - 기타,승용,남,72세,상해없음,보행자,남,43세,중상
2014102100100400,2014년 10월 21일 16시,화요일,경상남도 창원시 의창구 용호동,부상신고사고,0,0,0,1,차대차 - 기타,안전운전불이행,습기,비,교차로 - 교차로안,화물,기타불명,기타불명,기타불명,승용,여,42세,부상신고
2014102100100401,2014년 10월 21일 16시,화요일,경상남도 김해시 주촌면,중상사고,0,1,0,1,차대차 - 측면직각충돌,신호위반,습기,비,교차로 - 교차로안,화물,남,30세,부상신고,승용,남,62세,중상
2014102100100436,2014년 10월 21일 17시,화요일,경상남도 창원시 마산합포구 신포동1가,중상사고,0,1,0,0,차대차 - 정면충돌,중앙선침범,습기,비,교차로 - 교차로안,이륜,남,34세,중상,승용,여,56세,상해없음
2014102100100437,2014년 10월 21일 17시,화요일,경상남도 창녕군 계성면,경상사고,0,0,2,0,차량단독 - 공작물충돌,안전운전불이행,습기,비,단일로 - 기타,화물,남,55세,경상,,,,
2014102100100438,2014년 10월 21일 17시,화요일,경상남도 거제시 연초면,중상사고,0,1,1,0,차대차 - 추돌 - 진행중,안전거리미확보,습기,비,단일로 - 기타,승용,여,50세,중상,승용,남,31세,상해없음
2014102100100439,2014년 10월 21일 17시,화요일,경상남도 함안군 군북면,부상신고사고,0,0,0,1,차량단독 - 공작물충돌,안전운전불이행,습기,비,단일로 - 기타,승용,남,49세,부상신고,,,,
2014102100100505,2014년 10월 21일 18시,화요일,경상남도 창원시 성산구 상남동,경상사고,0,0,1,0,차대차 - 기타,신호위반,건조,맑음,교차로 - 교차로안,승용,남,66세,상해없음,승용,여,28세,경상
2014102100100506,2014년 10월 21일 18시,화요일,경상남도 창원시 의창구 서상동,경상사고,0,0,1,2,차대차 - 정면충돌,중앙선침범,습기,비,단일로 - 기타,승용,남,57세,상해없음,승용,남,63세,부상신고
2014102100100507,2014년 10월 21일 18시,화요일,경상남도 창원시 의창구 명서동,부상신고사고,0,0,0,1,차대사람 - 기타,안전운전불이행,건조,맑음,단일로 - 기타,기타불명,기타불명,기타불명,기타불명,보행자,여,14세,부상신고
2014102100100508,2014년 10월 21일 18시,화요일,경상남도 창원시 의창구 팔용동,경상사고,0,0,1,0,차대차 - 기타,안전운전불이행,건조,맑음,교차로 - 교차로안,화물,남,46세,상해없음,승용,남,33세,경상
2014102100100570,2014년 10월 21일 19시,화요일,경상남도 진주시 옥봉동,경상사고,0,0,1,0,차대사람 - 횡단중,보행자보호의무위반,습기,비,교차로 - 교차로부근,승용,여,48세,상해없음,보행자,여,52세,경상
2014102100100571,2014년 10월 21일 19시,화요일,경상남도 양산시 상북면,중상사고,0,1,1,0,차대차 - 측면직각충돌,신호위반,건조,맑음,교차로 - 교차로안,화물,남,50세,기타불명,승용,여,54세,중상
2014102100100572,2014년 10월 21일 19시,화요일,경상남도 거제시 아주동,부상신고사고,0,0,0,1,차대사람 - 기타,안전운전불이행,습기,비,기타 - 기타,기타불명,기타불명,기타불명,기타불명,보행자,남,40세,부상신고
2014102100100625,2014년 10월 21일 20시,화요일,경상남도 김해시 부원동,중상사고,0,1,0,0,차대차 - 측면직각충돌,안전운전불이행,습기,비,교차로 - 교차로안,원동기,남,62세,중상,승용,남,51세,상해없음
2014102100100626,2014년 10월 21일 20시,화요일,경상남도 창원시 마산회원구 구암동,경상사고,0,0,1,0,차대차 - 추돌 - 진행중,안전운전불이행,습기,비,교차로 - 교차로부근,승용,남,64세,상해없음,승용,여,31세,경상
2014102100100676,2014년 10월 21일 21시,화요일,경상남도 통영시 광도면,부상신고사고,0,0,0,1,차대차 - 기타,안전운전불이행,습기,비,교차로 - 교차로안,승용,여,39세,상해없음,원동기,남,19세,부상신고
2014102100100677,2014년 10월 21일 21시,화요일,경상남도 거제시 상동동,경상사고,0,0,1,0,차대차 - 기타,안전거리미확보,습기,비,교차로 - 교차로부근,승용,남,42세,상해없음,승용,여,53세,경상
2014102100100678,2014년 10월 21일 21시,화요일,경상남도 창원시 의창구 봉곡동,경상사고,0,0,1,0,차대차 - 추돌 - 주정차중,안전운전불이행,습기,비,교차로 - 교차로부근,승용,남,49세,상해없음,승용,남,31세,경상
2014102100100729,2014년 10월 21일 22시,화요일,경상남도 창원시 성산구 내동,경상사고,0,0,1,0,차대차 - 기타,안전운전불이행,건조,맑음,단일로 - 기타,승용,여,29세,상해없음,승용,남,25세,경상
2014102100100730,2014년 10월 21일 22시,화요일,경상남도 창원시 의창구 소계동,경상사고,0,0,1,0,차대사람 - 차도통행중,안전운전불이행,습기,비,교차로 - 교차로안,승용,남,57세,상해없음,보행자,여,52세,경상
2014102100100731,2014년 10월 21일 22시,화요일,경상남도 김해시 장유면,중상사고,0,1,0,0,차대차 - 측면직각충돌,안전운전불이행,습기,비,교차로 - 교차로안,승용,남,41세,상해없음,원동기,남,17세,중상
2014102100100760,2014년 10월 21일 23시,화요일,경상남도 진주시 정촌면,중상사고,0,1,0,0,차대차 - 추돌 - 주정차중,안전운전불이행,건조,맑음,단일로 - 기타,승용,남,45세,상해없음,승용,남,28세,중상
2014102100100761,2014년 10월 21일 23시,화요일,경상남도 창원시 마산회원구 양덕동,중상사고,0,1,0,0,차대사람 - 횡단중,안전운전불이행,습기,비,단일로 - 기타,승용,남,53세,상해없음,보행자,남,44세,중상
2014102100100762,2014년 10월 21일 23시,화요일,경상남도 창원시 마산회원구 내서읍,경상사고,0,0,1,0,차대차 - 측면직각충돌,안전운전불이행,습기,비,단일로 - 기타,승용,남,36세,상해없음,승용,남,43세,경상
2014102200100021,2014년 10월 22일 00시,수요일,경상남도 창원시 진해구 석동,경상사고,0,0,1,0,차대차 - 기타,교차로운행방법위반,습기,비,교차로 - 교차로안,승용,남,54세,상해없음,원동기,남,34세,경상
2014102200100022,2014년 10월 22일 00시,수요일,경상남도 통영시 광도면,경상사고,0,0,1,0,차대차 - 추돌 - 주정차중,안전운전불이행,습기,비,단일로 - 기타,승용,남,33세,상해없음,승용,남,47세,경상
2014102200100023,2014년 10월 22일 00시,수요일,경상남도 거제시 고현동,중상사고,0,1,0,0,차대차 - 추돌 - 주정차중,안전운전불이행,건조,맑음,단일로 - 기타,승용,남,34세,상해없음,화물,남,22세,중상
2014102200100024,2014년 10월 22일 00시,수요일,경상남도 창원시 마산회원구 석전동,중상사고,0,2,1,0,차대차 - 정면충돌,중앙선침범,습기,비,교차로 - 교차로부근,승용,남,31세,상해없음,승용,남,40세,중상
2014102200100054,2014년 10월 22일 02시,수요일,경상남도 창원시 진해구 경화동,중상사고,0,1,0,0,차대차 - 추돌 - 주정차중,안전운전불이행,습기,비,단일로 - 기타,승용,남,45세,상해없음,승용,남,56세,중상
2014102200100109,2014년 10월 22일 06시,수요일,경상남도 창원시 마산합포구 중앙동3가,사망사고,1,0,0,0,차대사람 - 횡단중,안전운전불이행,습기,비,교차로 - 교차로부근,승용,남,53세,상해없음,보행자,남,65세,사망
2014102200100110,2014년 10월 22일 06시,수요일,경상남도 진주시 평거동,사망사고,1,0,0,0,차대사람 - 횡단중,안전운전불이행,습기,비,단일로 - 기타,승용,남,78세,기타불명,보행자,여,84세,사망
2014102200100111,2014년 10월 22일 06시,수요일,경상남도 밀양시 내이동,중상사고,0,1,2,0,차량단독 - 공작물충돌,안전운전불이행,습기,비,단일로 - 기타,승용,남,27세,경상,,,,
2014102200100112,2014년 10월 22일 06시,수요일,경상남도 김해시 어방동,사망사고,1,0,0,0,차대사람 - 횡단중,안전운전불이행,습기,비,단일로 - 기타,화물,남,47세,상해없음,보행자,남,53세,사망
2014102200100123,2014년 10월 22일 07시,수요일,경상남도 김해시 주촌면,경상사고,0,0,1,0,차대차 - 기타,안전운전불이행,건조,맑음,단일로 - 기타,승용,남,60세,기타불명,승용,남,38세,경상
2014102200100140,2014년 10월 22일 07시,수요일,경상남도 창원시 마산합포구 진전면,중상사고,0,4,0,0,차대차 - 추돌 - 주정차중,안전거리미확보,습기,비,단일로 - 기타,화물,남,54세,상해없음,승용,남,49세,중상
2014102200100141,2014년 10월 22일 07시,수요일,경상남도 창원시 마산합포구 진전면,경상사고,0,0,2,0,차대차 - 기타,안전운전불이행,습기,비,단일로 - 기타,화물,남,57세,경상,화물,남,51세,경상
2014102200100142,2014년 10월 22일 07시,수요일,경상남도 창원시 진해구 서중동,경상사고,0,0,1,0,차량단독 - 공작물충돌,안전운전불이행,습기,비,단일로 - 기타,승용,여,22세,경상,,,,
2014102200100210,2014년 10월 22일 09시,수요일,경상남도 밀양시 하남읍,경상사고,0,0,1,0,차대차 - 측면직각충돌,교차로운행방법위반,습기,비,교차로 - 교차로안,건설기계,남,56세,상해없음,승용,남,71세,경상
2014102200100211,2014년 10월 22일 09시,수요일,경상남도 양산시 주남동,중상사고,0,1,0,0,차대사람 - 차도통행중,안전운전불이행,건조,맑음,단일로 - 기타,승용,남,38세,상해없음,보행자,남,77세,중상
2014102200100253,2014년 10월 22일 11시,수요일,경상남도 창원시 진해구 경화동,경상사고,0,0,1,0,차대차 - 측면직각충돌,안전운전불이행,건조,맑음,단일로 - 기타,화물,남,20세,상해없음,승용,여,59세,경상
2014102200100254,2014년 10월 22일 11시,수요일,경상남도 통영시 서호동,중상사고,0,1,2,0,차대차 - 측면직각충돌,직진우회전진행방해,습기,비,교차로 - 교차로안,승용,남,55세,상해없음,승합,남,52세,경상
2014102200100255,2014년 10월 22일 11시,수요일,경상남도 창원시 의창구 명서동,사망사고,1,0,0,0,차대사람 - 횡단중,안전운전불이행,습기,흐림,교차로 - 교차로안,화물,남,55세,상해없음,보행자,여,89세,사망
2014102200100345,2014년 10월 22일 14시,수요일,경상남도 창원시 마산합포구 홍문동,중상사고,0,1,0,0,차대차 - 측면직각충돌,교차로운행방법위반,건조,흐림,교차로 - 교차로안,승용,남,28세,상해없음,원동기,남,44세,중상
2014102200100346,2014년 10월 22일 14시,수요일,경상남도 통영시 미수동,중상사고,0,1,17,0,차대차 - 측면직각충돌,신호위반,건조,맑음,교차로 - 교차로안,승합,남,37세,상해없음,승합,남,55세,경상
2014102200100383,2014년 10월 22일 15시,수요일,경상남도 사천시 동금동,경상사고,0,0,1,0,차대차 - 측면직각충돌,차로위반,건조,맑음,교차로 - 교차로안,화물,남,53세,상해없음,승용,여,35세,경상
2014102200100384,2014년 10월 22일 15시,수요일,경상남도 밀양시 산내면,부상신고사고,0,0,0,1,차대차 - 측면직각충돌,안전운전불이행,건조,맑음,단일로 - 기타,승용,남,44세,상해없음,승용,남,58세,부상신고
2014102200100385,2014년 10월 22일 15시,수요일,경상남도 창원시 성산구 가음정동,경상사고,0,0,1,0,차대사람 - 기타,안전운전불이행,건조,맑음,단일로 - 기타,화물,남,61세,기타불명,보행자,여,52세,경상
2014102200100418,2014년 10월 22일 16시,수요일,경상남도 창원시 마산합포구 완월동,중상사고,0,1,0,0,차대사람 - 횡단중,안전운전불이행,건조,흐림,단일로 - 기타,승합,남,61세,상해없음,보행자,여,49세,중상
2014102200100419,2014년 10월 22일 16시,수요일,경상남도 고성군 동해면,중상사고,0,1,0,0,차량단독 - 공작물충돌,안전운전불이행,습기,흐림,단일로 - 기타,승용,남,31세,상해없음,,,,
2014102200100452,2014년 10월 22일 17시,수요일,경상남도 김해시 외동,중상사고,0,1,0,0,차대차 - 측면직각충돌,신호위반,건조,흐림,교차로 - 교차로안,승용,남,62세,상해없음,승용,여,32세,중상
2014102200100453,2014년 10월 22일 17시,수요일,경상남도 김해시 동상동,중상사고,0,1,1,0,차대차 - 추돌 - 진행중,안전운전불이행,건조,맑음,단일로 - 기타,승용,남,58세,상해없음,승용,남,60세,중상
2014102200100454,2014년 10월 22일 17시,수요일,경상남도 창원시 성산구 외동,경상사고,0,0,1,0,차대차 - 기타,신호위반,건조,맑음,교차로 - 교차로안,승용,남,54세,상해없음,승용,여,55세,경상
2014102200100499,2014년 10월 22일 18시,수요일,경상남도 사천시 정동면,중상사고,0,1,0,0,차대차 - 측면직각충돌,교차로운행방법위반,건조,맑음,교차로 - 교차로안,승용,남,46세,상해없음,이륜,남,17세,중상
2014102200100501,2014년 10월 22일 18시,수요일,경상남도 김해시 대동면,중상사고,0,1,0,0,차대차 - 기타,안전운전불이행,건조,맑음,단일로 - 기타,이륜,남,52세,상해없음,자전거,남,62세,중상
2014102200100502,2014년 10월 22일 18시,수요일,경상남도 양산시 삼호동,부상신고사고,0,0,0,1,차대차 - 측면직각충돌,신호위반,건조,맑음,교차로 - 교차로부근,기타불명,기타불명,기타불명,기타불명,승용,남,32세,부상신고
2014102200100503,2014년 10월 22일 18시,수요일,경상남도 고성군 하일면,경상사고,0,0,3,0,차대차 - 측면직각충돌,중앙선침범,건조,맑음,단일로 - 기타,승용,여,66세,상해없음,승용,남,37세,경상
2014102200100504,2014년 10월 22일 18시,수요일,경상남도 거제시 아주동,경상사고,0,0,2,0,차대차 - 추돌 - 주정차중,안전거리미확보,건조,맑음,단일로 - 기타,승용,남,46세,상해없음,원동기,남,30세,경상
2014102200100562,2014년 10월 22일 19시,수요일,경상남도 진주시 상대동,중상사고,0,1,0,0,차대차 - 기타,안전운전불이행,건조,맑음,단일로 - 기타,승용,남,48세,상해없음,자전거,여,45세,중상
2014102200100563,2014년 10월 22일 19시,수요일,경상남도 밀양시 산외면,경상사고,0,0,1,0,차대차 - 측면직각충돌,안전운전불이행,건조,맑음,교차로 - 교차로안,승용,여,61세,상해없음,승용,남,55세,경상
2014102200100564,2014년 10월 22일 19시,수요일,경상남도 김해시 안동,중상사고,0,1,0,0,차대사람 - 기타,기타,건조,맑음,기타 - 기타,승용,남,28세,상해없음,보행자,여,45세,중상
2014102200100565,2014년 10월 22일 19시,수요일,경상남도 창원시 성산구 대방동,중상사고,0,1,0,0,차대차 - 기타,신호위반,건조,맑음,교차로 - 교차로안,승용,남,25세,상해없음,원동기,남,18세,중상
2014102200100587,2014년 10월 22일 20시,수요일,경상남도 통영시 광도면,중상사고,0,1,0,0,차대차 - 추돌 - 진행중,안전운전불이행,건조,맑음,단일로 - 기타,승용,남,35세,상해없음,승용,여,43세,중상
2014102200100588,2014년 10월 22일 20시,수요일,경상남도 김해시 부원동,중상사고,0,1,1,0,차대차 - 기타,교차로운행방법위반,건조,맑음,교차로 - 교차로안,승용,남,40세,상해없음,승용,남,30세,기타불명
2014102200100589,2014년 10월 22일 20시,수요일,경상남도 김해시 외동,중상사고,0,1,0,0,차대사람 - 기타,안전운전불이행,건조,맑음,단일로 - 기타,승용,남,32세,상해없음,보행자,남,7세,중상
2014102200100621,2014년 10월 22일 21시,수요일,경상남도 진주시 인사동,중상사고,0,1,0,0,차대사람 - 횡단중,안전운전불이행,건조,맑음,교차로 - 교차로안,승용,남,32세,상해없음,보행자,여,70세,중상
2014102200100622,2014년 10월 22일 21시,수요일,경상남도 통영시 미수동,경상사고,0,0,1,0,차대차 - 측면직각충돌,안전거리미확보,건조,맑음,단일로 - 기타,승용,남,56세,상해없음,이륜,남,35세,경상
2014102200100623,2014년 10월 22일 21시,수요일,경상남도 거제시 동부면,중상사고,0,1,2,0,차대차 - 기타,안전운전불이행,건조,맑음,단일로 - 기타,승용,여,67세,상해없음,승용,남,33세,경상
2014102200100624,2014년 10월 22일 21시,수요일,경상남도 함안군 군북면,중상사고,0,1,0,0,차대사람 - 차도통행중,안전운전불이행,건조,맑음,단일로 - 기타,승용,남,48세,상해없음,보행자,남,56세,중상
2014102200100625,2014년 10월 22일 21시,수요일,경상남도 창원시 마산회원구 양덕동,경상사고,0,0,1,0,차대사람 - 기타,안전운전불이행,건조,기타,단일로 - 기타,승용,남,36세,상해없음,보행자,남,40세,경상
2014102200100659,2014년 10월 22일 22시,수요일,경상남도 거제시 아주동,중상사고,0,1,0,0,차량단독 - 전도전복,안전운전불이행,건조,맑음,단일로 - 기타,이륜,남,36세,중상,,,,
2014102200100660,2014년 10월 22일 22시,수요일,경상남도 거제시 수월동,중상사고,0,1,0,0,차대사람 - 횡단중,안전운전불이행,건조,맑음,단일로 - 기타,승용,남,22세,상해없음,보행자,남,44세,중상
2014102200100661,2014년 10월 22일 22시,수요일,경상남도 김해시 장유면,중상사고,0,2,0,0,차대차 - 정면충돌,안전운전불이행,건조,맑음,교차로 - 교차로부근,승용,남,32세,상해없음,승용,남,56세,중상
2014102200100689,2014년 10월 22일 23시,수요일,경상남도 창원시 진해구 용원동,경상사고,0,0,2,0,차대차 - 측면직각충돌,안전운전불이행,건조,맑음,단일로 - 기타,승용,남,65세,상해없음,승용,남,31세,경상
2014102200100690,2014년 10월 22일 23시,수요일,경상남도 창원시 성산구 상남동,경상사고,0,0,1,0,차대차 - 기타,신호위반,건조,맑음,교차로 - 교차로안,승용,남,27세,상해없음,승용,남,41세,경상
2014102300100025,2014년 10월 23일 01시,목요일,경상남도 거제시 거제면,경상사고,0,0,1,0,차량단독 - 전도전복,안전운전불이행,건조,맑음,단일로 - 기타,화물,남,55세,경상,,,,
2014102300100036,2014년 10월 23일 02시,목요일,경상남도 거창군 거창읍,중상사고,0,1,0,0,차대차 - 추돌 - 주정차중,안전운전불이행,건조,맑음,단일로 - 기타,화물,남,16세,중상,승용,남,43세,기타불명
2014102300100043,2014년 10월 23일 03시,목요일,경상남도 진주시 신안동,중상사고,0,2,0,1,차대차 - 기타,신호위반,건조,흐림,교차로 - 교차로안,승용,여,58세,부상신고,승용,남,35세,중상
2014102300100044,2014년 10월 23일 03시,목요일,경상남도 양산시 남부동,경상사고,0,0,2,0,차대차 - 측면직각충돌,안전운전불이행,건조,맑음,기타 - 기타,승용,여,40세,상해없음,승용,남,31세,경상
2014102300100056,2014년 10월 23일 05시,목요일,경상남도 김해시 내동,경상사고,0,0,1,0,차대차 - 측면직각충돌,안전운전불이행,건조,맑음,교차로 - 교차로안,승용,남,56세,상해없음,화물,여,44세,상해없음
2014102300100068,2014년 10월 23일 06시,목요일,경상남도 진주시 상대동,경상사고,0,0,1,0,차대사람 - 횡단중,안전운전불이행,건조,흐림,단일로 - 기타,승용,남,59세,상해없음,보행자,여,70세,경상
2014102300100069,2014년 10월 23일 06시,목요일,경상남도 양산시 물금읍,중상사고,0,1,0,0,차대차 - 측면직각충돌,신호위반,건조,맑음,교차로 - 교차로안,승용,여,58세,상해없음,승용,여,27세,중상
2014102300100070,2014년 10월 23일 06시,목요일,경상남도 김해시 장유면,사망사고,1,0,0,0,차대사람 - 기타,신호위반,건조,맑음,교차로 - 교차로부근,승용,남,51세,상해없음,보행자,남,75세,사망
2014102300100091,2014년 10월 23일 07시,목요일,경상남도 통영시 미수동,중상사고,0,1,0,0,차대사람 - 횡단중,안전운전불이행,건조,맑음,단일로 - 기타,승용,남,69세,상해없음,보행자,여,64세,중상
2014102300100092,2014년 10월 23일 07시,목요일,경상남도 김해시 동상동,중상사고,0,1,0,0,차대차 - 측면직각충돌,중앙선침범,건조,맑음,단일로 - 기타,승용,남,48세,상해없음,승용,남,25세,중상