사고번호,사고일시,요일,시군구,사고내용,사망자수,중상자수,경상자수,부상신고자수,사고유형,법규위반,노면상태,기상상태,도로형태,가해운전자 차종,가해운전자 성별,가해운전자 연령,가해운전자 상해정도,피해운전자 차종,피해운전자 성별,피해운전자 연령,피해운전자 상해정도
2014102900100016,2014년 10월 29일 01시,수요일,경상남도 고성군 고성읍,중상사고,0,1,0,0,차대차 - 추돌 - 주정차중,안전운전불이행,건조,맑음,단일로 - 기타,화물,남,56세,상해없음,화물,남,51세,기타불명
2014102900100017,2014년 10월 29일 01시,수요일,경상남도 창원시 의창구 팔용동,경상사고,0,0,1,0,차대차 - 기타,안전운전불이행,건조,맑음,교차로 - 교차로안,승용,남,26세,상해없음,승용,남,66세,경상
2014102900100031,2014년 10월 29일 02시,수요일,경상남도 진주시 상대동,중상사고,0,1,1,0,차대사람 - 횡단중,안전운전불이행,건조,맑음,단일로 - 기타,승용,남,45세,상해없음,보행자,남,45세,중상
2014102900100038,2014년 10월 29일 03시,수요일,경상남도 양산시 동면,부상신고사고,0,0,0,1,차대차 - 추돌 - 주정차중,안전운전불이행,건조,맑음,단일로 - 기타,승용,남,26세,부상신고,화물,남,31세,상해없음
2014102900100039,2014년 10월 29일 03시,수요일,경상남도 거제시 장평동,중상사고,0,1,2,0,차대차 - 기타,신호위반,건조,맑음,교차로 - 교차로안,승용,여,53세,상해없음,승용,남,45세,경상
2014102900100058,2014년 10월 29일 05시,수요일,경상남도 김해시 동상동,중상사고,0,1,1,0,차대차 - 측면직각충돌,신호위반,건조,맑음,교차로 - 교차로안,승용,남,65세,경상,승용,여,41세,중상
2014102900100097,2014년 10월 29일 07시,수요일,경상남도 김해시 장유면,경상사고,0,0,1,0,차대차 - 기타,안전운전불이행,건조,맑음,교차로 - 교차로부근,자전거,남,33세,경상,화물,남,36세,상해없음
2014102900100133,2014년 10월 29일 08시,수요일,경상남도 창원시 진해구 용원동,경상사고,0,0,1,0,차대사람 - 차도통행중,보행자보호의무위반,건조,맑음,단일로 - 기타,승용,남,58세,상해없음,보행자,여,7세,경상
2014102900100134,2014년 10월 29일 08시,수요일,경상남도 남해군 남면,중상사고,0,1,0,0,차대사람 - 기타,안전운전불이행,건조,맑음,단일로 - 기타,화물,남,48세,상해없음,보행자,여,83세,중상
2014102900100135,2014년 10월 29일 08시,수요일,경상남도 김해시 장유면,중상사고,0,1,0,0,차대사람 - 횡단중,안전운전불이행,건조,맑음,단일로 - 기타,승용,여,27세,상해없음,보행자,남,43세,중상
2014102900100165,2014년 10월 29일 09시,수요일,경상남도 고성군 고성읍,경상사고,0,0,1,0,차대차 - 추돌 - 진행중,안전운전불이행,건조,맑음,단일로 - 기타,승합,남,59세,상해없음,승용,남,36세,경상
2014102900100166,2014년 10월 29일 09시,수요일,경상남도 거제시 연초면,경상사고,0,0,1,0,차대차 - 추돌 - 진행중,안전거리미확보,건조,맑음,교차로 - 교차로부근,건설기계,남,34세,상해없음,승용,남,54세,경상
2014102900100197,2014년 10월 29일 10시,수요일,경상남도 창원시 진해구 자은동,중상사고,0,1,0,0,차대사람 - 기타,교차로운행방법위반,건조,맑음,교차로 - 교차로안,승용,여,53세,상해없음,보행자,여,76세,중상
2014102900100198,2014년 10월 29일 10시,수요일,경상남도 양산시 원동면,중상사고,0,1,1,0,차대차 - 기타,중앙선침범,건조,맑음,단일로 - 기타,승용,여,43세,경상,자전거,남,59세,중상
2014102900100229,2014년 10월 29일 11시,수요일,경상남도 거제시 옥포동,중상사고,0,1,0,0,차대차 - 측면직각충돌,교차로운행방법위반,건조,맑음,교차로 - 교차로안,승용,남,46세,상해없음,승용,남,27세,중상
2014102900100230,2014년 10월 29일 11시,수요일,경상남도 창원시 성산구 중앙동,경상사고,0,0,1,0,차대사람 - 횡단중,안전운전불이행,건조,맑음,교차로 - 교차로안,승합,여,38세,상해없음,보행자,여,39세,경상
2014102900100257,2014년 10월 29일 12시,수요일,경상남도 창원시 마산합포구 상남동,경상사고,0,0,1,0,차대차 - 기타,안전거리미확보,건조,맑음,단일로 - 기타,승용,여,66세,상해없음,승용,남,46세,경상
2014102900100258,2014년 10월 29일 12시,수요일,경상남도 김해시 진례면,중상사고,0,1,0,0,차대차 - 정면충돌,교차로운행방법위반,건조,맑음,교차로 - 교차로안,승용,여,44세,상해없음,이륜,남,81세,중상
2014102900100310,2014년 10월 29일 14시,수요일,경상남도 통영시 도천동,중상사고,0,1,0,0,차대사람 - 기타,안전운전불이행,건조,맑음,단일로 - 기타,승용,남,57세,상해없음,보행자,여,70세,중상
2014102900100311,2014년 10월 29일 14시,수요일,경상남도 밀양시 무안면,경상사고,0,0,3,0,차대차 - 추돌 - 주정차중,안전운전불이행,건조,맑음,단일로 - 기타,화물,여,60세,상해없음,승용,남,53세,상해없음
2014102900100312,2014년 10월 29일 14시,수요일,경상남도 의령군 화정면,중상사고,0,1,0,0,차량단독 - 공작물충돌,안전운전불이행,건조,맑음,단일로 - 기타,화물,남,72세,중상,,,,
2014102900100339,2014년 10월 29일 15시,수요일,경상남도 창원시 마산합포구 서성동,경상사고,0,0,1,0,차대사람 - 횡단중,안전운전불이행,건조,맑음,교차로 - 교차로부근,승용,여,41세,상해없음,보행자,여,73세,경상
2014102900100340,2014년 10월 29일 15시,수요일,경상남도 창원시 진해구 석동,경상사고,0,0,2,0,차대차 - 기타,안전운전불이행,건조,맑음,단일로 - 기타,화물,남,43세,상해없음,화물,남,56세,경상
2014102900100341,2014년 10월 29일 15시,수요일,경상남도 거제시 거제면,중상사고,0,1,0,0,차대사람 - 기타,안전운전불이행,건조,맑음,기타 - 기타,승합,여,46세,상해없음,보행자,남,8세,중상
2014102900100342,2014년 10월 29일 15시,수요일,경상남도 창원시 성산구 가음동,중상사고,0,1,0,0,차대사람 - 횡단중,보행자보호의무위반,건조,맑음,단일로 - 기타,화물,남,52세,상해없음,보행자,여,76세,중상
2014102900100372,2014년 10월 29일 16시,수요일,경상남도 양산시 평산동,경상사고,0,0,1,0,차량단독 - 공작물충돌,기타,건조,맑음,단일로 - 기타,승합,남,53세,상해없음,,,,
2014102900100373,2014년 10월 29일 16시,수요일,경상남도 창원시 성산구 상남동,중상사고,0,1,0,0,차대사람 - 횡단중,안전운전불이행,건조,맑음,단일로 - 기타,승합,남,43세,상해없음,보행자,남,17세,중상
2014102900100374,2014년 10월 29일 16시,수요일,경상남도 김해시 진영읍,부상신고사고,0,0,0,1,차대차 - 측면직각충돌,안전운전불이행,건조,맑음,교차로 - 교차로부근,이륜,남,42세,부상신고,승용,여,22세,상해없음
2014102900100409,2014년 10월 29일 17시,수요일,경상남도 거창군 북상면,중상사고,0,1,0,0,차대차 - 기타,안전운전불이행,건조,맑음,단일로 - 기타,승용,남,23세,상해없음,이륜,남,58세,중상
2014102900100410,2014년 10월 29일 17시,수요일,경상남도 창원시 마산회원구 양덕동,경상사고,0,0,3,0,차대차 - 추돌 - 진행중,안전운전불이행,건조,맑음,교차로 - 교차로부근,화물,남,67세,경상,승용,여,48세,경상
2014102900100411,2014년 10월 29일 17시,수요일,경상남도 창원시 의창구 반계동,중상사고,0,2,0,0,차대차 - 측면직각충돌,안전운전불이행,건조,맑음,단일로 - 기타,승용,여,28세,상해없음,원동기,남,74세,중상
2014102900100412,2014년 10월 29일 17시,수요일,경상남도 김해시 진영읍,경상사고,0,0,1,0,차대차 - 측면직각충돌,차로위반,건조,맑음,교차로 - 교차로안,이륜,남,66세,경상,승용,여,32세,상해없음
2014102900100474,2014년 10월 29일 18시,수요일,경상남도 합천군 가야면,중상사고,0,1,0,0,차대차 - 추돌 - 진행중,안전운전불이행,건조,맑음,단일로 - 기타,승용,남,72세,상해없음,농기계,남,73세,중상
2014102900100475,2014년 10월 29일 18시,수요일,경상남도 거제시 옥포동,중상사고,0,1,0,0,차대사람 - 기타,안전운전불이행,건조,맑음,기타 - 기타,원동기,남,56세,상해없음,보행자,여,51세,중상
2014102900100476,2014년 10월 29일 18시,수요일,경상남도 거제시 고현동,경상사고,0,0,2,0,차대차 - 정면충돌,교차로운행방법위반,건조,맑음,교차로 - 교차로안,승용,여,42세,상해없음,원동기,남,17세,경상
2014102900100477,2014년 10월 29일 18시,수요일,경상남도 김해시 한림면,중상사고,0,2,2,0,차대차 - 추돌 - 주정차중,안전거리미확보,건조,맑음,단일로 - 기타,화물,남,68세,상해없음,승합,남,48세,중상
2014102900100526,2014년 10월 29일 19시,수요일,경상남도 김해시 외동,중상사고,0,1,0,0,차대차 - 측면직각충돌,안전운전불이행,건조,맑음,교차로 - 교차로안,승합,여,53세,상해없음,이륜,남,24세,중상
2014102900100527,2014년 10월 29일 19시,수요일,경상남도 창원시 성산구 외동,경상사고,0,0,1,0,차대차 - 기타,신호위반,건조,맑음,단일로 - 기타,승용,남,47세,상해없음,자전거,남,36세,경상
2014102900100528,2014년 10월 29일 19시,수요일,경상남도 창원시 성산구 상남동,경상사고,0,0,1,0,차대차 - 추돌 - 주정차중,안전운전불이행,건조,맑음,교차로 - 교차로부근,승용,남,52세,상해없음,이륜,남,30세,경상
2014102900100552,2014년 10월 29일 20시,수요일,경상남도 함안군 가야읍,경상사고,0,0,1,0,차대차 - 추돌 - 주정차중,안전운전불이행,건조,맑음,단일로 - 기타,화물,남,55세,상해없음,승용,남,57세,경상
2014102900100553,2014년 10월 29일 20시,수요일,경상남도 창원시 성산구 상남동,경상사고,0,0,1,0,차대차 - 기타,안전운전불이행,건조,맑음,단일로 - 기타,승용,여,26세,상해없음,승용,남,26세,상해없음
2014102900100554,2014년 10월 29일 20시,수요일,경상남도 창원시 마산회원구 내서읍,경상사고,0,0,2,0,차대차 - 추돌 - 진행중,안전운전불이행,건조,맑음,교차로 - 교차로부근,승용,여,59세,상해없음,승용,여,46세,경상
2014102900100586,2014년 10월 29일 21시,수요일,경상남도 진주시 상대동,중상사고,0,1,0,0,차대차 - 추돌 - 진행중,안전운전불이행,건조,맑음,교차로 - 교차로부근,승용,여,40세,상해없음,이륜,남,32세,중상
2014102900100587,2014년 10월 29일 21시,수요일,경상남도 창원시 마산회원구 회원동,경상사고,0,0,1,0,차대차 - 추돌 - 진행중,안전운전불이행,건조,맑음,교차로 - 교차로부근,승용,남,51세,상해없음,승용,여,61세,경상
2014102900100626,2014년 10월 29일 22시,수요일,경상남도 통영시 광도면,중상사고,0,1,0,0,차대차 - 측면직각충돌,직진우회전진행방해,건조,맑음,교차로 - 교차로안,승용,남,35세,상해없음,승용,남,26세,상해없음
2014102900100627,2014년 10월 29일 22시,수요일,경상남도 거창군 거창읍,중상사고,0,1,1,0,차대차 - 기타,교차로운행방법위반,건조,맑음,교차로 - 교차로안,승용,여,53세,상해없음,자전거,남,15세,중상
2014102900100628,2014년 10월 29일 22시,수요일,경상남도 함안군 군북면,사망사고,1,0,0,0,차량단독 - 공작물충돌,안전운전불이행,건조,맑음,교차로 - 교차로안,승용,남,42세,사망,,,,
2014103000100033,2014년 10월 30일 01시,목요일,경상남도 창원시 마산회원구 양덕동,중상사고,0,1,0,0,차대사람 - 횡단중,보행자보호의무위반,건조,맑음,단일로 - 횡단보도상,건설기계,남,42세,상해없음,보행자,남,58세,중상
2014103000100067,2014년 10월 30일 05시,목요일,경상남도 김해시 어방동,중상사고,0,2,0,0,차량단독 - 공작물충돌,안전운전불이행,건조,맑음,단일로 - 기타,승용,남,20세,중상,,,,
2014103000100111,2014년 10월 30일 07시,목요일,경상남도 김해시 부원동,중상사고,0,1,0,0,차대차 - 측면직각충돌,신호위반,건조,맑음,교차로 - 교차로안,승용,남,47세,상해없음,이륜,남,31세,중상
2014103000100146,2014년 10월 30일 08시,목요일,경상남도 통영시 당동,중상사고,0,1,0,0,차대차 - 측면직각충돌,안전운전불이행,건조,맑음,교차로 - 교차로부근,승용,남,54세,상해없음,자전거,남,69세,중상
2014103000100147,2014년 10월 30일 08시,목요일,경상남도 사천시 동금동,경상사고,0,0,3,0,차대차 - 측면직각충돌,교차로운행방법위반,건조,맑음,교차로 - 교차로안,승용,남,47세,상해없음,승용,남,27세,경상
2014103000100148,2014년 10월 30일 08시,목요일,경상남도 김해시 구산동,경상사고,0,0,1,0,차대차 - 측면직각충돌,중앙선침범,건조,맑음,단일로 - 기타,자전거,남,15세,경상,승용,남,69세,상해없음
2014103000100183,2014년 10월 30일 09시,목요일,경상남도 창원시 마산합포구 자산동,경상사고,0,0,1,0,차대차 - 추돌 - 주정차중,안전거리미확보,건조,맑음,단일로 - 기타,승용,남,41세,상해없음,승용,남,61세,경상
2014103000100184,2014년 10월 30일 09시,목요일,경상남도 창원시 진해구 대흥동,중상사고,0,2,1,0,차대차 - 측면직각충돌,기타,건조,맑음,교차로 - 교차로안,승용,여,55세,경상,승용,남,64세,중상
2014103000100185,2014년 10월 30일 09시,목요일,경상남도 창원시 진해구 석동,중상사고,0,2,0,0,차대차 - 측면직각충돌,안전운전불이행,건조,맑음,교차로 - 교차로안,승용,남,53세,상해없음,원동기,남,77세,중상
2014103000100206,2014년 10월 30일 10시,목요일,경상남도 진주시 하대동,중상사고,0,2,1,0,차대차 - 측면직각충돌,신호위반,건조,맑음,교차로 - 교차로안,화물,남,56세,경상,승용,여,31세,중상
2014103000100234,2014년 10월 30일 11시,목요일,경상남도 진주시 상봉동,경상사고,0,0,1,0,차대차 - 기타,교차로운행방법위반,건조,맑음,교차로 - 교차로안,승용,여,47세,상해없음,자전거,여,58세,경상
2014103000100235,2014년 10월 30일 11시,목요일,경상남도 진주시 금산면,중상사고,0,1,0,0,차대차 - 추돌 - 주정차중,안전운전불이행,건조,맑음,단일로 - 기타,화물,남,48세,상해없음,자전거,남,82세,중상
2014103000100236,2014년 10월 30일 11시,목요일,경상남도 밀양시 하남읍,경상사고,0,0,1,0,차대차 - 정면충돌,안전운전불이행,건조,맑음,단일로 - 기타,화물,남,48세,상해없음,이륜,남,46세,경상
2014103000100237,2014년 10월 30일 11시,목요일,경상남도 김해시 불암동,경상사고,0,0,1,0,차대차 - 기타,신호위반,건조,맑음,교차로 - 교차로안,승용,여,53세,상해없음,승용,남,34세,경상
2014103000100238,2014년 10월 30일 11시,목요일,경상남도 창원시 성산구 불모산동,경상사고,0,0,1,0,차대차 - 기타,안전운전불이행,건조,맑음,기타 - 기타,승합,남,57세,상해없음,승용,남,52세,경상
2014103000100263,2014년 10월 30일 12시,목요일,경상남도 창원시 진해구 태백동,경상사고,0,0,1,0,차량단독 - 전도전복,안전운전불이행,건조,맑음,단일로 - 터널,화물,남,58세,경상,,,,
2014103000100264,2014년 10월 30일 12시,목요일,경상남도 밀양시 가곡동,중상사고,0,1,0,0,차대사람 - 횡단중,안전운전불이행,건조,맑음,단일로 - 기타,원동기,남,83세,중상,보행자,남,67세,상해없음
2014103000100288,2014년 10월 30일 13시,목요일,경상남도 김해시 삼정동,경상사고,0,0,1,0,차대차 - 측면직각충돌,교차로운행방법위반,건조,맑음,교차로 - 교차로안,화물,남,52세,상해없음,승합,남,71세,경상
2014103000100289,2014년 10월 30일 13시,목요일,경상남도 창원시 마산회원구 양덕동,중상사고,0,1,0,0,차대차 - 측면직각충돌,신호위반,건조,맑음,교차로 - 교차로안,승용,여,42세,상해없음,승용,남,37세,중상
2014103000100320,2014년 10월 30일 14시,목요일,경상남도 고성군 거류면,중상사고,0,2,1,0,차대차 - 추돌 - 주정차중,중앙선침범,건조,맑음,단일로 - 기타,승용,남,67세,상해없음,화물,남,45세,경상
2014103000100350,2014년 10월 30일 15시,목요일,경상남도 창원시 마산합포구 교방동,중상사고,0,1,0,1,차대차 - 측면직각충돌,신호위반,건조,맑음,교차로 - 교차로안,승용,여,57세,부상신고,승용,남,56세,중상
2014103000100351,2014년 10월 30일 15시,목요일,경상남도 통영시 도산면,중상사고,0,1,0,0,차대차 - 추돌 - 진행중,안전거리미확보,건조,맑음,단일로 - 기타,화물,남,49세,상해없음,화물,남,62세,중상
2014103000100384,2014년 10월 30일 16시,목요일,경상남도 거창군 가조면,경상사고,0,0,1,0,차대차 - 추돌 - 진행중,안전운전불이행,건조,맑음,단일로 - 기타,건설기계,남,64세,상해없음,자전거,남,9세,경상
2014103000100385,2014년 10월 30일 16시,목요일,경상남도 함양군 지곡면,부상신고사고,0,0,0,1,차대차 - 추돌 - 진행중,안전운전불이행,건조,흐림,단일로 - 기타,승합,남,54세,상해없음,이륜,남,44세,부상신고
2014103000100386,2014년 10월 30일 16시,목요일,경상남도 거제시 고현동,중상사고,0,1,0,0,차대사람 - 횡단중,안전운전불이행,건조,맑음,단일로 - 기타,승합,여,45세,상해없음,보행자,여,7세,중상
2014103000100387,2014년 10월 30일 16시,목요일,경상남도 거제시 사등면,중상사고,0,1,1,0,차대차 - 기타,안전운전불이행,건조,맑음,단일로 - 기타,승용,여,35세,경상,건설기계,남,36세,중상
2014103000100425,2014년 10월 30일 17시,목요일,경상남도 진주시 상대동,중상사고,0,1,0,0,차대사람 - 기타,안전운전불이행,건조,맑음,단일로 - 기타,화물,남,48세,상해없음,보행자,여,6세,중상
2014103000100426,2014년 10월 30일 17시,목요일,경상남도 창원시 진해구 여좌동,경상사고,0,0,1,0,차대차 - 측면직각충돌,안전운전불이행,건조,맑음,단일로 - 기타,원동기,남,38세,상해없음,승용,남,67세,상해없음
2014103000100479,2014년 10월 30일 18시,목요일,경상남도 창원시 마산합포구 상남동,중상사고,0,1,0,0,차대사람 - 횡단중,신호위반,건조,맑음,교차로 - 교차로안,승용,남,61세,상해없음,보행자,여,66세,중상
2014103000100480,2014년 10월 30일 18시,목요일,경상남도 진주시 망경동,중상사고,0,1,0,0,차대차 - 측면직각충돌,중앙선침범,건조,맑음,단일로 - 기타,승용,남,52세,상해없음,원동기,남,43세,중상
2014103000100481,2014년 10월 30일 18시,목요일,경상남도 통영시 광도면,경상사고,0,0,2,0,차대차 - 추돌 - 진행중,안전운전불이행,건조,맑음,단일로 - 기타,화물,남,63세,상해없음,승용,남,59세,경상
2014103000100482,2014년 10월 30일 18시,목요일,경상남도 통영시 무전동,중상사고,0,1,0,0,차대사람 - 횡단중,보행자보호의무위반,건조,맑음,단일로 - 횡단보도상,승용,남,45세,상해없음,보행자,여,43세,중상
2014103000100483,2014년 10월 30일 18시,목요일,경상남도 밀양시 하남읍,중상사고,0,1,0,0,차대차 - 추돌 - 진행중,안전운전불이행,건조,맑음,단일로 - 기타,승용,여,28세,상해없음,농기계,남,72세,중상
2014103000100484,2014년 10월 30일 18시,목요일,경상남도 창원시 의창구 도계동,경상사고,0,0,1,0,차대사람 - 기타,안전운전불이행,건조,맑음,단일로 - 기타,승용,여,65세,상해없음,보행자,여,17세,경상
2014103000100559,2014년 10월 30일 20시,목요일,경상남도 거제시 상동동,중상사고,0,1,0,0,차대차 - 기타,안전거리미확보,건조,맑음,교차로 - 교차로부근,화물,남,37세,상해없음,승용,여,59세,중상
2014103000100594,2014년 10월 30일 21시,목요일,경상남도 창원시 진해구 경화동,중상사고,0,1,0,0,차대사람 - 차도통행중,안전운전불이행,건조,맑음,교차로 - 교차로부근,승용,기타불명,기타불명,기타불명,보행자,남,17세,중상
2014103000100628,2014년 10월 30일 22시,목요일,경상남도 함양군 지곡면,부상신고사고,0,0,0,1,차대차 - 정면충돌,중앙선침범,건조,맑음,단일로 - 기타,승용,남,34세,부상신고,승용,남,44세,상해없음
2014103000100676,2014년 10월 30일 23시,목요일,경상남도 거창군 가조면,부상신고사고,0,0,0,1,차대차 - 추돌 - 주정차중,안전운전불이행,건조,맑음,단일로 - 기타,원동기,남,37세,부상신고,승합,남,54세,상해없음
2014103100100015,2014년 10월 31일 00시,금요일,경상남도 진주시 가좌동,사망사고,1,0,0,0,차량단독 - 공작물충돌,안전운전불이행,건조,흐림,단일로 - 기타,원동기,남,19세,사망,,,,
2014103100100016,2014년 10월 31일 00시,금요일,경상남도 사천시 동금동,중상사고,0,1,3,0,차대차 - 측면직각충돌,신호위반,건조,맑음,교차로 - 교차로안,승용,남,19세,상해없음,승용,남,50세,경상
2014103100100017,2014년 10월 31일 00시,금요일,경상남도 창원시 마산회원구 회성동,경상사고,0,0,1,0,차대차 - 측면직각충돌,안전운전불이행,기타,기타,단일로 - 기타,건설기계,남,54세,상해없음,승용,남,41세,경상
2014103100100034,2014년 10월 31일 01시,금요일,경상남도 창원시 성산구 중앙동,중상사고,0,1,0,0,차대사람 - 기타,안전운전불이행,건조,맑음,교차로 - 교차로안,승용,남,38세,상해없음,보행자,남,48세,중상
2014103100100071,2014년 10월 31일 05시,금요일,경상남도 거제시 장평동,중상사고,0,1,0,0,차대차 - 기타,신호위반,습기,비,교차로 - 교차로안,승합,남,59세,상해없음,승용,남,60세,중상
2014103100100089,2014년 10월 31일 06시,금요일,경상남도 통영시 북신동,중상사고,0,1,0,0,차대사람 - 횡단중,안전운전불이행,습기,비,단일로 - 기타,승용,남,55세,상해없음,보행자,여,75세,중상
2014103100100090,2014년 10월 31일 06시,금요일,경상남도 거제시 옥포동,경상사고,0,0,1,0,차대사람 - 횡단중,안전운전불이행,건조,흐림,교차로 - 교차로안,이륜,남,51세,상해없음,보행자,남,28세,경상
2014103100100091,2014년 10월 31일 06시,금요일,경상남도 창원시 성산구 남양동,중상사고,0,1,0,0,차대사람 - 횡단중,안전운전불이행,습기,비,단일로 - 기타,승용,남,29세,상해없음,보행자,여,53세,중상
2014103100100120,2014년 10월 31일 07시,금요일,경상남도 창원시 진해구 용원동,중상사고,0,2,0,0,차대차 - 추돌 - 주정차중,안전운전불이행,건조,맑음,교차로 - 교차로부근,화물,남,38세,상해없음,승합,남,48세,상해없음
2014103100100121,2014년 10월 31일 07시,금요일,경상남도 거제시 거제면,중상사고,0,1,0,0,차대차 - 측면직각충돌,중앙선침범,습기,비,단일로 - 기타,승용,남,69세,상해없음,승용,여,49세,중상
2014103100100151,2014년 10월 31일 08시,금요일,경상남도 창원시 마산합포구 교방동,중상사고,0,1,1,0,차대차 - 기타,신호위반,건조,맑음,교차로 - 교차로안,승용,여,27세,상해없음,승용,남,37세,경상
2014103100100152,2014년 10월 31일 08시,금요일,경상남도 사천시 사천읍,경상사고,0,0,2,0,차대차 - 측면직각충돌,신호위반,습기,비,교차로 - 교차로안,승용,여,54세,상해없음,승용,남,42세,경상
2014103100100153,2014년 10월 31일 08시,금요일,경상남도 밀양시 상남면,경상사고,0,0,4,0,차대차 - 추돌 - 진행중,안전운전불이행,습기,비,단일로 - 기타,승용,남,38세,상해없음,승용,남,31세,경상
2014103100100154,2014년 10월 31일 08시,금요일,경상남도 거제시 옥포동,중상사고,0,1,0,0,차대사람 - 기타,안전운전불이행,습기,비,단일로 - 기타,승용,남,51세,상해없음,보행자,여,12세,중상
2014103100100155,2014년 10월 31일 08시,금요일,경상남도 거제시 장평동,경상사고,0,0,1,0,차대차 - 기타,신호위반,습기,맑음,교차로 - 교차로부근,승용,남,53세,상해없음,이륜,남,35세,경상
2014103100100210,2014년 10월 31일 10시,금요일,경상남도 진주시 상대동,중상사고,0,2,0,0,차대차 - 측면직각충돌,교차로운행방법위반,건조,맑음,교차로 - 교차로안,승용,여,45세,상해없음,화물,남,62세,중상
2014103100100211,2014년 10월 31일 10시,금요일,경상남도 창원시 의창구 소답동,경상사고,0,0,1,0,차대사람 - 기타,안전운전불이행,습기,비,단일로 - 기타,승용,여,57세,상해없음,보행자,남,60세,경상
2014103100100212,2014년 10월 31일 10시,금요일,경상남도 김해시 진영읍,경상사고,0,0,1,0,차대사람 - 횡단중,보행자보호의무위반,습기,비,단일로 - 횡단보도상,승용,여,54세,상해없음,보행자,여,30세,경상
2014103100100235,2014년 10월 31일 11시,금요일,경상남도 창원시 진해구 풍호동,경상사고,0,0,1,0,차대차 - 측면직각충돌,신호위반,습기,비,교차로 - 교차로안,승용,남,49세,기타불명,승합,남,59세,상해없음
2014103100100236,2014년 10월 31일 11시,금요일,경상남도 거제시 아주동,경상사고,0,0,1,0,차대차 - 기타,안전운전불이행,습기,비,단일로 - 기타,승용,남,29세,상해없음,이륜,남,65세,경상
2014103100100261,2014년 10월 31일 12시,금요일,경상남도 김해시 내동,경상사고,0,0,1,0,차대차 - 측면직각충돌,차로위반,습기,비,단일로 - 기타,승용,여,37세,상해없음,승용,남,57세,경상
2014103100100262,2014년 10월 31일 12시,금요일,경상남도 함안군 칠서면,중상사고,0,1,0,0,차대차 - 측면직각충돌,안전운전불이행,건조,맑음,단일로 - 기타,승용,남,57세,기타불명,화물,남,35세,중상
2014103100100283,2014년 10월 31일 13시,금요일,경상남도 창원시 마산합포구 자산동,중상사고,0,1,0,0,차대사람 - 기타,안전운전불이행,건조,맑음,단일로 - 기타,승합,남,67세,상해없음,보행자,여,53세,중상
2014103100100313,2014년 10월 31일 14시,금요일,경상남도 창원시 성산구 중앙동,경상사고,0,0,1,0,차대차 - 기타,안전운전불이행,습기,비,교차로 - 교차로안,승용,남,53세,상해없음,승용,남,53세,경상
2014103100100372,2014년 10월 31일 16시,금요일,경상남도 양산시 동면,경상사고,0,0,3,0,차대차 - 측면직각충돌,신호위반,습기,비,교차로 - 교차로안,승용,남,32세,상해없음,승용,남,43세,경상
2014103100100421,2014년 10월 31일 17시,금요일,경상남도 진주시 계동,중상사고,0,1,0,0,차량단독 - 기타,안전운전불이행,습기,비,교차로 - 교차로부근,승용,남,49세,상해없음,,,,
2014103100100422,2014년 10월 31일 17시,금요일,경상남도 사천시 동동,경상사고,0,0,2,0,차대차 - 추돌 - 주정차중,안전운전불이행,습기,비,단일로 - 기타,화물,여,47세,상해없음,화물,남,49세,경상
2014103100100423,2014년 10월 31일 17시,금요일,경상남도 밀양시 내이동,경상사고,0,0,1,0,차대차 - 측면직각충돌,교차로운행방법위반,습기,비,교차로 - 교차로안,승용,여,38세,상해없음,원동기,남,35세,경상
2014103100100424,2014년 10월 31일 17시,금요일,경상남도 밀양시 내이동,경상사고,0,0,1,0,차대차 - 측면직각충돌,교차로운행방법위반,건조,맑음,교차로 - 교차로안,승용,남,32세,상해없음,이륜,남,78세,경상
2014103100100425,2014년 10월 31일 17시,금요일,경상남도 김해시 대성동,중상사고,0,1,0,0,차대차 - 추돌 - 주정차중,안전운전불이행,습기,비,단일로 - 기타,승용,남,19세,상해없음,승용,여,40세,중상
2014103100100426,2014년 10월 31일 17시,금요일,경상남도 합천군 합천읍,경상사고,0,0,2,0,차대차 - 기타,안전운전불이행,습기,비,단일로 - 기타,화물,남,54세,상해없음,화물,남,65세,경상
2014103100100504,2014년 10월 31일 18시,금요일,경상남도 김해시 동상동,부상신고사고,0,0,0,1,차대차 - 기타,교차로운행방법위반,건조,맑음,교차로 - 교차로안,승용,남,32세,기타불명,화물,남,46세,부상신고
2014103100100505,2014년 10월 31일 18시,금요일,경상남도 양산시 동면,사망사고,1,0,0,0,차대사람 - 차도통행중,안전운전불이행,습기,비,단일로 - 기타,승용,남,57세,상해없음,보행자,남,49세,사망
2014103100100506,2014년 10월 31일 18시,금요일,경상남도 양산시 남부동,경상사고,0,0,1,0,차대차 - 측면직각충돌,안전운전불이행,건조,맑음,단일로 - 기타,승용,여,29세,상해없음,자전거,남,16세,경상
2014103100100507,2014년 10월 31일 18시,금요일,경상남도 창원시 마산회원구 석전동,중상사고,0,1,0,0,차대사람 - 횡단중,안전운전불이행,건조,맑음,교차로 - 교차로부근,화물,남,31세,상해없음,보행자,여,30세,중상