사고번호,사고일시,요일,시군구,사고내용,사망자수,중상자수,경상자수,부상신고자수,사고유형,법규위반,노면상태,기상상태,도로형태,가해운전자 차종,가해운전자 성별,가해운전자 연령,가해운전자 상해정도,피해운전자 차종,피해운전자 성별,피해운전자 연령,피해운전자 상해정도
2014103100100508,2014년 10월 31일 18시,금요일,경상남도 김해시 한림면,경상사고,0,0,4,0,차대차 - 측면직각충돌,안전거리미확보,습기,비,단일로 - 기타,이륜,남,18세,상해없음,승용,남,37세,경상
2014103100100581,2014년 10월 31일 19시,금요일,경상남도 진주시 상대동,중상사고,0,1,1,0,차대차 - 측면직각충돌,신호위반,습기,비,교차로 - 교차로안,승용,여,52세,상해없음,원동기,남,28세,경상
2014103100100583,2014년 10월 31일 19시,금요일,경상남도 창원시 성산구 상남동,경상사고,0,0,1,0,차대차 - 기타,안전운전불이행,습기,비,단일로 - 기타,승용,남,46세,기타불명,승용,남,49세,경상
2014103100100584,2014년 10월 31일 19시,금요일,경상남도 김해시 장유면,중상사고,0,1,0,0,차대차 - 추돌 - 주정차중,안전운전불이행,습기,비,교차로 - 교차로부근,승용,남,46세,상해없음,승용,남,50세,중상
2014103100100647,2014년 10월 31일 20시,금요일,경상남도 창원시 마산합포구 교방동,경상사고,0,0,2,0,차대차 - 측면직각충돌,안전거리미확보,습기,비,단일로 - 기타,승용,남,31세,경상,승용,남,52세,경상
2014103100100648,2014년 10월 31일 20시,금요일,경상남도 거제시 거제면,경상사고,0,0,2,0,차대차 - 기타,안전운전불이행,습기,비,교차로 - 교차로안,화물,남,50세,상해없음,승용,남,49세,경상
2014103100100649,2014년 10월 31일 20시,금요일,경상남도 창원시 성산구 귀산동,중상사고,0,2,0,0,차대차 - 기타,중앙선침범,습기,맑음,단일로 - 기타,승합,남,55세,중상,승용,남,53세,중상
2014103100100703,2014년 10월 31일 21시,금요일,경상남도 김해시 전하동,경상사고,0,0,1,0,차대사람 - 기타,안전운전불이행,건조,맑음,단일로 - 기타,승용,여,43세,상해없음,보행자,남,35세,경상
2014103100100704,2014년 10월 31일 21시,금요일,경상남도 남해군 남해읍,중상사고,0,1,0,0,차대차 - 기타,중앙선침범,습기,비,기타 - 기타,승용,남,31세,기타불명,승용,남,56세,중상
2014103100100705,2014년 10월 31일 21시,금요일,경상남도 창원시 의창구 도계동,중상사고,0,1,0,0,차대차 - 기타,안전운전불이행,습기,비,교차로 - 교차로안,승용,남,44세,상해없음,자전거,남,11세,중상
2014103100100742,2014년 10월 31일 22시,금요일,경상남도 창녕군 창녕읍,경상사고,0,0,1,0,차량단독 - 전도전복,안전운전불이행,습기,비,단일로 - 기타,승용,남,56세,경상,,,,
2014103100100783,2014년 10월 31일 23시,금요일,경상남도 통영시 항남동,사망사고,1,0,0,0,차대사람 - 횡단중,보행자보호의무위반,습기,비,교차로 - 교차로부근,이륜,남,25세,상해없음,보행자,남,58세,사망
2014103100100784,2014년 10월 31일 23시,금요일,경상남도 양산시 평산동,경상사고,0,0,1,0,차대사람 - 기타,안전운전불이행,습기,비,단일로 - 기타,승용,남,31세,상해없음,보행자,남,45세,경상
2014103100100785,2014년 10월 31일 23시,금요일,경상남도 거제시 고현동,경상사고,0,0,2,0,차대사람 - 기타,안전운전불이행,건조,맑음,단일로 - 기타,승합,남,47세,상해없음,보행자,여,41세,경상
2014103100100786,2014년 10월 31일 23시,금요일,경상남도 김해시 장유면,중상사고,0,1,0,0,차량단독 - 공작물충돌,안전운전불이행,습기,비,단일로 - 기타,승용,남,51세,상해없음,,,,
2014103100100787,2014년 10월 31일 23시,금요일,경상남도 창원시 마산회원구 회성동,부상신고사고,0,0,0,1,차대차 - 추돌 - 진행중,안전운전불이행,습기,비,단일로 - 기타,승용,여,51세,부상신고,승용,남,34세,상해없음
2014110100100021,2014년 11월 1일 00시,토요일,경상남도 통영시 도남동,경상사고,0,0,1,0,차대차 - 측면직각충돌,안전운전불이행,습기,비,단일로 - 기타,승용,남,18세,상해없음,원동기,남,34세,경상
2014110100100022,2014년 11월 1일 00시,토요일,경상남도 창녕군 창녕읍,경상사고,0,0,1,0,차대차 - 기타,안전운전불이행,습기,비,단일로 - 기타,승용,남,31세,상해없음,원동기,남,34세,경상
2014110100100023,2014년 11월 1일 00시,토요일,경상남도 창원시 마산회원구 석전동,중상사고,0,1,0,0,차대사람 - 차도통행중,안전운전불이행,습기,비,단일로 - 기타,화물,남,46세,상해없음,보행자,남,56세,중상
2014110100100062,2014년 11월 1일 01시,토요일,경상남도 김해시 삼정동,경상사고,0,0,1,0,차대차 - 추돌 - 주정차중,안전운전불이행,습기,비,교차로 - 교차로부근,승용,남,41세,상해없음,승용,남,58세,경상
2014110100100116,2014년 11월 1일 03시,토요일,경상남도 창원시 진해구 여좌동,중상사고,0,1,0,0,차대차 - 추돌 - 진행중,안전운전불이행,습기,비,단일로 - 기타,화물,남,40세,중상,화물,남,41세,상해없음
2014110100100197,2014년 11월 1일 08시,토요일,경상남도 사천시 대방동,경상사고,0,0,2,0,차대차 - 추돌 - 주정차중,안전운전불이행,건조,맑음,단일로 - 기타,승용,남,62세,상해없음,화물,남,71세,경상
2014110100100198,2014년 11월 1일 08시,토요일,경상남도 양산시 교동,중상사고,0,1,0,0,차대차 - 기타,직진우회전진행방해,건조,맑음,교차로 - 교차로안,승용,남,32세,상해없음,승용,남,36세,중상
2014110100100222,2014년 11월 1일 09시,토요일,경상남도 진주시 옥봉동,경상사고,0,0,1,0,차대차 - 기타,안전운전불이행,건조,맑음,교차로 - 교차로안,화물,남,43세,상해없음,승용,남,39세,경상
2014110100100258,2014년 11월 1일 10시,토요일,경상남도 창원시 마산합포구 창동,경상사고,0,0,1,0,차대사람 - 횡단중,보행자보호의무위반,건조,흐림,교차로 - 교차로부근,승용,여,54세,상해없음,보행자,여,22세,경상
2014110100100259,2014년 11월 1일 10시,토요일,경상남도 김해시 삼방동,중상사고,0,1,0,0,차대사람 - 횡단중,안전운전불이행,건조,맑음,교차로 - 교차로부근,화물,남,51세,상해없음,보행자,남,13세,중상
2014110100100288,2014년 11월 1일 11시,토요일,경상남도 창원시 진해구 안골동,경상사고,0,0,1,0,차대차 - 측면직각충돌,안전운전불이행,건조,맑음,교차로 - 교차로안,이륜,남,36세,상해없음,자전거,남,7세,경상
2014110100100289,2014년 11월 1일 11시,토요일,경상남도 김해시 부원동,중상사고,0,1,0,0,차대사람 - 횡단중,보행자보호의무위반,건조,맑음,단일로 - 횡단보도상,화물,남,57세,상해없음,보행자,남,75세,중상
2014110100100313,2014년 11월 1일 12시,토요일,경상남도 김해시 주촌면,중상사고,0,3,1,0,차대사람 - 기타,안전운전불이행,건조,흐림,단일로 - 기타,승용,남,66세,상해없음,보행자,남,16세,중상
2014110100100351,2014년 11월 1일 13시,토요일,경상남도 창원시 마산합포구 해운동,중상사고,0,2,0,0,차대차 - 측면직각충돌,신호위반,건조,맑음,교차로 - 교차로안,승용,여,47세,상해없음,승용,남,31세,중상
2014110100100352,2014년 11월 1일 13시,토요일,경상남도 사천시 죽림동,중상사고,0,2,0,1,차대차 - 추돌 - 주정차중,안전운전불이행,건조,맑음,단일로 - 기타,승용,남,71세,상해없음,승용,여,61세,중상
2014110100100353,2014년 11월 1일 13시,토요일,경상남도 밀양시 단장면,중상사고,0,3,7,0,차량단독 - 도로외이탈 - 기타,안전운전불이행,건조,맑음,단일로 - 기타,승합,남,46세,상해없음,,,,
2014110100100413,2014년 11월 1일 15시,토요일,경상남도 창원시 진해구 현동,중상사고,0,1,1,0,차대차 - 추돌 - 주정차중,안전운전불이행,건조,맑음,단일로 - 터널,화물,남,41세,경상,승용,여,61세,중상
2014110100100414,2014년 11월 1일 15시,토요일,경상남도 창원시 마산합포구 산호동,중상사고,0,1,0,0,차대사람 - 횡단중,안전운전불이행,건조,맑음,단일로 - 기타,이륜,남,32세,상해없음,보행자,여,12세,중상
2014110100100415,2014년 11월 1일 15시,토요일,경상남도 진주시 판문동,경상사고,0,0,2,0,차대차 - 기타,안전운전불이행,건조,맑음,단일로 - 기타,승용,남,52세,상해없음,승용,남,53세,상해없음
2014110100100439,2014년 11월 1일 16시,토요일,경상남도 사천시 정동면,부상신고사고,0,0,0,1,차대사람 - 기타,안전운전불이행,건조,흐림,단일로 - 기타,화물,남,60세,기타불명,보행자,여,40세,부상신고
2014110100100482,2014년 11월 1일 17시,토요일,경상남도 창원시 마산합포구 월포동,경상사고,0,0,2,0,차대차 - 측면직각충돌,안전운전불이행,건조,맑음,교차로 - 교차로부근,승용,남,52세,상해없음,승용,남,70세,경상
2014110100100483,2014년 11월 1일 17시,토요일,경상남도 창원시 진해구 풍호동,경상사고,0,0,3,0,차대차 - 추돌 - 주정차중,안전운전불이행,건조,맑음,교차로 - 교차로부근,승용,남,34세,상해없음,승용,남,47세,경상
2014110100100484,2014년 11월 1일 17시,토요일,경상남도 사천시 정동면,경상사고,0,0,1,0,차대차 - 측면직각충돌,안전운전불이행,건조,맑음,기타 - 기타,승용,남,71세,기타불명,승용,여,49세,기타불명
2014110100100485,2014년 11월 1일 17시,토요일,경상남도 창원시 마산회원구 봉암동,중상사고,0,1,3,0,차대차 - 기타,안전운전불이행,건조,맑음,교차로 - 교차로부근,승용,남,56세,상해없음,승용,남,33세,경상
2014110100100486,2014년 11월 1일 17시,토요일,경상남도 김해시 진영읍,중상사고,0,1,0,0,차대사람 - 길가장자리구역통행중,안전운전불이행,건조,맑음,교차로 - 교차로부근,승용,남,52세,상해없음,보행자,여,83세,중상
2014110100100537,2014년 11월 1일 18시,토요일,경상남도 창원시 마산합포구 월포동,경상사고,0,0,1,0,차대차 - 측면직각충돌,안전운전불이행,건조,맑음,단일로 - 기타,승용,남,63세,상해없음,승용,남,31세,상해없음
2014110100100538,2014년 11월 1일 18시,토요일,경상남도 진주시 가좌동,경상사고,0,0,1,0,차대차 - 기타,안전운전불이행,건조,맑음,단일로 - 기타,승용,남,29세,상해없음,자전거,남,18세,경상
2014110100100539,2014년 11월 1일 18시,토요일,경상남도 남해군 이동면,경상사고,0,0,1,0,차대차 - 정면충돌,안전운전불이행,건조,맑음,교차로 - 교차로안,승용,여,55세,상해없음,승용,남,21세,경상
2014110100100540,2014년 11월 1일 18시,토요일,경상남도 창원시 의창구 북면,중상사고,0,1,0,0,차대사람 - 기타,안전운전불이행,건조,맑음,교차로 - 교차로안,승용,여,53세,상해없음,보행자,남,71세,중상
2014110100100583,2014년 11월 1일 19시,토요일,경상남도 함양군 지곡면,경상사고,0,0,1,0,차대차 - 추돌 - 진행중,안전거리미확보,습기,흐림,단일로 - 기타,승합,남,39세,상해없음,승용,여,48세,경상
2014110100100588,2014년 11월 1일 19시,토요일,경상남도 김해시 장유면,중상사고,0,1,2,0,차대차 - 정면충돌,중앙선침범,건조,맑음,교차로 - 교차로부근,승용,여,37세,경상,승용,여,33세,경상
2014110100100626,2014년 11월 1일 20시,토요일,경상남도 창녕군 창녕읍,중상사고,0,1,0,0,차대사람 - 횡단중,안전운전불이행,건조,맑음,단일로 - 기타,승용,남,45세,상해없음,보행자,남,54세,중상
2014110100100627,2014년 11월 1일 20시,토요일,경상남도 김해시 진례면,경상사고,0,0,1,0,차대차 - 추돌 - 주정차중,안전운전불이행,건조,맑음,단일로 - 기타,승용,남,52세,경상,승합,남,56세,상해없음
2014110100100651,2014년 11월 1일 21시,토요일,경상남도 창원시 마산합포구 해운동,경상사고,0,0,1,0,차대차 - 추돌 - 주정차중,안전운전불이행,건조,맑음,교차로 - 교차로부근,승용,남,36세,상해없음,승용,여,29세,경상
2014110100100652,2014년 11월 1일 21시,토요일,경상남도 진주시 상대동,중상사고,0,2,0,0,차대사람 - 기타,기타,건조,맑음,단일로 - 기타,승용,남,77세,상해없음,보행자,남,49세,중상
2014110100100653,2014년 11월 1일 21시,토요일,경상남도 거제시 옥포동,경상사고,0,0,1,0,차대차 - 추돌 - 진행중,안전운전불이행,건조,맑음,단일로 - 기타,승용,남,41세,상해없음,자전거,남,52세,경상
2014110100100695,2014년 11월 1일 23시,토요일,경상남도 진주시 강남동,중상사고,0,1,0,0,차대차 - 기타,신호위반,건조,맑음,교차로 - 교차로안,원동기,남,17세,중상,승용,남,36세,상해없음
2014110100100696,2014년 11월 1일 23시,토요일,경상남도 양산시 주남동,경상사고,0,0,1,0,차대사람 - 기타,안전운전불이행,건조,맑음,단일로 - 기타,승용,기타불명,기타불명,기타불명,보행자,남,41세,경상
2014110200100021,2014년 11월 2일 00시,일요일,경상남도 거제시 장승포동,경상사고,0,0,1,0,차대사람 - 길가장자리구역통행중,안전운전불이행,건조,맑음,단일로 - 기타,자전거,남,29세,상해없음,보행자,여,75세,경상
2014110200100044,2014년 11월 2일 01시,일요일,경상남도 밀양시 무안면,중상사고,0,1,3,0,차량단독 - 전도전복,안전운전불이행,건조,맑음,단일로 - 기타,승용,남,18세,경상,,,,
2014110200100076,2014년 11월 2일 03시,일요일,경상남도 양산시 삼호동,중상사고,0,1,0,0,차대차 - 기타,직진우회전진행방해,건조,맑음,교차로 - 교차로안,승용,남,38세,상해없음,승용,여,44세,중상
2014110200100115,2014년 11월 2일 06시,일요일,경상남도 양산시 하북면,중상사고,0,2,2,0,차대차 - 측면직각충돌,직진우회전진행방해,건조,맑음,교차로 - 교차로안,승용,남,50세,상해없음,승합,남,50세,중상
2014110200100127,2014년 11월 2일 07시,일요일,경상남도 양산시 신기동,경상사고,0,0,1,0,차대차 - 기타,신호위반,건조,맑음,교차로 - 교차로안,승용,여,59세,상해없음,승용,남,26세,경상
2014110200100147,2014년 11월 2일 08시,일요일,경상남도 함안군 가야읍,중상사고,0,1,0,0,차대차 - 측면직각충돌,신호위반,건조,맑음,교차로 - 교차로안,화물,남,56세,상해없음,승용,여,42세,중상
2014110200100167,2014년 11월 2일 09시,일요일,경상남도 양산시 덕계동,중상사고,0,1,0,0,차대사람 - 기타,보행자보호의무위반,건조,맑음,단일로 - 기타,승용,여,41세,상해없음,보행자,여,52세,중상
2014110200100191,2014년 11월 2일 10시,일요일,경상남도 거창군 신원면,중상사고,0,1,0,0,차량단독 - 공작물충돌,안전운전불이행,습기,비,단일로 - 기타,화물,남,25세,상해없음,,,,
2014110200100192,2014년 11월 2일 10시,일요일,경상남도 거제시 옥포동,중상사고,0,1,0,0,차대차 - 추돌 - 진행중,차로위반,건조,맑음,교차로 - 교차로부근,승용,여,57세,상해없음,승용,남,33세,중상
2014110200100207,2014년 11월 2일 11시,일요일,경상남도 고성군 거류면,경상사고,0,0,2,0,차대차 - 기타,안전운전불이행,건조,맑음,단일로 - 기타,승용,남,52세,상해없음,승용,남,30세,경상
2014110200100223,2014년 11월 2일 12시,일요일,경상남도 창원시 마산합포구 월영동,경상사고,0,0,1,0,차대차 - 기타,안전운전불이행,건조,맑음,단일로 - 기타,승용,남,42세,상해없음,승용,남,48세,경상
2014110200100224,2014년 11월 2일 12시,일요일,경상남도 김해시 삼계동,중상사고,0,1,0,0,차대사람 - 기타,안전운전불이행,건조,맑음,단일로 - 기타,승용,남,57세,상해없음,보행자,남,11세,중상
2014110200100306,2014년 11월 2일 15시,일요일,경상남도 진주시 상봉동,중상사고,0,1,0,0,차대차 - 측면직각충돌,안전운전불이행,건조,맑음,교차로 - 교차로안,화물,남,54세,상해없음,자전거,남,7세,중상
2014110200100307,2014년 11월 2일 15시,일요일,경상남도 의령군 대의면,경상사고,0,0,2,0,차대차 - 기타,안전운전불이행,건조,맑음,단일로 - 기타,화물,남,53세,상해없음,승용,여,42세,경상
2014110200100352,2014년 11월 2일 16시,일요일,경상남도 진주시 가좌동,중상사고,0,1,0,0,차대사람 - 보도통행중,보행자보호의무위반,건조,맑음,단일로 - 횡단보도상,화물,남,59세,상해없음,보행자,남,51세,중상
2014110200100353,2014년 11월 2일 16시,일요일,경상남도 함안군 함안면,경상사고,0,0,4,0,차대차 - 기타,안전운전불이행,건조,맑음,단일로 - 기타,승합,남,36세,상해없음,승용,남,48세,경상
2014110200100388,2014년 11월 2일 17시,일요일,경상남도 통영시 태평동,경상사고,0,0,1,0,차대사람 - 기타,안전운전불이행,건조,맑음,교차로 - 교차로부근,승용,남,49세,상해없음,보행자,남,49세,경상
2014110200100389,2014년 11월 2일 17시,일요일,경상남도 양산시 북정동,경상사고,0,0,1,0,차대차 - 기타,중앙선침범,건조,맑음,교차로 - 교차로부근,승용,남,47세,상해없음,원동기,남,27세,경상
2014110200100390,2014년 11월 2일 17시,일요일,경상남도 창원시 성산구 상남동,경상사고,0,0,1,0,차대차 - 기타,안전운전불이행,건조,맑음,단일로 - 기타,승용,남,67세,상해없음,자전거,남,7세,경상
2014110200100391,2014년 11월 2일 17시,일요일,경상남도 하동군 고전면,경상사고,0,0,3,0,차대차 - 기타,안전운전불이행,건조,맑음,단일로 - 기타,승용,남,28세,상해없음,승용,남,42세,경상
2014110200100478,2014년 11월 2일 19시,일요일,경상남도 창원시 마산합포구 우산동,경상사고,0,0,1,0,차대차 - 기타,안전운전불이행,건조,흐림,단일로 - 기타,승용,남,35세,상해없음,이륜,남,35세,경상
2014110200100479,2014년 11월 2일 19시,일요일,경상남도 거제시 고현동,중상사고,0,1,3,0,차대차 - 기타,교차로운행방법위반,건조,맑음,교차로 - 교차로안,이륜,남,37세,중상,승용,여,32세,경상
2014110200100547,2014년 11월 2일 21시,일요일,경상남도 진주시 진성면,경상사고,0,0,3,0,차대차 - 측면직각충돌,중앙선침범,건조,맑음,교차로 - 교차로부근,승용,남,41세,상해없음,승용,남,30세,경상
2014110200100584,2014년 11월 2일 23시,일요일,경상남도 양산시 물금읍,중상사고,0,1,0,0,차대차 - 기타,중앙선침범,건조,맑음,단일로 - 기타,승용,남,33세,기타불명,승용,남,56세,중상
2014110300100010,2014년 11월 3일 00시,월요일,경상남도 김해시 대성동,경상사고,0,0,4,0,차대차 - 측면직각충돌,교차로운행방법위반,건조,맑음,교차로 - 교차로안,승용,남,44세,상해없음,승용,남,50세,경상
2014110300100035,2014년 11월 3일 03시,월요일,경상남도 진주시 이반성면,경상사고,0,0,1,0,차량단독 - 기타,안전운전불이행,건조,맑음,단일로 - 기타,승용,남,43세,경상,,,,
2014110300100058,2014년 11월 3일 06시,월요일,경상남도 김해시 진례면,경상사고,0,0,1,0,차대차 - 기타,안전운전불이행,건조,맑음,단일로 - 기타,승합,남,55세,상해없음,승용,남,67세,경상
2014110300100088,2014년 11월 3일 07시,월요일,경상남도 진주시 진성면,중상사고,0,1,0,0,차대사람 - 보도통행중,보행자보호의무위반,건조,맑음,교차로 - 교차로부근,승용,여,25세,상해없음,보행자,여,74세,중상
2014110300100089,2014년 11월 3일 07시,월요일,경상남도 창원시 의창구 북면,중상사고,0,1,0,0,차대차 - 기타,안전운전불이행,건조,맑음,교차로 - 교차로안,자전거,남,85세,중상,건설기계,남,46세,상해없음
2014110300100090,2014년 11월 3일 07시,월요일,경상남도 창원시 의창구 도계동,경상사고,0,0,1,0,차대차 - 기타,안전운전불이행,건조,맑음,단일로 - 기타,기타불명,기타불명,기타불명,기타불명,자전거,남,13세,경상
2014110300100091,2014년 11월 3일 07시,월요일,경상남도 김해시 진영읍,중상사고,0,1,1,0,차대차 - 기타,안전운전불이행,건조,맑음,기타 - 기타,화물,남,48세,상해없음,원동기,남,64세,중상
2014110300100132,2014년 11월 3일 08시,월요일,경상남도 창원시 마산합포구 상남동,중상사고,0,1,0,0,차대사람 - 횡단중,안전운전불이행,건조,맑음,교차로 - 교차로안,승용,남,46세,상해없음,보행자,여,70세,중상
2014110300100161,2014년 11월 3일 09시,월요일,경상남도 진주시 이현동,사망사고,1,1,0,0,차대차 - 기타,신호위반,건조,맑음,교차로 - 교차로안,원동기,남,86세,중상,승용,남,25세,상해없음
2014110300100162,2014년 11월 3일 09시,월요일,경상남도 양산시 평산동,경상사고,0,0,2,1,차대차 - 기타,안전거리미확보,건조,맑음,단일로 - 기타,승용,남,46세,상해없음,승용,남,60세,부상신고
2014110300100163,2014년 11월 3일 09시,월요일,경상남도 거제시 아양동,경상사고,0,0,1,0,차대차 - 기타,중앙선침범,건조,맑음,단일로 - 기타,승용,여,39세,상해없음,승용,남,29세,경상
2014110300100198,2014년 11월 3일 10시,월요일,경상남도 창원시 진해구 자은동,경상사고,0,0,1,0,차대차 - 기타,안전운전불이행,건조,맑음,단일로 - 기타,승합,남,43세,상해없음,승용,남,54세,상해없음
2014110300100226,2014년 11월 3일 11시,월요일,경상남도 진주시 일반성면,중상사고,0,1,0,0,차대차 - 기타,차로위반,건조,맑음,단일로 - 기타,승용,남,68세,상해없음,원동기,남,76세,중상
2014110300100227,2014년 11월 3일 11시,월요일,경상남도 사천시 사천읍,경상사고,0,0,3,0,차대차 - 측면직각충돌,교차로운행방법위반,건조,맑음,교차로 - 교차로안,승용,남,48세,상해없음,승용,남,47세,경상
2014110300100249,2014년 11월 3일 12시,월요일,경상남도 김해시 부원동,중상사고,0,1,0,0,차대사람 - 횡단중,안전운전불이행,건조,맑음,교차로 - 교차로안,승용,여,31세,상해없음,보행자,여,24세,중상
2014110300100250,2014년 11월 3일 12시,월요일,경상남도 산청군 시천면,중상사고,0,1,1,0,차대차 - 측면직각충돌,교차로운행방법위반,건조,맑음,교차로 - 교차로안,화물,남,75세,상해없음,승합,남,80세,상해없음
2014110300100286,2014년 11월 3일 13시,월요일,경상남도 창원시 마산합포구 동성동,중상사고,0,1,0,0,차대차 - 측면직각충돌,신호위반,건조,맑음,교차로 - 교차로안,승용,남,70세,상해없음,원동기,남,82세,중상
2014110300100287,2014년 11월 3일 13시,월요일,경상남도 진주시 상대동,중상사고,0,1,0,0,차대차 - 기타,신호위반,건조,맑음,교차로 - 교차로부근,화물,남,24세,중상,승용,남,37세,상해없음
2014110300100288,2014년 11월 3일 13시,월요일,경상남도 산청군 시천면,중상사고,0,1,0,0,차대사람 - 횡단중,안전운전불이행,건조,맑음,단일로 - 기타,승용,남,59세,상해없음,보행자,여,80세,중상
2014110300100322,2014년 11월 3일 14시,월요일,경상남도 양산시 북정동,부상신고사고,0,0,0,1,차대차 - 기타,교차로운행방법위반,건조,맑음,교차로 - 교차로안,승용,남,46세,상해없음,승용,남,30세,상해없음
2014110300100363,2014년 11월 3일 15시,월요일,경상남도 창녕군 고암면,중상사고,0,2,1,0,차대차 - 측면직각충돌,안전운전불이행,건조,맑음,교차로 - 교차로안,화물,남,63세,경상,승용,여,42세,중상
2014110300100364,2014년 11월 3일 15시,월요일,경상남도 창원시 의창구 동읍,부상신고사고,0,0,0,1,차대사람 - 기타,안전운전불이행,건조,맑음,단일로 - 기타,승용,여,52세,상해없음,보행자,남,14세,부상신고
2014110300100408,2014년 11월 3일 16시,월요일,경상남도 김해시 봉황동,중상사고,0,1,0,0,차대차 - 측면직각충돌,안전운전불이행,건조,맑음,교차로 - 교차로안,원동기,남,72세,중상,승합,남,34세,상해없음
2014110300100446,2014년 11월 3일 17시,월요일,경상남도 통영시 무전동,경상사고,0,0,1,0,차대사람 - 횡단중,보행자보호의무위반,건조,맑음,교차로 - 교차로부근,승합,남,51세,상해없음,보행자,남,47세,경상
2014110300100447,2014년 11월 3일 17시,월요일,경상남도 사천시 대방동,경상사고,0,0,1,0,차대차 - 측면직각충돌,신호위반,건조,맑음,교차로 - 교차로안,승용,남,70세,상해없음,화물,남,46세,경상
2014110300100448,2014년 11월 3일 17시,월요일,경상남도 사천시 사천읍,경상사고,0,0,1,0,차대차 - 기타,안전운전불이행,건조,맑음,단일로 - 기타,승용,남,38세,상해없음,원동기,남,45세,경상
2014110300100449,2014년 11월 3일 17시,월요일,경상남도 합천군 삼가면,중상사고,0,1,0,0,차대차 - 추돌 - 진행중,안전운전불이행,건조,맑음,단일로 - 기타,화물,남,50세,상해없음,농기계,남,47세,중상
2014110300100497,2014년 11월 3일 18시,월요일,경상남도 창원시 진해구 태평동,경상사고,0,0,1,0,차대사람 - 기타,안전운전불이행,건조,맑음,단일로 - 기타,승합,남,38세,상해없음,보행자,남,36세,경상
2014110300100498,2014년 11월 3일 18시,월요일,경상남도 김해시 어방동,중상사고,0,1,0,0,차대차 - 측면직각충돌,안전거리미확보,건조,맑음,단일로 - 기타,기타불명,기타불명,기타불명,기타불명,승용,남,90세 이상,상해없음
2014110300100499,2014년 11월 3일 18시,월요일,경상남도 남해군 고현면,경상사고,0,0,2,0,차대차 - 추돌 - 주정차중,안전운전불이행,건조,맑음,기타 - 기타,화물,남,43세,상해없음,승용,여,59세,경상
2014110300100500,2014년 11월 3일 18시,월요일,경상남도 창원시 의창구 두대동,경상사고,0,0,1,0,차대차 - 기타,안전거리미확보,기타,맑음,단일로 - 기타,승용,여,50세,상해없음,승용,남,43세,경상
2014110300100550,2014년 11월 3일 19시,월요일,경상남도 통영시 인평동,경상사고,0,0,1,0,차대차 - 추돌 - 진행중,안전운전불이행,건조,맑음,단일로 - 기타,승용,남,24세,상해없음,원동기,남,40세,경상
2014110300100551,2014년 11월 3일 19시,월요일,경상남도 사천시 용강동,중상사고,0,1,0,0,차대사람 - 기타,안전운전불이행,건조,맑음,단일로 - 기타,화물,남,66세,상해없음,보행자,여,60세,중상
2014110300100552,2014년 11월 3일 19시,월요일,경상남도 양산시 삼호동,경상사고,0,0,1,0,차대사람 - 기타,안전운전불이행,건조,맑음,교차로 - 교차로안,승용,남,43세,상해없음,보행자,여,69세,경상
2014110300100553,2014년 11월 3일 19시,월요일,경상남도 김해시 흥동,경상사고,0,0,1,0,차대차 - 측면직각충돌,안전운전불이행,건조,맑음,단일로 - 기타,승용,남,72세,상해없음,승용,여,45세,경상
2014110300100582,2014년 11월 3일 20시,월요일,경상남도 창원시 마산합포구 산호동,경상사고,0,0,1,0,차대사람 - 횡단중,신호위반,건조,맑음,교차로 - 교차로부근,승용,남,52세,상해없음,보행자,남,27세,경상
2014110300100612,2014년 11월 3일 21시,월요일,경상남도 창원시 성산구 남양동,중상사고,0,1,0,0,차대차 - 추돌 - 진행중,안전운전불이행,기타,맑음,단일로 - 기타,승용,남,47세,상해없음,이륜,남,28세,중상
2014110400100008,2014년 11월 4일 00시,화요일,경상남도 김해시 진례면,중상사고,0,1,0,0,차대차 - 기타,중앙선침범,건조,맑음,단일로 - 기타,특수,남,42세,상해없음,승용,남,48세,중상
2014110400100026,2014년 11월 4일 02시,화요일,경상남도 김해시 외동,중상사고,0,1,0,0,차대사람 - 횡단중,안전운전불이행,건조,맑음,단일로 - 기타,승용,여,25세,상해없음,보행자,남,48세,중상
2014110400100096,2014년 11월 4일 07시,화요일,경상남도 밀양시 삼문동,경상사고,0,0,6,0,차대차 - 추돌 - 주정차중,안전운전불이행,습기,맑음,단일로 - 교량,화물,남,62세,경상,승용,남,33세,경상
2014110400100097,2014년 11월 4일 07시,화요일,경상남도 양산시 다방동,경상사고,0,0,1,0,차대차 - 측면직각충돌,안전거리미확보,건조,맑음,단일로 - 기타,화물,남,30세,상해없음,승용,남,50세,경상
2014110400100098,2014년 11월 4일 07시,화요일,경상남도 의령군 대의면,중상사고,0,1,0,0,차량단독 - 기타,안전운전불이행,건조,흐림,단일로 - 기타,승용,남,61세,중상,,,,
2014110400100099,2014년 11월 4일 07시,화요일,경상남도 창원시 의창구 두대동,경상사고,0,0,1,0,차대차 - 측면직각충돌,신호위반,기타,맑음,교차로 - 교차로안,승용,남,48세,상해없음,승용,남,51세,경상