사고번호,사고일시,요일,시군구,사고내용,사망자수,중상자수,경상자수,부상신고자수,사고유형,법규위반,노면상태,기상상태,도로형태,가해운전자 차종,가해운전자 성별,가해운전자 연령,가해운전자 상해정도,피해운전자 차종,피해운전자 성별,피해운전자 연령,피해운전자 상해정도
2014110400100100,2014년 11월 4일 07시,화요일,경상남도 창원시 마산합포구 산호동,경상사고,0,0,1,0,차대차 - 기타,안전운전불이행,건조,맑음,교차로 - 교차로안,승용,남,33세,상해없음,자전거,남,13세,경상
2014110400100163,2014년 11월 4일 08시,화요일,경상남도 통영시 미수동,경상사고,0,0,4,0,차대차 - 추돌 - 진행중,안전거리미확보,건조,맑음,단일로 - 교량,승용,여,28세,상해없음,승용,여,31세,경상
2014110400100203,2014년 11월 4일 09시,화요일,경상남도 합천군 가회면,중상사고,0,1,1,1,차대차 - 측면직각충돌,교차로운행방법위반,건조,맑음,교차로 - 교차로안,승용,남,69세,부상신고,화물,남,60세,경상
2014110400100204,2014년 11월 4일 09시,화요일,경상남도 창원시 의창구 팔용동,경상사고,0,0,1,0,차대차 - 추돌 - 진행중,안전운전불이행,건조,맑음,교차로 - 교차로부근,승용,남,52세,상해없음,승합,남,64세,상해없음
2014110400100225,2014년 11월 4일 10시,화요일,경상남도 통영시 광도면,중상사고,0,1,0,0,차대차 - 측면직각충돌,차로위반,건조,맑음,단일로 - 기타,이륜,남,65세,중상,승용,남,54세,상해없음
2014110400100226,2014년 11월 4일 10시,화요일,경상남도 사천시 동금동,경상사고,0,0,1,0,차대차 - 측면직각충돌,직진우회전진행방해,건조,맑음,교차로 - 교차로안,승용,남,47세,상해없음,승용,여,45세,경상
2014110400100227,2014년 11월 4일 10시,화요일,경상남도 밀양시 산내면,중상사고,0,2,0,0,차대사람 - 기타,안전운전불이행,건조,맑음,단일로 - 기타,승용,남,72세,상해없음,보행자,남,64세,중상
2014110400100228,2014년 11월 4일 10시,화요일,경상남도 거창군 신원면,중상사고,0,2,0,0,차대차 - 추돌 - 진행중,안전운전불이행,건조,맑음,단일로 - 기타,승합,남,48세,상해없음,농기계,남,77세,중상
2014110400100229,2014년 11월 4일 10시,화요일,경상남도 함안군 가야읍,중상사고,0,1,0,0,차대차 - 측면직각충돌,안전운전불이행,건조,맑음,교차로 - 교차로안,화물,남,66세,상해없음,승용,여,57세,중상
2014110400100230,2014년 11월 4일 10시,화요일,경상남도 김해시 한림면,중상사고,0,2,0,0,차대차 - 측면직각충돌,안전거리미확보,건조,맑음,단일로 - 기타,화물,남,41세,상해없음,승용,남,41세,중상
2014110400100260,2014년 11월 4일 11시,화요일,경상남도 합천군 적중면,경상사고,0,0,1,0,차대차 - 측면직각충돌,교차로운행방법위반,건조,맑음,교차로 - 교차로안,이륜,남,78세,경상,화물,남,37세,상해없음
2014110400100261,2014년 11월 4일 11시,화요일,경상남도 함양군 마천면,부상신고사고,0,0,0,1,차대차 - 측면직각충돌,중앙선침범,건조,맑음,단일로 - 기타,자전거,남,30세,부상신고,승합,여,50세,상해없음
2014110400100262,2014년 11월 4일 11시,화요일,경상남도 하동군 하동읍,부상신고사고,0,0,0,1,차대차 - 기타,안전운전불이행,건조,맑음,단일로 - 기타,화물,남,49세,상해없음,원동기,남,83세,부상신고
2014110400100292,2014년 11월 4일 12시,화요일,경상남도 밀양시 삼랑진읍,사망사고,1,0,0,0,차량단독 - 공작물충돌,안전운전불이행,건조,맑음,단일로 - 기타,승용,남,78세,사망,,,,
2014110400100293,2014년 11월 4일 12시,화요일,경상남도 김해시 내동,중상사고,0,1,0,0,차대사람 - 횡단중,안전운전불이행,건조,맑음,단일로 - 횡단보도상,승용,여,50세,상해없음,보행자,여,61세,중상
2014110400100294,2014년 11월 4일 12시,화요일,경상남도 의령군 의령읍,중상사고,0,1,0,0,차대차 - 측면직각충돌,교차로운행방법위반,건조,맑음,교차로 - 교차로안,승용,남,57세,상해없음,원동기,남,37세,중상
2014110400100329,2014년 11월 4일 13시,화요일,경상남도 합천군 삼가면,중상사고,0,1,0,0,차대사람 - 보도통행중,안전운전불이행,건조,맑음,단일로 - 기타,화물,남,72세,상해없음,보행자,여,64세,중상
2014110400100360,2014년 11월 4일 14시,화요일,경상남도 창원시 의창구 동읍,중상사고,0,1,0,0,차대사람 - 길가장자리구역통행중,안전운전불이행,건조,맑음,단일로 - 기타,승용,남,51세,상해없음,보행자,남,37세,중상
2014110400100361,2014년 11월 4일 14시,화요일,경상남도 김해시 진영읍,경상사고,0,0,1,0,차대차 - 추돌 - 진행중,안전거리미확보,건조,맑음,단일로 - 기타,화물,남,49세,상해없음,화물,남,53세,경상
2014110400100404,2014년 11월 4일 15시,화요일,경상남도 창원시 마산합포구 자산동,부상신고사고,0,0,0,1,차대차 - 기타,안전운전불이행,건조,맑음,단일로 - 기타,승용,남,44세,부상신고,승용,여,43세,기타불명
2014110400100405,2014년 11월 4일 15시,화요일,경상남도 창원시 마산회원구 구암동,경상사고,0,0,1,0,차대차 - 측면직각충돌,안전운전불이행,건조,맑음,단일로 - 기타,승합,남,50세,상해없음,승용,남,54세,경상
2014110400100455,2014년 11월 4일 16시,화요일,경상남도 창원시 마산합포구 구산면,중상사고,0,1,0,0,차대차 - 측면직각충돌,중앙선침범,건조,맑음,단일로 - 기타,화물,남,54세,상해없음,이륜,남,76세,중상
2014110400100456,2014년 11월 4일 16시,화요일,경상남도 진주시 호탄동,중상사고,0,1,0,0,차대차 - 측면직각충돌,안전거리미확보,건조,맑음,단일로 - 기타,승용,남,73세,상해없음,이륜,남,27세,중상
2014110400100457,2014년 11월 4일 16시,화요일,경상남도 김해시 생림면,중상사고,0,1,0,0,차대차 - 정면충돌,중앙선침범,건조,맑음,단일로 - 기타,화물,남,60세,기타불명,건설기계,남,31세,중상
2014110400100458,2014년 11월 4일 16시,화요일,경상남도 함안군 칠원면,경상사고,0,0,1,0,차대차 - 기타,안전거리미확보,건조,맑음,교차로 - 교차로안,승용,남,64세,상해없음,화물,남,27세,경상
2014110400100499,2014년 11월 4일 17시,화요일,경상남도 진주시 상대동,사망사고,1,0,0,0,차대사람 - 차도통행중,안전운전불이행,건조,맑음,단일로 - 기타,화물,남,64세,상해없음,보행자,여,84세,사망
2014110400100500,2014년 11월 4일 17시,화요일,경상남도 사천시 정동면,중상사고,0,1,0,0,차대차 - 측면직각충돌,중앙선침범,건조,맑음,단일로 - 기타,자전거,남,76세,중상,승용,남,71세,상해없음
2014110400100501,2014년 11월 4일 17시,화요일,경상남도 거제시 장목면,사망사고,1,0,0,0,차대사람 - 길가장자리구역통행중,안전운전불이행,건조,맑음,단일로 - 기타,승용,여,44세,상해없음,보행자,여,93세,사망
2014110400100560,2014년 11월 4일 18시,화요일,경상남도 거제시 거제면,경상사고,0,0,1,0,차대차 - 측면직각충돌,중앙선침범,건조,맑음,단일로 - 기타,승용,여,50세,상해없음,이륜,남,72세,상해없음
2014110400100561,2014년 11월 4일 18시,화요일,경상남도 거제시 장평동,부상신고사고,0,0,0,1,차대차 - 기타,안전운전불이행,건조,맑음,단일로 - 기타,이륜,남,43세,상해없음,자전거,남,29세,부상신고
2014110400100562,2014년 11월 4일 18시,화요일,경상남도 거제시 장평동,경상사고,0,0,2,2,차대차 - 추돌 - 진행중,안전거리미확보,건조,맑음,단일로 - 기타,승용,남,31세,상해없음,승용,남,49세,경상
2014110400100563,2014년 11월 4일 18시,화요일,경상남도 거제시 수월동,중상사고,0,1,3,0,차대차 - 기타,교차로운행방법위반,건조,맑음,교차로 - 교차로안,이륜,남,16세,상해없음,승용,여,33세,중상
2014110400100564,2014년 11월 4일 18시,화요일,경상남도 창원시 의창구 북면,경상사고,0,0,1,0,차대차 - 추돌 - 주정차중,안전운전불이행,건조,맑음,단일로 - 기타,승용,남,58세,상해없음,승용,남,64세,경상
2014110400100627,2014년 11월 4일 20시,화요일,경상남도 거제시 옥포동,경상사고,0,0,1,0,차대사람 - 기타,신호위반,건조,맑음,단일로 - 기타,승용,남,26세,상해없음,보행자,남,50세,경상
2014110400100628,2014년 11월 4일 20시,화요일,경상남도 창원시 마산회원구 구암동,경상사고,0,0,1,0,차대차 - 측면직각충돌,신호위반,건조,맑음,교차로 - 교차로안,승용,남,23세,상해없음,승용,여,40세,경상
2014110400100664,2014년 11월 4일 21시,화요일,경상남도 거제시 옥포동,경상사고,0,0,1,0,차대차 - 측면직각충돌,안전운전불이행,건조,맑음,교차로 - 교차로안,승용,남,33세,상해없음,승용,여,56세,경상
2014110400100665,2014년 11월 4일 21시,화요일,경상남도 함안군 군북면,중상사고,0,1,0,0,차대차 - 측면직각충돌,안전운전불이행,건조,맑음,교차로 - 교차로안,승용,여,23세,상해없음,승용,남,55세,중상
2014110400100666,2014년 11월 4일 21시,화요일,경상남도 김해시 장유면,경상사고,0,0,1,0,차대사람 - 횡단중,안전운전불이행,건조,맑음,단일로 - 기타,승용,남,28세,상해없음,보행자,여,17세,경상
2014110400100701,2014년 11월 4일 22시,화요일,경상남도 거제시 아주동,경상사고,0,0,2,0,차대차 - 기타,안전거리미확보,건조,맑음,미분류 - 미분류,승용,여,20세,상해없음,승용,남,49세,경상
2014110400100702,2014년 11월 4일 22시,화요일,경상남도 창원시 성산구 남양동,경상사고,0,0,1,0,차대차 - 기타,교차로운행방법위반,건조,맑음,교차로 - 교차로안,원동기,남,16세,상해없음,승용,여,32세,경상
2014110400100727,2014년 11월 4일 23시,화요일,경상남도 창원시 진해구 여좌동,중상사고,0,1,3,0,차대차 - 추돌 - 주정차중,안전운전불이행,건조,맑음,단일로 - 기타,화물,남,37세,중상,승용,남,23세,경상
2014110500100053,2014년 11월 5일 03시,수요일,경상남도 사천시 사남면,부상신고사고,0,0,0,1,차량단독 - 공작물충돌,안전운전불이행,건조,맑음,단일로 - 기타,승용,여,38세,부상신고,,,,
2014110500100074,2014년 11월 5일 05시,수요일,경상남도 창원시 마산합포구 남성동,중상사고,0,1,1,0,차대차 - 측면직각충돌,안전운전불이행,건조,맑음,단일로 - 횡단보도상,승용,남,60세,상해없음,승합,남,53세,상해없음
2014110500100127,2014년 11월 5일 07시,수요일,경상남도 김해시 봉황동,중상사고,0,1,0,0,차대사람 - 기타,안전운전불이행,건조,맑음,교차로 - 교차로부근,승용,남,63세,상해없음,보행자,여,78세,중상
2014110500100128,2014년 11월 5일 07시,수요일,경상남도 창원시 성산구 신촌동,경상사고,0,0,2,0,차대차 - 기타,안전운전불이행,건조,맑음,교차로 - 교차로안,승합,여,60세,경상,화물,남,57세,기타불명
2014110500100178,2014년 11월 5일 08시,수요일,경상남도 진주시 상대동,중상사고,0,1,0,0,차대사람 - 차도통행중,안전운전불이행,건조,맑음,단일로 - 기타,화물,남,58세,상해없음,보행자,여,50세,중상
2014110500100179,2014년 11월 5일 08시,수요일,경상남도 양산시 동면,부상신고사고,0,0,0,3,차대차 - 추돌 - 진행중,안전거리미확보,건조,맑음,단일로 - 기타,승용,남,45세,상해없음,승용,남,33세,부상신고
2014110500100180,2014년 11월 5일 08시,수요일,경상남도 양산시 동면,경상사고,0,0,3,2,차대차 - 추돌 - 진행중,안전거리미확보,건조,맑음,단일로 - 기타,승용,남,26세,부상신고,승용,남,51세,경상
2014110500100181,2014년 11월 5일 08시,수요일,경상남도 거제시 사등면,경상사고,0,0,1,0,차대차 - 추돌 - 진행중,중앙선침범,건조,맑음,단일로 - 기타,승용,남,52세,상해없음,승용,남,60세,경상
2014110500100227,2014년 11월 5일 09시,수요일,경상남도 통영시 중앙동,경상사고,0,0,1,0,차대사람 - 길가장자리구역통행중,안전운전불이행,건조,맑음,단일로 - 기타,승용,여,56세,상해없음,보행자,여,56세,경상
2014110500100228,2014년 11월 5일 09시,수요일,경상남도 사천시 사천읍,부상신고사고,0,0,0,2,차대차 - 측면직각충돌,교차로운행방법위반,건조,맑음,교차로 - 교차로안,승용,남,21세,상해없음,승용,남,43세,부상신고
2014110500100229,2014년 11월 5일 09시,수요일,경상남도 창원시 의창구 봉곡동,중상사고,0,1,0,0,차대사람 - 횡단중,보행자보호의무위반,건조,맑음,단일로 - 횡단보도상,승용,남,45세,상해없음,보행자,여,54세,중상
2014110500100268,2014년 11월 5일 10시,수요일,경상남도 밀양시 가곡동,경상사고,0,0,1,0,차대사람 - 차도통행중,안전운전불이행,건조,맑음,단일로 - 기타,승용,남,46세,상해없음,보행자,남,57세,경상
2014110500100269,2014년 11월 5일 10시,수요일,경상남도 거창군 거창읍,부상신고사고,0,0,0,1,차대차 - 기타,안전운전불이행,건조,맑음,단일로 - 기타,이륜,남,78세,부상신고,승용,여,43세,상해없음
2014110500100270,2014년 11월 5일 10시,수요일,경상남도 거제시 고현동,경상사고,0,0,1,0,차대차 - 추돌 - 진행중,교차로운행방법위반,건조,맑음,교차로 - 교차로안,승용,여,41세,상해없음,승용,남,35세,경상
2014110500100271,2014년 11월 5일 10시,수요일,경상남도 거제시 아주동,경상사고,0,0,1,0,차대차 - 추돌 - 주정차중,안전운전불이행,건조,맑음,교차로 - 교차로부근,승용,여,51세,상해없음,승용,남,28세,경상
2014110500100272,2014년 11월 5일 10시,수요일,경상남도 창원시 의창구 북면,중상사고,0,1,0,0,차대차 - 기타,안전운전불이행,건조,맑음,단일로 - 기타,승합,남,57세,상해없음,이륜,남,74세,중상
2014110500100302,2014년 11월 5일 11시,수요일,경상남도 창원시 성산구 남양동,경상사고,0,0,1,0,차대차 - 측면직각충돌,안전운전불이행,건조,맑음,교차로 - 교차로안,승용,남,53세,상해없음,승용,여,34세,경상
2014110500100332,2014년 11월 5일 12시,수요일,경상남도 김해시 삼방동,경상사고,0,0,1,0,차대차 - 측면직각충돌,안전운전불이행,건조,맑음,교차로 - 교차로부근,승용,여,38세,상해없음,이륜,남,24세,경상
2014110500100333,2014년 11월 5일 12시,수요일,경상남도 거제시 아주동,경상사고,0,0,1,0,차대차 - 측면직각충돌,신호위반,건조,맑음,교차로 - 교차로안,승용,남,59세,상해없음,승용,남,65세,경상
2014110500100364,2014년 11월 5일 13시,수요일,경상남도 거창군 거창읍,경상사고,0,0,1,0,차대차 - 기타,교차로운행방법위반,건조,맑음,교차로 - 교차로안,승용,여,37세,상해없음,이륜,여,73세,경상
2014110500100391,2014년 11월 5일 14시,수요일,경상남도 의령군 부림면,중상사고,0,1,2,0,차대차 - 측면직각충돌,직진우회전진행방해,건조,맑음,교차로 - 교차로안,화물,남,57세,경상,승합,남,55세,중상
2014110500100392,2014년 11월 5일 14시,수요일,경상남도 창원시 의창구 북면,경상사고,0,0,1,0,차대차 - 기타,중앙선침범,건조,맑음,단일로 - 기타,승용,남,42세,상해없음,건설기계,남,27세,경상
2014110500100418,2014년 11월 5일 15시,수요일,경상남도 김해시 외동,중상사고,0,1,0,0,차대차 - 기타,안전운전불이행,건조,맑음,교차로 - 교차로부근,승용,남,47세,상해없음,자전거,남,77세,중상
2014110500100419,2014년 11월 5일 15시,수요일,경상남도 거제시 옥포동,중상사고,0,1,0,0,차대차 - 기타,신호위반,건조,맑음,교차로 - 교차로안,승용,여,44세,상해없음,승용,남,39세,중상
2014110500100420,2014년 11월 5일 15시,수요일,경상남도 산청군 산청읍,사망사고,2,0,0,0,차대차 - 측면직각충돌,안전운전불이행,건조,맑음,교차로 - 교차로안,화물,남,75세,상해없음,원동기,남,78세,사망
2014110500100457,2014년 11월 5일 16시,수요일,경상남도 진주시 인사동,경상사고,0,0,2,0,차대차 - 기타,차로위반,건조,맑음,단일로 - 기타,승합,남,60세,상해없음,승합,남,37세,경상
2014110500100458,2014년 11월 5일 16시,수요일,경상남도 양산시 하북면,중상사고,0,1,0,0,차대사람 - 기타,안전운전불이행,건조,맑음,기타 - 기타,기타불명,기타불명,기타불명,기타불명,보행자,여,45세,중상
2014110500100459,2014년 11월 5일 16시,수요일,경상남도 거제시 사등면,사망사고,1,0,0,0,차대사람 - 횡단중,안전운전불이행,건조,맑음,단일로 - 기타,화물,남,38세,상해없음,보행자,여,80세,사망
2014110500100460,2014년 11월 5일 16시,수요일,경상남도 창원시 성산구 반림동,중상사고,0,1,0,0,차대사람 - 횡단중,과속,건조,맑음,단일로 - 기타,승용,남,30세,상해없음,보행자,여,75세,중상
2014110500100471,2014년 11월 5일 17시,수요일,경상남도 김해시 부원동,중상사고,0,1,0,1,차대차 - 기타,안전운전불이행,건조,맑음,단일로 - 기타,승용,남,54세,상해없음,승용,여,34세,부상신고
2014110500100498,2014년 11월 5일 17시,수요일,경상남도 사천시 사남면,중상사고,0,2,5,0,차대차 - 추돌 - 주정차중,안전운전불이행,건조,맑음,단일로 - 기타,화물,남,60세,상해없음,승용,여,59세,중상
2014110500100499,2014년 11월 5일 17시,수요일,경상남도 김해시 내동,경상사고,0,0,2,0,차대차 - 측면직각충돌,신호위반,건조,맑음,단일로 - 기타,자전거,남,73세,경상,승합,남,63세,상해없음
2014110500100500,2014년 11월 5일 17시,수요일,경상남도 함안군 법수면,경상사고,0,0,1,0,차대차 - 기타,안전운전불이행,건조,맑음,단일로 - 기타,승용,남,58세,상해없음,화물,남,57세,경상
2014110500100501,2014년 11월 5일 17시,수요일,경상남도 김해시 전하동,중상사고,0,1,1,0,차대차 - 추돌 - 진행중,안전거리미확보,건조,맑음,단일로 - 기타,승용,남,22세,중상,승합,남,43세,경상
2014110500100553,2014년 11월 5일 18시,수요일,경상남도 합천군 쌍백면,중상사고,0,1,0,0,차대차 - 측면직각충돌,안전운전불이행,건조,맑음,단일로 - 기타,승합,남,63세,상해없음,농기계,남,59세,중상
2014110500100554,2014년 11월 5일 18시,수요일,경상남도 양산시 물금읍,경상사고,0,0,2,0,차대차 - 측면직각충돌,신호위반,건조,맑음,교차로 - 교차로안,승용,여,22세,경상,승용,여,32세,경상
2014110500100555,2014년 11월 5일 18시,수요일,경상남도 하동군 양보면,사망사고,1,0,0,0,차대차 - 추돌 - 주정차중,안전운전불이행,건조,맑음,단일로 - 기타,승용,남,34세,상해없음,이륜,남,44세,사망
2014110500100556,2014년 11월 5일 18시,수요일,경상남도 거제시 옥포동,경상사고,0,0,1,0,차대차 - 추돌 - 진행중,안전운전불이행,건조,맑음,단일로 - 기타,승합,남,63세,상해없음,이륜,남,58세,경상
2014110500100557,2014년 11월 5일 18시,수요일,경상남도 거제시 상동동,중상사고,0,1,0,0,차대차 - 추돌 - 진행중,안전운전불이행,건조,맑음,교차로 - 교차로안,승용,남,57세,상해없음,이륜,남,34세,중상
2014110500100558,2014년 11월 5일 18시,수요일,경상남도 거제시 사등면,경상사고,0,0,1,0,차대차 - 기타,안전거리미확보,건조,맑음,단일로 - 기타,승용,남,60세,상해없음,화물,남,52세,경상
2014110500100605,2014년 11월 5일 19시,수요일,경상남도 창원시 마산합포구 가포동,경상사고,0,0,2,0,차대차 - 기타,안전운전불이행,건조,맑음,단일로 - 기타,승용,남,35세,상해없음,승용,남,55세,경상
2014110500100606,2014년 11월 5일 19시,수요일,경상남도 거창군 남하면,부상신고사고,0,0,0,1,차량단독 - 기타,안전운전불이행,건조,맑음,단일로 - 기타,이륜,남,60세,부상신고,,,,
2014110500100607,2014년 11월 5일 19시,수요일,경상남도 양산시 상북면,부상신고사고,0,0,0,1,차대차 - 기타,안전운전불이행,건조,맑음,교차로 - 교차로부근,승용,남,62세,상해없음,승용,여,59세,상해없음
2014110500100648,2014년 11월 5일 20시,수요일,경상남도 거제시 고현동,경상사고,0,0,1,0,차대사람 - 기타,안전운전불이행,건조,맑음,교차로 - 교차로안,승용,남,53세,상해없음,보행자,남,44세,경상
2014110500100686,2014년 11월 5일 21시,수요일,경상남도 김해시 구산동,중상사고,0,1,0,0,차대차 - 측면직각충돌,안전운전불이행,건조,맑음,단일로 - 횡단보도상,원동기,남,17세,중상,화물,남,24세,상해없음
2014110500100687,2014년 11월 5일 21시,수요일,경상남도 양산시 삼호동,중상사고,0,1,0,0,차대차 - 기타,직진우회전진행방해,건조,맑음,교차로 - 교차로안,원동기,남,22세,상해없음,원동기,남,40세,중상
2014110500100688,2014년 11월 5일 21시,수요일,경상남도 창원시 의창구 반송동,중상사고,0,1,0,0,차대차 - 정면충돌,안전운전불이행,건조,맑음,교차로 - 교차로안,승용,남,42세,상해없음,승용,남,50세,중상
2014110500100720,2014년 11월 5일 22시,수요일,경상남도 진주시 중안동,부상신고사고,0,0,0,1,차대차 - 기타,신호위반,건조,맑음,교차로 - 교차로부근,원동기,남,19세,부상신고,승용,남,48세,상해없음
2014110500100721,2014년 11월 5일 22시,수요일,경상남도 창원시 진해구 석동,중상사고,0,1,2,0,차대차 - 기타,신호위반,건조,맑음,교차로 - 교차로안,원동기,남,17세,상해없음,승용,남,36세,경상
2014110600100012,2014년 11월 6일 00시,목요일,경상남도 거제시 고현동,경상사고,0,0,3,0,차대차 - 기타,중앙선침범,건조,맑음,단일로 - 기타,승용,남,53세,상해없음,승용,남,19세,경상
2014110600100025,2014년 11월 6일 02시,목요일,경상남도 합천군 합천읍,경상사고,0,0,1,0,차대사람 - 보도통행중,안전운전불이행,건조,맑음,단일로 - 기타,승용,남,23세,상해없음,보행자,남,21세,경상
2014110600100097,2014년 11월 6일 07시,목요일,경상남도 거제시 장평동,경상사고,0,0,1,0,차대차 - 기타,안전운전불이행,건조,맑음,단일로 - 기타,이륜,남,32세,상해없음,자전거,남,27세,경상
2014110600100098,2014년 11월 6일 07시,목요일,경상남도 창원시 의창구 대원동,경상사고,0,0,1,0,차대차 - 추돌 - 주정차중,안전운전불이행,건조,맑음,교차로 - 교차로부근,승용,남,44세,상해없음,승용,남,52세,경상
2014110600100135,2014년 11월 6일 08시,목요일,경상남도 고성군 고성읍,경상사고,0,0,2,0,차대차 - 추돌 - 주정차중,안전거리미확보,건조,맑음,단일로 - 기타,특수,남,52세,상해없음,승용,여,39세,경상
2014110600100167,2014년 11월 6일 09시,목요일,경상남도 창원시 마산합포구 예곡동,중상사고,0,1,0,0,차대차 - 추돌 - 진행중,안전거리미확보,건조,맑음,단일로 - 기타,화물,남,78세,상해없음,화물,남,62세,중상
2014110600100168,2014년 11월 6일 09시,목요일,경상남도 창원시 마산합포구 신포동2가,중상사고,0,1,0,0,차대차 - 기타,안전운전불이행,건조,맑음,단일로 - 기타,승용,여,41세,상해없음,승용,남,54세,중상
2014110600100169,2014년 11월 6일 09시,목요일,경상남도 진주시 장재동,중상사고,0,1,0,0,차대차 - 측면직각충돌,신호위반,건조,맑음,교차로 - 교차로안,승용,남,76세,중상,승합,남,65세,상해없음
2014110600100170,2014년 11월 6일 09시,목요일,경상남도 거제시 아주동,중상사고,0,1,0,0,차대차 - 측면직각충돌,신호위반,건조,맑음,교차로 - 교차로부근,화물,남,26세,상해없음,승용,남,24세,중상
2014110600100171,2014년 11월 6일 09시,목요일,경상남도 창원시 의창구 팔용동,중상사고,0,1,0,1,차대차 - 측면직각충돌,직진우회전진행방해,건조,맑음,교차로 - 교차로안,승용,남,63세,상해없음,승용,남,57세,중상
2014110600100200,2014년 11월 6일 10시,목요일,경상남도 진주시 하대동,중상사고,0,1,0,0,차대차 - 측면직각충돌,안전운전불이행,건조,맑음,단일로 - 기타,승용,여,47세,중상,승용,남,32세,기타불명
2014110600100201,2014년 11월 6일 10시,목요일,경상남도 창원시 마산회원구 내서읍,중상사고,0,1,1,0,차대사람 - 길가장자리구역통행중,안전운전불이행,건조,맑음,단일로 - 기타,화물,남,60세,상해없음,보행자,여,19세,중상
2014110600100202,2014년 11월 6일 10시,목요일,경상남도 창원시 마산회원구 내서읍,중상사고,0,1,0,0,차대차 - 측면직각충돌,안전운전불이행,건조,맑음,단일로 - 기타,승용,남,62세,상해없음,화물,남,42세,중상
2014110600100230,2014년 11월 6일 11시,목요일,경상남도 창원시 의창구 동읍,사망사고,1,0,0,0,차량단독 - 공작물충돌,안전운전불이행,건조,맑음,단일로 - 기타,자전거,남,57세,사망,,,,
2014110600100254,2014년 11월 6일 12시,목요일,경상남도 김해시 삼계동,중상사고,0,1,1,2,차대차 - 측면직각충돌,신호위반,건조,맑음,교차로 - 교차로안,승용,남,72세,상해없음,승용,여,38세,중상
2014110600100255,2014년 11월 6일 12시,목요일,경상남도 창원시 마산회원구 석전동,중상사고,0,1,3,0,차대차 - 측면직각충돌,안전운전불이행,건조,맑음,단일로 - 기타,승합,남,51세,상해없음,자전거,남,66세,중상
2014110600100256,2014년 11월 6일 12시,목요일,경상남도 거창군 가조면,중상사고,0,1,0,0,차대차 - 측면직각충돌,중앙선침범,건조,맑음,단일로 - 기타,화물,남,54세,상해없음,특수,남,32세,중상
2014110600100286,2014년 11월 6일 13시,목요일,경상남도 고성군 회화면,경상사고,0,0,1,0,차대차 - 추돌 - 진행중,안전거리미확보,건조,맑음,단일로 - 기타,승용,남,38세,상해없음,이륜,남,69세,경상
2014110600100287,2014년 11월 6일 13시,목요일,경상남도 함안군 가야읍,경상사고,0,0,1,0,차대차 - 기타,안전운전불이행,건조,맑음,단일로 - 기타,화물,남,79세,상해없음,이륜,남,79세,경상
2014110600100288,2014년 11월 6일 13시,목요일,경상남도 창원시 마산회원구 내서읍,중상사고,0,1,0,0,차대차 - 측면직각충돌,신호위반,건조,맑음,교차로 - 교차로안,이륜,남,32세,중상,승합,남,48세,상해없음
2014110600100312,2014년 11월 6일 14시,목요일,경상남도 창원시 마산합포구 가포동,경상사고,0,0,2,0,차대차 - 측면직각충돌,중앙선침범,건조,맑음,단일로 - 기타,승용,남,61세,상해없음,승용,여,36세,경상
2014110600100313,2014년 11월 6일 14시,목요일,경상남도 창원시 진해구 죽곡동,경상사고,0,0,1,0,차량단독 - 전도전복,안전운전불이행,건조,맑음,단일로 - 기타,건설기계,남,54세,경상,,,,
2014110600100342,2014년 11월 6일 15시,목요일,경상남도 밀양시 삼문동,경상사고,0,0,1,0,차대사람 - 횡단중,보행자보호의무위반,건조,맑음,단일로 - 횡단보도부근,승용,여,33세,상해없음,보행자,남,8세,경상
2014110600100343,2014년 11월 6일 15시,목요일,경상남도 거창군 마리면,중상사고,0,1,0,0,차대차 - 측면직각충돌,교차로운행방법위반,건조,맑음,교차로 - 교차로안,건설기계,남,47세,상해없음,이륜,남,38세,중상
2014110600100344,2014년 11월 6일 15시,목요일,경상남도 창원시 의창구 사림동,중상사고,0,1,0,0,차대사람 - 기타,기타,건조,맑음,단일로 - 기타,승용,남,44세,상해없음,보행자,여,21세,중상
2014110600100374,2014년 11월 6일 16시,목요일,경상남도 양산시 물금읍,중상사고,0,1,0,0,차대사람 - 기타,안전운전불이행,건조,맑음,교차로 - 교차로부근,승용,여,51세,상해없음,보행자,남,84세,중상
2014110600100375,2014년 11월 6일 16시,목요일,경상남도 산청군 금서면,중상사고,0,1,0,0,차대차 - 기타,중앙선침범,건조,맑음,단일로 - 기타,화물,남,58세,상해없음,승합,남,52세,상해없음
2014110600100419,2014년 11월 6일 17시,목요일,경상남도 창원시 마산합포구 월포동,경상사고,0,0,1,0,차대사람 - 길가장자리구역통행중,안전운전불이행,건조,맑음,교차로 - 교차로부근,승용,남,61세,상해없음,보행자,남,23세,경상
2014110600100421,2014년 11월 6일 17시,목요일,경상남도 고성군 고성읍,경상사고,0,0,1,0,차대차 - 측면직각충돌,안전운전불이행,건조,맑음,교차로 - 교차로부근,건설기계,남,57세,상해없음,승용,남,45세,경상
2014110600100422,2014년 11월 6일 17시,목요일,경상남도 고성군 고성읍,경상사고,0,0,2,0,차대차 - 추돌 - 진행중,안전운전불이행,건조,맑음,교차로 - 교차로안,승용,여,36세,상해없음,승용,남,60세,경상
2014110600100423,2014년 11월 6일 17시,목요일,경상남도 거제시 덕포동,부상신고사고,0,0,0,3,차대차 - 기타,교차로운행방법위반,건조,맑음,교차로 - 교차로안,승용,남,19세,상해없음,승용,남,56세,상해없음