사고번호,사고일시,요일,시군구,사고내용,사망자수,중상자수,경상자수,부상신고자수,사고유형,법규위반,노면상태,기상상태,도로형태,가해운전자 차종,가해운전자 성별,가해운전자 연령,가해운전자 상해정도,피해운전자 차종,피해운전자 성별,피해운전자 연령,피해운전자 상해정도
2014111600100524,2014년 11월 16일 22시,일요일,경상남도 거제시 고현동,중상사고,0,1,0,0,차대차 - 기타,교차로운행방법위반,건조,맑음,교차로 - 교차로안,승용,여,48세,상해없음,이륜,여,35세,중상
2014111600100525,2014년 11월 16일 22시,일요일,경상남도 거제시 고현동,경상사고,0,0,1,0,차대차 - 기타,신호위반,건조,맑음,교차로 - 교차로안,승용,여,45세,상해없음,승용,남,53세,상해없음
2014111600100554,2014년 11월 16일 23시,일요일,경상남도 양산시 물금읍,중상사고,0,1,1,0,차대차 - 측면직각충돌,직진우회전진행방해,건조,맑음,기타 - 기타,승용,남,34세,상해없음,원동기,남,17세,중상
2014111600100555,2014년 11월 16일 23시,일요일,경상남도 창원시 의창구 도계동,경상사고,0,0,3,0,차대차 - 측면직각충돌,안전운전불이행,건조,맑음,교차로 - 교차로부근,승용,남,26세,상해없음,승용,여,43세,경상
2014111700100045,2014년 11월 17일 04시,월요일,경상남도 창원시 마산합포구 상남동,경상사고,0,0,1,0,차대차 - 추돌 - 진행중,안전운전불이행,건조,맑음,교차로 - 교차로부근,승용,남,33세,상해없음,승용,남,52세,경상
2014111700100077,2014년 11월 17일 06시,월요일,경상남도 진주시 가좌동,중상사고,0,1,0,0,차대차 - 측면직각충돌,안전운전불이행,건조,맑음,교차로 - 교차로안,승용,남,52세,상해없음,자전거,여,55세,중상
2014111700100078,2014년 11월 17일 06시,월요일,경상남도 진주시 칠암동,중상사고,0,1,0,0,차대사람 - 횡단중,신호위반,건조,맑음,단일로 - 횡단보도상,화물,남,59세,상해없음,보행자,여,38세,중상
2014111700100079,2014년 11월 17일 06시,월요일,경상남도 창원시 진해구 석동,경상사고,0,0,3,0,차대차 - 추돌 - 주정차중,안전거리미확보,건조,맑음,단일로 - 기타,승용,남,47세,상해없음,화물,남,43세,경상
2014111700100080,2014년 11월 17일 06시,월요일,경상남도 통영시 광도면,경상사고,0,0,1,0,차대차 - 추돌 - 주정차중,안전운전불이행,건조,맑음,교차로 - 교차로부근,승용,남,34세,상해없음,승용,남,60세,경상
2014111700100081,2014년 11월 17일 06시,월요일,경상남도 거제시 연초면,경상사고,0,0,2,0,차대차 - 기타,안전운전불이행,건조,맑음,단일로 - 기타,이륜,남,69세,경상,승합,남,26세,상해없음
2014111700100178,2014년 11월 17일 09시,월요일,경상남도 창원시 진해구 용원동,중상사고,0,1,0,0,차대차 - 측면직각충돌,안전운전불이행,건조,맑음,단일로 - 기타,승용,남,60세,상해없음,이륜,남,70세,중상
2014111700100180,2014년 11월 17일 09시,월요일,경상남도 창녕군 계성면,중상사고,0,1,1,0,차대차 - 측면직각충돌,중앙선침범,건조,맑음,단일로 - 기타,승용,남,59세,상해없음,승용,남,58세,경상
2014111700100181,2014년 11월 17일 09시,월요일,경상남도 양산시 평산동,사망사고,1,0,0,0,차대사람 - 기타,안전운전불이행,건조,맑음,교차로 - 교차로안,승합,남,38세,상해없음,보행자,남,83세,사망
2014111700100182,2014년 11월 17일 09시,월요일,경상남도 남해군 이동면,중상사고,0,1,0,0,차대차 - 추돌 - 진행중,안전운전불이행,건조,맑음,교차로 - 교차로안,화물,남,56세,상해없음,농기계,남,68세,중상
2014111700100217,2014년 11월 17일 10시,월요일,경상남도 거제시 장목면,중상사고,0,2,0,0,차대차 - 추돌 - 진행중,안전운전불이행,건조,맑음,교차로 - 교차로안,승용,여,39세,상해없음,화물,여,53세,중상
2014111700100218,2014년 11월 17일 10시,월요일,경상남도 창원시 성산구 남양동,중상사고,0,1,2,0,차대차 - 기타,교차로운행방법위반,건조,맑음,교차로 - 교차로안,승용,여,36세,상해없음,승용,여,34세,중상
2014111700100219,2014년 11월 17일 10시,월요일,경상남도 창원시 마산회원구 합성동,중상사고,0,1,2,0,차대차 - 기타,안전운전불이행,건조,맑음,교차로 - 교차로안,승용,여,51세,경상,승용,여,43세,중상
2014111700100306,2014년 11월 17일 13시,월요일,경상남도 양산시 어곡동,경상사고,0,0,2,0,차대차 - 기타,직진우회전진행방해,건조,맑음,교차로 - 교차로안,화물,여,57세,상해없음,승용,여,42세,경상
2014111700100335,2014년 11월 17일 14시,월요일,경상남도 창원시 성산구 상남동,경상사고,0,0,1,0,차대차 - 기타,안전운전불이행,건조,맑음,교차로 - 교차로안,승용,여,51세,상해없음,승용,남,65세,경상
2014111700100372,2014년 11월 17일 15시,월요일,경상남도 양산시 평산동,중상사고,0,1,0,0,차대사람 - 기타,안전운전불이행,건조,맑음,교차로 - 교차로안,승용,여,35세,상해없음,보행자,남,69세,중상
2014111700100404,2014년 11월 17일 16시,월요일,경상남도 사천시 용현면,경상사고,0,0,1,0,차대차 - 측면직각충돌,직진우회전진행방해,건조,맑음,교차로 - 교차로안,화물,남,47세,상해없음,승용,여,40세,경상
2014111700100430,2014년 11월 17일 17시,월요일,경상남도 밀양시 내이동,중상사고,0,1,0,0,차대사람 - 길가장자리구역통행중,안전운전불이행,건조,맑음,단일로 - 기타,승용,여,66세,상해없음,보행자,여,60세,중상
2014111700100431,2014년 11월 17일 17시,월요일,경상남도 하동군 진교면,중상사고,0,2,0,0,차대차 - 기타,안전운전불이행,건조,맑음,교차로 - 교차로안,화물,남,42세,상해없음,원동기,남,79세,중상
2014111700100499,2014년 11월 17일 18시,월요일,경상남도 창원시 진해구 풍호동,경상사고,0,0,1,0,차대사람 - 기타,안전운전불이행,건조,맑음,기타 - 기타,승용,여,43세,상해없음,보행자,여,62세,경상
2014111700100500,2014년 11월 17일 18시,월요일,경상남도 김해시 외동,경상사고,0,0,1,0,차대사람 - 횡단중,보행자보호의무위반,건조,맑음,단일로 - 횡단보도상,이륜,남,17세,상해없음,보행자,여,39세,경상
2014111700100501,2014년 11월 17일 18시,월요일,경상남도 양산시 삼호동,부상신고사고,0,0,0,1,차대차 - 기타,기타,건조,맑음,교차로 - 교차로부근,승용,여,46세,상해없음,자전거,남,23세,부상신고
2014111700100502,2014년 11월 17일 18시,월요일,경상남도 산청군 단성면,중상사고,0,1,0,0,차대차 - 추돌 - 진행중,교차로운행방법위반,건조,맑음,교차로 - 교차로부근,건설기계,남,43세,상해없음,농기계,남,75세,중상
2014111700100503,2014년 11월 17일 18시,월요일,경상남도 김해시 진영읍,경상사고,0,0,1,0,차대차 - 측면직각충돌,안전거리미확보,건조,맑음,단일로 - 기타,화물,남,48세,상해없음,이륜,남,16세,경상
2014111700100504,2014년 11월 17일 18시,월요일,경상남도 김해시 한림면,중상사고,0,1,0,1,차대차 - 정면충돌,중앙선침범,건조,맑음,교차로 - 교차로부근,승용,여,44세,부상신고,특수,남,24세,중상
2014111700100545,2014년 11월 17일 19시,월요일,경상남도 사천시 벌리동,경상사고,0,0,2,0,차대차 - 측면직각충돌,직진우회전진행방해,건조,맑음,교차로 - 교차로안,원동기,남,44세,경상,승용,남,60세,경상
2014111700100546,2014년 11월 17일 19시,월요일,경상남도 김해시 진례면,중상사고,0,1,0,0,차대차 - 기타,안전운전불이행,건조,맑음,단일로 - 기타,화물,남,44세,상해없음,승용,남,74세,중상
2014111700100577,2014년 11월 17일 20시,월요일,경상남도 진주시 유곡동,경상사고,0,0,1,0,차대차 - 측면직각충돌,신호위반,건조,맑음,교차로 - 교차로부근,승합,여,51세,상해없음,승용,남,30세,경상
2014111700100578,2014년 11월 17일 20시,월요일,경상남도 양산시 상북면,경상사고,0,0,2,0,차대차 - 기타,신호위반,건조,맑음,교차로 - 교차로안,화물,남,40세,상해없음,승용,여,43세,경상
2014111700100579,2014년 11월 17일 20시,월요일,경상남도 함안군 군북면,경상사고,0,0,1,0,차대사람 - 횡단중,안전운전불이행,건조,맑음,기타 - 기타,승용,남,24세,상해없음,보행자,여,64세,경상
2014111700100614,2014년 11월 17일 21시,월요일,경상남도 창원시 의창구 용호동,경상사고,0,0,1,0,차대차 - 기타,안전운전불이행,건조,맑음,교차로 - 교차로부근,화물,남,32세,상해없음,승용,남,39세,경상
2014111700100615,2014년 11월 17일 21시,월요일,경상남도 창원시 성산구 상남동,중상사고,0,1,0,0,차대차 - 기타,안전운전불이행,건조,맑음,교차로 - 교차로안,승용,남,30세,상해없음,원동기,남,16세,중상
2014111700100616,2014년 11월 17일 21시,월요일,경상남도 창원시 마산회원구 구암동,경상사고,0,0,2,0,차대차 - 기타,신호위반,건조,맑음,교차로 - 교차로안,승용,남,59세,상해없음,승용,남,47세,경상
2014111700100617,2014년 11월 17일 21시,월요일,경상남도 창원시 의창구 팔용동,중상사고,0,1,0,0,차대차 - 기타,안전운전불이행,건조,맑음,단일로 - 기타,승용,여,43세,상해없음,자전거,남,24세,중상
2014111700100618,2014년 11월 17일 21시,월요일,경상남도 창원시 의창구 동읍,경상사고,0,0,2,0,차대차 - 기타,안전운전불이행,건조,맑음,단일로 - 기타,화물,남,53세,상해없음,승용,남,57세,경상
2014111700100619,2014년 11월 17일 21시,월요일,경상남도 김해시 장유면,중상사고,0,2,0,0,차대차 - 측면직각충돌,신호위반,건조,맑음,교차로 - 교차로안,승용,남,27세,상해없음,승용,여,47세,중상
2014111800100012,2014년 11월 18일 00시,화요일,경상남도 창원시 의창구 신월동,경상사고,0,0,1,0,차대차 - 기타,신호위반,건조,맑음,교차로 - 교차로안,승용,남,28세,상해없음,승용,남,31세,경상
2014111800100033,2014년 11월 18일 02시,화요일,경상남도 양산시 삼호동,경상사고,0,0,1,0,차대차 - 기타,안전운전불이행,건조,맑음,교차로 - 교차로안,승용,여,32세,상해없음,승용,남,33세,경상
2014111800100040,2014년 11월 18일 03시,화요일,경상남도 김해시 삼방동,경상사고,0,0,1,0,차량단독 - 기타,안전운전불이행,건조,맑음,단일로 - 기타,이륜,남,18세,경상,,,,
2014111800100098,2014년 11월 18일 07시,화요일,경상남도 진주시 금산면,중상사고,0,1,0,0,차대차 - 측면직각충돌,직진우회전진행방해,건조,맑음,교차로 - 교차로안,원동기,여,63세,중상,승용,남,34세,상해없음
2014111800100177,2014년 11월 18일 09시,화요일,경상남도 창녕군 남지읍,경상사고,0,0,2,0,차대차 - 측면직각충돌,기타,건조,맑음,교차로 - 교차로안,승용,여,33세,경상,승용,여,49세,경상
2014111800100187,2014년 11월 18일 10시,화요일,경상남도 김해시 대동면,중상사고,0,1,2,4,차대차 - 추돌 - 진행중,안전거리미확보,건조,맑음,단일로 - 기타,화물,남,36세,경상,화물,남,45세,중상
2014111800100206,2014년 11월 18일 10시,화요일,경상남도 진주시 금산면,경상사고,0,0,1,0,차대차 - 추돌 - 주정차중,안전운전불이행,건조,맑음,단일로 - 기타,승용,남,39세,상해없음,화물,남,59세,경상
2014111800100207,2014년 11월 18일 10시,화요일,경상남도 남해군 남해읍,중상사고,0,1,0,0,차대차 - 측면직각충돌,안전운전불이행,건조,맑음,교차로 - 교차로부근,화물,남,43세,상해없음,이륜,남,73세,중상
2014111800100261,2014년 11월 18일 12시,화요일,경상남도 창원시 성산구 대방동,경상사고,0,0,1,0,차대차 - 기타,신호위반,기타,맑음,교차로 - 교차로안,승용,여,53세,상해없음,이륜,남,57세,경상
2014111800100288,2014년 11월 18일 13시,화요일,경상남도 거창군 거창읍,경상사고,0,0,1,0,차대사람 - 차도통행중,안전운전불이행,건조,맑음,단일로 - 기타,화물,남,47세,상해없음,보행자,여,74세,경상
2014111800100289,2014년 11월 18일 13시,화요일,경상남도 거창군 거창읍,중상사고,0,1,0,0,차대차 - 측면직각충돌,교차로운행방법위반,건조,맑음,교차로 - 교차로안,승용,남,73세,상해없음,이륜,여,65세,중상
2014111800100290,2014년 11월 18일 13시,화요일,경상남도 거제시 장목면,중상사고,0,1,0,0,차대차 - 기타,중앙선침범,건조,맑음,기타 - 기타,승용,남,46세,상해없음,화물,여,59세,중상
2014111800100291,2014년 11월 18일 13시,화요일,경상남도 김해시 진영읍,경상사고,0,0,1,0,차대차 - 추돌 - 진행중,안전거리미확보,건조,맑음,교차로 - 교차로부근,화물,남,36세,상해없음,승용,여,44세,경상
2014111800100325,2014년 11월 18일 14시,화요일,경상남도 진주시 대안동,중상사고,0,1,0,0,차대사람 - 길가장자리구역통행중,안전운전불이행,건조,맑음,단일로 - 기타,승용,여,63세,상해없음,보행자,여,43세,중상
2014111800100326,2014년 11월 18일 14시,화요일,경상남도 김해시 지내동,경상사고,0,0,1,0,차대사람 - 횡단중,중앙선침범,건조,맑음,단일로 - 기타,화물,남,48세,상해없음,보행자,남,7세,경상
2014111800100327,2014년 11월 18일 14시,화요일,경상남도 김해시 진영읍,중상사고,0,1,0,0,차대사람 - 횡단중,보행자보호의무위반,건조,맑음,단일로 - 횡단보도상,승용,여,42세,상해없음,보행자,여,68세,중상
2014111800100350,2014년 11월 18일 15시,화요일,경상남도 합천군 합천읍,중상사고,0,1,0,0,차대사람 - 횡단중,안전운전불이행,건조,맑음,단일로 - 기타,화물,남,67세,상해없음,보행자,여,80세,중상
2014111800100351,2014년 11월 18일 15시,화요일,경상남도 창녕군 영산면,중상사고,0,1,0,0,차대사람 - 횡단중,안전운전불이행,건조,맑음,단일로 - 기타,승용,남,62세,상해없음,보행자,남,11세,중상
2014111800100352,2014년 11월 18일 15시,화요일,경상남도 함양군 병곡면,중상사고,0,1,0,0,차대사람 - 기타,안전운전불이행,건조,맑음,단일로 - 기타,승용,여,54세,상해없음,보행자,남,77세,중상
2014111800100354,2014년 11월 18일 15시,화요일,경상남도 거제시 고현동,경상사고,0,0,1,0,차대사람 - 기타,안전운전불이행,건조,맑음,기타 - 기타,승용,여,36세,상해없음,보행자,남,49세,경상
2014111800100355,2014년 11월 18일 15시,화요일,경상남도 의령군 의령읍,중상사고,0,1,0,0,차대차 - 기타,교차로운행방법위반,건조,맑음,교차로 - 교차로안,승용,남,79세,상해없음,자전거,여,69세,중상
2014111800100388,2014년 11월 18일 16시,화요일,경상남도 진주시 옥봉동,경상사고,0,0,1,0,차대차 - 측면직각충돌,안전운전불이행,건조,맑음,교차로 - 교차로부근,승용,남,68세,상해없음,승용,여,51세,경상
2014111800100389,2014년 11월 18일 16시,화요일,경상남도 사천시 곤양면,경상사고,0,0,1,0,차량단독 - 전도전복,안전운전불이행,건조,맑음,단일로 - 기타,농기계,남,63세,경상,,,,
2014111800100390,2014년 11월 18일 16시,화요일,경상남도 김해시 장유면,중상사고,0,1,0,0,차대차 - 측면직각충돌,차로위반,건조,맑음,단일로 - 기타,건설기계,남,39세,상해없음,승용,여,42세,중상
2014111800100435,2014년 11월 18일 17시,화요일,경상남도 양산시 어곡동,중상사고,0,1,1,0,차대차 - 기타,신호위반,건조,맑음,교차로 - 교차로안,원동기,남,15세,중상,승용,여,37세,상해없음
2014111800100436,2014년 11월 18일 17시,화요일,경상남도 의령군 가례면,경상사고,0,0,1,1,차대차 - 추돌 - 진행중,안전운전불이행,건조,맑음,단일로 - 기타,승용,남,58세,상해없음,농기계,남,52세,경상
2014111800100490,2014년 11월 18일 18시,화요일,경상남도 거제시 아주동,경상사고,0,0,1,1,차대차 - 기타,신호위반,건조,맑음,교차로 - 교차로안,이륜,남,17세,부상신고,이륜,남,40세,경상
2014111800100491,2014년 11월 18일 18시,화요일,경상남도 창원시 의창구 서상동,중상사고,0,1,0,0,차대사람 - 길가장자리구역통행중,안전운전불이행,건조,맑음,교차로 - 교차로부근,승용,남,40세,상해없음,보행자,여,53세,중상
2014111800100536,2014년 11월 18일 19시,화요일,경상남도 창원시 진해구 덕산동,경상사고,0,0,1,0,차대사람 - 차도통행중,안전운전불이행,건조,맑음,교차로 - 교차로부근,승용,남,46세,상해없음,보행자,남,12세,경상
2014111800100576,2014년 11월 18일 20시,화요일,경상남도 사천시 동금동,경상사고,0,0,1,0,차대차 - 기타,신호위반,건조,맑음,교차로 - 교차로안,승용,남,64세,상해없음,승용,남,40세,경상
2014111800100577,2014년 11월 18일 20시,화요일,경상남도 창원시 성산구 가음동,경상사고,0,0,1,0,차대사람 - 기타,안전운전불이행,건조,맑음,기타 - 기타,승용,여,42세,기타불명,보행자,남,11세,경상
2014111800100602,2014년 11월 18일 21시,화요일,경상남도 양산시 중부동,중상사고,0,2,1,0,차대차 - 기타,교차로운행방법위반,건조,맑음,교차로 - 교차로안,승용,여,40세,상해없음,승합,남,24세,상해없음
2014111800100603,2014년 11월 18일 21시,화요일,경상남도 거제시 고현동,부상신고사고,0,0,0,2,차대차 - 기타,교차로운행방법위반,건조,맑음,교차로 - 교차로안,이륜,남,45세,부상신고,이륜,남,16세,부상신고
2014111800100630,2014년 11월 18일 22시,화요일,경상남도 진주시 봉곡동,중상사고,0,2,0,0,차대차 - 기타,안전운전불이행,건조,맑음,교차로 - 교차로부근,승용,남,48세,상해없음,승용,남,57세,기타불명
2014111800100631,2014년 11월 18일 22시,화요일,경상남도 통영시 광도면,중상사고,0,1,0,0,차대차 - 추돌 - 주정차중,안전운전불이행,건조,맑음,교차로 - 교차로부근,승용,남,34세,상해없음,이륜,남,21세,중상
2014111800100632,2014년 11월 18일 22시,화요일,경상남도 김해시 지내동,중상사고,0,1,0,0,차대사람 - 횡단중,안전운전불이행,건조,맑음,단일로 - 기타,화물,남,49세,상해없음,보행자,여,64세,중상
2014111900100030,2014년 11월 19일 01시,수요일,경상남도 함안군 가야읍,중상사고,0,1,0,0,차대차 - 추돌 - 주정차중,안전운전불이행,건조,맑음,단일로 - 기타,화물,남,48세,기타불명,승용,남,52세,중상
2014111900100089,2014년 11월 19일 06시,수요일,경상남도 사천시 곤양면,경상사고,0,0,1,0,차대차 - 기타,안전운전불이행,건조,맑음,단일로 - 기타,화물,남,52세,상해없음,승용,여,59세,경상
2014111900100090,2014년 11월 19일 06시,수요일,경상남도 함양군 함양읍,중상사고,0,3,0,0,차대차 - 측면직각충돌,교차로운행방법위반,건조,맑음,교차로 - 교차로안,승용,남,36세,상해없음,화물,남,63세,중상
2014111900100115,2014년 11월 19일 07시,수요일,경상남도 창원시 진해구 여좌동,부상신고사고,0,0,0,1,차대차 - 기타,안전운전불이행,건조,맑음,단일로 - 기타,기타불명,기타불명,기타불명,기타불명,자전거,남,64세,부상신고
2014111900100116,2014년 11월 19일 07시,수요일,경상남도 양산시 동면,중상사고,0,1,3,0,차대차 - 기타,안전운전불이행,건조,맑음,단일로 - 터널,승용,남,28세,상해없음,건설기계,남,31세,중상
2014111900100117,2014년 11월 19일 07시,수요일,경상남도 거제시 아주동,중상사고,0,1,2,0,차대차 - 기타,안전거리미확보,건조,맑음,기타 - 기타,승용,남,42세,상해없음,승용,남,57세,중상
2014111900100118,2014년 11월 19일 07시,수요일,경상남도 김해시 한림면,경상사고,0,0,1,0,차대차 - 기타,교차로운행방법위반,건조,맑음,교차로 - 교차로안,승용,남,63세,상해없음,승합,남,49세,경상
2014111900100173,2014년 11월 19일 08시,수요일,경상남도 창원시 의창구 명서동,중상사고,0,1,0,0,차대차 - 기타,안전운전불이행,건조,맑음,단일로 - 기타,승용,남,32세,상해없음,승용,남,41세,중상
2014111900100199,2014년 11월 19일 09시,수요일,경상남도 양산시 소주동,중상사고,0,1,0,0,차대사람 - 횡단중,보행자보호의무위반,건조,맑음,교차로 - 교차로부근,승합,남,43세,상해없음,보행자,여,55세,중상
2014111900100200,2014년 11월 19일 09시,수요일,경상남도 양산시 남부동,중상사고,0,1,0,0,차대사람 - 기타,기타,건조,맑음,단일로 - 기타,승합,남,36세,상해없음,보행자,남,70세,중상
2014111900100235,2014년 11월 19일 10시,수요일,경상남도 김해시 장유면,경상사고,0,0,1,0,차대차 - 정면충돌,중앙선침범,건조,맑음,단일로 - 기타,승용,여,62세,상해없음,화물,남,40세,경상
2014111900100256,2014년 11월 19일 11시,수요일,경상남도 진주시 중안동,중상사고,0,1,0,0,차대차 - 측면직각충돌,안전운전불이행,건조,맑음,단일로 - 기타,자전거,남,67세,중상,승용,남,82세,상해없음
2014111900100257,2014년 11월 19일 11시,수요일,경상남도 창원시 의창구 대산면,중상사고,0,1,0,0,차대차 - 측면직각충돌,안전운전불이행,건조,맑음,교차로 - 교차로안,화물,여,50세,상해없음,원동기,남,75세,중상
2014111900100290,2014년 11월 19일 12시,수요일,경상남도 양산시 물금읍,중상사고,0,1,0,0,차량단독 - 전도전복,안전운전불이행,건조,맑음,단일로 - 기타,원동기,남,59세,중상,,,,
2014111900100291,2014년 11월 19일 12시,수요일,경상남도 거제시 장평동,부상신고사고,0,0,0,1,차대사람 - 횡단중,보행자보호의무위반,건조,맑음,교차로 - 교차로안,기타불명,기타불명,기타불명,기타불명,보행자,여,52세,부상신고
2014111900100318,2014년 11월 19일 13시,수요일,경상남도 하동군 하동읍,중상사고,0,1,1,0,차대차 - 기타,안전운전불이행,건조,맑음,단일로 - 기타,화물,남,54세,상해없음,이륜,남,69세,중상
2014111900100348,2014년 11월 19일 14시,수요일,경상남도 진주시 봉곡동,중상사고,0,1,0,0,차대사람 - 횡단중,안전운전불이행,건조,맑음,교차로 - 교차로부근,기타불명,기타불명,기타불명,기타불명,보행자,여,11세,중상
2014111900100349,2014년 11월 19일 14시,수요일,경상남도 하동군 금남면,경상사고,0,0,10,0,차대차 - 추돌 - 주정차중,안전운전불이행,건조,맑음,단일로 - 기타,승용,남,53세,상해없음,승합,남,58세,경상
2014111900100350,2014년 11월 19일 14시,수요일,경상남도 거제시 사등면,사망사고,1,1,0,0,차량단독 - 전도전복,안전운전불이행,건조,맑음,단일로 - 기타,화물,남,55세,중상,,,,
2014111900100351,2014년 11월 19일 14시,수요일,경상남도 함안군 군북면,중상사고,0,1,2,0,차대차 - 정면충돌,중앙선침범,건조,맑음,교차로 - 교차로안,화물,남,40세,상해없음,화물,남,33세,경상
2014111900100379,2014년 11월 19일 15시,수요일,경상남도 진주시 상봉동,경상사고,0,0,1,0,차대차 - 측면직각충돌,교차로운행방법위반,건조,맑음,교차로 - 교차로안,승용,남,34세,상해없음,승용,여,43세,경상
2014111900100456,2014년 11월 19일 17시,수요일,경상남도 창원시 마산합포구 완월동,경상사고,0,0,1,0,차대차 - 측면직각충돌,신호위반,건조,맑음,교차로 - 교차로안,원동기,남,62세,경상,승용,남,53세,상해없음
2014111900100457,2014년 11월 19일 17시,수요일,경상남도 거창군 거창읍,중상사고,0,1,0,0,차대차 - 추돌 - 진행중,안전운전불이행,건조,맑음,교차로 - 교차로안,승용,남,57세,상해없음,원동기,여,55세,중상
2014111900100519,2014년 11월 19일 18시,수요일,경상남도 통영시 광도면,중상사고,0,1,0,0,차대차 - 기타,안전운전불이행,건조,맑음,교차로 - 교차로안,화물,남,37세,상해없음,원동기,남,28세,중상
2014111900100520,2014년 11월 19일 18시,수요일,경상남도 창녕군 창녕읍,경상사고,0,0,1,1,차대차 - 기타,안전운전불이행,건조,맑음,단일로 - 기타,승용,여,47세,부상신고,승용,남,28세,경상
2014111900100521,2014년 11월 19일 18시,수요일,경상남도 창원시 성산구 중앙동,경상사고,0,0,1,0,차대차 - 기타,안전운전불이행,건조,맑음,교차로 - 교차로안,승용,남,64세,상해없음,승용,남,42세,경상
2014111900100567,2014년 11월 19일 19시,수요일,경상남도 창원시 마산합포구 진북면,사망사고,1,0,0,0,차대사람 - 횡단중,안전운전불이행,건조,맑음,단일로 - 기타,승합,남,50세,상해없음,보행자,남,73세,사망
2014111900100568,2014년 11월 19일 19시,수요일,경상남도 사천시 축동면,중상사고,0,1,0,0,차대차 - 추돌 - 진행중,안전거리미확보,건조,맑음,단일로 - 기타,승용,남,33세,상해없음,승용,여,39세,중상
2014111900100639,2014년 11월 19일 21시,수요일,경상남도 거제시 고현동,사망사고,1,0,0,0,차대사람 - 기타,안전운전불이행,건조,맑음,단일로 - 기타,승용,남,32세,상해없음,보행자,남,42세,사망
2014111900100640,2014년 11월 19일 21시,수요일,경상남도 창원시 의창구 명서동,경상사고,0,0,1,0,차대차 - 측면직각충돌,안전운전불이행,건조,맑음,교차로 - 교차로안,화물,남,46세,상해없음,자전거,남,53세,경상
2014111900100675,2014년 11월 19일 22시,수요일,경상남도 김해시 장유면,경상사고,0,0,1,0,차대차 - 기타,안전운전불이행,건조,맑음,기타 - 기타,승용,여,22세,상해없음,승용,남,22세,경상
2014111900100703,2014년 11월 19일 23시,수요일,경상남도 창원시 진해구 자은동,경상사고,0,0,1,0,차대차 - 기타,신호위반,건조,맑음,교차로 - 교차로안,원동기,남,17세,경상,승용,여,44세,상해없음
2014111900100704,2014년 11월 19일 23시,수요일,경상남도 거제시 고현동,경상사고,0,0,1,0,차대사람 - 기타,안전운전불이행,건조,맑음,교차로 - 교차로부근,승용,남,47세,상해없음,보행자,남,48세,경상
2014112000100020,2014년 11월 20일 01시,목요일,경상남도 김해시 부원동,경상사고,0,0,1,0,차대차 - 측면직각충돌,안전거리미확보,건조,맑음,단일로 - 기타,화물,남,38세,상해없음,승용,남,59세,경상
2014112000100064,2014년 11월 20일 06시,목요일,경상남도 사천시 곤양면,중상사고,0,1,0,0,차대사람 - 기타,안전운전불이행,건조,맑음,단일로 - 기타,화물,남,48세,상해없음,보행자,여,73세,중상
2014112000100091,2014년 11월 20일 07시,목요일,경상남도 진주시 문산읍,중상사고,0,1,2,0,차대차 - 측면직각충돌,안전운전불이행,건조,맑음,교차로 - 교차로안,승용,남,45세,상해없음,승용,남,27세,중상
2014112000100092,2014년 11월 20일 07시,목요일,경상남도 거제시 사등면,중상사고,0,2,0,0,차대차 - 기타,안전운전불이행,건조,맑음,단일로 - 기타,승용,남,51세,상해없음,승용,남,32세,중상
2014112000100139,2014년 11월 20일 08시,목요일,경상남도 창원시 진해구 충의동,중상사고,0,1,0,0,차대차 - 기타,교차로운행방법위반,건조,맑음,교차로 - 교차로안,승용,남,47세,상해없음,승용,남,52세,중상
2014112000100140,2014년 11월 20일 08시,목요일,경상남도 합천군 대양면,중상사고,0,1,1,0,차대차 - 정면충돌,중앙선침범,건조,맑음,단일로 - 기타,승용,남,75세,중상,승합,남,49세,상해없음
2014112000100177,2014년 11월 20일 09시,목요일,경상남도 창원시 진해구 석동,경상사고,0,0,1,0,차대차 - 추돌 - 주정차중,안전운전불이행,건조,맑음,단일로 - 기타,승용,여,45세,상해없음,승합,남,54세,경상
2014112000100211,2014년 11월 20일 10시,목요일,경상남도 창원시 진해구 충무동,경상사고,0,0,2,0,차대차 - 기타,기타,건조,맑음,단일로 - 기타,승용,남,62세,상해없음,승합,남,51세,상해없음
2014112000100212,2014년 11월 20일 10시,목요일,경상남도 하동군 옥종면,중상사고,0,1,0,0,차대차 - 추돌 - 진행중,안전운전불이행,건조,맑음,단일로 - 기타,승용,남,62세,상해없음,농기계,남,80세,중상
2014112000100213,2014년 11월 20일 10시,목요일,경상남도 창원시 마산회원구 양덕동,경상사고,0,0,1,0,차대차 - 측면직각충돌,안전운전불이행,건조,맑음,교차로 - 교차로안,원동기,남,75세,경상,승용,여,52세,상해없음
2014112000100214,2014년 11월 20일 10시,목요일,경상남도 창원시 의창구 도계동,경상사고,0,0,2,0,차대차 - 추돌 - 주정차중,안전운전불이행,건조,맑음,단일로 - 기타,화물,남,45세,상해없음,승용,남,49세,경상