사고번호,사고일시,요일,시군구,사고내용,사망자수,중상자수,경상자수,부상신고자수,사고유형,법규위반,노면상태,기상상태,도로형태,가해운전자 차종,가해운전자 성별,가해운전자 연령,가해운전자 상해정도,피해운전자 차종,피해운전자 성별,피해운전자 연령,피해운전자 상해정도
2014112000100247,2014년 11월 20일 11시,목요일,경상남도 밀양시 가곡동,중상사고,0,1,1,0,차대사람 - 차도통행중,안전운전불이행,건조,맑음,단일로 - 기타,화물,남,50세,상해없음,보행자,여,83세,중상
2014112000100248,2014년 11월 20일 11시,목요일,경상남도 함안군 칠원면,경상사고,0,0,1,0,차대차 - 정면충돌,중앙선침범,건조,맑음,단일로 - 기타,화물,남,56세,상해없음,건설기계,남,56세,경상
2014112000100249,2014년 11월 20일 11시,목요일,경상남도 창원시 의창구 사림동,경상사고,0,0,1,0,차대사람 - 기타,신호위반,건조,맑음,단일로 - 기타,승용,남,51세,상해없음,보행자,남,4세,경상
2014112000100287,2014년 11월 20일 12시,목요일,경상남도 창원시 의창구 팔용동,경상사고,0,0,1,0,차대차 - 기타,안전운전불이행,건조,맑음,교차로 - 교차로안,승용,여,32세,상해없음,자전거,남,76세,경상
2014112000100288,2014년 11월 20일 12시,목요일,경상남도 창원시 의창구 봉림동,경상사고,0,0,1,0,차대차 - 측면직각충돌,교차로운행방법위반,건조,맑음,교차로 - 교차로안,승용,여,52세,상해없음,승용,여,50세,경상
2014112000100313,2014년 11월 20일 13시,목요일,경상남도 함양군 병곡면,부상신고사고,0,0,0,5,차대차 - 추돌 - 주정차중,안전운전불이행,건조,맑음,교차로 - 교차로안,화물,남,57세,상해없음,승용,남,59세,부상신고
2014112000100314,2014년 11월 20일 13시,목요일,경상남도 거제시 연초면,경상사고,0,0,1,0,차대차 - 기타,교차로운행방법위반,건조,맑음,교차로 - 교차로안,승합,남,42세,상해없음,이륜,남,70세,경상
2014112000100355,2014년 11월 20일 14시,목요일,경상남도 합천군 합천읍,경상사고,0,0,2,0,차대차 - 측면직각충돌,교차로운행방법위반,건조,맑음,교차로 - 교차로안,승용,남,69세,상해없음,화물,남,45세,경상
2014112000100356,2014년 11월 20일 14시,목요일,경상남도 창녕군 대합면,중상사고,0,1,2,0,차대차 - 측면직각충돌,중앙선침범,건조,맑음,교차로 - 교차로부근,승용,남,59세,상해없음,승용,여,27세,경상
2014112000100357,2014년 11월 20일 14시,목요일,경상남도 고성군 고성읍,경상사고,0,0,1,0,차대차 - 측면직각충돌,신호위반,건조,맑음,교차로 - 교차로안,승용,남,52세,상해없음,승용,남,42세,경상
2014112000100399,2014년 11월 20일 15시,목요일,경상남도 김해시 장유면,중상사고,0,1,0,0,차량단독 - 기타,기타,건조,맑음,단일로 - 기타,승합,남,56세,상해없음,,,,
2014112000100445,2014년 11월 20일 16시,목요일,경상남도 창원시 진해구 이동,경상사고,0,0,1,0,차대차 - 측면직각충돌,안전운전불이행,건조,맑음,단일로 - 기타,건설기계,남,51세,상해없음,승용,남,71세,경상
2014112000100446,2014년 11월 20일 16시,목요일,경상남도 밀양시 삼랑진읍,경상사고,0,0,1,0,차대차 - 측면직각충돌,안전운전불이행,건조,맑음,교차로 - 교차로안,승용,여,47세,상해없음,자전거,여,58세,경상
2014112000100447,2014년 11월 20일 16시,목요일,경상남도 거제시 수월동,경상사고,0,0,1,0,차대사람 - 횡단중,보행자보호의무위반,건조,맑음,교차로 - 교차로안,승용,남,63세,상해없음,보행자,여,8세,경상
2014112000100494,2014년 11월 20일 17시,목요일,경상남도 양산시 물금읍,부상신고사고,0,0,0,1,차대차 - 기타,안전운전불이행,건조,맑음,교차로 - 교차로안,승용,여,53세,상해없음,자전거,남,66세,부상신고
2014112000100495,2014년 11월 20일 17시,목요일,경상남도 양산시 평산동,부상신고사고,0,0,0,1,차대차 - 기타,안전운전불이행,건조,맑음,교차로 - 교차로안,기타불명,기타불명,기타불명,기타불명,이륜,남,18세,부상신고
2014112000100496,2014년 11월 20일 17시,목요일,경상남도 창원시 의창구 중동,경상사고,0,0,1,0,차대사람 - 기타,안전운전불이행,건조,맑음,단일로 - 기타,승용,남,71세,상해없음,보행자,여,54세,경상
2014112000100557,2014년 11월 20일 18시,목요일,경상남도 통영시 서호동,중상사고,0,1,0,0,차대사람 - 횡단중,신호위반,건조,맑음,교차로 - 교차로안,자전거,남,42세,상해없음,보행자,여,67세,중상
2014112000100558,2014년 11월 20일 18시,목요일,경상남도 함양군 함양읍,중상사고,0,1,0,0,차대사람 - 횡단중,안전운전불이행,건조,맑음,단일로 - 횡단보도부근,화물,남,41세,상해없음,보행자,남,69세,중상
2014112000100559,2014년 11월 20일 18시,목요일,경상남도 창원시 성산구 중앙동,중상사고,0,1,0,0,차대차 - 기타,교차로운행방법위반,건조,맑음,교차로 - 교차로부근,화물,남,44세,상해없음,자전거,남,40세,중상
2014112000100608,2014년 11월 20일 19시,목요일,경상남도 진주시 신안동,경상사고,0,0,4,1,차대차 - 측면직각충돌,신호위반,건조,맑음,교차로 - 교차로안,원동기,남,18세,부상신고,승용,남,40세,경상
2014112000100609,2014년 11월 20일 19시,목요일,경상남도 사천시 향촌동,경상사고,0,0,2,0,차대차 - 측면직각충돌,교차로운행방법위반,건조,맑음,교차로 - 교차로안,승용,남,35세,상해없음,승용,남,49세,경상
2014112000100644,2014년 11월 20일 20시,목요일,경상남도 창녕군 남지읍,중상사고,0,1,0,0,차량단독 - 공작물충돌,안전운전불이행,건조,맑음,교차로 - 교차로안,화물,남,77세,중상,,,,
2014112000100645,2014년 11월 20일 20시,목요일,경상남도 산청군 산청읍,중상사고,0,1,0,0,차대차 - 추돌 - 주정차중,안전운전불이행,건조,맑음,교차로 - 교차로안,원동기,남,18세,중상,화물,남,56세,상해없음
2014112000100717,2014년 11월 20일 22시,목요일,경상남도 김해시 부원동,중상사고,0,1,0,0,차대차 - 기타,안전운전불이행,건조,맑음,단일로 - 기타,이륜,남,21세,중상,이륜,남,25세,상해없음
2014112000100718,2014년 11월 20일 22시,목요일,경상남도 양산시 중부동,경상사고,0,0,1,0,차대차 - 측면직각충돌,중앙선침범,건조,맑음,교차로 - 교차로부근,승용,남,34세,상해없음,승용,남,30세,경상
2014112000100719,2014년 11월 20일 22시,목요일,경상남도 창원시 의창구 북면,경상사고,0,0,1,0,차대사람 - 보도통행중,안전운전불이행,건조,맑음,단일로 - 기타,승용,여,43세,상해없음,보행자,남,46세,경상
2014112000100742,2014년 11월 20일 23시,목요일,경상남도 거제시 장승포동,경상사고,0,0,1,0,차대사람 - 기타,안전운전불이행,건조,맑음,단일로 - 기타,승용,남,35세,상해없음,보행자,남,42세,경상
2014112000100743,2014년 11월 20일 23시,목요일,경상남도 창원시 의창구 대산면,경상사고,0,0,1,1,차대차 - 추돌 - 주정차중,안전운전불이행,건조,맑음,단일로 - 기타,승용,남,49세,상해없음,승합,남,59세,경상
2014112100100030,2014년 11월 21일 01시,금요일,경상남도 창원시 의창구 북면,사망사고,1,0,0,0,차량단독 - 공작물충돌,안전운전불이행,건조,맑음,단일로 - 기타,승용,남,56세,사망,,,,
2014112100100031,2014년 11월 21일 01시,금요일,경상남도 김해시 흥동,중상사고,0,1,0,0,차량단독 - 공작물충돌,안전운전불이행,건조,맑음,단일로 - 기타,원동기,남,27세,중상,,,,
2014112100100079,2014년 11월 21일 06시,금요일,경상남도 창원시 진해구 경화동,경상사고,0,0,2,0,차대차 - 기타,안전거리미확보,건조,맑음,단일로 - 기타,승용,남,33세,상해없음,승용,남,30세,경상
2014112100100080,2014년 11월 21일 06시,금요일,경상남도 밀양시 삼랑진읍,중상사고,0,1,0,0,차대차 - 측면직각충돌,안전운전불이행,건조,맑음,단일로 - 기타,승합,남,71세,상해없음,자전거,남,61세,중상
2014112100100089,2014년 11월 21일 07시,금요일,경상남도 김해시 강동,경상사고,0,0,1,0,차대차 - 기타,안전운전불이행,건조,맑음,단일로 - 기타,승용,남,38세,상해없음,화물,남,56세,경상
2014112100100097,2014년 11월 21일 07시,금요일,경상남도 사천시 동동,경상사고,0,0,1,0,차대차 - 측면직각충돌,안전운전불이행,건조,맑음,교차로 - 교차로안,원동기,남,70세,경상,화물,남,54세,상해없음
2014112100100131,2014년 11월 21일 08시,금요일,경상남도 김해시 구산동,중상사고,0,3,1,0,차대차 - 정면충돌,중앙선침범,건조,맑음,단일로 - 기타,화물,남,56세,경상,승용,남,43세,중상
2014112100100132,2014년 11월 21일 08시,금요일,경상남도 김해시 삼계동,중상사고,0,2,0,0,차대차 - 측면직각충돌,차로위반,건조,맑음,단일로 - 기타,화물,남,53세,상해없음,승용,남,77세,중상
2014112100100133,2014년 11월 21일 08시,금요일,경상남도 양산시 물금읍,경상사고,0,0,1,0,차대사람 - 길가장자리구역통행중,안전운전불이행,건조,맑음,단일로 - 기타,화물,남,64세,상해없음,보행자,여,34세,경상
2014112100100134,2014년 11월 21일 08시,금요일,경상남도 거제시 연초면,중상사고,0,3,2,0,차대차 - 기타,안전거리미확보,건조,맑음,단일로 - 기타,화물,남,52세,상해없음,승용,여,44세,중상
2014112100100165,2014년 11월 21일 09시,금요일,경상남도 창원시 마산합포구 성호동,중상사고,0,1,0,0,차대차 - 기타,안전운전불이행,건조,맑음,단일로 - 기타,승용,남,69세,상해없음,승용,여,37세,중상
2014112100100192,2014년 11월 21일 10시,금요일,경상남도 김해시 삼방동,중상사고,0,1,1,0,차대차 - 기타,직진우회전진행방해,건조,맑음,교차로 - 교차로안,승용,남,63세,경상,건설기계,남,42세,상해없음
2014112100100193,2014년 11월 21일 10시,금요일,경상남도 하동군 진교면,경상사고,0,0,1,0,차대사람 - 횡단중,교차로운행방법위반,건조,맑음,교차로 - 교차로안,화물,남,73세,상해없음,보행자,남,56세,경상
2014112100100225,2014년 11월 21일 11시,금요일,경상남도 사천시 향촌동,중상사고,0,1,0,0,차대차 - 측면직각충돌,안전운전불이행,건조,맑음,교차로 - 교차로부근,이륜,남,79세,중상,화물,남,57세,상해없음
2014112100100226,2014년 11월 21일 11시,금요일,경상남도 거창군 거창읍,경상사고,0,0,1,0,차대차 - 기타,안전운전불이행,건조,맑음,단일로 - 기타,화물,남,64세,상해없음,자전거,남,72세,경상
2014112100100227,2014년 11월 21일 11시,금요일,경상남도 거제시 고현동,경상사고,0,0,1,0,차대사람 - 기타,안전운전불이행,건조,맑음,단일로 - 기타,승용,여,45세,상해없음,보행자,남,44세,경상
2014112100100228,2014년 11월 21일 11시,금요일,경상남도 남해군 고현면,경상사고,0,0,1,0,차대사람 - 길가장자리구역통행중,안전운전불이행,건조,맑음,단일로 - 기타,이륜,남,62세,상해없음,보행자,여,80세,경상
2014112100100242,2014년 11월 21일 12시,금요일,경상남도 양산시 물금읍,부상신고사고,0,0,0,1,차대차 - 기타,기타,건조,맑음,교차로 - 교차로안,승용,남,37세,상해없음,이륜,남,76세,부상신고
2014112100100319,2014년 11월 21일 15시,금요일,경상남도 창원시 진해구 경화동,경상사고,0,0,1,0,차대차 - 기타,안전운전불이행,건조,맑음,단일로 - 기타,화물,남,46세,상해없음,승용,남,35세,경상
2014112100100320,2014년 11월 21일 15시,금요일,경상남도 사천시 정동면,부상신고사고,0,0,0,1,차대차 - 기타,안전운전불이행,건조,맑음,단일로 - 기타,이륜,남,18세,부상신고,기타불명,기타불명,기타불명,기타불명
2014112100100372,2014년 11월 21일 17시,금요일,경상남도 김해시 대동면,경상사고,0,0,1,0,차대차 - 추돌 - 진행중,안전운전불이행,건조,맑음,단일로 - 기타,승용,남,27세,상해없음,승용,남,28세,경상
2014112100100396,2014년 11월 21일 17시,금요일,경상남도 창원시 진해구 경화동,경상사고,0,0,1,0,차대차 - 기타,안전운전불이행,건조,맑음,교차로 - 교차로부근,승용,여,52세,상해없음,원동기,남,72세,경상
2014112100100397,2014년 11월 21일 17시,금요일,경상남도 고성군 고성읍,중상사고,0,1,0,0,차대차 - 측면직각충돌,안전거리미확보,건조,맑음,단일로 - 기타,승용,여,39세,상해없음,승용,남,50세,중상
2014112100100460,2014년 11월 21일 18시,금요일,경상남도 밀양시 부북면,중상사고,0,1,0,0,차대차 - 측면직각충돌,안전운전불이행,건조,맑음,교차로 - 교차로안,화물,남,39세,상해없음,승용,여,49세,중상
2014112100100461,2014년 11월 21일 18시,금요일,경상남도 거제시 삼거동,경상사고,0,0,1,0,차대차 - 추돌 - 진행중,안전운전불이행,건조,맑음,단일로 - 기타,승용,여,56세,상해없음,승용,남,57세,경상
2014112100100462,2014년 11월 21일 18시,금요일,경상남도 창원시 성산구 상남동,중상사고,0,1,0,0,차대사람 - 횡단중,안전운전불이행,건조,맑음,단일로 - 기타,승용,여,31세,상해없음,보행자,남,59세,중상
2014112100100463,2014년 11월 21일 18시,금요일,경상남도 창원시 의창구 팔용동,경상사고,0,0,1,0,차대사람 - 기타,안전운전불이행,건조,맑음,단일로 - 기타,승용,여,43세,상해없음,보행자,남,8세,경상
2014112100100510,2014년 11월 21일 19시,금요일,경상남도 양산시 상북면,경상사고,0,0,1,0,차대차 - 측면직각충돌,중앙선침범,건조,맑음,단일로 - 기타,승합,남,52세,상해없음,승용,남,49세,경상
2014112100100550,2014년 11월 21일 20시,금요일,경상남도 고성군 회화면,중상사고,0,2,1,0,차대차 - 추돌 - 주정차중,안전운전불이행,건조,맑음,단일로 - 기타,승용,남,58세,상해없음,승용,남,33세,경상
2014112100100606,2014년 11월 21일 22시,금요일,경상남도 창원시 성산구 가음동,경상사고,0,0,1,0,차대차 - 기타,안전운전불이행,건조,맑음,교차로 - 교차로안,승용,남,30세,상해없음,승용,여,29세,경상
2014112100100644,2014년 11월 21일 23시,금요일,경상남도 진주시 가좌동,중상사고,0,1,0,0,차대사람 - 횡단중,안전운전불이행,건조,맑음,단일로 - 기타,승용,남,22세,상해없음,보행자,여,20세,중상
2014112200100018,2014년 11월 22일 00시,토요일,경상남도 거창군 거창읍,경상사고,0,0,3,0,차대차 - 기타,교차로운행방법위반,건조,맑음,교차로 - 교차로안,승용,남,27세,상해없음,승용,남,19세,경상
2014112200100034,2014년 11월 22일 01시,토요일,경상남도 밀양시 남포동,경상사고,0,0,1,0,차대차 - 측면직각충돌,안전운전불이행,건조,맑음,단일로 - 기타,승용,남,24세,상해없음,승용,남,32세,경상
2014112200100035,2014년 11월 22일 01시,토요일,경상남도 밀양시 삼랑진읍,중상사고,0,4,4,0,차대차 - 추돌 - 진행중,안전운전불이행,건조,맑음,단일로 - 기타,승용,여,55세,경상,승용,남,38세,경상
2014112200100071,2014년 11월 22일 03시,토요일,경상남도 밀양시 내이동,사망사고,1,0,0,0,차대사람 - 횡단중,안전운전불이행,건조,맑음,단일로 - 횡단보도부근,승용,남,50세,상해없음,보행자,남,46세,사망
2014112200100080,2014년 11월 22일 04시,토요일,경상남도 창원시 성산구 상남동,중상사고,0,1,0,0,차대사람 - 차도통행중,안전운전불이행,건조,흐림,단일로 - 기타,기타불명,기타불명,기타불명,기타불명,보행자,여,18세,중상
2014112200100105,2014년 11월 22일 05시,토요일,경상남도 진주시 내동면,경상사고,0,0,2,0,차량단독 - 공작물충돌,안전운전불이행,습기,안개,교차로 - 교차로안,승용,남,57세,상해없음,,,,
2014112200100106,2014년 11월 22일 05시,토요일,경상남도 통영시 광도면,경상사고,0,0,1,0,차대사람 - 기타,안전운전불이행,건조,맑음,단일로 - 기타,승용,남,35세,상해없음,보행자,남,27세,경상
2014112200100107,2014년 11월 22일 05시,토요일,경상남도 김해시 서상동,중상사고,0,1,0,0,차대사람 - 기타,안전운전불이행,건조,맑음,교차로 - 교차로부근,화물,남,72세,기타불명,보행자,남,75세,중상
2014112200100127,2014년 11월 22일 06시,토요일,경상남도 창원시 진해구 이동,경상사고,0,0,1,0,차대차 - 기타,안전운전불이행,건조,맑음,교차로 - 교차로안,원동기,남,60세,경상,승용,여,29세,상해없음
2014112200100128,2014년 11월 22일 06시,토요일,경상남도 하동군 금남면,중상사고,0,1,0,0,차대차 - 측면직각충돌,신호위반,건조,맑음,교차로 - 교차로안,승용,남,45세,상해없음,농기계,남,81세,중상
2014112200100148,2014년 11월 22일 07시,토요일,경상남도 창원시 의창구 팔용동,경상사고,0,0,2,0,차대차 - 추돌 - 진행중,안전거리미확보,건조,맑음,단일로 - 기타,승용,남,32세,경상,승용,남,29세,경상
2014112200100174,2014년 11월 22일 08시,토요일,경상남도 통영시 무전동,경상사고,0,0,1,0,차대차 - 추돌 - 주정차중,중앙선침범,건조,맑음,단일로 - 기타,승용,남,36세,상해없음,승용,남,58세,경상
2014112200100213,2014년 11월 22일 09시,토요일,경상남도 합천군 가야면,중상사고,0,1,0,0,차대차 - 측면직각충돌,교차로운행방법위반,건조,맑음,교차로 - 교차로안,승용,남,59세,중상,화물,남,48세,상해없음
2014112200100214,2014년 11월 22일 09시,토요일,경상남도 함안군 가야읍,경상사고,0,0,1,0,차대차 - 측면직각충돌,안전운전불이행,건조,맑음,단일로 - 기타,승용,여,32세,상해없음,자전거,남,12세,경상
2014112200100215,2014년 11월 22일 09시,토요일,경상남도 창원시 의창구 신월동,중상사고,0,1,0,0,차대사람 - 횡단중,안전운전불이행,건조,맑음,단일로 - 기타,화물,남,60세,상해없음,보행자,남,15세,중상
2014112200100253,2014년 11월 22일 10시,토요일,경상남도 창원시 마산합포구 구산면,중상사고,0,2,0,0,차대차 - 기타,중앙선침범,건조,맑음,단일로 - 기타,화물,여,47세,상해없음,승용,남,56세,중상
2014112200100254,2014년 11월 22일 10시,토요일,경상남도 창원시 진해구 석동,경상사고,0,0,2,0,차대차 - 추돌 - 진행중,안전거리미확보,건조,맑음,단일로 - 기타,원동기,남,56세,경상,승용,여,42세,상해없음
2014112200100255,2014년 11월 22일 10시,토요일,경상남도 창녕군 남지읍,중상사고,0,2,0,0,차대차 - 측면직각충돌,신호위반,건조,맑음,교차로 - 교차로안,건설기계,남,51세,중상,승용,여,55세,중상
2014112200100256,2014년 11월 22일 10시,토요일,경상남도 창녕군 대합면,경상사고,0,0,3,0,차대차 - 측면직각충돌,직진우회전진행방해,건조,맑음,교차로 - 교차로안,승용,남,59세,상해없음,화물,남,73세,경상
2014112200100257,2014년 11월 22일 10시,토요일,경상남도 양산시 중부동,중상사고,0,1,0,0,차대사람 - 횡단중,보행자보호의무위반,건조,맑음,단일로 - 기타,승용,여,39세,상해없음,보행자,남,80세,중상
2014112200100258,2014년 11월 22일 10시,토요일,경상남도 거제시 하청면,중상사고,0,1,0,0,차대차 - 측면직각충돌,안전운전불이행,건조,맑음,교차로 - 교차로안,화물,남,54세,상해없음,원동기,남,86세,중상
2014112200100299,2014년 11월 22일 11시,토요일,경상남도 창원시 진해구 이동,부상신고사고,0,0,0,1,차대사람 - 보도통행중,안전운전불이행,건조,맑음,단일로 - 기타,이륜,남,28세,상해없음,보행자,남,64세,부상신고
2014112200100300,2014년 11월 22일 11시,토요일,경상남도 창녕군 영산면,중상사고,0,1,0,0,차대차 - 기타,안전운전불이행,건조,맑음,단일로 - 기타,건설기계,남,54세,상해없음,승용,여,55세,중상
2014112200100301,2014년 11월 22일 11시,토요일,경상남도 하동군 하동읍,중상사고,0,1,0,0,차대사람 - 횡단중,보행자보호의무위반,건조,맑음,단일로 - 횡단보도상,이륜,남,76세,상해없음,보행자,여,80세,중상
2014112200100302,2014년 11월 22일 11시,토요일,경상남도 창원시 의창구 소답동,중상사고,0,1,0,0,차대차 - 측면직각충돌,안전운전불이행,건조,맑음,단일로 - 기타,승용,남,35세,상해없음,원동기,남,44세,중상
2014112200100377,2014년 11월 22일 13시,토요일,경상남도 창원시 마산합포구 서성동,중상사고,0,1,3,0,차대차 - 추돌 - 진행중,안전운전불이행,건조,맑음,교차로 - 교차로부근,승용,남,63세,상해없음,승용,여,37세,경상
2014112200100378,2014년 11월 22일 13시,토요일,경상남도 밀양시 부북면,경상사고,0,0,1,0,차량단독 - 도로외이탈 - 추락,안전운전불이행,건조,맑음,교차로 - 교차로안,승용,여,47세,상해없음,,,,
2014112200100379,2014년 11월 22일 13시,토요일,경상남도 김해시 삼방동,중상사고,0,1,0,0,차대차 - 추돌 - 진행중,안전운전불이행,건조,맑음,단일로 - 기타,승용,남,57세,상해없음,승용,남,46세,중상
2014112200100464,2014년 11월 22일 15시,토요일,경상남도 남해군 삼동면,중상사고,0,1,2,0,차대차 - 측면직각충돌,안전운전불이행,건조,맑음,기타 - 기타,승용,여,50세,중상,승용,여,33세,경상
2014112200100465,2014년 11월 22일 15시,토요일,경상남도 창원시 마산회원구 내서읍,부상신고사고,0,0,0,1,차대차 - 측면직각충돌,안전운전불이행,건조,맑음,교차로 - 교차로안,화물,남,42세,상해없음,승용,남,63세,부상신고
2014112200100545,2014년 11월 22일 17시,토요일,경상남도 진주시 봉래동,중상사고,0,1,0,0,차대차 - 기타,기타,건조,맑음,단일로 - 기타,화물,남,42세,중상,승용,남,62세,기타불명
2014112200100546,2014년 11월 22일 17시,토요일,경상남도 진주시 주약동,중상사고,0,1,0,0,차대차 - 측면직각충돌,중앙선침범,건조,맑음,단일로 - 기타,자전거,남,81세,중상,승용,남,60세,상해없음
2014112200100547,2014년 11월 22일 17시,토요일,경상남도 통영시 용남면,부상신고사고,0,0,0,1,차대차 - 추돌 - 진행중,안전운전불이행,건조,맑음,단일로 - 기타,화물,남,43세,상해없음,화물,남,54세,부상신고
2014112200100548,2014년 11월 22일 17시,토요일,경상남도 의령군 대의면,중상사고,0,1,0,1,차대차 - 추돌 - 진행중,안전운전불이행,건조,맑음,단일로 - 기타,승용,남,83세,부상신고,화물,남,55세,상해없음
2014112200100549,2014년 11월 22일 17시,토요일,경상남도 창원시 마산회원구 양덕동,경상사고,0,0,1,0,차대차 - 측면직각충돌,신호위반,건조,맑음,단일로 - 횡단보도상,승용,여,57세,상해없음,자전거,남,79세,경상
2014112200100550,2014년 11월 22일 17시,토요일,경상남도 김해시 진영읍,중상사고,0,1,0,0,차대차 - 측면직각충돌,안전운전불이행,건조,흐림,기타 - 기타,건설기계,남,77세,상해없음,승용,남,34세,중상
2014112200100551,2014년 11월 22일 17시,토요일,경상남도 창녕군 대합면,경상사고,0,0,3,0,차대차 - 추돌 - 주정차중,안전운전불이행,건조,맑음,단일로 - 기타,승용,남,51세,상해없음,승용,남,29세,경상
2014112200100602,2014년 11월 22일 18시,토요일,경상남도 거창군 가조면,중상사고,0,2,1,0,차대차 - 추돌 - 진행중,안전운전불이행,건조,맑음,단일로 - 기타,승용,남,36세,상해없음,농기계,남,62세,중상
2014112200100603,2014년 11월 22일 18시,토요일,경상남도 창원시 의창구 동읍,사망사고,1,0,0,0,차대차 - 추돌 - 진행중,안전운전불이행,건조,맑음,단일로 - 기타,승용,남,49세,상해없음,농기계,남,69세,사망
2014112200100681,2014년 11월 22일 20시,토요일,경상남도 합천군 율곡면,경상사고,0,0,1,0,차대차 - 기타,안전운전불이행,건조,맑음,단일로 - 기타,승용,남,32세,상해없음,승용,남,45세,경상
2014112200100780,2014년 11월 22일 23시,토요일,경상남도 거제시 남부면,중상사고,0,1,0,0,차대차 - 추돌 - 주정차중,안전운전불이행,건조,맑음,교차로 - 교차로부근,승용,남,25세,상해없음,승용,남,54세,기타불명
2014112300100020,2014년 11월 23일 00시,일요일,경상남도 진주시 상대동,중상사고,0,1,0,0,차대차 - 추돌 - 주정차중,안전운전불이행,건조,맑음,교차로 - 교차로부근,승용,남,44세,상해없음,승용,여,47세,중상
2014112300100021,2014년 11월 23일 00시,일요일,경상남도 김해시 장유면,중상사고,0,1,0,0,차대차 - 추돌 - 주정차중,안전운전불이행,건조,맑음,교차로 - 교차로부근,승용,남,56세,상해없음,승용,남,55세,중상
2014112300100040,2014년 11월 23일 01시,일요일,경상남도 진주시 금산면,경상사고,0,0,1,0,차량단독 - 기타,안전운전불이행,건조,맑음,단일로 - 기타,원동기,남,22세,경상,,,,
2014112300100055,2014년 11월 23일 02시,일요일,경상남도 함양군 함양읍,부상신고사고,0,0,0,1,차량단독 - 공작물충돌,안전운전불이행,건조,맑음,단일로 - 기타,승용,남,25세,부상신고,,,,
2014112300100056,2014년 11월 23일 02시,일요일,경상남도 창원시 의창구 팔용동,중상사고,0,1,0,0,차대차 - 측면직각충돌,안전운전불이행,건조,맑음,교차로 - 교차로안,승용,남,23세,상해없음,승용,남,66세,중상
2014112300100105,2014년 11월 23일 06시,일요일,경상남도 고성군 고성읍,중상사고,0,1,0,0,차대사람 - 보도통행중,안전운전불이행,건조,맑음,교차로 - 교차로안,승용,남,56세,상해없음,보행자,여,54세,중상
2014112300100106,2014년 11월 23일 06시,일요일,경상남도 창원시 마산회원구 양덕동,중상사고,0,1,0,0,차대차 - 정면충돌,신호위반,건조,맑음,교차로 - 교차로안,승용,남,32세,상해없음,이륜,남,58세,중상
2014112300100129,2014년 11월 23일 08시,일요일,경상남도 사천시 곤양면,중상사고,0,2,2,0,차대차 - 기타,직진우회전진행방해,건조,맑음,교차로 - 교차로안,승용,여,49세,경상,승용,남,53세,경상
2014112300100168,2014년 11월 23일 10시,일요일,경상남도 남해군 창선면,경상사고,0,0,1,0,차대차 - 측면직각충돌,중앙선침범,건조,맑음,단일로 - 기타,농기계,남,70세,상해없음,이륜,남,25세,경상
2014112300100198,2014년 11월 23일 12시,일요일,경상남도 김해시 장유면,경상사고,0,0,2,0,차대차 - 기타,안전운전불이행,건조,맑음,단일로 - 기타,화물,남,53세,상해없음,승용,남,68세,경상
2014112300100212,2014년 11월 23일 12시,일요일,경상남도 창녕군 대합면,중상사고,0,1,0,0,차대차 - 측면직각충돌,안전운전불이행,건조,맑음,교차로 - 교차로안,승용,남,51세,상해없음,이륜,여,61세,중상
2014112300100238,2014년 11월 23일 13시,일요일,경상남도 창녕군 남지읍,중상사고,0,1,0,0,차대차 - 측면직각충돌,안전운전불이행,건조,맑음,단일로 - 기타,승용,남,58세,상해없음,이륜,남,22세,중상
2014112300100239,2014년 11월 23일 13시,일요일,경상남도 양산시 덕계동,경상사고,0,0,1,0,차대차 - 기타,안전운전불이행,건조,맑음,교차로 - 교차로부근,승용,남,48세,상해없음,화물,남,25세,경상
2014112300100267,2014년 11월 23일 14시,일요일,경상남도 창원시 의창구 팔용동,경상사고,0,0,2,0,차대차 - 측면직각충돌,안전거리미확보,건조,맑음,단일로 - 기타,건설기계,남,70세,상해없음,승용,여,33세,경상
2014112300100312,2014년 11월 23일 16시,일요일,경상남도 진주시 내동면,중상사고,0,1,0,0,차대차 - 추돌 - 주정차중,안전운전불이행,건조,맑음,교차로 - 교차로부근,이륜,남,25세,중상,화물,여,59세,상해없음
2014112300100313,2014년 11월 23일 16시,일요일,경상남도 통영시 욕지면,중상사고,0,1,0,0,차대차 - 정면충돌,안전운전불이행,건조,맑음,단일로 - 기타,화물,남,54세,상해없음,화물,남,61세,중상
2014112300100351,2014년 11월 23일 17시,일요일,경상남도 김해시 구산동,경상사고,0,0,1,0,차대사람 - 횡단중,보행자보호의무위반,건조,맑음,단일로 - 기타,승용,여,28세,상해없음,보행자,남,32세,경상
2014112300100352,2014년 11월 23일 17시,일요일,경상남도 함안군 가야읍,경상사고,0,0,4,0,차대차 - 기타,기타,건조,맑음,단일로 - 기타,화물,남,54세,상해없음,승용,여,54세,경상
2014112300100353,2014년 11월 23일 17시,일요일,경상남도 함안군 가야읍,경상사고,0,0,1,0,차대차 - 추돌 - 주정차중,안전운전불이행,건조,맑음,교차로 - 교차로부근,승용,여,47세,상해없음,승용,남,27세,경상