사고번호,사고일시,요일,시군구,사고내용,사망자수,중상자수,경상자수,부상신고자수,사고유형,법규위반,노면상태,기상상태,도로형태,가해운전자 차종,가해운전자 성별,가해운전자 연령,가해운전자 상해정도,피해운전자 차종,피해운전자 성별,피해운전자 연령,피해운전자 상해정도
2014112600100363,2014년 11월 26일 16시,수요일,경상남도 사천시 사천읍,중상사고,0,1,0,0,차대차 - 측면직각충돌,안전운전불이행,건조,맑음,교차로 - 교차로부근,승합,남,55세,상해없음,승용,여,56세,중상
2014112600100364,2014년 11월 26일 16시,수요일,경상남도 사천시 정동면,중상사고,0,1,0,0,차대차 - 측면직각충돌,신호위반,건조,맑음,교차로 - 교차로안,승용,남,74세,중상,화물,남,62세,상해없음
2014112600100365,2014년 11월 26일 16시,수요일,경상남도 김해시 대동면,경상사고,0,0,1,0,차대차 - 추돌 - 진행중,기타,건조,맑음,교차로 - 교차로부근,화물,남,32세,상해없음,승합,남,64세,경상
2014112600100366,2014년 11월 26일 16시,수요일,경상남도 거창군 거창읍,중상사고,0,1,0,0,차대차 - 추돌 - 진행중,안전거리미확보,건조,맑음,교차로 - 교차로안,화물,남,33세,상해없음,승용,여,60세,상해없음
2014112600100420,2014년 11월 26일 17시,수요일,경상남도 창원시 진해구 이동,중상사고,0,1,0,0,차대사람 - 횡단중,보행자보호의무위반,건조,맑음,교차로 - 교차로안,승용,여,50세,상해없음,보행자,여,57세,중상
2014112600100421,2014년 11월 26일 17시,수요일,경상남도 김해시 부원동,경상사고,0,0,1,0,차대차 - 추돌 - 진행중,안전운전불이행,건조,맑음,단일로 - 기타,화물,남,46세,상해없음,승용,남,55세,경상
2014112600100422,2014년 11월 26일 17시,수요일,경상남도 창녕군 부곡면,경상사고,0,0,3,0,차대차 - 측면직각충돌,직진우회전진행방해,건조,맑음,교차로 - 교차로안,승용,남,76세,상해없음,승용,남,71세,경상
2014112600100423,2014년 11월 26일 17시,수요일,경상남도 남해군 이동면,경상사고,0,0,1,0,차대차 - 정면충돌,중앙선침범,건조,기타,단일로 - 기타,화물,남,59세,상해없음,승합,남,47세,경상
2014112600100441,2014년 11월 26일 18시,수요일,경상남도 김해시 대동면,경상사고,0,0,1,0,차대차 - 기타,안전운전불이행,건조,맑음,단일로 - 기타,승용,남,34세,상해없음,승용,여,47세,경상
2014112600100476,2014년 11월 26일 18시,수요일,경상남도 고성군 마암면,경상사고,0,0,1,0,차대차 - 측면직각충돌,안전운전불이행,건조,맑음,단일로 - 기타,화물,남,53세,상해없음,이륜,남,32세,경상
2014112600100477,2014년 11월 26일 18시,수요일,경상남도 남해군 설천면,중상사고,0,1,0,0,차량단독 - 기타,안전운전불이행,건조,맑음,교차로 - 교차로안,화물,남,54세,중상,,,,
2014112600100478,2014년 11월 26일 18시,수요일,경상남도 산청군 신등면,경상사고,0,0,1,0,차량단독 - 전도전복,안전운전불이행,건조,맑음,단일로 - 기타,원동기,남,56세,경상,,,,
2014112600100479,2014년 11월 26일 18시,수요일,경상남도 창원시 마산회원구 양덕동,중상사고,0,1,2,0,차대차 - 추돌 - 주정차중,안전운전불이행,건조,맑음,교차로 - 교차로부근,승용,남,52세,상해없음,승용,여,49세,중상
2014112600100518,2014년 11월 26일 19시,수요일,경상남도 사천시 동금동,경상사고,0,0,1,0,차대차 - 기타,안전운전불이행,건조,맑음,교차로 - 교차로부근,승용,남,57세,상해없음,승용,여,58세,상해없음
2014112600100519,2014년 11월 26일 19시,수요일,경상남도 창원시 성산구 대방동,중상사고,0,1,0,0,차대사람 - 기타,안전운전불이행,건조,맑음,단일로 - 횡단보도상,이륜,남,17세,상해없음,보행자,남,12세,중상
2014112600100520,2014년 11월 26일 19시,수요일,경상남도 창원시 마산회원구 구암동,경상사고,0,0,1,0,차대차 - 추돌 - 진행중,안전운전불이행,건조,맑음,단일로 - 기타,승용,남,55세,상해없음,승용,남,33세,경상
2014112600100521,2014년 11월 26일 19시,수요일,경상남도 김해시 장유면,중상사고,0,1,3,0,차대차 - 추돌 - 진행중,안전운전불이행,건조,맑음,단일로 - 기타,화물,남,44세,상해없음,승용,남,59세,경상
2014112600100563,2014년 11월 26일 20시,수요일,경상남도 진주시 하대동,중상사고,0,1,0,0,차대차 - 측면직각충돌,신호위반,건조,맑음,교차로 - 교차로안,승용,남,35세,상해없음,승용,남,43세,중상
2014112600100564,2014년 11월 26일 20시,수요일,경상남도 창녕군 계성면,중상사고,0,2,0,0,차대차 - 추돌 - 주정차중,안전운전불이행,건조,맑음,단일로 - 기타,화물,남,41세,상해없음,화물,여,57세,중상
2014112600100601,2014년 11월 26일 21시,수요일,경상남도 하동군 금남면,중상사고,0,1,0,0,차대사람 - 횡단중,교차로운행방법위반,건조,맑음,교차로 - 교차로안,승용,남,33세,상해없음,보행자,남,48세,중상
2014112600100635,2014년 11월 26일 22시,수요일,경상남도 산청군 신안면,경상사고,0,0,1,0,차대사람 - 기타,안전운전불이행,건조,맑음,단일로 - 기타,화물,남,58세,기타불명,보행자,남,47세,경상
2014112700100013,2014년 11월 27일 00시,목요일,경상남도 김해시 내동,경상사고,0,0,1,0,차대차 - 추돌 - 진행중,안전운전불이행,건조,맑음,단일로 - 기타,승용,남,27세,상해없음,승용,여,38세,경상
2014112700100049,2014년 11월 27일 02시,목요일,경상남도 밀양시 가곡동,경상사고,0,0,2,0,차대사람 - 기타,안전운전불이행,건조,맑음,교차로 - 교차로부근,승용,남,21세,상해없음,보행자,남,74세,경상
2014112700100061,2014년 11월 27일 05시,목요일,경상남도 김해시 장유면,사망사고,1,0,0,0,차대사람 - 횡단중,안전운전불이행,건조,맑음,기타 - 기타,화물,남,50세,상해없음,보행자,여,84세,사망
2014112700100080,2014년 11월 27일 06시,목요일,경상남도 통영시 광도면,사망사고,1,0,0,0,차대차 - 측면직각충돌,안전운전불이행,건조,맑음,교차로 - 교차로안,승용,여,54세,상해없음,화물,남,57세,사망
2014112700100081,2014년 11월 27일 06시,목요일,경상남도 창원시 마산회원구 합성동,경상사고,0,0,1,0,차대차 - 추돌 - 진행중,안전운전불이행,건조,맑음,단일로 - 기타,승용,남,64세,상해없음,승용,여,35세,경상
2014112700100104,2014년 11월 27일 07시,목요일,경상남도 사천시 동금동,중상사고,0,1,0,0,차대차 - 측면직각충돌,교차로운행방법위반,건조,맑음,교차로 - 교차로안,승용,남,55세,상해없음,승용,여,53세,중상
2014112700100105,2014년 11월 27일 07시,목요일,경상남도 김해시 삼계동,경상사고,0,0,1,0,차대차 - 측면직각충돌,교차로운행방법위반,건조,맑음,교차로 - 교차로안,건설기계,남,54세,상해없음,승용,남,65세,경상
2014112700100106,2014년 11월 27일 07시,목요일,경상남도 창원시 성산구 사파동,경상사고,0,0,1,0,차대차 - 기타,신호위반,건조,맑음,단일로 - 횡단보도상,승용,여,49세,상해없음,자전거,여,41세,경상
2014112700100144,2014년 11월 27일 08시,목요일,경상남도 진주시 내동면,경상사고,0,0,1,0,차대차 - 측면직각충돌,신호위반,건조,맑음,교차로 - 교차로안,승용,남,54세,상해없음,승용,남,50세,경상
2014112700100145,2014년 11월 27일 08시,목요일,경상남도 밀양시 삼랑진읍,경상사고,0,0,1,0,차대차 - 정면충돌,중앙선침범,습기,안개,단일로 - 기타,승용,남,32세,상해없음,승용,남,54세,경상
2014112700100147,2014년 11월 27일 08시,목요일,경상남도 양산시 신기동,부상신고사고,0,0,0,1,차대차 - 기타,안전거리미확보,건조,맑음,교차로 - 교차로부근,화물,남,48세,상해없음,승용,여,31세,부상신고
2014112700100178,2014년 11월 27일 09시,목요일,경상남도 창원시 진해구 풍호동,경상사고,0,0,1,0,차대차 - 기타,안전운전불이행,습기,맑음,교차로 - 교차로안,자전거,남,20세,경상,승용,여,28세,상해없음
2014112700100212,2014년 11월 27일 10시,목요일,경상남도 하동군 하동읍,경상사고,0,0,1,0,차대차 - 측면직각충돌,안전운전불이행,건조,맑음,단일로 - 기타,기타불명,남,30세,기타불명,원동기,남,45세,경상
2014112700100213,2014년 11월 27일 10시,목요일,경상남도 창원시 성산구 상남동,중상사고,0,1,0,0,차대차 - 기타,교차로운행방법위반,기타,맑음,교차로 - 교차로안,화물,남,61세,상해없음,승용,여,34세,중상
2014112700100236,2014년 11월 27일 11시,목요일,경상남도 의령군 부림면,중상사고,0,1,1,0,차대차 - 측면직각충돌,교차로운행방법위반,건조,맑음,교차로 - 교차로안,승용,남,62세,중상,승용,남,33세,경상
2014112700100237,2014년 11월 27일 11시,목요일,경상남도 창원시 의창구 팔용동,중상사고,0,1,0,0,차대차 - 측면직각충돌,신호위반,건조,맑음,교차로 - 교차로안,승합,남,44세,상해없음,승용,여,47세,중상
2014112700100263,2014년 11월 27일 12시,목요일,경상남도 통영시 광도면,경상사고,0,0,1,0,차대차 - 추돌 - 진행중,안전거리미확보,건조,맑음,교차로 - 교차로부근,승용,여,54세,상해없음,화물,남,55세,경상
2014112700100292,2014년 11월 27일 13시,목요일,경상남도 고성군 동해면,부상신고사고,0,0,0,1,차대사람 - 기타,안전운전불이행,건조,맑음,기타 - 기타,승용,남,50세,상해없음,보행자,남,31세,부상신고
2014112700100322,2014년 11월 27일 14시,목요일,경상남도 사천시 동금동,경상사고,0,0,1,0,차대차 - 추돌 - 주정차중,안전운전불이행,건조,맑음,교차로 - 교차로부근,승용,남,40세,상해없음,화물,남,47세,경상
2014112700100324,2014년 11월 27일 14시,목요일,경상남도 고성군 고성읍,경상사고,0,0,2,0,차대차 - 측면직각충돌,차로위반,건조,맑음,단일로 - 기타,화물,남,35세,상해없음,승용,남,33세,경상
2014112700100351,2014년 11월 27일 15시,목요일,경상남도 밀양시 청도면,경상사고,0,0,1,0,차대차 - 추돌 - 진행중,안전운전불이행,건조,맑음,단일로 - 기타,이륜,남,24세,상해없음,이륜,남,27세,경상
2014112700100352,2014년 11월 27일 15시,목요일,경상남도 거창군 남상면,경상사고,0,0,1,0,차대차 - 정면충돌,안전운전불이행,건조,맑음,단일로 - 기타,화물,남,70세,상해없음,승용,남,47세,경상
2014112700100353,2014년 11월 27일 15시,목요일,경상남도 고성군 회화면,경상사고,0,0,2,0,차대차 - 추돌 - 진행중,안전운전불이행,건조,맑음,단일로 - 기타,화물,남,40세,상해없음,승용,여,42세,경상
2014112700100354,2014년 11월 27일 15시,목요일,경상남도 거제시 상동동,경상사고,0,0,1,0,차대사람 - 기타,안전운전불이행,건조,맑음,단일로 - 기타,승용,여,54세,상해없음,보행자,남,9세,경상
2014112700100355,2014년 11월 27일 15시,목요일,경상남도 거제시 상동동,경상사고,0,0,1,4,차대차 - 기타,교차로운행방법위반,건조,맑음,교차로 - 교차로안,화물,남,43세,상해없음,승합,여,42세,경상
2014112700100376,2014년 11월 27일 16시,목요일,경상남도 통영시 한산면,경상사고,0,0,2,0,차대차 - 정면충돌,중앙선침범,건조,맑음,단일로 - 기타,승용,여,57세,상해없음,승합,남,65세,경상
2014112700100377,2014년 11월 27일 16시,목요일,경상남도 거제시 거제면,경상사고,0,0,1,0,차대차 - 기타,안전운전불이행,건조,맑음,단일로 - 기타,승용,여,64세,상해없음,승용,남,49세,경상
2014112700100414,2014년 11월 27일 17시,목요일,경상남도 양산시 동면,중상사고,0,1,0,0,차대차 - 기타,안전운전불이행,건조,맑음,단일로 - 기타,원동기,남,58세,중상,승용,남,62세,상해없음
2014112700100415,2014년 11월 27일 17시,목요일,경상남도 창원시 의창구 사림동,중상사고,0,2,1,0,차대차 - 기타,안전거리미확보,기타,맑음,단일로 - 기타,승합,남,50세,상해없음,승용,남,26세,중상
2014112700100416,2014년 11월 27일 17시,목요일,경상남도 김해시 한림면,중상사고,0,1,0,0,차대차 - 기타,안전운전불이행,건조,맑음,단일로 - 기타,승용,남,41세,상해없음,이륜,남,76세,중상
2014112700100479,2014년 11월 27일 18시,목요일,경상남도 함양군 서상면,경상사고,0,0,1,0,차대차 - 기타,안전거리미확보,건조,맑음,단일로 - 기타,화물,기타불명,기타불명,기타불명,승용,남,29세,경상
2014112700100515,2014년 11월 27일 19시,목요일,경상남도 창원시 진해구 용원동,부상신고사고,0,0,0,1,차대사람 - 기타,안전운전불이행,건조,맑음,교차로 - 교차로부근,승용,여,48세,기타불명,보행자,남,40세,부상신고
2014112700100516,2014년 11월 27일 19시,목요일,경상남도 양산시 삼호동,중상사고,0,1,0,0,차대차 - 측면직각충돌,안전운전불이행,건조,맑음,교차로 - 교차로부근,이륜,남,23세,중상,승용,여,41세,상해없음
2014112700100517,2014년 11월 27일 19시,목요일,경상남도 진주시 가좌동,경상사고,0,0,1,0,차대차 - 기타,안전운전불이행,건조,맑음,단일로 - 기타,기타불명,기타불명,기타불명,기타불명,승용,남,31세,경상
2014112700100550,2014년 11월 27일 20시,목요일,경상남도 김해시 내동,경상사고,0,0,1,0,차대차 - 기타,안전운전불이행,건조,맑음,교차로 - 교차로부근,승용,남,39세,상해없음,자전거,여,18세,경상
2014112700100551,2014년 11월 27일 20시,목요일,경상남도 양산시 물금읍,중상사고,0,1,0,0,차대차 - 기타,안전운전불이행,건조,맑음,단일로 - 기타,승용,남,49세,상해없음,원동기,남,22세,중상
2014112700100552,2014년 11월 27일 20시,목요일,경상남도 의령군 용덕면,부상신고사고,0,0,0,1,차량단독 - 도로외이탈 - 추락,안전운전불이행,건조,흐림,교차로 - 교차로안,승합,남,66세,부상신고,,,,
2014112700100553,2014년 11월 27일 20시,목요일,경상남도 창원시 의창구 팔용동,경상사고,0,0,2,0,차대차 - 추돌 - 진행중,안전거리미확보,건조,맑음,단일로 - 기타,승용,남,40세,상해없음,승용,여,45세,경상
2014112700100589,2014년 11월 27일 21시,목요일,경상남도 창원시 성산구 상남동,경상사고,0,0,2,0,차대차 - 추돌 - 진행중,안전운전불이행,건조,맑음,단일로 - 기타,승용,남,57세,상해없음,승합,여,52세,경상
2014112700100619,2014년 11월 27일 22시,목요일,경상남도 양산시 중부동,중상사고,0,1,0,0,차대차 - 기타,교차로운행방법위반,건조,맑음,교차로 - 교차로안,승용,여,52세,상해없음,원동기,남,17세,중상
2014112800100021,2014년 11월 28일 00시,금요일,경상남도 양산시 덕계동,경상사고,0,0,1,1,차대차 - 측면직각충돌,교차로운행방법위반,건조,맑음,교차로 - 교차로안,승용,남,69세,상해없음,승용,남,36세,상해없음
2014112800100040,2014년 11월 28일 01시,금요일,경상남도 창원시 마산합포구 월영동,중상사고,0,1,0,0,차대차 - 추돌 - 진행중,안전거리미확보,건조,흐림,교차로 - 교차로부근,승용,남,42세,상해없음,승용,남,62세,중상
2014112800100103,2014년 11월 28일 06시,금요일,경상남도 김해시 구산동,중상사고,0,1,0,0,차대차 - 추돌 - 진행중,안전운전불이행,건조,맑음,단일로 - 기타,승용,여,31세,상해없음,자전거,남,50세,중상
2014112800100104,2014년 11월 28일 06시,금요일,경상남도 김해시 주촌면,경상사고,0,0,1,0,차대차 - 기타,안전운전불이행,건조,맑음,교차로 - 교차로안,승용,남,55세,상해없음,승합,남,45세,경상
2014112800100127,2014년 11월 28일 07시,금요일,경상남도 사천시 향촌동,중상사고,0,1,0,0,차대사람 - 기타,기타,건조,맑음,단일로 - 기타,승용,남,65세,상해없음,보행자,여,17세,중상
2014112800100128,2014년 11월 28일 07시,금요일,경상남도 사천시 용현면,경상사고,0,0,1,0,차대차 - 기타,안전운전불이행,건조,맑음,단일로 - 기타,특수,남,40세,상해없음,승용,남,21세,경상
2014112800100157,2014년 11월 28일 08시,금요일,경상남도 창원시 마산합포구 중앙동1가,중상사고,0,1,0,0,차대차 - 측면직각충돌,신호위반,건조,맑음,교차로 - 교차로안,승용,여,27세,상해없음,원동기,남,66세,중상
2014112800100158,2014년 11월 28일 08시,금요일,경상남도 통영시 무전동,중상사고,0,1,0,0,차대사람 - 횡단중,신호위반,건조,맑음,교차로 - 교차로부근,승용,남,58세,상해없음,보행자,여,66세,중상
2014112800100159,2014년 11월 28일 08시,금요일,경상남도 거제시 연초면,중상사고,0,1,0,0,차대차 - 기타,안전운전불이행,건조,맑음,단일로 - 기타,승용,남,53세,상해없음,승합,남,43세,상해없음
2014112800100160,2014년 11월 28일 08시,금요일,경상남도 거제시 고현동,부상신고사고,0,0,0,1,차대차 - 기타,교차로운행방법위반,건조,맑음,교차로 - 교차로부근,승용,남,55세,상해없음,승합,남,38세,상해없음
2014112800100200,2014년 11월 28일 09시,금요일,경상남도 창녕군 이방면,중상사고,0,1,0,0,차대차 - 측면직각충돌,교차로운행방법위반,건조,흐림,교차로 - 교차로안,승용,여,30세,상해없음,원동기,남,76세,중상
2014112800100201,2014년 11월 28일 09시,금요일,경상남도 양산시 북정동,경상사고,0,0,2,1,차대차 - 측면직각충돌,직진우회전진행방해,건조,맑음,교차로 - 교차로안,승용,남,46세,상해없음,승용,여,60세,경상
2014112800100202,2014년 11월 28일 09시,금요일,경상남도 의령군 부림면,경상사고,0,0,1,0,차대차 - 측면직각충돌,교차로운행방법위반,건조,맑음,교차로 - 교차로안,승용,남,67세,상해없음,화물,남,53세,경상
2014112800100233,2014년 11월 28일 10시,금요일,경상남도 진주시 상대동,경상사고,0,0,1,0,차대차 - 측면직각충돌,교차로운행방법위반,건조,맑음,교차로 - 교차로안,승용,여,49세,상해없음,승용,남,45세,경상
2014112800100234,2014년 11월 28일 10시,금요일,경상남도 거창군 거창읍,중상사고,0,2,0,0,차대차 - 측면직각충돌,신호위반,습기,비,교차로 - 교차로안,이륜,남,75세,중상,화물,남,45세,상해없음
2014112800100235,2014년 11월 28일 10시,금요일,경상남도 거제시 고현동,중상사고,0,1,0,0,차대사람 - 기타,안전운전불이행,건조,맑음,단일로 - 기타,승용,여,39세,상해없음,보행자,여,25세,중상
2014112800100335,2014년 11월 28일 13시,금요일,경상남도 창원시 의창구 용호동,경상사고,0,0,2,0,차대차 - 기타,안전거리미확보,건조,맑음,단일로 - 기타,승합,남,62세,상해없음,승용,여,48세,경상
2014112800100432,2014년 11월 28일 16시,금요일,경상남도 창원시 진해구 안골동,경상사고,0,0,1,0,차대사람 - 차도통행중,안전운전불이행,건조,흐림,단일로 - 기타,화물,남,53세,상해없음,보행자,여,60세,경상
2014112800100433,2014년 11월 28일 16시,금요일,경상남도 사천시 벌리동,경상사고,0,0,1,0,차대차 - 기타,안전운전불이행,건조,맑음,단일로 - 기타,승용,여,52세,상해없음,자전거,남,12세,경상
2014112800100434,2014년 11월 28일 16시,금요일,경상남도 김해시 외동,중상사고,0,1,0,0,차대차 - 측면직각충돌,안전운전불이행,건조,흐림,단일로 - 기타,자전거,여,52세,중상,승용,남,49세,상해없음
2014112800100435,2014년 11월 28일 16시,금요일,경상남도 고성군 거류면,경상사고,0,0,1,0,차대사람 - 기타,안전운전불이행,건조,맑음,단일로 - 기타,승합,남,61세,상해없음,보행자,남,29세,경상
2014112800100436,2014년 11월 28일 16시,금요일,경상남도 남해군 상주면,경상사고,0,0,2,0,차대차 - 측면직각충돌,중앙선침범,습기,비,기타 - 기타,승용,남,43세,상해없음,승용,남,28세,경상
2014112800100493,2014년 11월 28일 17시,금요일,경상남도 거제시 동부면,경상사고,0,0,1,0,차대차 - 기타,중앙선침범,습기,비,단일로 - 기타,승용,남,48세,상해없음,승용,여,55세,상해없음
2014112800100494,2014년 11월 28일 17시,금요일,경상남도 창원시 마산회원구 구암동,경상사고,0,0,1,0,차대사람 - 기타,안전운전불이행,건조,맑음,교차로 - 교차로부근,승용,여,42세,상해없음,보행자,여,17세,경상
2014112800100555,2014년 11월 28일 18시,금요일,경상남도 진주시 하대동,중상사고,0,1,0,0,차대사람 - 횡단중,보행자보호의무위반,건조,맑음,교차로 - 교차로안,승용,남,25세,상해없음,보행자,남,74세,중상
2014112800100556,2014년 11월 28일 18시,금요일,경상남도 창원시 진해구 장천동,중상사고,0,1,0,0,차대사람 - 횡단중,신호위반,건조,맑음,교차로 - 교차로부근,승용,남,52세,상해없음,보행자,여,74세,중상
2014112800100557,2014년 11월 28일 18시,금요일,경상남도 밀양시 하남읍,경상사고,0,0,1,0,차대사람 - 차도통행중,안전운전불이행,건조,맑음,단일로 - 교량,승용,남,53세,상해없음,보행자,남,67세,경상
2014112800100559,2014년 11월 28일 18시,금요일,경상남도 양산시 어곡동,경상사고,0,0,1,0,차대차 - 측면직각충돌,안전운전불이행,건조,맑음,단일로 - 기타,화물,남,48세,상해없음,승용,여,56세,경상
2014112800100629,2014년 11월 28일 19시,금요일,경상남도 창원시 진해구 용원동,중상사고,0,1,0,0,차대차 - 측면직각충돌,교차로운행방법위반,건조,맑음,교차로 - 교차로안,승용,남,44세,중상,특수,남,49세,상해없음
2014112800100630,2014년 11월 28일 19시,금요일,경상남도 창원시 진해구 용원동,경상사고,0,0,1,0,차대차 - 측면직각충돌,교차로운행방법위반,건조,맑음,교차로 - 교차로안,승용,남,34세,경상,승용,남,46세,상해없음
2014112800100631,2014년 11월 28일 19시,금요일,경상남도 양산시 중부동,경상사고,0,0,1,0,차대차 - 측면직각충돌,신호위반,건조,맑음,교차로 - 교차로안,승용,여,59세,상해없음,이륜,남,18세,경상
2014112800100632,2014년 11월 28일 19시,금요일,경상남도 양산시 동면,부상신고사고,0,0,0,3,차대차 - 측면직각충돌,직진우회전진행방해,건조,맑음,교차로 - 교차로안,승용,남,54세,상해없음,승합,남,55세,상해없음
2014112800100633,2014년 11월 28일 19시,금요일,경상남도 함안군 가야읍,경상사고,0,0,1,0,차대차 - 추돌 - 진행중,안전운전불이행,건조,흐림,교차로 - 교차로부근,승용,여,45세,상해없음,승용,여,23세,경상
2014112800100683,2014년 11월 28일 20시,금요일,경상남도 창원시 마산합포구 구산면,사망사고,1,0,0,0,차량단독 - 전도전복,안전운전불이행,습기,흐림,단일로 - 기타,승용,남,35세,사망,,,,
2014112800100684,2014년 11월 28일 20시,금요일,경상남도 진주시 신안동,중상사고,0,1,0,0,차대차 - 측면직각충돌,안전거리미확보,건조,맑음,단일로 - 기타,승용,남,50세,상해없음,이륜,남,18세,중상
2014112800100685,2014년 11월 28일 20시,금요일,경상남도 김해시 삼정동,경상사고,0,0,1,0,차대사람 - 차도통행중,안전운전불이행,건조,맑음,단일로 - 기타,기타불명,기타불명,기타불명,기타불명,보행자,여,14세,경상
2014112800100686,2014년 11월 28일 20시,금요일,경상남도 양산시 유산동,경상사고,0,0,1,0,차대차 - 기타,안전거리미확보,건조,맑음,교차로 - 교차로부근,승합,남,62세,상해없음,승용,남,29세,경상
2014112800100687,2014년 11월 28일 20시,금요일,경상남도 거제시 고현동,경상사고,0,0,1,0,차대차 - 기타,기타,습기,비,단일로 - 기타,승용,남,41세,상해없음,승용,여,50세,경상
2014112800100722,2014년 11월 28일 21시,금요일,경상남도 진주시 평거동,경상사고,0,0,1,0,차량단독 - 전도전복,안전운전불이행,습기,비,단일로 - 교량,이륜,남,16세,경상,,,,
2014112800100723,2014년 11월 28일 21시,금요일,경상남도 창원시 진해구 용원동,경상사고,0,0,4,0,차대차 - 기타,안전운전불이행,건조,맑음,단일로 - 기타,화물,남,51세,상해없음,원동기,남,18세,경상
2014112800100757,2014년 11월 28일 22시,금요일,경상남도 창원시 진해구 태백동,중상사고,0,1,0,0,차대차 - 측면직각충돌,신호위반,건조,맑음,교차로 - 교차로안,승용,남,44세,상해없음,승용,남,26세,중상
2014112800100758,2014년 11월 28일 22시,금요일,경상남도 창원시 진해구 경화동,경상사고,0,0,1,0,차대차 - 추돌 - 주정차중,안전운전불이행,건조,맑음,단일로 - 기타,승용,남,42세,상해없음,승용,남,55세,경상
2014112800100759,2014년 11월 28일 22시,금요일,경상남도 양산시 중부동,중상사고,0,1,0,0,차대차 - 측면직각충돌,신호위반,건조,맑음,교차로 - 교차로안,화물,남,54세,상해없음,승용,남,24세,중상
2014112800100786,2014년 11월 28일 23시,금요일,경상남도 사천시 사천읍,중상사고,0,1,0,0,차대차 - 기타,교차로운행방법위반,습기,흐림,교차로 - 교차로안,승용,남,55세,상해없음,이륜,남,28세,중상
2014112900100015,2014년 11월 29일 00시,토요일,경상남도 진주시 상평동,중상사고,0,1,1,0,차대차 - 추돌 - 진행중,안전운전불이행,건조,맑음,교차로 - 교차로부근,승용,남,46세,상해없음,승용,남,28세,중상
2014112900100016,2014년 11월 29일 00시,토요일,경상남도 김해시 내동,중상사고,0,1,0,0,차대사람 - 횡단중,안전운전불이행,건조,맑음,교차로 - 교차로안,승용,남,39세,상해없음,보행자,남,48세,중상
2014112900100058,2014년 11월 29일 02시,토요일,경상남도 창원시 마산합포구 서성동,경상사고,0,0,1,0,차대차 - 추돌 - 주정차중,안전운전불이행,건조,맑음,단일로 - 기타,승용,남,32세,상해없음,승용,남,53세,경상
2014112900100059,2014년 11월 29일 02시,토요일,경상남도 창원시 마산합포구 신포동2가,경상사고,0,0,3,0,차대차 - 측면직각충돌,안전운전불이행,건조,맑음,교차로 - 교차로안,승용,남,29세,상해없음,승용,여,52세,경상
2014112900100123,2014년 11월 29일 06시,토요일,경상남도 김해시 동상동,중상사고,0,1,0,0,차량단독 - 공작물충돌,안전운전불이행,건조,맑음,단일로 - 기타,승용,여,53세,중상,,,,
2014112900100160,2014년 11월 29일 08시,토요일,경상남도 고성군 대가면,경상사고,0,0,1,0,차대차 - 추돌 - 주정차중,안전운전불이행,건조,맑음,단일로 - 기타,승용,남,76세,상해없음,화물,남,45세,상해없음
2014112900100175,2014년 11월 29일 09시,토요일,경상남도 함안군 가야읍,경상사고,0,0,1,0,차대차 - 측면직각충돌,안전운전불이행,건조,맑음,교차로 - 교차로안,화물,남,59세,상해없음,승용,남,39세,경상
2014112900100210,2014년 11월 29일 10시,토요일,경상남도 밀양시 삼문동,경상사고,0,0,1,0,차대차 - 추돌 - 진행중,안전운전불이행,건조,맑음,단일로 - 기타,승용,남,51세,상해없음,화물,남,51세,상해없음
2014112900100250,2014년 11월 29일 11시,토요일,경상남도 양산시 중부동,부상신고사고,0,0,0,1,차대차 - 기타,안전운전불이행,건조,맑음,교차로 - 교차로부근,승용,남,47세,부상신고,승용,여,48세,상해없음
2014112900100272,2014년 11월 29일 12시,토요일,경상남도 진주시 상대동,경상사고,0,0,1,0,차대차 - 측면직각충돌,안전운전불이행,건조,맑음,교차로 - 교차로안,승용,남,28세,상해없음,자전거,남,14세,경상
2014112900100273,2014년 11월 29일 12시,토요일,경상남도 사천시 서동,경상사고,0,0,1,0,차대차 - 추돌 - 주정차중,안전운전불이행,건조,맑음,단일로 - 기타,화물,남,35세,상해없음,승용,남,59세,경상
2014112900100274,2014년 11월 29일 12시,토요일,경상남도 거제시 옥포동,경상사고,0,0,1,0,차대차 - 기타,안전운전불이행,건조,맑음,단일로 - 기타,원동기,남,65세,상해없음,원동기,남,18세,경상
2014112900100313,2014년 11월 29일 13시,토요일,경상남도 창원시 마산합포구 창동,중상사고,0,1,0,0,차대사람 - 기타,중앙선침범,건조,맑음,단일로 - 기타,화물,여,50세,상해없음,보행자,여,67세,중상
2014112900100314,2014년 11월 29일 13시,토요일,경상남도 창원시 진해구 이동,경상사고,0,0,1,0,차대차 - 측면직각충돌,안전운전불이행,건조,맑음,교차로 - 교차로안,자전거,남,11세,경상,승용,여,34세,상해없음
2014112900100355,2014년 11월 29일 14시,토요일,경상남도 통영시 미수동,중상사고,0,1,0,0,차대사람 - 기타,안전운전불이행,건조,맑음,단일로 - 기타,승용,남,52세,상해없음,보행자,여,76세,중상