사고번호,사고일시,요일,시군구,사고내용,사망자수,중상자수,경상자수,부상신고자수,사고유형,법규위반,노면상태,기상상태,도로형태,가해운전자 차종,가해운전자 성별,가해운전자 연령,가해운전자 상해정도,피해운전자 차종,피해운전자 성별,피해운전자 연령,피해운전자 상해정도
2014120200100201,2014년 12월 2일 11시,화요일,경상남도 김해시 생림면,경상사고,0,0,1,0,차대차 - 측면직각충돌,교차로운행방법위반,건조,맑음,교차로 - 교차로안,화물,남,24세,상해없음,승용,여,50세,경상
2014120200100224,2014년 12월 2일 12시,화요일,경상남도 양산시 물금읍,경상사고,0,0,1,0,차대차 - 기타,직진우회전진행방해,건조,맑음,교차로 - 교차로안,승용,여,71세,상해없음,승용,남,48세,경상
2014120200100225,2014년 12월 2일 12시,화요일,경상남도 김해시 진영읍,중상사고,0,1,0,0,차대차 - 기타,안전운전불이행,건조,맑음,단일로 - 기타,승용,남,37세,상해없음,이륜,남,77세,중상
2014120200100249,2014년 12월 2일 13시,화요일,경상남도 김해시 서상동,중상사고,0,1,1,0,차대차 - 측면직각충돌,교차로운행방법위반,건조,맑음,교차로 - 교차로안,화물,남,47세,상해없음,이륜,여,51세,경상
2014120200100250,2014년 12월 2일 13시,화요일,경상남도 산청군 산청읍,중상사고,0,1,1,0,차대차 - 추돌 - 진행중,안전운전불이행,건조,맑음,단일로 - 기타,화물,남,54세,상해없음,승용,여,64세,중상
2014120200100280,2014년 12월 2일 14시,화요일,경상남도 진주시 문산읍,경상사고,0,0,1,0,차대차 - 측면직각충돌,안전운전불이행,건조,맑음,단일로 - 기타,승용,남,65세,상해없음,승용,남,40세,경상
2014120200100281,2014년 12월 2일 14시,화요일,경상남도 창원시 진해구 덕산동,중상사고,0,1,0,0,차대차 - 측면직각충돌,안전운전불이행,건조,맑음,교차로 - 교차로부근,화물,남,65세,상해없음,자전거,남,64세,중상
2014120200100282,2014년 12월 2일 14시,화요일,경상남도 함안군 대산면,경상사고,0,0,2,0,차대차 - 측면직각충돌,직진우회전진행방해,건조,맑음,교차로 - 교차로안,화물,남,58세,상해없음,승용,여,56세,경상
2014120200100319,2014년 12월 2일 15시,화요일,경상남도 김해시 진영읍,중상사고,0,1,0,0,차대차 - 추돌 - 진행중,안전운전불이행,건조,맑음,교차로 - 교차로안,건설기계,남,49세,상해없음,화물,남,44세,중상
2014120200100358,2014년 12월 2일 16시,화요일,경상남도 창원시 의창구 팔용동,경상사고,0,0,1,0,차대차 - 기타,안전운전불이행,건조,맑음,단일로 - 기타,특수,남,36세,상해없음,승용,남,68세,경상
2014120200100434,2014년 12월 2일 18시,화요일,경상남도 양산시 남부동,중상사고,0,1,0,0,차대차 - 기타,안전운전불이행,건조,맑음,단일로 - 기타,승용,남,19세,상해없음,이륜,여,69세,중상
2014120200100435,2014년 12월 2일 18시,화요일,경상남도 양산시 물금읍,경상사고,0,0,1,0,차대차 - 기타,직진우회전진행방해,건조,맑음,교차로 - 교차로안,승용,여,48세,상해없음,화물,남,41세,경상
2014120200100436,2014년 12월 2일 18시,화요일,경상남도 거제시 양정동,부상신고사고,0,0,0,1,차대사람 - 기타,안전운전불이행,건조,맑음,단일로 - 기타,기타불명,기타불명,기타불명,기타불명,보행자,남,7세,부상신고
2014120200100437,2014년 12월 2일 18시,화요일,경상남도 거제시 장평동,경상사고,0,0,1,0,차대차 - 기타,안전운전불이행,건조,맑음,단일로 - 기타,자전거,남,40세,기타불명,자전거,남,40세,경상
2014120200100438,2014년 12월 2일 18시,화요일,경상남도 창원시 의창구 도계동,부상신고사고,0,0,0,1,차대차 - 측면직각충돌,신호위반,건조,맑음,교차로 - 교차로안,화물,남,56세,상해없음,원동기,남,26세,부상신고
2014120200100488,2014년 12월 2일 19시,화요일,경상남도 합천군 가야면,중상사고,0,1,0,0,차대차 - 측면직각충돌,안전운전불이행,건조,맑음,단일로 - 기타,이륜,남,60세,중상,화물,남,48세,상해없음
2014120200100489,2014년 12월 2일 19시,화요일,경상남도 창원시 마산회원구 합성동,중상사고,0,1,0,0,차대차 - 기타,안전운전불이행,건조,맑음,교차로 - 교차로안,승용,남,28세,상해없음,자전거,남,61세,중상
2014120200100490,2014년 12월 2일 19시,화요일,경상남도 창원시 의창구 동읍,중상사고,0,1,0,0,차대차 - 추돌 - 진행중,안전운전불이행,건조,맑음,단일로 - 터널,승용,남,26세,상해없음,승용,여,45세,중상
2014120200100518,2014년 12월 2일 20시,화요일,경상남도 진주시 하대동,경상사고,0,0,1,0,차대사람 - 횡단중,안전운전불이행,건조,맑음,단일로 - 기타,승용,여,38세,상해없음,보행자,남,24세,경상
2014120200100519,2014년 12월 2일 20시,화요일,경상남도 창원시 진해구 이동,중상사고,0,1,0,0,차대차 - 측면직각충돌,기타,건조,맑음,단일로 - 기타,승용,남,68세,상해없음,원동기,남,35세,중상
2014120200100543,2014년 12월 2일 21시,화요일,경상남도 창원시 성산구 반림동,경상사고,0,0,2,0,차대차 - 정면충돌,중앙선침범,건조,맑음,기타 - 기타,승용,남,47세,상해없음,승용,여,31세,경상
2014120200100564,2014년 12월 2일 22시,화요일,경상남도 양산시 물금읍,중상사고,0,1,0,0,차대차 - 기타,신호위반,건조,맑음,교차로 - 교차로안,승용,남,55세,상해없음,원동기,남,17세,중상
2014120200100565,2014년 12월 2일 22시,화요일,경상남도 거제시 연초면,사망사고,1,0,0,0,차대사람 - 기타,안전운전불이행,건조,맑음,단일로 - 기타,승용,남,30세,상해없음,보행자,남,58세,사망
2014120200100590,2014년 12월 2일 23시,화요일,경상남도 김해시 삼방동,경상사고,0,0,1,0,차대차 - 추돌 - 진행중,안전운전불이행,건조,맑음,교차로 - 교차로안,이륜,남,19세,경상,승용,여,47세,상해없음
2014120300100120,2014년 12월 3일 06시,수요일,경상남도 고성군 고성읍,경상사고,0,0,1,0,차대차 - 측면직각충돌,신호위반,건조,맑음,교차로 - 교차로안,승용,남,47세,상해없음,화물,남,47세,경상
2014120300100151,2014년 12월 3일 07시,수요일,경상남도 창원시 진해구 석동,중상사고,0,1,0,0,차대차 - 기타,안전거리미확보,건조,맑음,단일로 - 기타,건설기계,남,55세,상해없음,승용,남,34세,상해없음
2014120300100152,2014년 12월 3일 07시,수요일,경상남도 양산시 상북면,중상사고,0,1,0,0,차대차 - 기타,신호위반,건조,맑음,교차로 - 교차로안,승용,남,50세,상해없음,승용,남,30세,중상
2014120300100153,2014년 12월 3일 07시,수요일,경상남도 양산시 물금읍,경상사고,0,0,3,0,차대차 - 기타,안전운전불이행,결빙,맑음,교차로 - 교차로안,승용,여,59세,상해없음,화물,남,43세,경상
2014120300100191,2014년 12월 3일 08시,수요일,경상남도 창원시 진해구 경화동,경상사고,0,0,2,0,차대차 - 측면직각충돌,안전운전불이행,건조,맑음,교차로 - 교차로안,승용,남,61세,상해없음,승용,여,38세,경상
2014120300100192,2014년 12월 3일 08시,수요일,경상남도 김해시 삼방동,중상사고,0,1,0,0,차대사람 - 길가장자리구역통행중,안전운전불이행,건조,맑음,교차로 - 교차로안,화물,남,53세,상해없음,보행자,여,47세,중상
2014120300100193,2014년 12월 3일 08시,수요일,경상남도 김해시 삼정동,중상사고,0,1,0,0,차대차 - 측면직각충돌,교차로운행방법위반,건조,맑음,교차로 - 교차로안,승용,남,45세,상해없음,승용,여,50세,상해없음
2014120300100194,2014년 12월 3일 08시,수요일,경상남도 함안군 가야읍,중상사고,0,1,0,0,차대차 - 기타,신호위반,건조,맑음,교차로 - 교차로안,승용,남,42세,상해없음,승용,남,58세,중상
2014120300100220,2014년 12월 3일 09시,수요일,경상남도 창원시 진해구 용원동,중상사고,0,1,1,0,차대차 - 추돌 - 주정차중,안전거리미확보,건조,맑음,교차로 - 교차로부근,특수,남,34세,상해없음,승합,남,62세,경상
2014120300100221,2014년 12월 3일 09시,수요일,경상남도 밀양시 상남면,중상사고,0,1,0,0,차대차 - 측면직각충돌,교차로운행방법위반,건조,맑음,교차로 - 교차로안,화물,남,57세,상해없음,이륜,남,86세,중상
2014120300100222,2014년 12월 3일 09시,수요일,경상남도 남해군 남해읍,중상사고,0,1,0,0,차량단독 - 전도전복,안전운전불이행,건조,맑음,교차로 - 교차로부근,농기계,남,72세,중상,,,,
2014120300100247,2014년 12월 3일 10시,수요일,경상남도 통영시 광도면,경상사고,0,0,1,1,차대차 - 측면직각충돌,직진우회전진행방해,건조,맑음,교차로 - 교차로안,화물,남,43세,부상신고,승용,여,34세,경상
2014120300100248,2014년 12월 3일 10시,수요일,경상남도 의령군 의령읍,중상사고,0,1,0,0,차대사람 - 보도통행중,보행자보호의무위반,건조,맑음,교차로 - 교차로안,승용,여,48세,상해없음,보행자,여,77세,중상
2014120300100261,2014년 12월 3일 11시,수요일,경상남도 김해시 장유면,경상사고,0,0,2,0,차대차 - 측면직각충돌,안전운전불이행,건조,맑음,교차로 - 교차로안,승용,여,53세,경상,화물,남,41세,상해없음
2014120300100302,2014년 12월 3일 13시,수요일,경상남도 창원시 마산합포구 산호동,경상사고,0,0,1,0,차대차 - 기타,안전운전불이행,건조,맑음,단일로 - 기타,화물,남,46세,상해없음,원동기,남,38세,경상
2014120300100354,2014년 12월 3일 15시,수요일,경상남도 창원시 진해구 충무동,중상사고,0,1,0,0,차대차 - 측면직각충돌,안전운전불이행,건조,맑음,교차로 - 교차로부근,승용,여,61세,상해없음,이륜,남,29세,중상
2014120300100355,2014년 12월 3일 15시,수요일,경상남도 밀양시 삼랑진읍,중상사고,0,1,0,0,차대사람 - 길가장자리구역통행중,안전운전불이행,건조,맑음,단일로 - 기타,화물,여,47세,상해없음,보행자,여,87세,중상
2014120300100411,2014년 12월 3일 17시,수요일,경상남도 양산시 산막동,경상사고,0,0,1,0,차대차 - 기타,직진우회전진행방해,건조,맑음,교차로 - 교차로안,승용,남,52세,상해없음,승용,여,51세,경상
2014120300100412,2014년 12월 3일 17시,수요일,경상남도 거제시 아주동,중상사고,0,1,0,0,차대차 - 측면직각충돌,신호위반,건조,맑음,교차로 - 교차로부근,승용,여,31세,상해없음,승용,여,47세,중상
2014120300100467,2014년 12월 3일 18시,수요일,경상남도 진주시 금산면,중상사고,0,1,0,0,차대사람 - 보도통행중,기타,건조,흐림,단일로 - 기타,승용,남,50세,상해없음,보행자,남,60세,중상
2014120300100468,2014년 12월 3일 18시,수요일,경상남도 양산시 산막동,사망사고,1,0,0,0,차량단독 - 기타,기타,건조,맑음,단일로 - 기타,화물,남,35세,사망,,,,
2014120300100469,2014년 12월 3일 18시,수요일,경상남도 김해시 장유면,경상사고,0,0,1,0,차대차 - 추돌 - 주정차중,안전운전불이행,건조,맑음,단일로 - 기타,승용,남,55세,상해없음,승용,남,45세,경상
2014120300100511,2014년 12월 3일 19시,수요일,경상남도 창원시 마산합포구 자산동,경상사고,0,0,1,0,차대사람 - 기타,안전운전불이행,건조,맑음,단일로 - 기타,화물,남,53세,상해없음,보행자,여,53세,경상
2014120300100512,2014년 12월 3일 19시,수요일,경상남도 거제시 고현동,경상사고,0,0,4,0,차대차 - 추돌 - 진행중,안전운전불이행,건조,맑음,단일로 - 기타,승용,남,21세,상해없음,승용,남,31세,경상
2014120300100513,2014년 12월 3일 19시,수요일,경상남도 거제시 고현동,경상사고,0,0,2,0,차대차 - 기타,안전운전불이행,건조,맑음,단일로 - 기타,승용,여,58세,상해없음,승용,남,34세,경상
2014120300100514,2014년 12월 3일 19시,수요일,경상남도 김해시 장유면,부상신고사고,0,0,0,1,차대사람 - 횡단중,안전운전불이행,건조,맑음,단일로 - 기타,이륜,남,24세,부상신고,보행자,남,11세,상해없음
2014120300100551,2014년 12월 3일 20시,수요일,경상남도 통영시 북신동,중상사고,0,1,0,0,차대사람 - 횡단중,안전운전불이행,건조,맑음,단일로 - 기타,승용,여,51세,상해없음,보행자,남,43세,중상
2014120300100552,2014년 12월 3일 20시,수요일,경상남도 김해시 삼정동,경상사고,0,0,1,0,차대차 - 측면직각충돌,안전운전불이행,건조,맑음,교차로 - 교차로안,원동기,남,17세,경상,승합,남,61세,상해없음
2014120300100553,2014년 12월 3일 20시,수요일,경상남도 거제시 고현동,경상사고,0,0,1,0,차대사람 - 기타,안전운전불이행,건조,맑음,단일로 - 기타,승용,남,54세,상해없음,보행자,남,45세,경상
2014120300100589,2014년 12월 3일 21시,수요일,경상남도 창원시 진해구 석동,중상사고,0,1,0,0,차대사람 - 차도통행중,안전운전불이행,건조,맑음,교차로 - 교차로안,승용,여,38세,상해없음,보행자,남,17세,중상
2014120300100590,2014년 12월 3일 21시,수요일,경상남도 김해시 내동,중상사고,0,1,0,0,차대차 - 측면직각충돌,안전운전불이행,건조,맑음,단일로 - 기타,승용,남,57세,상해없음,원동기,남,18세,중상
2014120300100591,2014년 12월 3일 21시,수요일,경상남도 고성군 고성읍,경상사고,0,0,4,0,차대차 - 추돌 - 주정차중,중앙선침범,건조,맑음,단일로 - 기타,승용,남,26세,상해없음,승용,남,38세,경상
2014120300100592,2014년 12월 3일 21시,수요일,경상남도 창원시 성산구 안민동,경상사고,0,0,1,0,차대차 - 추돌 - 진행중,안전운전불이행,건조,맑음,단일로 - 기타,승용,남,47세,상해없음,승용,여,40세,경상
2014120300100625,2014년 12월 3일 22시,수요일,경상남도 양산시 평산동,경상사고,0,0,1,0,차대차 - 기타,안전운전불이행,건조,맑음,단일로 - 기타,이륜,남,19세,경상,승용,여,44세,상해없음
2014120300100626,2014년 12월 3일 22시,수요일,경상남도 김해시 진영읍,경상사고,0,0,2,0,차대차 - 측면직각충돌,신호위반,건조,맑음,단일로 - 기타,승용,남,38세,상해없음,승용,남,34세,상해없음
2014120300100647,2014년 12월 3일 23시,수요일,경상남도 창원시 진해구 충무동,경상사고,0,0,1,0,차대차 - 측면직각충돌,불법유턴,건조,맑음,단일로 - 기타,승용,남,45세,상해없음,이륜,남,48세,경상
2014120400100022,2014년 12월 4일 00시,목요일,경상남도 김해시 외동,경상사고,0,0,1,0,차대차 - 기타,안전운전불이행,건조,흐림,교차로 - 교차로안,원동기,남,40세,상해없음,원동기,남,52세,경상
2014120400100055,2014년 12월 4일 02시,목요일,경상남도 창원시 진해구 자은동,경상사고,0,0,1,0,차대차 - 추돌 - 주정차중,안전운전불이행,건조,맑음,단일로 - 기타,승용,남,30세,상해없음,승용,남,58세,상해없음
2014120400100061,2014년 12월 4일 03시,목요일,경상남도 김해시 부원동,중상사고,0,1,0,0,차대차 - 기타,차로위반,건조,맑음,교차로 - 교차로부근,이륜,남,80세,중상,승합,여,56세,상해없음
2014120400100102,2014년 12월 4일 06시,목요일,경상남도 창원시 마산합포구 신포동2가,중상사고,0,1,0,0,차대차 - 측면직각충돌,안전운전불이행,건조,맑음,단일로 - 기타,승용,기타불명,기타불명,기타불명,자전거,남,70세,중상
2014120400100103,2014년 12월 4일 06시,목요일,경상남도 김해시 전하동,중상사고,0,4,0,0,차대차 - 측면직각충돌,신호위반,건조,맑음,교차로 - 교차로안,승용,남,53세,상해없음,승용,남,63세,중상
2014120400100130,2014년 12월 4일 07시,목요일,경상남도 창원시 의창구 명서동,경상사고,0,0,1,0,차대차 - 추돌 - 주정차중,안전운전불이행,건조,맑음,단일로 - 기타,승용,남,18세,상해없음,승용,남,47세,경상
2014120400100171,2014년 12월 4일 08시,목요일,경상남도 창원시 진해구 덕산동,경상사고,0,0,1,0,차대차 - 추돌 - 진행중,안전운전불이행,건조,맑음,단일로 - 기타,화물,남,33세,상해없음,화물,남,51세,경상
2014120400100172,2014년 12월 4일 08시,목요일,경상남도 함안군 대산면,사망사고,2,0,1,0,차대차 - 정면충돌,중앙선침범,건조,맑음,단일로 - 기타,화물,남,75세,사망,건설기계,남,54세,경상
2014120400100173,2014년 12월 4일 08시,목요일,경상남도 함안군 법수면,경상사고,0,0,1,0,차대사람 - 기타,안전운전불이행,건조,맑음,기타 - 기타,승용,남,31세,상해없음,보행자,남,33세,경상
2014120400100174,2014년 12월 4일 08시,목요일,경상남도 김해시 주촌면,중상사고,0,1,0,0,차대차 - 추돌 - 주정차중,안전운전불이행,건조,맑음,기타 - 기타,화물,남,25세,상해없음,승용,남,51세,중상
2014120400100207,2014년 12월 4일 09시,목요일,경상남도 창원시 마산합포구 중앙동2가,중상사고,0,1,0,0,차대차 - 기타,직진우회전진행방해,건조,맑음,교차로 - 교차로안,승용,여,36세,상해없음,자전거,남,58세,중상
2014120400100208,2014년 12월 4일 09시,목요일,경상남도 사천시 용현면,중상사고,0,3,0,0,차대차 - 측면직각충돌,신호위반,건조,맑음,교차로 - 교차로안,화물,남,75세,상해없음,승용,남,50세,중상
2014120400100209,2014년 12월 4일 09시,목요일,경상남도 거창군 거창읍,중상사고,0,2,0,0,차대차 - 측면직각충돌,교차로운행방법위반,건조,맑음,교차로 - 교차로안,승용,남,77세,상해없음,화물,남,68세,중상
2014120400100256,2014년 12월 4일 11시,목요일,경상남도 함안군 함안면,중상사고,0,1,1,0,차량단독 - 기타,안전운전불이행,건조,맑음,단일로 - 기타,화물,남,76세,경상,,,,
2014120400100257,2014년 12월 4일 11시,목요일,경상남도 창녕군 대지면,경상사고,0,0,1,0,차대차 - 추돌 - 주정차중,안전운전불이행,건조,맑음,단일로 - 기타,화물,남,45세,기타불명,건설기계,남,55세,기타불명
2014120400100310,2014년 12월 4일 13시,목요일,경상남도 통영시 명정동,경상사고,0,0,1,0,차대차 - 측면직각충돌,교차로운행방법위반,건조,맑음,교차로 - 교차로안,승용,남,49세,상해없음,승용,여,32세,경상
2014120400100311,2014년 12월 4일 13시,목요일,경상남도 사천시 동금동,경상사고,0,0,1,0,차대차 - 추돌 - 주정차중,안전운전불이행,건조,맑음,단일로 - 기타,승용,남,37세,상해없음,승용,여,41세,경상
2014120400100312,2014년 12월 4일 13시,목요일,경상남도 창녕군 창녕읍,중상사고,0,1,0,0,차대차 - 측면직각충돌,안전운전불이행,건조,맑음,단일로 - 기타,승용,남,70세,상해없음,원동기,남,46세,중상
2014120400100313,2014년 12월 4일 13시,목요일,경상남도 남해군 창선면,경상사고,0,0,3,0,차대차 - 측면직각충돌,안전운전불이행,건조,맑음,교차로 - 교차로부근,승용,남,79세,상해없음,승용,남,58세,경상
2014120400100314,2014년 12월 4일 13시,목요일,경상남도 남해군 이동면,경상사고,0,0,1,0,차대차 - 측면직각충돌,안전운전불이행,건조,맑음,교차로 - 교차로부근,이륜,여,79세,경상,승용,여,52세,상해없음
2014120400100344,2014년 12월 4일 14시,목요일,경상남도 사천시 사천읍,중상사고,0,1,0,0,차대사람 - 기타,안전운전불이행,건조,맑음,단일로 - 기타,승용,남,71세,상해없음,보행자,남,40세,중상
2014120400100372,2014년 12월 4일 15시,목요일,경상남도 사천시 사천읍,중상사고,0,1,0,0,차대사람 - 차도통행중,안전운전불이행,건조,맑음,단일로 - 기타,승합,남,51세,상해없음,보행자,남,69세,중상
2014120400100373,2014년 12월 4일 15시,목요일,경상남도 양산시 신기동,중상사고,0,1,0,0,차대차 - 기타,안전운전불이행,건조,맑음,교차로 - 교차로부근,승용,남,46세,기타불명,화물,남,35세,중상
2014120400100374,2014년 12월 4일 15시,목요일,경상남도 창원시 마산합포구 산호동,경상사고,0,0,1,0,차대차 - 측면직각충돌,신호위반,건조,맑음,교차로 - 교차로안,승용,남,31세,상해없음,승용,여,40세,경상
2014120400100407,2014년 12월 4일 16시,목요일,경상남도 창원시 진해구 석동,경상사고,0,0,1,0,차대차 - 측면직각충돌,교차로운행방법위반,건조,맑음,교차로 - 교차로안,화물,남,38세,기타불명,승용,여,34세,경상
2014120400100408,2014년 12월 4일 16시,목요일,경상남도 사천시 대방동,경상사고,0,0,1,1,차대차 - 측면직각충돌,신호위반,건조,맑음,교차로 - 교차로안,승용,남,41세,상해없음,승용,남,34세,경상
2014120400100409,2014년 12월 4일 16시,목요일,경상남도 사천시 죽림동,중상사고,0,2,6,0,차대차 - 추돌 - 주정차중,안전운전불이행,건조,맑음,단일로 - 기타,승합,남,64세,상해없음,승합,남,62세,중상
2014120400100463,2014년 12월 4일 17시,목요일,경상남도 양산시 물금읍,경상사고,0,0,1,0,차대사람 - 기타,안전운전불이행,건조,맑음,단일로 - 기타,승용,여,45세,상해없음,보행자,남,7세,경상
2014120400100464,2014년 12월 4일 17시,목요일,경상남도 거제시 장평동,중상사고,0,1,0,0,차대차 - 기타,안전운전불이행,건조,맑음,기타 - 기타,승용,남,38세,상해없음,화물,남,51세,중상
2014120400100465,2014년 12월 4일 17시,목요일,경상남도 함안군 칠북면,중상사고,0,1,0,0,차대차 - 기타,교차로운행방법위반,건조,맑음,교차로 - 교차로안,승용,여,48세,상해없음,원동기,남,74세,중상
2014120400100466,2014년 12월 4일 17시,목요일,경상남도 창원시 마산회원구 구암동,경상사고,0,0,2,0,차대차 - 측면직각충돌,안전운전불이행,건조,맑음,단일로 - 기타,화물,남,58세,상해없음,승용,남,57세,경상
2014120400100537,2014년 12월 4일 18시,목요일,경상남도 거창군 남상면,중상사고,0,1,0,0,차대사람 - 차도통행중,안전운전불이행,건조,맑음,교차로 - 교차로부근,화물,여,56세,상해없음,보행자,여,14세,중상
2014120400100539,2014년 12월 4일 18시,목요일,경상남도 산청군 신안면,중상사고,0,1,0,0,차대사람 - 횡단중,안전운전불이행,건조,맑음,교차로 - 교차로안,승용,남,72세,상해없음,보행자,여,82세,중상
2014120400100540,2014년 12월 4일 18시,목요일,경상남도 함안군 칠서면,중상사고,0,1,1,0,차대차 - 추돌 - 진행중,안전운전불이행,건조,맑음,교차로 - 교차로부근,승용,남,80세,경상,화물,남,43세,상해없음
2014120400100575,2014년 12월 4일 19시,목요일,경상남도 거제시 옥포동,부상신고사고,0,0,0,1,차대사람 - 차도통행중,안전운전불이행,건조,맑음,기타 - 기타,승용,여,35세,상해없음,보행자,여,21세,부상신고
2014120400100620,2014년 12월 4일 20시,목요일,경상남도 통영시 인평동,중상사고,0,1,1,0,차대사람 - 횡단중,안전운전불이행,건조,맑음,교차로 - 교차로부근,이륜,남,48세,상해없음,보행자,남,55세,경상
2014120400100621,2014년 12월 4일 20시,목요일,경상남도 창원시 성산구 신촌동,경상사고,0,0,1,0,차대차 - 기타,신호위반,건조,맑음,교차로 - 교차로안,승용,남,35세,상해없음,승용,남,48세,경상
2014120400100650,2014년 12월 4일 21시,목요일,경상남도 진주시 가좌동,경상사고,0,0,1,0,차대사람 - 기타,안전운전불이행,건조,맑음,교차로 - 교차로안,승용,남,58세,상해없음,보행자,남,31세,경상
2014120400100687,2014년 12월 4일 22시,목요일,경상남도 창원시 성산구 사파동,경상사고,0,0,1,0,차대차 - 정면충돌,안전운전불이행,건조,맑음,단일로 - 기타,승용,남,54세,상해없음,승용,남,67세,경상
2014120400100688,2014년 12월 4일 22시,목요일,경상남도 창원시 의창구 북면,경상사고,0,0,2,0,차대차 - 측면직각충돌,교차로운행방법위반,건조,맑음,교차로 - 교차로안,승용,남,59세,상해없음,승용,남,41세,경상
2014120400100719,2014년 12월 4일 23시,목요일,경상남도 거제시 고현동,중상사고,0,1,1,0,차대차 - 기타,중앙선침범,건조,맑음,기타 - 기타,승용,남,36세,상해없음,승용,여,48세,중상
2014120500100016,2014년 12월 5일 00시,금요일,경상남도 통영시 도남동,경상사고,0,0,1,0,차대차 - 측면직각충돌,안전운전불이행,건조,맑음,교차로 - 교차로부근,승용,남,37세,상해없음,승용,남,60세,경상
2014120500100057,2014년 12월 5일 04시,금요일,경상남도 창원시 마산회원구 석전동,경상사고,0,0,1,0,차대차 - 측면직각충돌,신호위반,건조,맑음,교차로 - 교차로안,화물,남,47세,상해없음,승용,여,55세,경상
2014120500100069,2014년 12월 5일 05시,금요일,경상남도 창원시 의창구 도계동,경상사고,0,0,1,0,차대차 - 측면직각충돌,신호위반,건조,맑음,교차로 - 교차로안,승용,여,52세,상해없음,승용,여,47세,경상
2014120500100092,2014년 12월 5일 06시,금요일,경상남도 사천시 선구동,경상사고,0,0,2,0,차대차 - 측면직각충돌,직진우회전진행방해,건조,맑음,교차로 - 교차로안,승용,남,73세,상해없음,승용,여,54세,경상
2014120500100093,2014년 12월 5일 06시,금요일,경상남도 사천시 사천읍,경상사고,0,0,1,0,차대차 - 측면직각충돌,신호위반,건조,맑음,교차로 - 교차로안,승용,남,55세,상해없음,화물,남,42세,상해없음
2014120500100094,2014년 12월 5일 06시,금요일,경상남도 거제시 고현동,중상사고,0,1,0,0,차대차 - 기타,교차로운행방법위반,건조,맑음,교차로 - 교차로안,승용,여,25세,상해없음,자전거,남,58세,중상
2014120500100167,2014년 12월 5일 08시,금요일,경상남도 창원시 성산구 사파동,중상사고,0,1,0,0,차대차 - 기타,안전거리미확보,기타,맑음,단일로 - 기타,승용,남,30세,상해없음,승용,여,33세,중상
2014120500100262,2014년 12월 5일 11시,금요일,경상남도 진주시 강남동,중상사고,0,1,0,0,차대사람 - 기타,안전운전불이행,건조,맑음,단일로 - 기타,승용,남,59세,상해없음,보행자,여,51세,중상
2014120500100342,2014년 12월 5일 13시,금요일,경상남도 창원시 성산구 사파동,중상사고,0,2,0,0,차대사람 - 횡단중,신호위반,기타,맑음,교차로 - 교차로안,이륜,남,26세,상해없음,보행자,여,34세,중상
2014120500100343,2014년 12월 5일 13시,금요일,경상남도 창원시 마산회원구 내서읍,중상사고,0,1,0,0,차대사람 - 횡단중,안전운전불이행,건조,맑음,단일로 - 기타,승용,남,43세,상해없음,보행자,남,15세,중상
2014120500100371,2014년 12월 5일 14시,금요일,경상남도 창원시 마산합포구 중앙동1가,중상사고,0,1,0,0,차대차 - 측면직각충돌,안전운전불이행,건조,맑음,교차로 - 교차로안,승용,남,74세,상해없음,원동기,남,69세,중상
2014120500100372,2014년 12월 5일 14시,금요일,경상남도 합천군 야로면,중상사고,0,1,0,0,차대사람 - 횡단중,안전운전불이행,건조,맑음,교차로 - 교차로안,승용,여,57세,상해없음,보행자,남,52세,중상
2014120500100373,2014년 12월 5일 14시,금요일,경상남도 양산시 물금읍,경상사고,0,0,2,0,차대차 - 측면직각충돌,교차로운행방법위반,건조,맑음,교차로 - 교차로안,승용,여,48세,경상,건설기계,남,38세,경상
2014120500100444,2014년 12월 5일 16시,금요일,경상남도 창원시 진해구 풍호동,중상사고,0,1,0,0,차대차 - 측면직각충돌,안전운전불이행,건조,맑음,단일로 - 기타,건설기계,남,47세,상해없음,특수,남,61세,중상
2014120500100445,2014년 12월 5일 16시,금요일,경상남도 통영시 당동,경상사고,0,0,6,0,차대차 - 추돌 - 주정차중,안전운전불이행,건조,맑음,교차로 - 교차로안,승용,남,64세,상해없음,화물,남,45세,경상
2014120500100446,2014년 12월 5일 16시,금요일,경상남도 김해시 삼정동,중상사고,0,1,0,0,차대차 - 측면직각충돌,교차로운행방법위반,건조,맑음,교차로 - 교차로안,화물,남,61세,상해없음,승용,남,57세,중상
2014120500100447,2014년 12월 5일 16시,금요일,경상남도 거창군 거창읍,경상사고,0,0,2,0,차대차 - 측면직각충돌,안전운전불이행,건조,맑음,교차로 - 교차로안,승용,남,60세,상해없음,승합,남,52세,경상
2014120500100448,2014년 12월 5일 16시,금요일,경상남도 거제시 남부면,중상사고,0,1,0,0,차대사람 - 기타,안전운전불이행,건조,맑음,단일로 - 기타,승용,남,29세,상해없음,보행자,남,59세,중상
2014120500100449,2014년 12월 5일 16시,금요일,경상남도 창원시 성산구 상남동,중상사고,0,1,0,0,차대차 - 기타,교차로운행방법위반,기타,맑음,교차로 - 교차로안,승용,여,27세,상해없음,승용,남,51세,중상