사고번호,사고일시,요일,시군구,사고내용,사망자수,중상자수,경상자수,부상신고자수,사고유형,법규위반,노면상태,기상상태,도로형태,가해운전자 차종,가해운전자 성별,가해운전자 연령,가해운전자 상해정도,피해운전자 차종,피해운전자 성별,피해운전자 연령,피해운전자 상해정도
2014120900100086,2014년 12월 9일 06시,화요일,경상남도 양산시 소주동,중상사고,0,1,0,0,차대사람 - 기타,안전운전불이행,건조,맑음,교차로 - 교차로안,승용,남,66세,상해없음,보행자,여,68세,중상
2014120900100087,2014년 12월 9일 06시,화요일,경상남도 양산시 명동,경상사고,0,0,1,0,차대차 - 측면직각충돌,안전운전불이행,건조,맑음,단일로 - 기타,승용,남,58세,상해없음,화물,남,30세,경상
2014120900100088,2014년 12월 9일 06시,화요일,경상남도 거제시 장평동,중상사고,0,1,0,0,차대차 - 기타,직진우회전진행방해,기타,맑음,교차로 - 교차로안,승합,남,56세,상해없음,이륜,남,52세,중상
2014120900100118,2014년 12월 9일 07시,화요일,경상남도 거제시 장평동,중상사고,0,1,0,0,차대차 - 기타,안전운전불이행,건조,맑음,교차로 - 교차로안,승용,남,67세,상해없음,이륜,남,50세,중상
2014120900100119,2014년 12월 9일 07시,화요일,경상남도 창원시 성산구 내동,경상사고,0,0,2,0,차대차 - 기타,중앙선침범,건조,맑음,교차로 - 교차로안,승용,여,25세,상해없음,승용,여,65세,경상
2014120900100120,2014년 12월 9일 07시,화요일,경상남도 창원시 의창구 봉곡동,경상사고,0,0,1,0,차대사람 - 기타,안전운전불이행,건조,맑음,단일로 - 기타,기타불명,기타불명,기타불명,기타불명,보행자,여,17세,경상
2014120900100166,2014년 12월 9일 08시,화요일,경상남도 창원시 진해구 장천동,중상사고,0,1,0,0,차대차 - 측면직각충돌,안전운전불이행,건조,맑음,교차로 - 교차로안,원동기,남,79세,중상,승용,여,48세,상해없음
2014120900100167,2014년 12월 9일 08시,화요일,경상남도 사천시 사천읍,경상사고,0,0,1,0,차대차 - 측면직각충돌,교차로운행방법위반,건조,맑음,교차로 - 교차로안,화물,여,58세,상해없음,승용,남,60세,경상
2014120900100168,2014년 12월 9일 08시,화요일,경상남도 사천시 향촌동,경상사고,0,0,1,0,차대차 - 측면직각충돌,교차로운행방법위반,건조,맑음,교차로 - 교차로안,승용,남,47세,상해없음,승용,여,46세,경상
2014120900100169,2014년 12월 9일 08시,화요일,경상남도 창원시 의창구 반계동,경상사고,0,0,2,0,차대차 - 추돌 - 주정차중,안전운전불이행,건조,맑음,단일로 - 기타,화물,남,54세,상해없음,승용,남,41세,경상
2014120900100213,2014년 12월 9일 09시,화요일,경상남도 사천시 벌리동,경상사고,0,0,1,0,차대차 - 측면직각충돌,직진우회전진행방해,건조,맑음,교차로 - 교차로안,이륜,남,67세,경상,승용,여,42세,상해없음
2014120900100214,2014년 12월 9일 09시,화요일,경상남도 양산시 신기동,경상사고,0,0,1,0,차대차 - 기타,신호위반,건조,맑음,교차로 - 교차로안,화물,남,39세,상해없음,승용,남,29세,경상
2014120900100238,2014년 12월 9일 10시,화요일,경상남도 양산시 평산동,중상사고,0,1,0,0,차대차 - 측면직각충돌,교차로운행방법위반,건조,맑음,교차로 - 교차로안,승용,여,40세,상해없음,승용,여,57세,중상
2014120900100239,2014년 12월 9일 10시,화요일,경상남도 고성군 고성읍,중상사고,0,1,0,0,차대사람 - 기타,안전운전불이행,건조,맑음,단일로 - 기타,화물,남,28세,상해없음,보행자,남,46세,중상
2014120900100331,2014년 12월 9일 13시,화요일,경상남도 진주시 문산읍,중상사고,0,1,0,0,차대차 - 측면직각충돌,안전운전불이행,건조,맑음,단일로 - 기타,이륜,남,80세,중상,화물,남,56세,상해없음
2014120900100332,2014년 12월 9일 13시,화요일,경상남도 김해시 삼정동,경상사고,0,0,4,0,차대차 - 추돌 - 진행중,안전거리미확보,건조,맑음,단일로 - 기타,승합,남,56세,상해없음,화물,남,58세,경상
2014120900100366,2014년 12월 9일 14시,화요일,경상남도 통영시 도남동,사망사고,1,0,0,0,차대사람 - 횡단중,보행자보호의무위반,건조,맑음,단일로 - 횡단보도상,화물,남,45세,상해없음,보행자,여,87세,사망
2014120900100396,2014년 12월 9일 15시,화요일,경상남도 창원시 진해구 용원동,경상사고,0,0,1,0,차대차 - 측면직각충돌,안전운전불이행,건조,맑음,교차로 - 교차로안,승용,남,31세,상해없음,승용,남,61세,경상
2014120900100417,2014년 12월 9일 16시,화요일,경상남도 거창군 가조면,경상사고,0,0,1,0,차대사람 - 길가장자리구역통행중,안전운전불이행,건조,맑음,단일로 - 기타,원동기,남,75세,상해없음,보행자,여,12세,경상
2014120900100461,2014년 12월 9일 17시,화요일,경상남도 진주시 봉곡동,중상사고,0,1,0,0,차대차 - 측면직각충돌,직진우회전진행방해,건조,맑음,교차로 - 교차로안,승용,남,74세,상해없음,이륜,남,65세,중상
2014120900100462,2014년 12월 9일 17시,화요일,경상남도 통영시 북신동,경상사고,0,0,1,0,차대차 - 측면직각충돌,직진우회전진행방해,건조,맑음,교차로 - 교차로안,승용,남,18세,상해없음,승합,여,42세,상해없음
2014120900100463,2014년 12월 9일 17시,화요일,경상남도 창원시 의창구 봉곡동,부상신고사고,0,0,0,1,차대차 - 추돌 - 주정차중,안전운전불이행,건조,맑음,단일로 - 기타,승용,남,37세,상해없음,승용,남,60세,부상신고
2014120900100511,2014년 12월 9일 18시,화요일,경상남도 통영시 광도면,경상사고,0,0,1,0,차대사람 - 횡단중,안전운전불이행,건조,맑음,단일로 - 기타,승용,남,41세,상해없음,보행자,남,33세,경상
2014120900100512,2014년 12월 9일 18시,화요일,경상남도 김해시 구산동,경상사고,0,0,1,0,차량단독 - 공작물충돌,안전운전불이행,건조,맑음,단일로 - 기타,승용,남,57세,경상,,,,
2014120900100553,2014년 12월 9일 19시,화요일,경상남도 창원시 진해구 석동,경상사고,0,0,5,0,차대차 - 측면직각충돌,중앙선침범,건조,맑음,단일로 - 기타,승용,남,46세,상해없음,승용,남,57세,경상
2014120900100554,2014년 12월 9일 19시,화요일,경상남도 통영시 용남면,경상사고,0,0,1,0,차대차 - 정면충돌,중앙선침범,건조,맑음,단일로 - 기타,승용,여,24세,경상,승용,남,61세,상해없음
2014120900100555,2014년 12월 9일 19시,화요일,경상남도 김해시 외동,경상사고,0,0,1,0,차대차 - 측면직각충돌,신호위반,건조,맑음,교차로 - 교차로안,이륜,남,19세,경상,승용,남,28세,상해없음
2014120900100556,2014년 12월 9일 19시,화요일,경상남도 양산시 유산동,경상사고,0,0,1,0,차대차 - 기타,안전거리미확보,건조,맑음,교차로 - 교차로부근,승용,남,64세,상해없음,승용,남,45세,경상
2014120900100596,2014년 12월 9일 20시,화요일,경상남도 함양군 함양읍,부상신고사고,0,0,0,1,차대차 - 측면직각충돌,신호위반,건조,맑음,교차로 - 교차로안,자전거,남,13세,부상신고,승용,여,30세,상해없음
2014120900100624,2014년 12월 9일 21시,화요일,경상남도 창원시 마산합포구 남성동,중상사고,0,1,0,0,차대사람 - 횡단중,안전운전불이행,건조,맑음,단일로 - 기타,승용,남,53세,상해없음,보행자,여,76세,중상
2014120900100625,2014년 12월 9일 21시,화요일,경상남도 창원시 의창구 용호동,경상사고,0,0,1,0,차대차 - 기타,안전운전불이행,건조,맑음,교차로 - 교차로안,승용,남,34세,상해없음,자전거,남,35세,경상
2014120900100663,2014년 12월 9일 22시,화요일,경상남도 거제시 고현동,경상사고,0,0,1,0,차대사람 - 기타,안전운전불이행,건조,맑음,단일로 - 기타,승용,남,56세,상해없음,보행자,남,37세,경상
2014120900100664,2014년 12월 9일 22시,화요일,경상남도 거제시 아주동,경상사고,0,0,1,0,차대차 - 기타,안전운전불이행,건조,맑음,단일로 - 기타,승용,남,51세,상해없음,원동기,남,43세,경상
2014120900100692,2014년 12월 9일 23시,화요일,경상남도 창원시 의창구 사림동,경상사고,0,0,1,0,차대사람 - 기타,안전운전불이행,건조,맑음,단일로 - 기타,승용,남,28세,상해없음,보행자,남,45세,경상
2014121000100110,2014년 12월 10일 07시,수요일,경상남도 통영시 항남동,중상사고,0,1,0,0,차대사람 - 횡단중,안전운전불이행,건조,맑음,교차로 - 교차로안,승용,여,46세,상해없음,보행자,남,77세,중상
2014121000100155,2014년 12월 10일 08시,수요일,경상남도 밀양시 상남면,경상사고,0,0,1,0,차대사람 - 횡단중,신호위반,건조,맑음,교차로 - 교차로부근,화물,남,60세,상해없음,보행자,남,5세,경상
2014121000100156,2014년 12월 10일 08시,수요일,경상남도 창녕군 창녕읍,사망사고,1,0,0,0,차량단독 - 공작물충돌,안전운전불이행,건조,맑음,단일로 - 기타,승용,남,45세,사망,,,,
2014121000100157,2014년 12월 10일 08시,수요일,경상남도 양산시 신기동,경상사고,0,0,1,0,차대차 - 기타,교차로운행방법위반,건조,맑음,교차로 - 교차로안,승용,남,56세,상해없음,승용,남,50세,경상
2014121000100158,2014년 12월 10일 08시,수요일,경상남도 고성군 마암면,중상사고,0,2,0,0,차대차 - 추돌 - 진행중,안전운전불이행,건조,맑음,단일로 - 기타,화물,남,41세,상해없음,승용,남,52세,중상
2014121000100159,2014년 12월 10일 08시,수요일,경상남도 남해군 남면,중상사고,0,1,0,0,차대차 - 기타,안전운전불이행,건조,맑음,기타 - 기타,승용,남,34세,상해없음,승용,여,48세,중상
2014121000100180,2014년 12월 10일 09시,수요일,경상남도 김해시 안동,경상사고,0,0,2,0,차대차 - 추돌 - 진행중,안전운전불이행,건조,맑음,단일로 - 기타,승용,남,67세,상해없음,승용,여,31세,경상
2014121000100181,2014년 12월 10일 09시,수요일,경상남도 창녕군 창녕읍,중상사고,0,1,1,0,차대차 - 추돌 - 진행중,불법유턴,건조,맑음,단일로 - 기타,화물,남,55세,상해없음,승용,남,65세,중상
2014121000100214,2014년 12월 10일 10시,수요일,경상남도 진주시 집현면,사망사고,1,0,0,0,차대차 - 측면직각충돌,교차로운행방법위반,건조,맑음,교차로 - 교차로안,화물,남,42세,상해없음,이륜,남,65세,사망
2014121000100215,2014년 12월 10일 10시,수요일,경상남도 사천시 사천읍,중상사고,0,1,0,0,차대차 - 추돌 - 주정차중,안전운전불이행,건조,맑음,단일로 - 기타,승용,남,43세,상해없음,승용,여,59세,중상
2014121000100216,2014년 12월 10일 10시,수요일,경상남도 양산시 물금읍,경상사고,0,0,1,0,차대차 - 기타,안전운전불이행,건조,맑음,교차로 - 교차로안,승합,남,50세,상해없음,승합,여,42세,경상
2014121000100217,2014년 12월 10일 10시,수요일,경상남도 함안군 칠원면,경상사고,0,0,8,0,차대차 - 추돌 - 주정차중,안전운전불이행,건조,맑음,단일로 - 기타,화물,남,54세,상해없음,건설기계,남,49세,경상
2014121000100218,2014년 12월 10일 10시,수요일,경상남도 창원시 의창구 북면,중상사고,0,1,1,0,차대차 - 측면직각충돌,교차로운행방법위반,건조,맑음,교차로 - 교차로부근,승용,여,43세,상해없음,승용,여,28세,중상
2014121000100219,2014년 12월 10일 10시,수요일,경상남도 김해시 진영읍,경상사고,0,0,1,0,차대차 - 측면직각충돌,직진우회전진행방해,건조,맑음,교차로 - 교차로안,이륜,남,60세,경상,승용,남,49세,상해없음
2014121000100238,2014년 12월 10일 11시,수요일,경상남도 통영시 광도면,경상사고,0,0,1,0,차대차 - 측면직각충돌,신호위반,건조,맑음,교차로 - 교차로안,승용,남,28세,상해없음,승용,여,40세,경상
2014121000100270,2014년 12월 10일 12시,수요일,경상남도 양산시 교동,경상사고,0,0,1,0,차대차 - 기타,안전운전불이행,건조,맑음,단일로 - 기타,승용,남,54세,상해없음,자전거,남,23세,경상
2014121000100287,2014년 12월 10일 13시,수요일,경상남도 김해시 서상동,중상사고,0,1,0,0,차대차 - 추돌 - 진행중,안전운전불이행,건조,맑음,단일로 - 기타,승용,남,62세,상해없음,원동기,여,69세,중상
2014121000100288,2014년 12월 10일 13시,수요일,경상남도 양산시 덕계동,경상사고,0,0,1,0,차대사람 - 기타,신호위반,건조,맑음,단일로 - 기타,승용,여,55세,상해없음,보행자,여,7세,경상
2014121000100289,2014년 12월 10일 13시,수요일,경상남도 김해시 장유면,중상사고,0,1,0,0,차대사람 - 횡단중,보행자보호의무위반,건조,맑음,교차로 - 교차로부근,이륜,남,19세,상해없음,보행자,여,76세,중상
2014121000100333,2014년 12월 10일 14시,수요일,경상남도 사천시 사천읍,경상사고,0,0,1,0,차대차 - 기타,안전운전불이행,건조,맑음,단일로 - 기타,승용,남,59세,상해없음,승용,여,53세,경상
2014121000100334,2014년 12월 10일 14시,수요일,경상남도 의령군 지정면,중상사고,0,1,0,1,차대차 - 정면충돌,안전운전불이행,건조,맑음,단일로 - 기타,화물,남,48세,부상신고,화물,남,57세,중상
2014121000100355,2014년 12월 10일 15시,수요일,경상남도 사천시 사남면,중상사고,0,1,0,0,차대차 - 기타,안전운전불이행,건조,맑음,단일로 - 기타,승용,여,51세,상해없음,원동기,남,73세,중상
2014121000100356,2014년 12월 10일 15시,수요일,경상남도 밀양시 삼문동,중상사고,0,2,3,0,차대차 - 추돌 - 주정차중,안전운전불이행,건조,맑음,단일로 - 교량,화물,남,27세,상해없음,승용,남,55세,중상
2014121000100391,2014년 12월 10일 16시,수요일,경상남도 진주시 초전동,중상사고,0,1,0,0,차대차 - 측면직각충돌,중앙선침범,건조,맑음,교차로 - 교차로부근,승용,남,58세,상해없음,승용,남,53세,중상
2014121000100392,2014년 12월 10일 16시,수요일,경상남도 김해시 부원동,중상사고,0,1,0,0,차대사람 - 길가장자리구역통행중,안전운전불이행,건조,맑음,교차로 - 교차로부근,승용,남,73세,상해없음,보행자,남,44세,중상
2014121000100438,2014년 12월 10일 17시,수요일,경상남도 창원시 마산합포구 동성동,경상사고,0,0,1,0,차대차 - 측면직각충돌,안전운전불이행,건조,맑음,교차로 - 교차로안,자전거,남,14세,경상,승용,남,37세,상해없음
2014121000100439,2014년 12월 10일 17시,수요일,경상남도 함양군 함양읍,중상사고,0,1,0,0,차대사람 - 차도통행중,안전운전불이행,건조,맑음,단일로 - 기타,화물,남,51세,상해없음,보행자,여,89세,중상
2014121000100440,2014년 12월 10일 17시,수요일,경상남도 고성군 고성읍,중상사고,0,2,0,0,차대차 - 추돌 - 진행중,안전거리미확보,건조,맑음,단일로 - 기타,승용,남,35세,상해없음,승용,남,50세,중상
2014121000100441,2014년 12월 10일 17시,수요일,경상남도 거제시 아양동,경상사고,0,0,1,0,차대차 - 기타,교차로운행방법위반,건조,맑음,교차로 - 교차로안,승용,여,44세,상해없음,이륜,남,30세,경상
2014121000100503,2014년 12월 10일 18시,수요일,경상남도 진주시 상평동,중상사고,0,1,0,0,차대차 - 추돌 - 주정차중,안전거리미확보,건조,맑음,단일로 - 기타,승용,남,63세,상해없음,승용,여,44세,중상
2014121000100504,2014년 12월 10일 18시,수요일,경상남도 창원시 진해구 덕산동,경상사고,0,0,2,0,차대차 - 추돌 - 주정차중,안전운전불이행,건조,맑음,단일로 - 기타,승용,여,38세,상해없음,승용,여,59세,경상
2014121000100505,2014년 12월 10일 18시,수요일,경상남도 창원시 진해구 경화동,경상사고,0,0,1,0,차대사람 - 횡단중,신호위반,건조,맑음,단일로 - 횡단보도상,승용,여,57세,상해없음,보행자,여,67세,경상
2014121000100506,2014년 12월 10일 18시,수요일,경상남도 밀양시 내이동,경상사고,0,0,1,0,차대차 - 측면직각충돌,직진우회전진행방해,건조,맑음,교차로 - 교차로안,승용,남,53세,상해없음,승용,여,54세,경상
2014121000100507,2014년 12월 10일 18시,수요일,경상남도 창녕군 고암면,중상사고,0,1,0,0,차량단독 - 공작물충돌,안전운전불이행,결빙,맑음,단일로 - 기타,승용,남,52세,상해없음,,,,
2014121000100508,2014년 12월 10일 18시,수요일,경상남도 거제시 옥포동,부상신고사고,0,0,0,1,차대차 - 추돌 - 진행중,안전운전불이행,건조,맑음,기타 - 기타,승용,남,41세,상해없음,승용,남,53세,부상신고
2014121000100509,2014년 12월 10일 18시,수요일,경상남도 거제시 사등면,경상사고,0,0,1,0,차대사람 - 보도통행중,기타,건조,맑음,단일로 - 기타,승용,남,33세,상해없음,보행자,남,55세,경상
2014121000100510,2014년 12월 10일 18시,수요일,경상남도 거제시 능포동,중상사고,0,1,0,0,차대사람 - 기타,중앙선침범,건조,맑음,교차로 - 교차로부근,자전거,남,22세,상해없음,보행자,남,31세,중상
2014121000100511,2014년 12월 10일 18시,수요일,경상남도 창원시 의창구 팔용동,부상신고사고,0,0,0,1,차대사람 - 기타,안전운전불이행,건조,맑음,교차로 - 교차로부근,승용,여,34세,상해없음,보행자,남,50세,부상신고
2014121000100512,2014년 12월 10일 18시,수요일,경상남도 김해시 진영읍,중상사고,0,1,1,0,차대차 - 측면직각충돌,안전운전불이행,건조,맑음,단일로 - 기타,승용,여,38세,중상,승용,남,54세,경상
2014121000100513,2014년 12월 10일 18시,수요일,경상남도 김해시 장유면,경상사고,0,0,2,0,차대차 - 측면직각충돌,교차로운행방법위반,건조,맑음,교차로 - 교차로안,승용,여,34세,상해없음,승용,남,36세,경상
2014121000100514,2014년 12월 10일 18시,수요일,경상남도 김해시 풍유동,경상사고,0,0,2,0,차대차 - 추돌 - 주정차중,안전운전불이행,건조,맑음,단일로 - 기타,화물,남,51세,상해없음,승용,남,31세,경상
2014121000100561,2014년 12월 10일 19시,수요일,경상남도 통영시 무전동,경상사고,0,0,3,0,차대차 - 정면충돌,교차로운행방법위반,건조,맑음,교차로 - 교차로안,승용,남,57세,경상,승용,여,41세,경상
2014121000100562,2014년 12월 10일 19시,수요일,경상남도 김해시 구산동,경상사고,0,0,1,0,차대차 - 측면직각충돌,안전운전불이행,건조,맑음,단일로 - 기타,승용,남,23세,상해없음,원동기,남,18세,경상
2014121000100706,2014년 12월 10일 22시,수요일,경상남도 창원시 마산합포구 월영동,경상사고,0,0,1,0,차대사람 - 기타,안전운전불이행,습기,비,교차로 - 교차로부근,승용,남,43세,상해없음,보행자,남,40세,경상
2014121000100707,2014년 12월 10일 22시,수요일,경상남도 진주시 이현동,부상신고사고,0,0,0,1,차대사람 - 횡단중,안전운전불이행,건조,맑음,단일로 - 기타,승용,남,37세,상해없음,보행자,남,47세,부상신고
2014121000100708,2014년 12월 10일 22시,수요일,경상남도 사천시 사남면,경상사고,0,0,1,0,차대차 - 기타,신호위반,건조,맑음,교차로 - 교차로안,화물,남,38세,상해없음,승용,남,28세,경상
2014121000100745,2014년 12월 10일 23시,수요일,경상남도 창원시 성산구 반림동,경상사고,0,0,2,0,차대차 - 측면직각충돌,신호위반,건조,맑음,교차로 - 교차로안,승용,남,32세,상해없음,승용,남,52세,경상
2014121100100022,2014년 12월 11일 00시,목요일,경상남도 통영시 무전동,경상사고,0,0,2,0,차대차 - 기타,안전거리미확보,건조,맑음,단일로 - 기타,승용,남,24세,상해없음,승용,남,59세,상해없음
2014121100100071,2014년 12월 11일 04시,목요일,경상남도 창원시 진해구 용원동,중상사고,0,1,1,0,차대차 - 측면직각충돌,안전운전불이행,건조,맑음,단일로 - 기타,특수,남,41세,상해없음,승용,남,39세,경상
2014121100100087,2014년 12월 11일 05시,목요일,경상남도 거제시 고현동,부상신고사고,0,0,0,1,차대사람 - 기타,안전운전불이행,건조,맑음,기타 - 기타,승용,여,58세,상해없음,보행자,남,19세,부상신고
2014121100100088,2014년 12월 11일 05시,목요일,경상남도 김해시 장유면,중상사고,0,1,0,0,차대사람 - 횡단중,안전운전불이행,건조,맑음,단일로 - 횡단보도상,승용,남,60세,상해없음,보행자,남,36세,중상
2014121100100105,2014년 12월 11일 06시,목요일,경상남도 김해시 안동,중상사고,0,1,0,0,차대사람 - 횡단중,안전운전불이행,건조,맑음,단일로 - 기타,화물,남,46세,상해없음,보행자,남,54세,중상
2014121100100106,2014년 12월 11일 06시,목요일,경상남도 거제시 아주동,중상사고,0,1,1,0,차대차 - 기타,안전거리미확보,건조,맑음,교차로 - 교차로부근,승합,남,58세,상해없음,승용,남,50세,중상
2014121100100107,2014년 12월 11일 06시,목요일,경상남도 거제시 장평동,경상사고,0,0,1,0,차대차 - 기타,안전거리미확보,건조,맑음,교차로 - 교차로안,승용,남,59세,상해없음,자전거,남,34세,경상
2014121100100161,2014년 12월 11일 08시,목요일,경상남도 통영시 북신동,경상사고,0,0,1,0,차대사람 - 횡단중,보행자보호의무위반,건조,맑음,교차로 - 교차로안,승용,여,35세,상해없음,보행자,여,21세,경상
2014121100100162,2014년 12월 11일 08시,목요일,경상남도 김해시 대동면,경상사고,0,0,3,0,차대차 - 측면직각충돌,안전운전불이행,건조,맑음,교차로 - 교차로안,화물,남,42세,상해없음,승용,남,44세,경상
2014121100100189,2014년 12월 11일 09시,목요일,경상남도 밀양시 용평동,경상사고,0,0,1,0,차대차 - 측면직각충돌,안전운전불이행,건조,맑음,단일로 - 기타,승용,남,42세,상해없음,승용,남,31세,경상
2014121100100190,2014년 12월 11일 09시,목요일,경상남도 밀양시 내이동,중상사고,0,1,0,0,차대차 - 정면충돌,중앙선침범,건조,맑음,단일로 - 기타,자전거,여,75세,중상,승용,남,59세,상해없음
2014121100100191,2014년 12월 11일 09시,목요일,경상남도 남해군 이동면,경상사고,0,0,2,0,차대차 - 측면직각충돌,안전운전불이행,건조,맑음,교차로 - 교차로안,이륜,남,67세,경상,화물,남,58세,경상
2014121100100235,2014년 12월 11일 11시,목요일,경상남도 거창군 거창읍,부상신고사고,0,0,0,1,차대차 - 측면직각충돌,교차로운행방법위반,건조,맑음,교차로 - 교차로안,이륜,남,32세,부상신고,승용,여,41세,상해없음
2014121100100260,2014년 12월 11일 12시,목요일,경상남도 창원시 마산합포구 덕동동,경상사고,0,0,1,0,차대차 - 기타,기타,건조,맑음,교차로 - 교차로안,승용,여,49세,상해없음,승용,남,54세,경상
2014121100100287,2014년 12월 11일 13시,목요일,경상남도 창원시 의창구 소답동,경상사고,0,0,1,0,차대차 - 기타,교차로운행방법위반,건조,맑음,교차로 - 교차로안,승용,남,57세,상해없음,승용,남,64세,상해없음
2014121100100308,2014년 12월 11일 14시,목요일,경상남도 김해시 삼계동,중상사고,0,1,0,0,차대차 - 측면직각충돌,안전운전불이행,건조,맑음,단일로 - 기타,자전거,남,51세,중상,승용,여,65세,상해없음
2014121100100309,2014년 12월 11일 14시,목요일,경상남도 양산시 상북면,중상사고,0,1,0,0,차대사람 - 기타,직진우회전진행방해,건조,맑음,교차로 - 교차로안,화물,남,31세,상해없음,보행자,여,53세,중상
2014121100100339,2014년 12월 11일 15시,목요일,경상남도 함안군 칠서면,경상사고,0,0,1,0,차대차 - 기타,신호위반,건조,맑음,교차로 - 교차로안,승용,여,44세,상해없음,이륜,남,49세,경상
2014121100100340,2014년 12월 11일 15시,목요일,경상남도 창원시 마산회원구 석전동,중상사고,0,1,0,0,차대차 - 추돌 - 진행중,안전운전불이행,건조,맑음,단일로 - 기타,화물,남,48세,상해없음,승용,여,54세,중상
2014121100100359,2014년 12월 11일 16시,목요일,경상남도 창원시 성산구 상남동,중상사고,0,2,0,0,차대차 - 기타,교차로운행방법위반,건조,맑음,교차로 - 교차로부근,승용,남,36세,상해없음,승용,남,26세,중상
2014121100100388,2014년 12월 11일 17시,목요일,경상남도 진주시 인사동,중상사고,0,1,0,0,차대사람 - 횡단중,안전운전불이행,건조,흐림,단일로 - 기타,승용,여,36세,상해없음,보행자,여,52세,중상
2014121100100389,2014년 12월 11일 17시,목요일,경상남도 창원시 진해구 안골동,중상사고,0,1,0,0,차대차 - 추돌 - 주정차중,불법유턴,건조,맑음,단일로 - 기타,화물,남,62세,상해없음,이륜,남,52세,중상
2014121100100390,2014년 12월 11일 17시,목요일,경상남도 밀양시 가곡동,경상사고,0,0,1,0,차대사람 - 횡단중,안전운전불이행,건조,맑음,단일로 - 기타,승용,남,26세,상해없음,보행자,여,19세,경상
2014121100100391,2014년 12월 11일 17시,목요일,경상남도 양산시 물금읍,중상사고,0,1,1,0,차대차 - 측면직각충돌,기타,건조,흐림,교차로 - 교차로안,화물,남,36세,중상,건설기계,남,60세,경상
2014121100100392,2014년 12월 11일 17시,목요일,경상남도 김해시 주촌면,중상사고,0,2,0,0,차대차 - 정면충돌,중앙선침범,건조,맑음,단일로 - 기타,화물,남,46세,중상,승용,남,22세,중상
2014121100100429,2014년 12월 11일 18시,목요일,경상남도 거제시 옥포동,중상사고,0,1,0,0,차대사람 - 기타,보행자보호의무위반,건조,맑음,교차로 - 교차로부근,승합,여,57세,상해없음,보행자,여,58세,중상
2014121100100430,2014년 12월 11일 18시,목요일,경상남도 거제시 아주동,경상사고,0,0,1,0,차대차 - 추돌 - 진행중,안전운전불이행,건조,맑음,단일로 - 기타,승용,남,23세,상해없음,승용,남,42세,경상
2014121100100431,2014년 12월 11일 18시,목요일,경상남도 창원시 의창구 사림동,중상사고,0,1,0,0,차대사람 - 기타,안전운전불이행,건조,맑음,교차로 - 교차로부근,원동기,남,22세,상해없음,보행자,남,54세,중상
2014121100100468,2014년 12월 11일 19시,목요일,경상남도 사천시 곤양면,경상사고,0,0,1,0,차량단독 - 공작물충돌,안전운전불이행,건조,맑음,단일로 - 기타,승용,남,39세,경상,,,,
2014121100100499,2014년 12월 11일 20시,목요일,경상남도 김해시 삼방동,경상사고,0,0,1,0,차대차 - 측면직각충돌,직진우회전진행방해,건조,맑음,교차로 - 교차로안,이륜,남,36세,경상,승용,남,55세,상해없음
2014121100100500,2014년 12월 11일 20시,목요일,경상남도 양산시 물금읍,경상사고,0,0,1,0,차대차 - 기타,안전거리미확보,건조,흐림,교차로 - 교차로안,승용,남,33세,상해없음,이륜,남,26세,경상
2014121100100501,2014년 12월 11일 20시,목요일,경상남도 고성군 고성읍,중상사고,0,1,0,0,차대사람 - 보도통행중,보행자보호의무위반,건조,맑음,단일로 - 기타,승용,여,47세,상해없음,보행자,여,37세,중상
2014121100100530,2014년 12월 11일 21시,목요일,경상남도 사천시 사천읍,경상사고,0,0,1,4,차대차 - 추돌 - 주정차중,안전운전불이행,건조,맑음,교차로 - 교차로부근,승용,남,33세,상해없음,승용,남,67세,경상
2014121100100582,2014년 12월 11일 23시,목요일,경상남도 고성군 고성읍,경상사고,0,0,1,0,차대차 - 측면직각충돌,신호위반,건조,맑음,교차로 - 교차로안,승용,남,41세,상해없음,승용,여,24세,경상
2014121200100018,2014년 12월 12일 00시,금요일,경상남도 김해시 외동,경상사고,0,0,1,0,차대차 - 측면직각충돌,안전운전불이행,건조,맑음,단일로 - 기타,승용,남,34세,경상,승용,남,37세,상해없음
2014121200100019,2014년 12월 12일 00시,금요일,경상남도 김해시 풍유동,중상사고,0,1,0,0,차대차 - 측면직각충돌,신호위반,건조,맑음,교차로 - 교차로안,승용,남,41세,상해없음,승용,남,28세,중상
2014121200100033,2014년 12월 12일 01시,금요일,경상남도 창원시 의창구 사림동,경상사고,0,0,2,0,차대차 - 기타,중앙선침범,건조,맑음,교차로 - 교차로부근,승용,여,24세,상해없음,승용,남,38세,경상
2014121200100069,2014년 12월 12일 05시,금요일,경상남도 김해시 삼정동,중상사고,0,1,0,0,차대차 - 추돌 - 진행중,안전운전불이행,건조,맑음,단일로 - 기타,화물,남,63세,상해없음,화물,남,76세,중상
2014121200100089,2014년 12월 12일 06시,금요일,경상남도 거제시 고현동,경상사고,0,0,1,0,차대차 - 기타,안전운전불이행,건조,맑음,교차로 - 교차로안,승용,남,57세,상해없음,승용,남,32세,경상
2014121200100090,2014년 12월 12일 06시,금요일,경상남도 창원시 의창구 봉곡동,사망사고,1,0,0,0,차대차 - 기타,중앙선침범,건조,맑음,단일로 - 기타,자전거,남,62세,사망,승용,남,26세,상해없음