사고번호,사고일시,요일,시군구,사고내용,사망자수,중상자수,경상자수,부상신고자수,사고유형,법규위반,노면상태,기상상태,도로형태,가해운전자 차종,가해운전자 성별,가해운전자 연령,가해운전자 상해정도,피해운전자 차종,피해운전자 성별,피해운전자 연령,피해운전자 상해정도
2014121200100160,2014년 12월 12일 08시,금요일,경상남도 김해시 구산동,중상사고,0,1,0,0,차대사람 - 길가장자리구역통행중,안전운전불이행,건조,맑음,단일로 - 기타,승용,남,42세,상해없음,보행자,여,40세,중상
2014121200100161,2014년 12월 12일 08시,금요일,경상남도 고성군 고성읍,경상사고,0,0,1,0,차대차 - 추돌 - 진행중,안전운전불이행,건조,흐림,교차로 - 교차로안,승용,여,33세,상해없음,원동기,남,51세,경상
2014121200100208,2014년 12월 12일 10시,금요일,경상남도 거창군 거창읍,경상사고,0,0,1,0,차대차 - 측면직각충돌,안전운전불이행,건조,맑음,교차로 - 교차로안,화물,남,48세,기타불명,원동기,여,65세,경상
2014121200100238,2014년 12월 12일 11시,금요일,경상남도 창원시 진해구 석동,경상사고,0,0,1,0,차대차 - 기타,직진우회전진행방해,건조,맑음,교차로 - 교차로안,승용,남,30세,경상,승용,남,64세,상해없음
2014121200100239,2014년 12월 12일 11시,금요일,경상남도 창원시 의창구 소답동,경상사고,0,0,1,0,차대사람 - 기타,안전운전불이행,건조,맑음,단일로 - 기타,기타불명,기타불명,기타불명,기타불명,보행자,여,69세,경상
2014121200100269,2014년 12월 12일 12시,금요일,경상남도 양산시 하북면,경상사고,0,0,1,0,차대차 - 측면직각충돌,교차로운행방법위반,건조,맑음,교차로 - 교차로부근,화물,남,61세,상해없음,승용,여,27세,경상
2014121200100270,2014년 12월 12일 12시,금요일,경상남도 김해시 장유면,중상사고,0,1,0,0,차대차 - 측면직각충돌,신호위반,건조,맑음,교차로 - 교차로안,승용,남,48세,상해없음,승용,여,43세,중상
2014121200100362,2014년 12월 12일 15시,금요일,경상남도 통영시 항남동,경상사고,0,0,1,0,차량단독 - 기타,안전운전불이행,건조,맑음,단일로 - 기타,승합,남,54세,상해없음,,,,
2014121200100363,2014년 12월 12일 15시,금요일,경상남도 통영시 용남면,중상사고,0,1,0,0,차대차 - 측면직각충돌,교차로운행방법위반,건조,맑음,교차로 - 교차로안,승용,여,39세,상해없음,승합,남,48세,상해없음
2014121200100465,2014년 12월 12일 17시,금요일,경상남도 진주시 하대동,중상사고,0,1,0,0,차대차 - 기타,중앙선침범,건조,맑음,단일로 - 기타,승용,남,51세,상해없음,자전거,남,59세,중상
2014121200100466,2014년 12월 12일 17시,금요일,경상남도 양산시 남부동,경상사고,0,0,1,0,차대차 - 기타,안전운전불이행,건조,맑음,단일로 - 기타,화물,남,65세,기타불명,승합,남,32세,경상
2014121200100515,2014년 12월 12일 18시,금요일,경상남도 창원시 진해구 용원동,부상신고사고,0,0,0,1,차대차 - 추돌 - 주정차중,안전운전불이행,건조,맑음,단일로 - 기타,이륜,남,17세,부상신고,승용,여,57세,기타불명
2014121200100516,2014년 12월 12일 18시,금요일,경상남도 창원시 진해구 풍호동,경상사고,0,0,2,1,차대차 - 측면직각충돌,안전운전불이행,건조,맑음,교차로 - 교차로부근,승용,여,38세,부상신고,승용,여,34세,경상
2014121200100517,2014년 12월 12일 18시,금요일,경상남도 창녕군 창녕읍,중상사고,0,1,0,0,차대사람 - 횡단중,안전운전불이행,건조,맑음,단일로 - 기타,원동기,남,61세,상해없음,보행자,여,52세,중상
2014121200100518,2014년 12월 12일 18시,금요일,경상남도 고성군 동해면,경상사고,0,0,1,0,차대차 - 측면직각충돌,안전운전불이행,건조,맑음,교차로 - 교차로안,승용,여,26세,경상,화물,남,46세,상해없음
2014121200100519,2014년 12월 12일 18시,금요일,경상남도 거제시 고현동,중상사고,0,1,0,0,차대차 - 기타,안전운전불이행,건조,맑음,단일로 - 기타,승용,남,63세,상해없음,이륜,남,42세,중상
2014121200100571,2014년 12월 12일 19시,금요일,경상남도 양산시 북정동,경상사고,0,0,1,0,차대차 - 기타,안전운전불이행,건조,맑음,교차로 - 교차로안,승용,여,40세,상해없음,승용,남,23세,경상
2014121200100572,2014년 12월 12일 19시,금요일,경상남도 거제시 고현동,중상사고,0,1,0,0,차대차 - 기타,신호위반,건조,맑음,교차로 - 교차로부근,승용,남,63세,상해없음,자전거,남,42세,중상
2014121200100615,2014년 12월 12일 20시,금요일,경상남도 사천시 사등동,경상사고,0,0,1,0,차대사람 - 횡단중,보행자보호의무위반,건조,맑음,단일로 - 횡단보도상,승용,남,53세,상해없음,보행자,여,69세,경상
2014121200100616,2014년 12월 12일 20시,금요일,경상남도 김해시 안동,경상사고,0,0,2,0,차대차 - 추돌 - 진행중,안전운전불이행,건조,맑음,단일로 - 기타,승용,여,43세,상해없음,승합,남,55세,상해없음
2014121200100617,2014년 12월 12일 20시,금요일,경상남도 창원시 의창구 대산면,중상사고,0,1,0,0,차대차 - 정면충돌,중앙선침범,건조,맑음,단일로 - 기타,화물,남,53세,상해없음,승용,남,26세,중상
2014121200100618,2014년 12월 12일 20시,금요일,경상남도 창원시 의창구 반계동,중상사고,0,1,2,0,차대차 - 측면직각충돌,교차로운행방법위반,건조,맑음,교차로 - 교차로안,화물,여,54세,상해없음,승용,여,56세,중상
2014121200100657,2014년 12월 12일 21시,금요일,경상남도 통영시 광도면,중상사고,0,1,0,0,차대사람 - 기타,안전운전불이행,건조,맑음,단일로 - 기타,승용,여,49세,상해없음,보행자,남,48세,중상
2014121200100658,2014년 12월 12일 21시,금요일,경상남도 사천시 용현면,경상사고,0,0,2,0,차대차 - 추돌 - 진행중,안전거리미확보,건조,맑음,교차로 - 교차로부근,승용,남,55세,상해없음,승용,남,25세,경상
2014121200100720,2014년 12월 12일 23시,금요일,경상남도 진주시 본성동,경상사고,0,0,4,0,차대차 - 추돌 - 주정차중,안전운전불이행,건조,맑음,교차로 - 교차로부근,화물,남,42세,상해없음,승용,남,55세,경상
2014121200100721,2014년 12월 12일 23시,금요일,경상남도 거제시 장평동,부상신고사고,0,0,0,1,차대차 - 기타,안전운전불이행,건조,맑음,기타 - 기타,승용,남,55세,상해없음,승합,여,41세,부상신고
2014121200100722,2014년 12월 12일 23시,금요일,경상남도 창원시 의창구 반계동,경상사고,0,0,1,0,차대차 - 측면직각충돌,신호위반,건조,맑음,교차로 - 교차로안,승용,남,25세,상해없음,승용,남,54세,경상
2014121300100058,2014년 12월 13일 01시,토요일,경상남도 통영시 광도면,경상사고,0,0,1,0,차량단독 - 공작물충돌,안전운전불이행,건조,맑음,단일로 - 기타,승용,남,30세,상해없음,,,,
2014121300100143,2014년 12월 13일 06시,토요일,경상남도 양산시 삼호동,경상사고,0,0,1,0,차대차 - 측면직각충돌,직진우회전진행방해,건조,맑음,교차로 - 교차로안,승용,남,60세,상해없음,승용,남,20세,경상
2014121300100154,2014년 12월 13일 07시,토요일,경상남도 창원시 진해구 경화동,중상사고,0,1,0,0,차대차 - 측면직각충돌,차로위반,건조,맑음,단일로 - 기타,화물,남,54세,상해없음,승용,남,48세,중상
2014121300100155,2014년 12월 13일 07시,토요일,경상남도 창원시 성산구 사파동,중상사고,0,1,0,0,차대차 - 기타,신호위반,건조,맑음,교차로 - 교차로안,승용,여,36세,상해없음,승용,여,47세,중상
2014121300100174,2014년 12월 13일 08시,토요일,경상남도 창원시 마산합포구 월남동2가,경상사고,0,0,1,0,차대차 - 기타,신호위반,건조,맑음,교차로 - 교차로안,승용,여,29세,상해없음,승용,여,53세,경상
2014121300100199,2014년 12월 13일 09시,토요일,경상남도 창원시 진해구 여좌동,중상사고,0,1,0,0,차대사람 - 기타,보행자보호의무위반,건조,맑음,단일로 - 기타,건설기계,남,57세,상해없음,보행자,남,10세,중상
2014121300100200,2014년 12월 13일 09시,토요일,경상남도 고성군 하이면,중상사고,0,1,0,0,차대차 - 측면직각충돌,안전운전불이행,건조,맑음,단일로 - 기타,승용,남,58세,상해없음,이륜,남,71세,중상
2014121300100229,2014년 12월 13일 10시,토요일,경상남도 진주시 상평동,경상사고,0,0,2,0,차대차 - 기타,교차로운행방법위반,건조,맑음,교차로 - 교차로안,승용,여,46세,상해없음,승용,남,64세,경상
2014121300100230,2014년 12월 13일 10시,토요일,경상남도 밀양시 내일동,중상사고,0,1,0,0,차대차 - 측면직각충돌,교차로운행방법위반,건조,맑음,교차로 - 교차로안,승용,남,63세,상해없음,자전거,여,70세,중상
2014121300100231,2014년 12월 13일 10시,토요일,경상남도 창녕군 고암면,경상사고,0,0,1,0,차량단독 - 전도전복,안전운전불이행,습기,맑음,단일로 - 기타,승용,남,61세,경상,,,,
2014121300100232,2014년 12월 13일 10시,토요일,경상남도 양산시 하북면,중상사고,0,2,0,0,차대차 - 측면직각충돌,교차로운행방법위반,건조,맑음,교차로 - 교차로안,승용,남,27세,상해없음,승합,남,43세,상해없음
2014121300100267,2014년 12월 13일 11시,토요일,경상남도 함안군 가야읍,경상사고,0,0,1,0,차대차 - 측면직각충돌,안전운전불이행,건조,맑음,단일로 - 기타,승용,남,43세,기타불명,승용,남,40세,경상
2014121300100268,2014년 12월 13일 11시,토요일,경상남도 창원시 의창구 동읍,중상사고,0,1,1,0,차대차 - 추돌 - 진행중,안전운전불이행,건조,맑음,단일로 - 기타,승용,남,56세,기타불명,승용,남,32세,경상
2014121300100305,2014년 12월 13일 12시,토요일,경상남도 김해시 외동,중상사고,0,1,0,0,차대사람 - 횡단중,보행자보호의무위반,건조,맑음,단일로 - 횡단보도상,화물,남,24세,상해없음,보행자,남,14세,중상
2014121300100306,2014년 12월 13일 12시,토요일,경상남도 창녕군 성산면,중상사고,0,2,2,0,차대차 - 정면충돌,안전운전불이행,결빙,맑음,단일로 - 기타,승용,여,52세,중상,승용,여,27세,경상
2014121300100307,2014년 12월 13일 12시,토요일,경상남도 거제시 고현동,경상사고,0,0,1,0,차대사람 - 기타,안전운전불이행,건조,맑음,단일로 - 기타,승용,여,31세,상해없음,보행자,여,27세,경상
2014121300100308,2014년 12월 13일 12시,토요일,경상남도 창원시 성산구 상남동,중상사고,0,1,0,0,차대차 - 기타,신호위반,기타,맑음,교차로 - 교차로안,화물,남,54세,상해없음,이륜,남,39세,중상
2014121300100342,2014년 12월 13일 13시,토요일,경상남도 창원시 진해구 경화동,중상사고,0,2,0,0,차대차 - 기타,안전거리미확보,건조,맑음,단일로 - 기타,원동기,남,19세,중상,승용,여,55세,중상
2014121300100343,2014년 12월 13일 13시,토요일,경상남도 밀양시 삼문동,중상사고,0,2,0,0,차대차 - 기타,안전거리미확보,건조,맑음,교차로 - 교차로부근,승용,여,66세,상해없음,승용,여,29세,중상
2014121300100344,2014년 12월 13일 13시,토요일,경상남도 밀양시 하남읍,중상사고,0,1,0,0,차대사람 - 기타,안전운전불이행,건조,맑음,단일로 - 기타,화물,남,63세,상해없음,보행자,남,7세,중상
2014121300100345,2014년 12월 13일 13시,토요일,경상남도 남해군 미조면,경상사고,0,0,2,0,차대차 - 측면직각충돌,중앙선침범,건조,맑음,기타 - 기타,승합,남,18세,경상,화물,여,57세,경상
2014121300100346,2014년 12월 13일 13시,토요일,경상남도 의령군 정곡면,중상사고,0,1,2,0,차대차 - 정면충돌,교차로운행방법위반,건조,맑음,교차로 - 교차로안,승용,남,50세,경상,승용,남,59세,경상
2014121300100347,2014년 12월 13일 13시,토요일,경상남도 김해시 장유면,중상사고,0,1,0,0,차대사람 - 차도통행중,안전운전불이행,건조,맑음,단일로 - 기타,승용,남,39세,상해없음,보행자,남,12세,중상
2014121300100382,2014년 12월 13일 14시,토요일,경상남도 사천시 대방동,중상사고,0,1,0,0,차대차 - 측면직각충돌,신호위반,건조,맑음,교차로 - 교차로안,승용,남,57세,상해없음,화물,남,46세,중상
2014121300100383,2014년 12월 13일 14시,토요일,경상남도 함안군 대산면,경상사고,0,0,1,0,차대차 - 측면직각충돌,신호위반,건조,맑음,교차로 - 교차로안,승용,남,34세,상해없음,승용,여,58세,경상
2014121300100415,2014년 12월 13일 15시,토요일,경상남도 창원시 마산회원구 봉암동,경상사고,0,0,1,0,차대사람 - 기타,안전운전불이행,건조,맑음,기타 - 기타,승용,남,78세,상해없음,보행자,남,24세,경상
2014121300100416,2014년 12월 13일 15시,토요일,경상남도 김해시 장유면,중상사고,0,1,0,0,차대차 - 기타,기타,건조,맑음,단일로 - 기타,승용,남,39세,상해없음,이륜,남,18세,중상
2014121300100446,2014년 12월 13일 16시,토요일,경상남도 김해시 장유면,중상사고,0,1,0,0,차대차 - 측면직각충돌,신호위반,건조,맑음,교차로 - 교차로안,승용,여,47세,상해없음,승용,남,48세,중상
2014121300100480,2014년 12월 13일 17시,토요일,경상남도 거제시 사등면,경상사고,0,0,2,1,차대차 - 추돌 - 진행중,안전거리미확보,건조,맑음,단일로 - 기타,승용,남,27세,경상,승용,남,56세,상해없음
2014121300100481,2014년 12월 13일 17시,토요일,경상남도 김해시 풍유동,중상사고,0,1,0,0,차대사람 - 기타,과속,건조,맑음,단일로 - 기타,승용,남,58세,상해없음,보행자,여,75세,중상
2014121300100566,2014년 12월 13일 19시,토요일,경상남도 창원시 마산회원구 구암동,중상사고,0,1,0,0,차대사람 - 횡단중,신호위반,건조,맑음,단일로 - 기타,이륜,여,34세,상해없음,보행자,여,4세,중상
2014121300100567,2014년 12월 13일 19시,토요일,경상남도 창원시 의창구 봉곡동,사망사고,1,0,0,0,차대사람 - 기타,안전운전불이행,건조,맑음,단일로 - 기타,승용,남,35세,상해없음,보행자,남,55세,사망
2014121300100626,2014년 12월 13일 21시,토요일,경상남도 양산시 중부동,중상사고,0,1,0,0,차대사람 - 기타,안전운전불이행,건조,맑음,단일로 - 기타,승용,남,46세,상해없음,보행자,남,28세,중상
2014121300100627,2014년 12월 13일 21시,토요일,경상남도 양산시 남부동,경상사고,0,0,1,0,차대차 - 측면직각충돌,신호위반,건조,맑음,교차로 - 교차로안,원동기,남,17세,경상,승용,남,57세,상해없음
2014121300100628,2014년 12월 13일 21시,토요일,경상남도 창원시 성산구 성산동,경상사고,0,0,1,0,차대차 - 기타,신호위반,기타,맑음,교차로 - 교차로안,이륜,남,21세,경상,승용,남,46세,상해없음
2014121300100657,2014년 12월 13일 22시,토요일,경상남도 사천시 사남면,경상사고,0,0,1,0,차대차 - 기타,안전운전불이행,건조,맑음,단일로 - 기타,승용,남,66세,상해없음,이륜,남,47세,경상
2014121300100658,2014년 12월 13일 22시,토요일,경상남도 창원시 마산회원구 봉암동,중상사고,0,1,0,0,차대사람 - 횡단중,안전운전불이행,건조,맑음,교차로 - 교차로안,승용,여,51세,상해없음,보행자,여,50세,중상
2014121400100033,2014년 12월 14일 01시,일요일,경상남도 양산시 다방동,경상사고,0,0,1,0,차대차 - 기타,안전운전불이행,건조,맑음,단일로 - 기타,화물,남,49세,상해없음,승용,남,53세,경상
2014121400100043,2014년 12월 14일 01시,일요일,경상남도 창원시 마산합포구 구산면,경상사고,0,0,2,1,차대차 - 측면직각충돌,안전운전불이행,건조,맑음,단일로 - 기타,승용,남,23세,상해없음,화물,남,54세,경상
2014121400100064,2014년 12월 14일 02시,일요일,경상남도 진주시 상대동,중상사고,0,1,0,0,차대사람 - 기타,안전운전불이행,건조,맑음,교차로 - 교차로안,승용,남,50세,상해없음,보행자,남,19세,중상
2014121400100123,2014년 12월 14일 06시,일요일,경상남도 양산시 물금읍,사망사고,1,0,0,0,차대사람 - 기타,보행자보호의무위반,건조,맑음,교차로 - 교차로부근,건설기계,남,58세,상해없음,보행자,남,71세,사망
2014121400100124,2014년 12월 14일 06시,일요일,경상남도 창원시 의창구 사림동,경상사고,0,0,1,0,차대차 - 기타,신호위반,기타,맑음,교차로 - 교차로안,승용,남,26세,상해없음,승용,남,52세,경상
2014121400100134,2014년 12월 14일 07시,일요일,경상남도 밀양시 산내면,중상사고,0,1,0,0,차대사람 - 기타,안전운전불이행,건조,맑음,단일로 - 기타,승용,여,56세,상해없음,보행자,여,83세,중상
2014121400100154,2014년 12월 14일 09시,일요일,경상남도 김해시 지내동,중상사고,0,2,1,0,차대차 - 측면직각충돌,신호위반,건조,맑음,교차로 - 교차로안,승용,남,61세,상해없음,승용,남,31세,중상
2014121400100179,2014년 12월 14일 10시,일요일,경상남도 김해시 외동,중상사고,0,1,1,0,차대차 - 측면직각충돌,안전운전불이행,건조,맑음,교차로 - 교차로안,이륜,남,28세,경상,승용,남,40세,상해없음
2014121400100180,2014년 12월 14일 10시,일요일,경상남도 창원시 의창구 용호동,경상사고,0,0,1,0,차대차 - 측면직각충돌,신호위반,건조,맑음,교차로 - 교차로안,승용,남,50세,상해없음,승용,남,56세,경상
2014121400100234,2014년 12월 14일 13시,일요일,경상남도 창원시 마산합포구 신포동2가,경상사고,0,0,2,0,차대차 - 추돌 - 진행중,안전운전불이행,건조,맑음,교차로 - 교차로부근,승용,남,46세,상해없음,승합,남,33세,경상
2014121400100235,2014년 12월 14일 13시,일요일,경상남도 사천시 축동면,경상사고,0,0,1,0,차대차 - 기타,신호위반,건조,맑음,교차로 - 교차로안,승용,남,23세,상해없음,승용,남,38세,경상
2014121400100236,2014년 12월 14일 13시,일요일,경상남도 남해군 이동면,중상사고,0,1,0,0,차대차 - 기타,중앙선침범,건조,맑음,기타 - 기타,승용,남,51세,상해없음,승용,남,41세,중상
2014121400100257,2014년 12월 14일 14시,일요일,경상남도 창원시 진해구 석동,중상사고,0,1,0,0,차량단독 - 기타,안전운전불이행,건조,맑음,단일로 - 터널,승합,남,49세,상해없음,,,,
2014121400100258,2014년 12월 14일 14시,일요일,경상남도 양산시 북정동,경상사고,0,0,1,0,차대사람 - 기타,안전운전불이행,건조,맑음,단일로 - 기타,승용,남,46세,상해없음,보행자,남,17세,경상
2014121400100259,2014년 12월 14일 14시,일요일,경상남도 창원시 마산회원구 합성동,경상사고,0,0,3,1,차대차 - 추돌 - 주정차중,안전운전불이행,건조,맑음,단일로 - 기타,승합,남,46세,상해없음,승합,남,42세,상해없음
2014121400100286,2014년 12월 14일 15시,일요일,경상남도 밀양시 하남읍,중상사고,0,1,0,0,차대사람 - 횡단중,안전운전불이행,건조,맑음,교차로 - 교차로안,화물,남,71세,상해없음,보행자,여,80세,중상
2014121400100287,2014년 12월 14일 15시,일요일,경상남도 산청군 금서면,중상사고,0,1,3,0,차대차 - 측면직각충돌,안전운전불이행,건조,맑음,교차로 - 교차로안,승합,남,67세,경상,승용,남,52세,경상
2014121400100309,2014년 12월 14일 16시,일요일,경상남도 양산시 물금읍,경상사고,0,0,2,0,차대차 - 추돌 - 진행중,안전운전불이행,건조,맑음,단일로 - 기타,승용,남,21세,상해없음,승용,남,32세,경상
2014121400100320,2014년 12월 14일 16시,일요일,경상남도 사천시 용현면,경상사고,0,0,1,3,차대차 - 추돌 - 주정차중,안전운전불이행,건조,맑음,단일로 - 기타,승용,남,60세,상해없음,승용,남,40세,부상신고
2014121400100321,2014년 12월 14일 16시,일요일,경상남도 김해시 외동,중상사고,0,1,1,0,차대차 - 측면직각충돌,신호위반,건조,맑음,교차로 - 교차로안,이륜,남,58세,중상,승용,남,73세,경상
2014121400100383,2014년 12월 14일 18시,일요일,경상남도 사천시 사천읍,경상사고,0,0,1,0,차대차 - 기타,안전운전불이행,건조,맑음,교차로 - 교차로안,승용,남,49세,기타불명,원동기,남,16세,경상
2014121400100384,2014년 12월 14일 18시,일요일,경상남도 밀양시 가곡동,중상사고,0,1,0,0,차대사람 - 횡단중,보행자보호의무위반,건조,맑음,단일로 - 횡단보도상,승용,여,50세,상해없음,보행자,여,77세,중상
2014121400100422,2014년 12월 14일 19시,일요일,경상남도 밀양시 가곡동,경상사고,0,0,1,0,차대차 - 측면직각충돌,교차로운행방법위반,건조,맑음,교차로 - 교차로부근,승용,여,53세,상해없음,승용,남,50세,경상
2014121400100423,2014년 12월 14일 19시,일요일,경상남도 창녕군 창녕읍,부상신고사고,0,0,0,1,차대사람 - 기타,안전운전불이행,건조,맑음,교차로 - 교차로부근,기타불명,기타불명,기타불명,기타불명,보행자,여,77세,부상신고
2014121400100424,2014년 12월 14일 19시,일요일,경상남도 창원시 성산구 상남동,중상사고,0,1,4,0,차대차 - 추돌 - 진행중,안전운전불이행,건조,맑음,교차로 - 교차로부근,승용,남,28세,상해없음,승용,남,33세,경상
2014121400100425,2014년 12월 14일 19시,일요일,경상남도 김해시 장유면,중상사고,0,2,4,0,차대차 - 추돌 - 주정차중,안전운전불이행,건조,맑음,교차로 - 교차로부근,화물,남,42세,상해없음,승용,남,30세,중상
2014121400100426,2014년 12월 14일 19시,일요일,경상남도 진주시 사봉면,경상사고,0,0,2,0,차대차 - 측면직각충돌,안전운전불이행,건조,맑음,단일로 - 기타,화물,남,52세,기타불명,승용,남,41세,경상
2014121400100483,2014년 12월 14일 21시,일요일,경상남도 양산시 물금읍,중상사고,0,1,0,0,차대차 - 측면직각충돌,신호위반,건조,맑음,교차로 - 교차로안,승용,여,55세,상해없음,승용,남,26세,중상
2014121400100484,2014년 12월 14일 21시,일요일,경상남도 거제시 장승포동,경상사고,0,0,1,0,차대차 - 측면직각충돌,신호위반,건조,맑음,교차로 - 교차로안,승용,남,32세,상해없음,승용,여,26세,경상
2014121400100521,2014년 12월 14일 23시,일요일,경상남도 김해시 삼계동,중상사고,0,1,0,0,차대차 - 측면직각충돌,교차로운행방법위반,건조,맑음,교차로 - 교차로안,승용,남,30세,상해없음,승용,여,50세,중상
2014121400100522,2014년 12월 14일 23시,일요일,경상남도 창원시 의창구 도계동,경상사고,0,0,1,0,차대사람 - 기타,안전운전불이행,건조,맑음,단일로 - 기타,승용,남,47세,상해없음,보행자,남,27세,경상
2014121500100016,2014년 12월 15일 01시,월요일,경상남도 창원시 진해구 이동,경상사고,0,0,2,0,차대차 - 기타,안전운전불이행,건조,맑음,단일로 - 기타,승용,남,44세,상해없음,승용,남,56세,경상
2014121500100017,2014년 12월 15일 01시,월요일,경상남도 거창군 남하면,사망사고,1,0,0,0,차량단독 - 도로외이탈 - 추락,안전운전불이행,건조,맑음,단일로 - 기타,화물,여,60세,사망,,,,
2014121500100027,2014년 12월 15일 03시,월요일,경상남도 통영시 봉평동,중상사고,0,1,0,0,차대사람 - 기타,안전운전불이행,건조,맑음,기타 - 기타,화물,남,51세,상해없음,보행자,남,74세,중상
2014121500100064,2014년 12월 15일 06시,월요일,경상남도 창원시 의창구 소답동,중상사고,0,1,0,0,차대차 - 측면직각충돌,신호위반,건조,맑음,교차로 - 교차로안,승용,남,48세,상해없음,승용,남,40세,중상
2014121500100089,2014년 12월 15일 07시,월요일,경상남도 진주시 하대동,중상사고,0,1,0,0,차대차 - 측면직각충돌,신호위반,건조,맑음,단일로 - 횡단보도상,화물,남,44세,상해없음,자전거,남,53세,중상
2014121500100090,2014년 12월 15일 07시,월요일,경상남도 김해시 상동면,중상사고,0,1,2,0,차대차 - 정면충돌,중앙선침범,건조,맑음,단일로 - 기타,승용,남,24세,중상,승용,남,54세,경상
2014121500100091,2014년 12월 15일 07시,월요일,경상남도 창원시 성산구 상남동,중상사고,0,1,1,0,차대차 - 측면직각충돌,신호위반,건조,맑음,교차로 - 교차로안,승용,남,37세,상해없음,승용,남,51세,경상
2014121500100092,2014년 12월 15일 07시,월요일,경상남도 창원시 성산구 외동,중상사고,0,1,0,0,차대차 - 측면직각충돌,신호위반,건조,맑음,교차로 - 교차로안,승합,남,33세,상해없음,승용,남,65세,중상
2014121500100125,2014년 12월 15일 08시,월요일,경상남도 진주시 망경동,경상사고,0,0,1,0,차대차 - 측면직각충돌,안전거리미확보,건조,맑음,단일로 - 기타,승용,남,79세,상해없음,화물,남,65세,경상
2014121500100126,2014년 12월 15일 08시,월요일,경상남도 양산시 평산동,경상사고,0,0,1,1,차대차 - 추돌 - 주정차중,안전거리미확보,건조,맑음,교차로 - 교차로부근,승용,여,76세,부상신고,승합,남,44세,상해없음
2014121500100127,2014년 12월 15일 08시,월요일,경상남도 함안군 가야읍,중상사고,0,1,0,0,차대차 - 추돌 - 주정차중,안전운전불이행,건조,맑음,교차로 - 교차로부근,승용,남,31세,상해없음,승용,여,40세,중상
2014121500100163,2014년 12월 15일 09시,월요일,경상남도 창녕군 창녕읍,경상사고,0,0,4,0,차대차 - 측면직각충돌,신호위반,건조,맑음,교차로 - 교차로안,승합,남,31세,상해없음,승합,남,37세,경상
2014121500100190,2014년 12월 15일 10시,월요일,경상남도 창녕군 도천면,경상사고,0,0,2,0,차대차 - 추돌 - 진행중,안전운전불이행,건조,맑음,교차로 - 교차로안,승용,남,47세,경상,화물,남,48세,경상
2014121500100191,2014년 12월 15일 10시,월요일,경상남도 양산시 하북면,경상사고,0,0,1,0,차대차 - 추돌 - 진행중,기타,건조,맑음,교차로 - 교차로안,화물,남,39세,상해없음,승용,여,65세,경상
2014121500100246,2014년 12월 15일 12시,월요일,경상남도 진주시 금산면,중상사고,0,1,0,0,차대차 - 기타,중앙선침범,건조,맑음,단일로 - 기타,승용,남,36세,상해없음,승용,여,40세,중상
2014121500100247,2014년 12월 15일 12시,월요일,경상남도 통영시 광도면,중상사고,0,1,0,0,차대차 - 측면직각충돌,중앙선침범,건조,맑음,단일로 - 기타,승용,여,59세,상해없음,이륜,남,38세,중상
2014121500100248,2014년 12월 15일 12시,월요일,경상남도 창원시 마산회원구 합성동,경상사고,0,0,1,0,차대차 - 기타,안전운전불이행,건조,맑음,단일로 - 기타,승용,남,57세,상해없음,원동기,남,32세,경상
2014121500100277,2014년 12월 15일 13시,월요일,경상남도 창원시 진해구 석동,중상사고,0,1,2,0,차대차 - 추돌 - 주정차중,안전운전불이행,건조,맑음,단일로 - 터널,화물,남,25세,기타불명,승용,남,26세,중상
2014121500100278,2014년 12월 15일 13시,월요일,경상남도 김해시 장유면,중상사고,0,1,0,0,차대사람 - 횡단중,안전운전불이행,건조,맑음,단일로 - 횡단보도부근,화물,남,41세,기타불명,보행자,여,76세,중상
2014121500100292,2014년 12월 15일 14시,월요일,경상남도 김해시 상동면,부상신고사고,0,0,0,1,차대차 - 측면직각충돌,안전거리미확보,건조,맑음,단일로 - 기타,승용,기타불명,기타불명,기타불명,승용,남,36세,부상신고
2014121500100336,2014년 12월 15일 15시,월요일,경상남도 창원시 마산합포구 구산면,중상사고,0,1,0,0,차량단독 - 기타,안전운전불이행,건조,맑음,단일로 - 기타,원동기,남,69세,중상,,,,
2014121500100337,2014년 12월 15일 15시,월요일,경상남도 창원시 진해구 익선동,경상사고,0,0,1,0,차대사람 - 기타,안전운전불이행,건조,맑음,교차로 - 교차로부근,승용,남,23세,상해없음,보행자,남,53세,경상
2014121500100396,2014년 12월 15일 17시,월요일,경상남도 창원시 성산구 상남동,경상사고,0,0,1,0,차대사람 - 보도통행중,보행자보호의무위반,건조,맑음,교차로 - 교차로안,승용,남,32세,상해없음,보행자,여,40세,경상
2014121500100447,2014년 12월 15일 18시,월요일,경상남도 창원시 진해구 여좌동,부상신고사고,0,0,0,1,차대차 - 기타,안전운전불이행,건조,맑음,교차로 - 교차로부근,자전거,남,52세,부상신고,승용,남,45세,상해없음
2014121500100448,2014년 12월 15일 18시,월요일,경상남도 거제시 장승포동,부상신고사고,0,0,0,1,차대차 - 기타,안전거리미확보,건조,맑음,교차로 - 교차로부근,원동기,남,16세,상해없음,자전거,남,42세,부상신고