사고번호,사고일시,요일,시군구,사고내용,사망자수,중상자수,경상자수,부상신고자수,사고유형,법규위반,노면상태,기상상태,도로형태,가해운전자 차종,가해운전자 성별,가해운전자 연령,가해운전자 상해정도,피해운전자 차종,피해운전자 성별,피해운전자 연령,피해운전자 상해정도
2014122500100241,2014년 12월 25일 13시,목요일,경상남도 창원시 의창구 도계동,중상사고,0,1,0,0,차대차 - 기타,안전운전불이행,건조,맑음,단일로 - 기타,승용,남,53세,상해없음,원동기,남,44세,중상
2014122500100275,2014년 12월 25일 14시,목요일,경상남도 김해시 외동,경상사고,0,0,1,0,차대사람 - 횡단중,신호위반,건조,맑음,단일로 - 횡단보도상,승용,남,42세,상해없음,보행자,여,18세,경상
2014122500100276,2014년 12월 25일 14시,목요일,경상남도 김해시 봉황동,경상사고,0,0,1,0,차대차 - 측면직각충돌,안전운전불이행,건조,맑음,교차로 - 교차로안,자전거,남,80세,상해없음,자전거,남,54세,경상
2014122500100303,2014년 12월 25일 15시,목요일,경상남도 창원시 진해구 용원동,경상사고,0,0,1,0,차대차 - 측면직각충돌,안전운전불이행,건조,맑음,단일로 - 기타,원동기,남,51세,경상,승용,남,28세,상해없음
2014122500100304,2014년 12월 25일 15시,목요일,경상남도 김해시 외동,경상사고,0,0,1,0,차대사람 - 횡단중,안전운전불이행,건조,맑음,단일로 - 기타,승용,여,44세,상해없음,보행자,여,17세,경상
2014122500100326,2014년 12월 25일 16시,목요일,경상남도 진주시 신안동,중상사고,0,1,0,0,차대차 - 기타,교차로운행방법위반,건조,맑음,교차로 - 교차로안,승용,남,49세,상해없음,원동기,남,35세,중상
2014122500100327,2014년 12월 25일 16시,목요일,경상남도 사천시 사천읍,중상사고,0,1,1,0,차대차 - 기타,안전거리미확보,건조,맑음,단일로 - 기타,원동기,남,65세,경상,승용,여,42세,상해없음
2014122500100328,2014년 12월 25일 16시,목요일,경상남도 거제시 거제면,중상사고,0,2,1,0,차대차 - 기타,안전운전불이행,건조,맑음,교차로 - 교차로안,승용,남,18세,상해없음,승용,여,42세,중상
2014122500100355,2014년 12월 25일 17시,목요일,경상남도 양산시 평산동,경상사고,0,0,1,0,차대차 - 측면직각충돌,안전운전불이행,건조,맑음,기타 - 기타,승용,남,49세,상해없음,승용,남,45세,상해없음
2014122500100382,2014년 12월 25일 18시,목요일,경상남도 사천시 용현면,중상사고,0,1,3,0,차대차 - 추돌 - 주정차중,안전운전불이행,건조,맑음,단일로 - 기타,승용,남,46세,경상,승용,여,25세,경상
2014122500100412,2014년 12월 25일 19시,목요일,경상남도 통영시 무전동,중상사고,0,1,0,0,차대사람 - 횡단중,안전운전불이행,건조,맑음,교차로 - 교차로부근,승용,여,30세,상해없음,보행자,여,54세,중상
2014122500100413,2014년 12월 25일 19시,목요일,경상남도 창원시 마산회원구 석전동,경상사고,0,0,2,0,차대차 - 기타,교차로운행방법위반,건조,맑음,교차로 - 교차로안,승용,기타불명,기타불명,기타불명,승용,여,55세,경상
2014122500100414,2014년 12월 25일 19시,목요일,경상남도 김해시 장유면,중상사고,0,2,0,0,차대차 - 측면직각충돌,안전운전불이행,건조,맑음,교차로 - 교차로부근,화물,남,51세,상해없음,승용,남,31세,중상
2014122500100473,2014년 12월 25일 22시,목요일,경상남도 창원시 마산합포구 신포동2가,경상사고,0,0,1,0,차대사람 - 기타,안전운전불이행,건조,맑음,교차로 - 교차로안,승용,남,36세,상해없음,보행자,여,31세,경상
2014122500100474,2014년 12월 25일 22시,목요일,경상남도 통영시 정량동,경상사고,0,0,1,0,차대차 - 측면직각충돌,직진우회전진행방해,건조,맑음,교차로 - 교차로안,자전거,남,17세,경상,승용,남,46세,상해없음
2014122500100475,2014년 12월 25일 22시,목요일,경상남도 남해군 남해읍,중상사고,0,1,0,0,차대사람 - 기타,안전운전불이행,건조,맑음,기타 - 기타,승용,남,42세,상해없음,보행자,남,62세,중상
2014122600100045,2014년 12월 26일 04시,금요일,경상남도 통영시 용남면,경상사고,0,0,1,0,차대차 - 측면직각충돌,안전운전불이행,건조,맑음,단일로 - 기타,승용,남,44세,상해없음,승용,여,54세,경상
2014122600100071,2014년 12월 26일 06시,금요일,경상남도 창녕군 창녕읍,중상사고,0,1,0,0,차대사람 - 기타,안전운전불이행,건조,맑음,단일로 - 교량,승용,여,28세,상해없음,보행자,여,70세,중상
2014122600100098,2014년 12월 26일 07시,금요일,경상남도 김해시 장유면,중상사고,0,1,0,0,차대사람 - 횡단중,보행자보호의무위반,건조,맑음,교차로 - 교차로부근,승용,남,32세,상해없음,보행자,여,65세,중상
2014122600100139,2014년 12월 26일 08시,금요일,경상남도 진주시 신안동,부상신고사고,0,0,0,1,차대사람 - 횡단중,안전운전불이행,건조,맑음,교차로 - 교차로안,기타불명,기타불명,기타불명,기타불명,보행자,여,18세,부상신고
2014122600100140,2014년 12월 26일 08시,금요일,경상남도 통영시 무전동,경상사고,0,0,1,0,차대차 - 측면직각충돌,신호위반,건조,맑음,교차로 - 교차로안,승용,남,57세,상해없음,승용,여,35세,경상
2014122600100141,2014년 12월 26일 08시,금요일,경상남도 밀양시 상남면,경상사고,0,0,1,0,차대차 - 추돌 - 진행중,안전운전불이행,건조,맑음,단일로 - 기타,승용,여,55세,상해없음,승용,여,58세,상해없음
2014122600100142,2014년 12월 26일 08시,금요일,경상남도 밀양시 하남읍,경상사고,0,0,1,0,차대차 - 측면직각충돌,안전운전불이행,건조,맑음,교차로 - 교차로안,승용,여,48세,상해없음,자전거,남,77세,경상
2014122600100143,2014년 12월 26일 08시,금요일,경상남도 김해시 어방동,중상사고,0,1,0,0,차대차 - 측면직각충돌,신호위반,건조,맑음,교차로 - 교차로안,화물,남,50세,상해없음,화물,남,48세,중상
2014122600100144,2014년 12월 26일 08시,금요일,경상남도 김해시 장유면,중상사고,0,1,0,0,차대차 - 추돌 - 주정차중,안전거리미확보,건조,맑음,단일로 - 기타,건설기계,남,50세,상해없음,승용,남,69세,중상
2014122600100239,2014년 12월 26일 11시,금요일,경상남도 밀양시 상남면,중상사고,0,1,0,0,차대차 - 추돌 - 진행중,교차로운행방법위반,건조,맑음,교차로 - 교차로안,승합,남,47세,상해없음,원동기,남,60세,중상
2014122600100240,2014년 12월 26일 11시,금요일,경상남도 창원시 마산회원구 내서읍,중상사고,0,1,0,0,차량단독 - 기타,안전운전불이행,건조,맑음,단일로 - 기타,승합,남,52세,상해없음,,,,
2014122600100273,2014년 12월 26일 12시,금요일,경상남도 사천시 곤양면,중상사고,0,1,0,0,차대사람 - 기타,안전운전불이행,건조,맑음,단일로 - 기타,승용,남,52세,상해없음,보행자,남,78세,중상
2014122600100274,2014년 12월 26일 12시,금요일,경상남도 김해시 진영읍,경상사고,0,0,2,0,차대차 - 측면직각충돌,안전운전불이행,건조,맑음,단일로 - 기타,승용,남,52세,상해없음,승용,여,49세,경상
2014122600100306,2014년 12월 26일 13시,금요일,경상남도 김해시 부원동,경상사고,0,0,1,0,차대차 - 기타,중앙선침범,건조,맑음,단일로 - 기타,승용,남,75세,상해없음,승용,남,52세,경상
2014122600100340,2014년 12월 26일 14시,금요일,경상남도 사천시 사남면,경상사고,0,0,2,0,차대차 - 측면직각충돌,안전운전불이행,건조,맑음,단일로 - 기타,화물,남,67세,상해없음,승용,남,37세,경상
2014122600100341,2014년 12월 26일 14시,금요일,경상남도 밀양시 삼문동,경상사고,0,0,1,0,차대차 - 측면직각충돌,교차로운행방법위반,건조,맑음,교차로 - 교차로안,승용,남,66세,상해없음,승용,남,75세,경상
2014122600100342,2014년 12월 26일 14시,금요일,경상남도 김해시 삼계동,중상사고,0,1,0,0,차대사람 - 기타,안전운전불이행,건조,맑음,단일로 - 기타,화물,남,36세,상해없음,보행자,여,8세,중상
2014122600100343,2014년 12월 26일 14시,금요일,경상남도 창녕군 남지읍,경상사고,0,0,2,0,차대차 - 기타,교차로운행방법위반,건조,맑음,교차로 - 교차로안,승용,여,44세,경상,화물,남,44세,경상
2014122600100373,2014년 12월 26일 15시,금요일,경상남도 진주시 명석면,중상사고,0,1,0,0,차대사람 - 기타,안전운전불이행,건조,맑음,교차로 - 교차로부근,승용,여,51세,상해없음,보행자,남,38세,중상
2014122600100374,2014년 12월 26일 15시,금요일,경상남도 함안군 칠원면,경상사고,0,0,1,0,차대차 - 기타,안전운전불이행,건조,맑음,교차로 - 교차로안,승용,남,36세,상해없음,이륜,남,76세,경상
2014122600100411,2014년 12월 26일 16시,금요일,경상남도 창원시 의창구 명서동,경상사고,0,0,1,0,차대차 - 측면직각충돌,안전운전불이행,건조,맑음,교차로 - 교차로안,승용,여,23세,상해없음,자전거,남,72세,경상
2014122600100446,2014년 12월 26일 17시,금요일,경상남도 양산시 덕계동,경상사고,0,0,1,0,차대사람 - 기타,중앙선침범,건조,맑음,단일로 - 기타,화물,남,67세,상해없음,보행자,여,55세,경상
2014122600100447,2014년 12월 26일 17시,금요일,경상남도 의령군 지정면,사망사고,1,0,0,0,차대사람 - 횡단중,안전운전불이행,건조,맑음,교차로 - 교차로안,승용,남,29세,상해없음,보행자,여,55세,사망
2014122600100506,2014년 12월 26일 18시,금요일,경상남도 함양군 함양읍,부상신고사고,0,0,0,1,차대차 - 측면직각충돌,안전운전불이행,건조,맑음,단일로 - 기타,자전거,남,64세,부상신고,승용,남,56세,상해없음
2014122600100507,2014년 12월 26일 18시,금요일,경상남도 하동군 금남면,부상신고사고,0,0,0,1,차대사람 - 횡단중,안전운전불이행,건조,맑음,단일로 - 기타,승용,남,56세,상해없음,보행자,여,81세,부상신고
2014122600100549,2014년 12월 26일 19시,금요일,경상남도 밀양시 삼랑진읍,중상사고,0,1,0,0,차대사람 - 차도통행중,안전운전불이행,건조,맑음,단일로 - 기타,승용,남,75세,상해없음,보행자,남,65세,중상
2014122600100550,2014년 12월 26일 19시,금요일,경상남도 통영시 광도면,중상사고,0,2,0,0,차대차 - 측면직각충돌,안전운전불이행,건조,맑음,단일로 - 기타,승용,남,46세,기타불명,승용,남,43세,중상
2014122600100576,2014년 12월 26일 20시,금요일,경상남도 김해시 외동,중상사고,0,1,0,0,차대사람 - 횡단중,안전운전불이행,건조,맑음,교차로 - 교차로안,승용,남,46세,상해없음,보행자,남,47세,중상
2014122600100577,2014년 12월 26일 20시,금요일,경상남도 김해시 진례면,경상사고,0,0,1,0,차대차 - 추돌 - 주정차중,안전운전불이행,건조,맑음,교차로 - 교차로부근,승용,남,34세,상해없음,승용,여,62세,경상
2014122600100617,2014년 12월 26일 21시,금요일,경상남도 양산시 물금읍,경상사고,0,0,1,0,차대차 - 기타,안전운전불이행,건조,맑음,단일로 - 기타,기타불명,기타불명,기타불명,기타불명,이륜,남,38세,경상
2014122600100674,2014년 12월 26일 22시,금요일,경상남도 창원시 마산회원구 내서읍,중상사고,0,2,1,0,차대차 - 추돌 - 진행중,안전운전불이행,습기,비,교차로 - 교차로부근,승용,남,49세,상해없음,승용,남,42세,경상
2014122600100709,2014년 12월 26일 23시,금요일,경상남도 사천시 벌리동,경상사고,0,0,1,0,차대사람 - 기타,안전운전불이행,건조,맑음,단일로 - 기타,승용,남,18세,상해없음,보행자,여,23세,경상
2014122700100024,2014년 12월 27일 00시,토요일,경상남도 함안군 칠서면,중상사고,0,1,0,0,차대사람 - 기타,안전운전불이행,건조,맑음,단일로 - 교량,승용,남,39세,상해없음,보행자,남,52세,중상
2014122700100025,2014년 12월 27일 00시,토요일,경상남도 창원시 마산회원구 내서읍,경상사고,0,0,3,0,차대차 - 추돌 - 진행중,안전운전불이행,건조,맑음,교차로 - 교차로부근,승용,남,42세,상해없음,승용,남,44세,경상
2014122700100079,2014년 12월 27일 02시,토요일,경상남도 창원시 의창구 대산면,사망사고,1,0,0,0,차량단독 - 공작물충돌,안전운전불이행,건조,맑음,교차로 - 교차로부근,승용,남,29세,사망,,,,
2014122700100080,2014년 12월 27일 02시,토요일,경상남도 창원시 의창구 중동,경상사고,0,0,1,0,차대차 - 기타,안전운전불이행,건조,맑음,단일로 - 기타,승용,남,21세,상해없음,승용,남,56세,상해없음
2014122700100134,2014년 12월 27일 06시,토요일,경상남도 진주시 칠암동,중상사고,0,1,0,0,차대차 - 측면직각충돌,차로위반,건조,맑음,교차로 - 교차로안,화물,남,40세,상해없음,이륜,남,70세,중상
2014122700100155,2014년 12월 27일 07시,토요일,경상남도 창원시 진해구 태백동,중상사고,0,1,0,0,차대차 - 추돌 - 진행중,안전운전불이행,건조,맑음,단일로 - 기타,승용,남,43세,상해없음,자전거,남,48세,중상
2014122700100175,2014년 12월 27일 08시,토요일,경상남도 통영시 북신동,경상사고,0,0,1,0,차대차 - 측면직각충돌,신호위반,건조,맑음,교차로 - 교차로안,승용,남,54세,상해없음,승용,여,57세,상해없음
2014122700100176,2014년 12월 27일 08시,토요일,경상남도 김해시 구산동,경상사고,0,0,1,0,차대차 - 측면직각충돌,안전운전불이행,건조,맑음,단일로 - 기타,승용,남,45세,상해없음,자전거,남,34세,경상
2014122700100177,2014년 12월 27일 08시,토요일,경상남도 김해시 어방동,중상사고,0,1,0,0,차대차 - 추돌 - 진행중,안전운전불이행,건조,맑음,교차로 - 교차로부근,승용,남,55세,상해없음,승용,여,24세,중상
2014122700100178,2014년 12월 27일 08시,토요일,경상남도 김해시 내동,경상사고,0,0,2,0,차대차 - 측면직각충돌,직진우회전진행방해,건조,맑음,교차로 - 교차로안,승용,여,31세,경상,승용,남,49세,경상
2014122700100214,2014년 12월 27일 10시,토요일,경상남도 사천시 향촌동,중상사고,0,1,0,3,차대차 - 측면직각충돌,직진우회전진행방해,건조,맑음,교차로 - 교차로안,승용,남,68세,부상신고,승용,남,61세,부상신고
2014122700100215,2014년 12월 27일 10시,토요일,경상남도 거창군 거창읍,경상사고,0,0,1,0,차대차 - 측면직각충돌,안전운전불이행,건조,맑음,교차로 - 교차로안,화물,남,28세,상해없음,승용,여,54세,상해없음
2014122700100216,2014년 12월 27일 10시,토요일,경상남도 하동군 진교면,경상사고,0,0,1,0,차대차 - 측면직각충돌,교차로운행방법위반,건조,맑음,교차로 - 교차로안,승합,남,40세,상해없음,화물,남,56세,상해없음
2014122700100217,2014년 12월 27일 10시,토요일,경상남도 함안군 칠원면,중상사고,0,2,5,0,차대차 - 추돌 - 진행중,안전거리미확보,건조,맑음,단일로 - 터널,승용,남,65세,중상,승용,남,32세,경상
2014122700100247,2014년 12월 27일 11시,토요일,경상남도 창원시 진해구 제덕동,경상사고,0,0,1,0,차대차 - 추돌 - 진행중,안전운전불이행,건조,맑음,단일로 - 기타,화물,남,29세,상해없음,승용,남,77세,경상
2014122700100273,2014년 12월 27일 12시,토요일,경상남도 사천시 사천읍,경상사고,0,0,2,0,차대차 - 추돌 - 주정차중,안전거리미확보,건조,맑음,단일로 - 기타,승용,남,53세,상해없음,화물,남,46세,경상
2014122700100290,2014년 12월 27일 13시,토요일,경상남도 창원시 진해구 안골동,경상사고,0,0,1,0,차대차 - 측면직각충돌,안전운전불이행,건조,맑음,교차로 - 교차로안,승용,남,24세,상해없음,이륜,남,20세,경상
2014122700100291,2014년 12월 27일 13시,토요일,경상남도 통영시 도남동,경상사고,0,0,1,0,차대차 - 측면직각충돌,직진우회전진행방해,건조,맑음,교차로 - 교차로안,승합,남,56세,상해없음,승용,남,53세,상해없음
2014122700100292,2014년 12월 27일 13시,토요일,경상남도 창녕군 유어면,중상사고,0,1,0,0,차대차 - 기타,안전운전불이행,건조,맑음,단일로 - 기타,원동기,남,80세,중상,화물,남,55세,상해없음
2014122700100293,2014년 12월 27일 13시,토요일,경상남도 거제시 삼거동,경상사고,0,0,1,0,차대차 - 측면직각충돌,신호위반,건조,맑음,교차로 - 교차로안,승용,남,52세,상해없음,승용,남,41세,경상
2014122700100294,2014년 12월 27일 13시,토요일,경상남도 창원시 의창구 봉곡동,경상사고,0,0,1,0,차대차 - 추돌 - 진행중,안전운전불이행,건조,맑음,단일로 - 기타,승용,남,53세,상해없음,자전거,남,67세,경상
2014122700100320,2014년 12월 27일 14시,토요일,경상남도 진주시 평거동,중상사고,0,4,1,0,차대차 - 측면직각충돌,신호위반,건조,맑음,교차로 - 교차로안,승합,남,68세,경상,승용,남,29세,중상
2014122700100321,2014년 12월 27일 14시,토요일,경상남도 통영시 태평동,중상사고,0,1,0,0,차대사람 - 차도통행중,안전운전불이행,건조,맑음,단일로 - 기타,승용,여,29세,상해없음,보행자,여,39세,중상
2014122700100351,2014년 12월 27일 15시,토요일,경상남도 김해시 내동,중상사고,0,2,0,1,차대차 - 측면직각충돌,신호위반,건조,맑음,교차로 - 교차로부근,승용,남,57세,부상신고,승용,여,53세,중상
2014122700100352,2014년 12월 27일 15시,토요일,경상남도 하동군 금남면,중상사고,0,1,0,0,차대차 - 측면직각충돌,교차로운행방법위반,건조,맑음,교차로 - 교차로안,화물,남,51세,상해없음,승용,남,37세,중상
2014122700100386,2014년 12월 27일 16시,토요일,경상남도 김해시 안동,경상사고,0,0,4,0,차대차 - 추돌 - 진행중,안전운전불이행,건조,맑음,단일로 - 기타,승용,남,44세,상해없음,승용,남,41세,경상
2014122700100387,2014년 12월 27일 16시,토요일,경상남도 양산시 덕계동,중상사고,0,1,0,0,차대차 - 측면직각충돌,교차로운행방법위반,건조,맑음,교차로 - 교차로안,승용,남,20세,상해없음,화물,남,68세,상해없음
2014122700100397,2014년 12월 27일 17시,토요일,경상남도 김해시 흥동,경상사고,0,0,4,0,차대차 - 기타,안전거리미확보,건조,맑음,단일로 - 기타,승용,남,76세,상해없음,승용,남,53세,경상
2014122700100411,2014년 12월 27일 17시,토요일,경상남도 창원시 마산합포구 월영동,경상사고,0,0,1,0,차대차 - 측면직각충돌,안전운전불이행,건조,맑음,교차로 - 교차로부근,화물,남,67세,상해없음,승용,남,31세,경상
2014122700100412,2014년 12월 27일 17시,토요일,경상남도 밀양시 단장면,중상사고,0,1,0,0,차대차 - 측면직각충돌,중앙선침범,건조,맑음,단일로 - 기타,건설기계,남,43세,상해없음,승용,남,47세,중상
2014122700100413,2014년 12월 27일 17시,토요일,경상남도 김해시 삼방동,중상사고,0,1,0,0,차대차 - 측면직각충돌,안전운전불이행,건조,맑음,교차로 - 교차로안,원동기,남,17세,중상,승용,남,44세,상해없음
2014122700100460,2014년 12월 27일 18시,토요일,경상남도 밀양시 부북면,사망사고,1,2,2,0,차대차 - 정면충돌,중앙선침범,건조,맑음,단일로 - 기타,승용,남,63세,사망,승용,여,35세,중상
2014122700100461,2014년 12월 27일 18시,토요일,경상남도 김해시 어방동,중상사고,0,2,0,0,차대차 - 추돌 - 주정차중,안전운전불이행,건조,맑음,단일로 - 기타,승용,남,54세,상해없음,승용,남,57세,중상
2014122700100462,2014년 12월 27일 18시,토요일,경상남도 창녕군 이방면,사망사고,1,0,0,0,차대사람 - 차도통행중,안전운전불이행,건조,맑음,단일로 - 기타,화물,남,66세,상해없음,보행자,여,70세,사망
2014122700100463,2014년 12월 27일 18시,토요일,경상남도 함안군 산인면,중상사고,0,1,0,0,차대차 - 기타,교차로운행방법위반,건조,맑음,교차로 - 교차로안,승용,여,51세,중상,건설기계,남,60세,상해없음
2014122700100523,2014년 12월 27일 20시,토요일,경상남도 진주시 계동,경상사고,0,0,2,0,차대차 - 기타,안전거리미확보,건조,맑음,교차로 - 교차로부근,승용,남,49세,상해없음,승용,남,36세,경상
2014122700100524,2014년 12월 27일 20시,토요일,경상남도 김해시 내동,경상사고,0,0,1,0,차대차 - 측면직각충돌,안전운전불이행,건조,맑음,단일로 - 기타,승용,남,57세,상해없음,승용,남,26세,상해없음
2014122700100525,2014년 12월 27일 20시,토요일,경상남도 창원시 의창구 동읍,경상사고,0,0,1,0,차대사람 - 기타,안전운전불이행,건조,맑음,단일로 - 기타,기타불명,기타불명,기타불명,기타불명,보행자,남,12세,경상
2014122700100538,2014년 12월 27일 21시,토요일,경상남도 김해시 장유면,중상사고,0,1,0,0,차대차 - 추돌 - 진행중,안전운전불이행,건조,맑음,단일로 - 기타,승용,남,56세,상해없음,승용,남,61세,상해없음
2014122700100554,2014년 12월 27일 21시,토요일,경상남도 진주시 망경동,중상사고,0,2,0,0,차대차 - 정면충돌,중앙선침범,건조,맑음,교차로 - 교차로부근,승용,남,53세,상해없음,승용,남,34세,중상
2014122700100581,2014년 12월 27일 22시,토요일,경상남도 김해시 안동,경상사고,0,0,1,0,차대차 - 측면직각충돌,신호위반,건조,맑음,교차로 - 교차로안,승용,여,49세,상해없음,승용,여,42세,경상
2014122700100582,2014년 12월 27일 22시,토요일,경상남도 김해시 삼계동,경상사고,0,0,1,0,차대차 - 측면직각충돌,안전운전불이행,건조,맑음,단일로 - 횡단보도상,이륜,남,19세,상해없음,자전거,여,19세,경상
2014122700100583,2014년 12월 27일 22시,토요일,경상남도 양산시 명동,경상사고,0,0,2,0,차대차 - 기타,교차로운행방법위반,건조,맑음,교차로 - 교차로안,승용,여,53세,경상,승용,남,25세,경상
2014122700100605,2014년 12월 27일 23시,토요일,경상남도 거제시 고현동,중상사고,0,2,1,0,차대차 - 추돌 - 주정차중,안전운전불이행,건조,맑음,교차로 - 교차로부근,승용,남,32세,상해없음,승용,여,45세,중상
2014122800100018,2014년 12월 28일 00시,일요일,경상남도 거제시 장평동,경상사고,0,0,1,0,차대차 - 기타,안전운전불이행,건조,맑음,단일로 - 기타,기타불명,기타불명,기타불명,기타불명,자전거,남,36세,경상
2014122800100054,2014년 12월 28일 01시,일요일,경상남도 양산시 덕계동,부상신고사고,0,0,0,1,차대차 - 기타,안전운전불이행,건조,맑음,단일로 - 기타,승용,여,24세,상해없음,승용,남,38세,상해없음
2014122800100072,2014년 12월 28일 02시,일요일,경상남도 창원시 마산합포구 예곡동,중상사고,0,1,0,0,차량단독 - 기타,안전운전불이행,건조,맑음,단일로 - 터널,승용,남,23세,상해없음,,,,
2014122800100073,2014년 12월 28일 02시,일요일,경상남도 김해시 구산동,경상사고,0,0,2,0,차대차 - 측면직각충돌,중앙선침범,건조,맑음,단일로 - 기타,승용,남,52세,상해없음,승용,남,60세,경상
2014122800100074,2014년 12월 28일 02시,일요일,경상남도 남해군 고현면,중상사고,0,1,0,0,차량단독 - 공작물충돌,안전운전불이행,건조,기타,단일로 - 기타,화물,남,39세,중상,,,,
2014122800100098,2014년 12월 28일 04시,일요일,경상남도 거창군 거창읍,중상사고,0,1,0,0,차대사람 - 길가장자리구역통행중,안전운전불이행,건조,맑음,단일로 - 기타,기타불명,기타불명,기타불명,기타불명,보행자,여,70세,중상
2014122800100124,2014년 12월 28일 06시,일요일,경상남도 창원시 마산회원구 석전동,경상사고,0,0,4,0,차대차 - 기타,안전운전불이행,건조,맑음,단일로 - 기타,승용,남,32세,상해없음,승용,남,40세,경상
2014122800100125,2014년 12월 28일 06시,일요일,경상남도 김해시 한림면,경상사고,0,0,1,0,차대차 - 추돌 - 주정차중,안전운전불이행,건조,맑음,단일로 - 기타,승용,남,51세,경상,화물,남,51세,기타불명
2014122800100153,2014년 12월 28일 09시,일요일,경상남도 사천시 곤명면,중상사고,0,1,0,0,차대차 - 추돌 - 주정차중,안전운전불이행,건조,맑음,단일로 - 기타,화물,남,60세,상해없음,승용,여,30세,중상
2014122800100172,2014년 12월 28일 10시,일요일,경상남도 사천시 대방동,중상사고,0,1,0,0,차대사람 - 기타,보행자보호의무위반,건조,맑음,교차로 - 교차로부근,승용,여,23세,상해없음,보행자,여,59세,중상
2014122800100198,2014년 12월 28일 11시,일요일,경상남도 창원시 마산합포구 홍문동,경상사고,0,0,3,0,차대차 - 기타,직진우회전진행방해,건조,맑음,교차로 - 교차로안,승용,남,49세,경상,승용,남,53세,경상
2014122800100223,2014년 12월 28일 13시,일요일,경상남도 김해시 대동면,경상사고,0,0,1,0,차대차 - 측면직각충돌,안전운전불이행,건조,맑음,단일로 - 기타,승용,여,52세,상해없음,자전거,남,55세,경상
2014122800100250,2014년 12월 28일 14시,일요일,경상남도 창녕군 이방면,경상사고,0,0,3,0,차대차 - 측면직각충돌,신호위반,건조,흐림,교차로 - 교차로안,화물,남,68세,상해없음,승용,남,35세,경상
2014122800100251,2014년 12월 28일 14시,일요일,경상남도 거제시 옥포동,부상신고사고,0,0,0,1,차대사람 - 기타,안전운전불이행,건조,맑음,단일로 - 횡단보도상,자전거,남,24세,상해없음,보행자,여,9세,부상신고
2014122800100252,2014년 12월 28일 14시,일요일,경상남도 김해시 이동,중상사고,0,1,1,0,차대차 - 측면직각충돌,중앙선침범,건조,맑음,단일로 - 기타,승용,여,46세,상해없음,승용,남,53세,경상
2014122800100266,2014년 12월 28일 15시,일요일,경상남도 창원시 마산합포구 남성동,경상사고,0,0,1,0,차대사람 - 기타,안전운전불이행,건조,맑음,단일로 - 기타,이륜,남,62세,상해없음,보행자,여,63세,경상
2014122800100267,2014년 12월 28일 15시,일요일,경상남도 창원시 성산구 반지동,경상사고,0,0,1,0,차대사람 - 횡단중,보행자보호의무위반,건조,맑음,단일로 - 횡단보도상,승용,여,63세,상해없음,보행자,남,12세,경상
2014122800100320,2014년 12월 28일 17시,일요일,경상남도 김해시 동상동,부상신고사고,0,0,0,1,차대사람 - 길가장자리구역통행중,안전운전불이행,건조,맑음,단일로 - 기타,승용,남,29세,상해없음,보행자,남,42세,부상신고
2014122800100355,2014년 12월 28일 18시,일요일,경상남도 창원시 진해구 태평동,부상신고사고,0,0,0,1,차대사람 - 기타,안전운전불이행,건조,맑음,교차로 - 교차로부근,기타불명,기타불명,기타불명,기타불명,보행자,여,59세,부상신고
2014122800100357,2014년 12월 28일 18시,일요일,경상남도 의령군 의령읍,경상사고,0,0,1,0,차대차 - 측면직각충돌,신호위반,건조,맑음,교차로 - 교차로부근,이륜,남,52세,경상,화물,남,72세,상해없음
2014122800100395,2014년 12월 28일 19시,일요일,경상남도 진주시 내동면,중상사고,0,1,0,0,차대차 - 측면직각충돌,신호위반,건조,맑음,교차로 - 교차로안,승용,남,34세,상해없음,이륜,남,17세,중상
2014122800100440,2014년 12월 28일 21시,일요일,경상남도 고성군 고성읍,경상사고,0,0,1,0,차대차 - 추돌 - 진행중,안전거리미확보,건조,맑음,교차로 - 교차로부근,승용,여,49세,상해없음,승용,남,30세,경상
2014122800100441,2014년 12월 28일 21시,일요일,경상남도 거제시 능포동,중상사고,0,1,0,0,차대차 - 기타,교차로운행방법위반,건조,맑음,교차로 - 교차로안,승용,여,41세,상해없음,이륜,남,44세,중상
2014122800100456,2014년 12월 28일 22시,일요일,경상남도 양산시 동면,중상사고,0,2,1,0,차대차 - 기타,차로위반,건조,맑음,단일로 - 기타,기타불명,기타불명,기타불명,기타불명,승용,남,34세,경상
2014122800100482,2014년 12월 28일 23시,일요일,경상남도 통영시 용남면,중상사고,0,1,0,0,차대차 - 추돌 - 진행중,안전운전불이행,건조,맑음,단일로 - 기타,화물,남,63세,상해없음,승용,남,42세,상해없음
2014122900100013,2014년 12월 29일 00시,월요일,경상남도 거제시 고현동,부상신고사고,0,0,0,1,차대사람 - 횡단중,안전운전불이행,건조,맑음,기타 - 기타,자전거,남,37세,상해없음,보행자,남,45세,부상신고
2014122900100047,2014년 12월 29일 05시,월요일,경상남도 거제시 연초면,사망사고,1,0,0,0,차대사람 - 횡단중,보행자보호의무위반,건조,맑음,교차로 - 교차로부근,승합,남,45세,상해없음,보행자,여,47세,사망