사고번호,사고일시,요일,시군구,사고내용,사망자수,중상자수,경상자수,부상신고자수,사고유형,법규위반,노면상태,기상상태,도로형태,가해운전자 차종,가해운전자 성별,가해운전자 연령,가해운전자 상해정도,피해운전자 차종,피해운전자 성별,피해운전자 연령,피해운전자 상해정도
2014122900100067,2014년 12월 29일 06시,월요일,경상남도 양산시 물금읍,중상사고,0,1,0,0,차대차 - 기타,교차로운행방법위반,건조,맑음,교차로 - 교차로안,승용,남,29세,상해없음,승용,남,48세,중상
2014122900100068,2014년 12월 29일 06시,월요일,경상남도 창원시 성산구 성주동,경상사고,0,0,1,0,차대차 - 기타,신호위반,건조,맑음,단일로 - 횡단보도상,승용,남,55세,상해없음,자전거,남,35세,경상
2014122900100091,2014년 12월 29일 07시,월요일,경상남도 진주시 상평동,중상사고,0,2,1,0,차대차 - 측면직각충돌,신호위반,건조,맑음,교차로 - 교차로안,승용,여,54세,경상,화물,남,33세,중상
2014122900100092,2014년 12월 29일 07시,월요일,경상남도 창원시 진해구 태백동,경상사고,0,0,1,0,차대차 - 기타,안전운전불이행,건조,맑음,단일로 - 기타,승합,남,54세,상해없음,승용,남,40세,경상
2014122900100130,2014년 12월 29일 08시,월요일,경상남도 통영시 산양읍,중상사고,0,1,0,0,차대사람 - 횡단중,안전운전불이행,건조,맑음,단일로 - 기타,화물,남,57세,상해없음,보행자,남,25세,중상
2014122900100132,2014년 12월 29일 08시,월요일,경상남도 거제시 사등면,경상사고,0,0,2,0,차대차 - 기타,안전운전불이행,건조,맑음,기타 - 기타,건설기계,남,47세,상해없음,승용,남,37세,경상
2014122900100159,2014년 12월 29일 09시,월요일,경상남도 창원시 진해구 여좌동,중상사고,0,1,0,0,차량단독 - 기타,안전운전불이행,건조,맑음,단일로 - 기타,승합,남,53세,상해없음,,,,
2014122900100160,2014년 12월 29일 09시,월요일,경상남도 거제시 양정동,중상사고,0,1,0,0,차대사람 - 기타,안전운전불이행,건조,맑음,단일로 - 기타,승용,남,31세,상해없음,보행자,여,72세,중상
2014122900100161,2014년 12월 29일 09시,월요일,경상남도 창원시 의창구 봉곡동,경상사고,0,0,1,0,차대사람 - 기타,안전운전불이행,건조,맑음,교차로 - 교차로안,승용,남,47세,상해없음,보행자,남,62세,경상
2014122900100187,2014년 12월 29일 10시,월요일,경상남도 김해시 구산동,중상사고,0,1,0,0,차대사람 - 횡단중,안전운전불이행,건조,맑음,교차로 - 교차로안,승용,남,70세,상해없음,보행자,여,34세,중상
2014122900100188,2014년 12월 29일 10시,월요일,경상남도 양산시 물금읍,중상사고,0,1,0,0,차대차 - 기타,교차로운행방법위반,건조,맑음,교차로 - 교차로안,원동기,남,75세,중상,화물,남,27세,상해없음
2014122900100189,2014년 12월 29일 10시,월요일,경상남도 고성군 고성읍,경상사고,0,0,1,0,차대차 - 측면직각충돌,직진우회전진행방해,건조,맑음,교차로 - 교차로안,화물,남,58세,상해없음,화물,남,68세,경상
2014122900100190,2014년 12월 29일 10시,월요일,경상남도 거제시 옥포동,경상사고,0,0,2,0,차대차 - 추돌 - 주정차중,안전거리미확보,건조,맑음,단일로 - 기타,화물,남,40세,상해없음,승용,남,58세,경상
2014122900100217,2014년 12월 29일 11시,월요일,경상남도 고성군 고성읍,중상사고,0,1,0,0,차대차 - 측면직각충돌,직진우회전진행방해,건조,맑음,교차로 - 교차로안,승용,남,66세,상해없음,이륜,남,71세,중상
2014122900100218,2014년 12월 29일 11시,월요일,경상남도 김해시 전하동,중상사고,0,2,0,0,차대차 - 추돌 - 주정차중,안전운전불이행,건조,맑음,교차로 - 교차로부근,승용,남,31세,상해없음,승용,여,44세,중상
2014122900100264,2014년 12월 29일 13시,월요일,경상남도 사천시 죽림동,경상사고,0,0,2,0,차대차 - 측면직각충돌,직진우회전진행방해,건조,맑음,교차로 - 교차로안,승용,여,58세,상해없음,승용,남,50세,경상
2014122900100292,2014년 12월 29일 14시,월요일,경상남도 밀양시 내이동,경상사고,0,0,1,0,차대차 - 추돌 - 진행중,안전운전불이행,건조,맑음,단일로 - 기타,승용,남,57세,상해없음,승용,남,54세,경상
2014122900100293,2014년 12월 29일 14시,월요일,경상남도 거제시 고현동,중상사고,0,2,0,0,차대사람 - 기타,보행자보호의무위반,건조,맑음,교차로 - 교차로안,화물,남,38세,상해없음,보행자,여,43세,중상
2014122900100294,2014년 12월 29일 14시,월요일,경상남도 창원시 마산회원구 내서읍,경상사고,0,0,1,0,차대사람 - 기타,안전운전불이행,건조,맑음,단일로 - 기타,승용,남,53세,상해없음,보행자,여,81세,경상
2014122900100329,2014년 12월 29일 15시,월요일,경상남도 창원시 마산회원구 구암동,경상사고,0,0,2,0,차대차 - 추돌 - 진행중,안전운전불이행,건조,맑음,단일로 - 기타,승용,남,58세,상해없음,건설기계,남,42세,상해없음
2014122900100330,2014년 12월 29일 15시,월요일,경상남도 김해시 한림면,중상사고,0,2,0,0,차대차 - 기타,중앙선침범,건조,맑음,단일로 - 기타,승용,남,56세,상해없음,승용,남,64세,중상
2014122900100359,2014년 12월 29일 16시,월요일,경상남도 김해시 장유면,경상사고,0,0,1,0,차대차 - 기타,안전운전불이행,건조,맑음,교차로 - 교차로안,승용,남,46세,상해없음,화물,남,64세,경상
2014122900100395,2014년 12월 29일 17시,월요일,경상남도 창원시 진해구 용원동,중상사고,0,1,0,0,차대사람 - 기타,안전운전불이행,건조,맑음,단일로 - 교량,원동기,남,39세,상해없음,보행자,남,41세,중상
2014122900100396,2014년 12월 29일 17시,월요일,경상남도 사천시 용강동,경상사고,0,0,1,0,차대차 - 추돌 - 주정차중,안전운전불이행,건조,맑음,단일로 - 기타,승용,남,70세,상해없음,승용,여,43세,경상
2014122900100397,2014년 12월 29일 17시,월요일,경상남도 양산시 상북면,경상사고,0,0,1,0,차대차 - 기타,안전거리미확보,건조,맑음,단일로 - 기타,승용,여,50세,상해없음,승용,남,49세,상해없음
2014122900100455,2014년 12월 29일 18시,월요일,경상남도 밀양시 무안면,중상사고,0,1,0,0,차대사람 - 길가장자리구역통행중,안전운전불이행,건조,맑음,단일로 - 기타,승용,여,57세,상해없음,보행자,여,61세,중상
2014122900100456,2014년 12월 29일 18시,월요일,경상남도 합천군 야로면,경상사고,0,0,1,0,차대차 - 추돌 - 진행중,안전운전불이행,건조,맑음,단일로 - 기타,승용,남,31세,상해없음,농기계,남,43세,경상
2014122900100457,2014년 12월 29일 18시,월요일,경상남도 고성군 구만면,부상신고사고,0,0,0,1,차대차 - 정면충돌,안전운전불이행,건조,맑음,교차로 - 교차로안,승용,남,29세,상해없음,이륜,남,78세,부상신고
2014122900100458,2014년 12월 29일 18시,월요일,경상남도 의령군 의령읍,중상사고,0,1,0,0,차대차 - 측면직각충돌,교차로운행방법위반,건조,흐림,교차로 - 교차로안,승합,남,45세,상해없음,원동기,남,26세,중상
2014122900100500,2014년 12월 29일 19시,월요일,경상남도 진주시 대안동,경상사고,0,0,1,0,차대사람 - 기타,안전운전불이행,건조,맑음,교차로 - 교차로부근,기타불명,기타불명,기타불명,기타불명,보행자,여,22세,경상
2014122900100501,2014년 12월 29일 19시,월요일,경상남도 통영시 용남면,경상사고,0,0,2,0,차대차 - 추돌 - 진행중,안전운전불이행,건조,맑음,단일로 - 기타,승용,남,65세,상해없음,승합,남,49세,경상
2014122900100542,2014년 12월 29일 20시,월요일,경상남도 창원시 진해구 용원동,경상사고,0,0,1,0,차대차 - 기타,교차로운행방법위반,건조,맑음,교차로 - 교차로안,승용,여,34세,기타불명,승용,여,35세,경상
2014122900100543,2014년 12월 29일 20시,월요일,경상남도 거제시 연초면,경상사고,0,0,2,0,차대차 - 기타,안전운전불이행,건조,맑음,교차로 - 교차로안,승용,남,29세,경상,승용,남,46세,경상
2014122900100544,2014년 12월 29일 20시,월요일,경상남도 창원시 마산회원구 양덕동,중상사고,0,1,0,0,차대사람 - 횡단중,안전운전불이행,건조,맑음,단일로 - 기타,화물,남,51세,상해없음,보행자,남,31세,중상
2014122900100588,2014년 12월 29일 21시,월요일,경상남도 김해시 내동,경상사고,0,0,1,0,차대차 - 측면직각충돌,안전운전불이행,건조,맑음,단일로 - 기타,원동기,남,16세,경상,화물,남,50세,상해없음
2014122900100617,2014년 12월 29일 22시,월요일,경상남도 김해시 구산동,중상사고,0,1,1,0,차대차 - 정면충돌,중앙선침범,건조,맑음,단일로 - 기타,승용,여,27세,상해없음,승용,남,44세,경상
2014122900100618,2014년 12월 29일 22시,월요일,경상남도 거제시 장평동,경상사고,0,0,1,0,차대사람 - 기타,보행자보호의무위반,건조,맑음,단일로 - 기타,이륜,남,20세,상해없음,보행자,남,37세,경상
2014122900100662,2014년 12월 29일 23시,월요일,경상남도 김해시 삼방동,중상사고,0,1,0,0,차대차 - 측면직각충돌,신호위반,건조,맑음,교차로 - 교차로안,승용,남,49세,상해없음,원동기,남,17세,중상
2014122900100663,2014년 12월 29일 23시,월요일,경상남도 거제시 고현동,경상사고,0,0,1,0,차대사람 - 기타,안전운전불이행,건조,맑음,단일로 - 기타,승용,남,49세,상해없음,보행자,남,33세,경상
2014122900100664,2014년 12월 29일 23시,월요일,경상남도 창원시 의창구 봉곡동,중상사고,0,1,0,0,차대사람 - 횡단중,안전운전불이행,건조,맑음,단일로 - 기타,승용,남,43세,상해없음,보행자,남,61세,중상
2014123000100116,2014년 12월 30일 06시,화요일,경상남도 거제시 아양동,부상신고사고,0,0,0,1,차대차 - 측면직각충돌,안전운전불이행,건조,맑음,교차로 - 교차로안,승용,남,48세,상해없음,승용,남,44세,부상신고
2014123000100139,2014년 12월 30일 07시,화요일,경상남도 창원시 마산합포구 진북면,중상사고,0,1,1,0,차대차 - 기타,기타,건조,맑음,단일로 - 기타,승용,남,37세,상해없음,원동기,남,23세,경상
2014123000100140,2014년 12월 30일 07시,화요일,경상남도 김해시 장유면,중상사고,0,1,0,0,차대차 - 정면충돌,중앙선침범,건조,맑음,단일로 - 기타,승용,남,40세,상해없음,승용,남,44세,중상
2014123000100141,2014년 12월 30일 07시,화요일,경상남도 김해시 장유면,경상사고,0,0,2,0,차대차 - 기타,안전운전불이행,건조,맑음,교차로 - 교차로부근,승용,남,27세,상해없음,화물,남,27세,경상
2014123000100174,2014년 12월 30일 08시,화요일,경상남도 사천시 송포동,경상사고,0,0,1,0,차대차 - 측면직각충돌,직진우회전진행방해,건조,맑음,교차로 - 교차로안,승용,남,59세,상해없음,승용,여,56세,경상
2014123000100175,2014년 12월 30일 08시,화요일,경상남도 함안군 산인면,경상사고,0,0,1,0,차량단독 - 공작물충돌,안전운전불이행,건조,흐림,단일로 - 기타,화물,남,28세,상해없음,,,,
2014123000100208,2014년 12월 30일 09시,화요일,경상남도 진주시 이현동,중상사고,0,1,0,0,차대사람 - 횡단중,안전운전불이행,건조,맑음,단일로 - 기타,승용,남,70세,상해없음,보행자,남,78세,중상
2014123000100209,2014년 12월 30일 09시,화요일,경상남도 거창군 신원면,부상신고사고,0,0,0,1,차대차 - 추돌 - 주정차중,안전운전불이행,건조,맑음,단일로 - 기타,건설기계,남,60세,상해없음,화물,남,57세,부상신고
2014123000100210,2014년 12월 30일 09시,화요일,경상남도 양산시 북정동,중상사고,0,1,0,0,차대차 - 추돌 - 진행중,안전운전불이행,건조,맑음,단일로 - 기타,화물,남,63세,상해없음,승용,여,55세,중상
2014123000100211,2014년 12월 30일 09시,화요일,경상남도 김해시 진례면,중상사고,0,1,0,0,차대차 - 기타,안전운전불이행,건조,맑음,단일로 - 기타,화물,남,40세,상해없음,화물,남,31세,중상
2014123000100212,2014년 12월 30일 09시,화요일,경상남도 김해시 한림면,중상사고,0,1,0,0,차대차 - 정면충돌,중앙선침범,건조,맑음,단일로 - 기타,승용,남,54세,상해없음,건설기계,남,25세,중상
2014123000100242,2014년 12월 30일 10시,화요일,경상남도 진주시 칠암동,사망사고,1,0,0,0,차대차 - 측면직각충돌,안전운전불이행,건조,맑음,단일로 - 기타,승합,남,50세,상해없음,자전거,남,73세,사망
2014123000100243,2014년 12월 30일 10시,화요일,경상남도 거제시 옥포동,부상신고사고,0,0,0,1,차대차 - 추돌 - 진행중,안전거리미확보,건조,맑음,단일로 - 기타,승용,남,41세,상해없음,이륜,남,58세,부상신고
2014123000100244,2014년 12월 30일 10시,화요일,경상남도 거제시 연초면,경상사고,0,0,1,1,차대사람 - 기타,안전운전불이행,건조,맑음,단일로 - 기타,승용,남,67세,상해없음,보행자,남,49세,부상신고
2014123000100245,2014년 12월 30일 10시,화요일,경상남도 창원시 마산회원구 내서읍,경상사고,0,0,1,0,차대차 - 측면직각충돌,안전운전불이행,건조,맑음,교차로 - 교차로안,승용,남,42세,상해없음,승용,남,38세,경상
2014123000100246,2014년 12월 30일 10시,화요일,경상남도 창원시 의창구 명서동,경상사고,0,0,1,0,차대차 - 추돌 - 진행중,안전운전불이행,건조,맑음,단일로 - 기타,승용,남,26세,기타불명,승용,남,27세,경상
2014123000100277,2014년 12월 30일 11시,화요일,경상남도 진주시 신안동,경상사고,0,0,2,0,차대차 - 추돌 - 진행중,안전거리미확보,건조,맑음,단일로 - 기타,승용,남,66세,경상,화물,남,67세,경상
2014123000100278,2014년 12월 30일 11시,화요일,경상남도 밀양시 하남읍,경상사고,0,0,2,0,차대차 - 추돌 - 진행중,안전운전불이행,건조,맑음,단일로 - 기타,승용,남,40세,상해없음,화물,남,24세,경상
2014123000100279,2014년 12월 30일 11시,화요일,경상남도 양산시 중부동,경상사고,0,0,1,0,차대사람 - 기타,안전운전불이행,건조,맑음,단일로 - 기타,승용,남,54세,상해없음,보행자,남,29세,경상
2014123000100280,2014년 12월 30일 11시,화요일,경상남도 거제시 능포동,경상사고,0,0,1,0,차대사람 - 기타,안전운전불이행,건조,맑음,단일로 - 기타,승용,여,30세,상해없음,보행자,여,57세,경상
2014123000100314,2014년 12월 30일 12시,화요일,경상남도 사천시 궁지동,중상사고,0,1,0,0,차대차 - 기타,안전운전불이행,건조,맑음,단일로 - 기타,승용,남,41세,상해없음,자전거,남,68세,중상
2014123000100315,2014년 12월 30일 12시,화요일,경상남도 밀양시 삼문동,경상사고,0,0,1,0,차대차 - 측면직각충돌,신호위반,건조,맑음,교차로 - 교차로안,승용,여,26세,상해없음,승용,남,54세,상해없음
2014123000100347,2014년 12월 30일 13시,화요일,경상남도 창원시 진해구 이동,경상사고,0,0,1,0,차대차 - 측면직각충돌,교차로운행방법위반,건조,맑음,교차로 - 교차로안,승용,남,54세,상해없음,승용,여,60세,경상
2014123000100348,2014년 12월 30일 13시,화요일,경상남도 사천시 노룡동,경상사고,0,0,3,0,차대차 - 기타,안전거리미확보,건조,맑음,단일로 - 기타,승용,남,53세,상해없음,화물,남,33세,상해없음
2014123000100350,2014년 12월 30일 13시,화요일,경상남도 양산시 물금읍,경상사고,0,0,1,0,차대차 - 기타,직진우회전진행방해,건조,맑음,교차로 - 교차로안,승용,여,47세,상해없음,승용,남,55세,상해없음
2014123000100382,2014년 12월 30일 14시,화요일,경상남도 진주시 상대동,부상신고사고,0,0,0,1,차대차 - 측면직각충돌,안전운전불이행,건조,맑음,교차로 - 교차로안,자전거,남,79세,부상신고,승용,여,54세,상해없음
2014123000100383,2014년 12월 30일 14시,화요일,경상남도 창원시 진해구 용원동,경상사고,0,0,1,0,차대사람 - 차도통행중,안전운전불이행,건조,맑음,단일로 - 기타,기타불명,기타불명,기타불명,기타불명,보행자,남,58세,경상
2014123000100420,2014년 12월 30일 15시,화요일,경상남도 사천시 죽림동,경상사고,0,0,1,0,차대차 - 측면직각충돌,안전운전불이행,건조,맑음,단일로 - 기타,승용,여,46세,상해없음,이륜,남,62세,경상
2014123000100421,2014년 12월 30일 15시,화요일,경상남도 함안군 칠서면,경상사고,0,0,1,0,차대차 - 측면직각충돌,직진우회전진행방해,건조,맑음,교차로 - 교차로안,승용,남,36세,상해없음,화물,남,48세,경상
2014123000100422,2014년 12월 30일 15시,화요일,경상남도 김해시 전하동,사망사고,1,0,0,0,차대사람 - 기타,안전운전불이행,건조,맑음,단일로 - 기타,화물,남,70세,상해없음,보행자,여,73세,사망
2014123000100451,2014년 12월 30일 16시,화요일,경상남도 창원시 의창구 사림동,중상사고,0,2,1,0,차대차 - 기타,교차로운행방법위반,건조,맑음,교차로 - 교차로안,승합,남,66세,상해없음,승합,남,48세,중상
2014123000100490,2014년 12월 30일 17시,화요일,경상남도 양산시 명동,경상사고,0,0,2,0,차대차 - 측면직각충돌,차로위반,건조,맑음,단일로 - 기타,화물,남,55세,상해없음,승용,여,35세,경상
2014123000100491,2014년 12월 30일 17시,화요일,경상남도 양산시 북부동,사망사고,1,0,0,0,차대사람 - 차도통행중,안전운전불이행,건조,맑음,단일로 - 기타,건설기계,남,46세,상해없음,보행자,남,47세,사망
2014123000100492,2014년 12월 30일 17시,화요일,경상남도 창원시 마산회원구 합성동,중상사고,0,1,0,0,차대사람 - 기타,안전운전불이행,건조,맑음,교차로 - 교차로부근,승용,남,49세,상해없음,보행자,여,57세,중상
2014123000100542,2014년 12월 30일 18시,화요일,경상남도 진주시 망경동,경상사고,0,0,1,0,차대차 - 측면직각충돌,안전운전불이행,건조,맑음,단일로 - 기타,원동기,남,54세,경상,승용,남,36세,상해없음
2014123000100543,2014년 12월 30일 18시,화요일,경상남도 거제시 장승포동,중상사고,0,1,0,0,차대차 - 기타,안전운전불이행,건조,맑음,교차로 - 교차로안,승용,남,28세,상해없음,이륜,남,16세,중상
2014123000100544,2014년 12월 30일 18시,화요일,경상남도 창원시 의창구 팔용동,중상사고,0,1,0,0,차량단독 - 기타,안전운전불이행,건조,맑음,단일로 - 기타,승합,남,38세,상해없음,,,,
2014123000100579,2014년 12월 30일 19시,화요일,경상남도 거제시 아주동,중상사고,0,2,1,0,차대차 - 기타,안전거리미확보,건조,맑음,단일로 - 기타,승용,여,38세,상해없음,승용,남,42세,중상
2014123000100580,2014년 12월 30일 19시,화요일,경상남도 거제시 거제면,경상사고,0,0,1,0,차량단독 - 공작물충돌,안전운전불이행,건조,맑음,단일로 - 기타,승용,남,57세,상해없음,,,,
2014123000100623,2014년 12월 30일 20시,화요일,경상남도 통영시 광도면,경상사고,0,0,1,0,차대차 - 기타,안전운전불이행,건조,맑음,교차로 - 교차로안,특수,남,59세,상해없음,승용,남,55세,경상
2014123000100624,2014년 12월 30일 20시,화요일,경상남도 김해시 어방동,중상사고,0,1,2,0,차대차 - 추돌 - 진행중,중앙선침범,건조,맑음,교차로 - 교차로부근,이륜,남,17세,중상,승용,여,35세,경상
2014123000100625,2014년 12월 30일 20시,화요일,경상남도 김해시 생림면,중상사고,0,1,1,0,차대차 - 추돌 - 진행중,안전운전불이행,건조,맑음,단일로 - 기타,승용,남,57세,상해없음,승용,남,38세,경상
2014123000100655,2014년 12월 30일 21시,화요일,경상남도 양산시 북부동,부상신고사고,0,0,0,1,차대사람 - 기타,안전운전불이행,건조,맑음,단일로 - 기타,승용,여,50세,상해없음,보행자,남,53세,부상신고
2014123000100689,2014년 12월 30일 22시,화요일,경상남도 김해시 삼계동,경상사고,0,0,1,0,차대차 - 정면충돌,안전운전불이행,건조,맑음,교차로 - 교차로안,자전거,남,27세,경상,승용,남,22세,상해없음
2014123000100730,2014년 12월 30일 23시,화요일,경상남도 창원시 마산합포구 두월동1가,경상사고,0,0,1,0,차대사람 - 횡단중,안전운전불이행,건조,맑음,교차로 - 교차로부근,승용,남,58세,상해없음,보행자,남,27세,경상
2014123000100731,2014년 12월 30일 23시,화요일,경상남도 창원시 마산합포구 동성동,경상사고,0,0,1,0,차대차 - 측면직각충돌,신호위반,건조,맑음,교차로 - 교차로안,승용,여,48세,상해없음,승용,남,42세,상해없음
2014123000100732,2014년 12월 30일 23시,화요일,경상남도 김해시 외동,중상사고,0,1,0,0,차대차 - 추돌 - 주정차중,안전운전불이행,건조,맑음,기타 - 기타,승용,남,51세,중상,승용,여,39세,상해없음
2014123100100019,2014년 12월 31일 00시,수요일,경상남도 통영시 광도면,경상사고,0,0,2,0,차량단독 - 공작물충돌,안전운전불이행,건조,맑음,교차로 - 교차로부근,승용,남,60세,상해없음,,,,
2014123100100020,2014년 12월 31일 00시,수요일,경상남도 김해시 내동,중상사고,0,1,1,0,차대차 - 측면직각충돌,신호위반,건조,맑음,교차로 - 교차로안,승용,남,47세,상해없음,승용,남,59세,경상
2014123100100021,2014년 12월 31일 00시,수요일,경상남도 거제시 옥포동,중상사고,0,1,0,0,차대사람 - 기타,안전운전불이행,건조,맑음,단일로 - 기타,승용,여,37세,상해없음,보행자,남,32세,중상
2014123100100022,2014년 12월 31일 00시,수요일,경상남도 창원시 의창구 팔용동,경상사고,0,0,1,0,차대차 - 추돌 - 진행중,안전거리미확보,건조,맑음,단일로 - 기타,승용,여,47세,상해없음,승용,남,47세,상해없음
2014123100100044,2014년 12월 31일 01시,수요일,경상남도 김해시 동상동,부상신고사고,0,0,0,1,차대사람 - 기타,중앙선침범,건조,맑음,단일로 - 기타,승용,남,34세,상해없음,보행자,남,56세,부상신고
2014123100100063,2014년 12월 31일 02시,수요일,경상남도 창원시 마산회원구 양덕동,경상사고,0,0,2,0,차대차 - 추돌 - 주정차중,안전운전불이행,건조,맑음,교차로 - 교차로부근,승용,남,32세,상해없음,승용,남,60세,경상
2014123100100088,2014년 12월 31일 05시,수요일,경상남도 김해시 진영읍,중상사고,0,1,0,0,차대차 - 측면직각충돌,신호위반,건조,맑음,교차로 - 교차로안,화물,남,50세,상해없음,승용,남,57세,중상
2014123100100095,2014년 12월 31일 06시,수요일,경상남도 거제시 고현동,중상사고,0,1,0,0,차대차 - 기타,교차로운행방법위반,건조,맑음,교차로 - 교차로안,이륜,남,30세,상해없음,자전거,남,41세,중상
2014123100100119,2014년 12월 31일 07시,수요일,경상남도 거제시 동부면,사망사고,1,0,0,0,차량단독 - 공작물충돌,안전운전불이행,결빙,흐림,단일로 - 기타,승용,남,53세,사망,,,,
2014123100100144,2014년 12월 31일 08시,수요일,경상남도 합천군 용주면,중상사고,0,1,0,0,차대차 - 측면직각충돌,안전운전불이행,습기,흐림,단일로 - 기타,화물,남,47세,상해없음,승용,남,47세,중상
2014123100100181,2014년 12월 31일 09시,수요일,경상남도 의령군 지정면,중상사고,0,1,0,0,차대차 - 정면충돌,안전운전불이행,결빙,흐림,단일로 - 기타,승용,남,31세,중상,건설기계,남,63세,상해없음
2014123100100182,2014년 12월 31일 09시,수요일,경상남도 의령군 지정면,중상사고,0,1,1,0,차량단독 - 전도전복,안전운전불이행,결빙,흐림,단일로 - 기타,승합,남,52세,경상,,,,
2014123100100183,2014년 12월 31일 09시,수요일,경상남도 의령군 정곡면,경상사고,0,0,1,0,차대차 - 측면직각충돌,안전운전불이행,결빙,흐림,단일로 - 기타,특수,남,39세,상해없음,화물,남,71세,경상
2014123100100184,2014년 12월 31일 09시,수요일,경상남도 의령군 용덕면,경상사고,0,0,1,0,차대차 - 추돌 - 주정차중,안전운전불이행,결빙,흐림,단일로 - 기타,승용,남,63세,상해없음,화물,남,38세,경상
2014123100100235,2014년 12월 31일 11시,수요일,경상남도 창원시 마산합포구 진북면,중상사고,0,1,1,0,차량단독 - 기타,안전운전불이행,건조,맑음,단일로 - 기타,화물,남,59세,상해없음,,,,
2014123100100258,2014년 12월 31일 12시,수요일,경상남도 양산시 물금읍,중상사고,0,1,0,0,차대차 - 기타,중앙선침범,건조,흐림,교차로 - 교차로안,승용,남,62세,상해없음,승용,여,59세,중상
2014123100100310,2014년 12월 31일 14시,수요일,경상남도 사천시 사남면,중상사고,0,1,0,0,차대차 - 기타,안전운전불이행,건조,맑음,단일로 - 기타,승용,남,40세,상해없음,이륜,남,35세,중상
2014123100100312,2014년 12월 31일 14시,수요일,경상남도 거제시 일운면,경상사고,0,0,3,0,차대차 - 추돌 - 진행중,직진우회전진행방해,건조,맑음,교차로 - 교차로안,승용,남,47세,상해없음,승용,남,59세,경상
2014123100100313,2014년 12월 31일 14시,수요일,경상남도 함안군 칠원면,중상사고,0,4,0,0,차대차 - 추돌 - 진행중,안전운전불이행,건조,맑음,단일로 - 기타,승용,남,60세,상해없음,승용,남,44세,중상
2014123100100353,2014년 12월 31일 15시,수요일,경상남도 진주시 상봉동,중상사고,0,1,0,0,차대사람 - 기타,안전운전불이행,건조,맑음,기타 - 기타,승용,남,57세,상해없음,보행자,여,61세,중상
2014123100100354,2014년 12월 31일 15시,수요일,경상남도 창원시 의창구 명서동,중상사고,0,1,0,0,차대사람 - 기타,안전운전불이행,건조,맑음,단일로 - 기타,화물,남,32세,상해없음,보행자,남,6세,중상
2014123100100381,2014년 12월 31일 16시,수요일,경상남도 사천시 선구동,경상사고,0,0,1,0,차대차 - 기타,차로위반,건조,맑음,교차로 - 교차로안,승용,남,52세,상해없음,승용,여,66세,경상
2014123100100383,2014년 12월 31일 16시,수요일,경상남도 함안군 가야읍,경상사고,0,0,1,0,차대차 - 기타,신호위반,건조,맑음,교차로 - 교차로안,화물,남,72세,상해없음,화물,여,49세,경상
2014123100100428,2014년 12월 31일 17시,수요일,경상남도 창원시 진해구 광화동,경상사고,0,0,1,0,차대차 - 기타,안전운전불이행,건조,맑음,단일로 - 기타,승용,남,39세,상해없음,원동기,남,60세,경상
2014123100100480,2014년 12월 31일 18시,수요일,경상남도 통영시 무전동,중상사고,0,1,0,0,차대사람 - 횡단중,안전운전불이행,건조,맑음,단일로 - 기타,이륜,남,16세,상해없음,보행자,여,15세,중상
2014123100100481,2014년 12월 31일 18시,수요일,경상남도 남해군 미조면,경상사고,0,0,1,0,차대사람 - 기타,안전운전불이행,건조,흐림,단일로 - 기타,승용,남,52세,상해없음,보행자,여,51세,경상
2014123100100530,2014년 12월 31일 19시,수요일,경상남도 합천군 대양면,사망사고,1,1,0,0,차대차 - 정면충돌,중앙선침범,건조,맑음,단일로 - 기타,농기계,남,74세,사망,승용,남,28세,상해없음
2014123100100531,2014년 12월 31일 19시,수요일,경상남도 창원시 마산회원구 내서읍,중상사고,0,1,0,0,차대사람 - 횡단중,안전운전불이행,건조,맑음,단일로 - 기타,승용,남,28세,상해없음,보행자,여,72세,중상
2014123100100580,2014년 12월 31일 20시,수요일,경상남도 창원시 진해구 석동,중상사고,0,1,0,0,차대차 - 기타,안전운전불이행,건조,맑음,교차로 - 교차로안,원동기,여,50세,중상,승용,남,62세,기타불명
2014123100100581,2014년 12월 31일 20시,수요일,경상남도 창원시 성산구 중앙동,중상사고,0,1,0,0,차대차 - 정면충돌,신호위반,건조,맑음,교차로 - 교차로안,승용,여,61세,상해없음,승용,여,47세,중상
2014123100100582,2014년 12월 31일 20시,수요일,경상남도 창원시 의창구 동읍,중상사고,0,1,0,0,차대사람 - 기타,안전운전불이행,건조,맑음,단일로 - 기타,승용,남,21세,상해없음,보행자,남,53세,중상
2014123100100641,2014년 12월 31일 22시,수요일,경상남도 통영시 서호동,경상사고,0,0,4,0,차대차 - 기타,교차로운행방법위반,건조,맑음,교차로 - 교차로안,승용,남,56세,상해없음,승용,남,31세,경상
2014123100100642,2014년 12월 31일 22시,수요일,경상남도 김해시 삼계동,중상사고,0,1,0,0,차대차 - 측면직각충돌,신호위반,건조,맑음,교차로 - 교차로안,승용,남,25세,상해없음,승용,여,30세,중상
2014123100100678,2014년 12월 31일 23시,수요일,경상남도 양산시 명동,부상신고사고,0,0,0,1,차량단독 - 전도전복,안전운전불이행,건조,맑음,기타 - 기타,화물,남,48세,부상신고,,,,